Timestamp (ms),<class 'type'>
5169,962
5169,961
5169,959
5169,962
5169,961
5169,962
5169,961
5169,962
5169,961
5169,962
5170,961
5170,962
5170,961
5170,961
5170,961
5170,962
5170,961
5170,962
5170,962
5170,962
5171,961
5171,962
5171,962
5171,962
5171,962
5171,962
5171,962
5171,961
5171,962
5171,962
5172,962
5172,961
5172,962
5172,962
5172,961
5172,961
5172,961
5172,962
5172,961
5172,962
5173,962
5173,964
5173,961
5173,961
5173,962
5173,962
5173,962
5173,961
5173,962
5173,961
5174,961
5174,962
5174,962
5174,964
5174,962
5174,962
5174,962
5174,962
5174,963
5174,961
5175,962
5175,962
5175,962
5175,961
5175,961
5175,961
5175,961
5175,961
5175,962
5175,963
5176,961
5176,962
5176,962
5176,962
5176,962
5176,962
5176,962
5176,961
5176,962
5176,961
5177,961
5177,962
5177,962
5177,962
5177,962
5177,962
5177,962
5177,962
5177,962
5177,961
5178,961
5178,961
5178,963
5178,962
5178,962
5178,961
5178,961
5178,961
5178,962
5178,962
5179,962
5179,962
5179,962
5179,962
5179,961
5179,962
5179,962
5179,962
5179,962
5179,962
5180,961
5180,962
5180,962
5180,962
5180,961
5180,962
5180,962
5180,961
5180,961
5180,961
5181,961
5181,961
5181,962
5181,962
5181,962
5181,961
5181,962
5181,961
5181,962
5181,961
5182,961
5182,962
5182,962
5182,962
5182,961
5182,961
5182,962
5182,962
5182,961
5182,962
5183,962
5183,962
5183,962
5183,962
5183,962
5183,962
5183,962
5183,962
5183,961
5183,961
5184,961
5184,961
5184,961
5184,960
5184,961
5184,961
5184,961
5184,961
5184,961
5184,961
5185,962
5185,962
5185,962
5185,961
5185,961
5185,962
5185,962
5185,962
5185,962
5185,961
5186,962
5186,962
5186,961
5186,962
5186,962
5186,962
5186,961
5186,963
5186,962
5186,962
5187,962
5187,962
5187,962
5187,961
5187,962
5187,962
5187,962
5187,961
5187,961
5187,962
5188,962
5188,962
5188,962
5188,960
5188,962
5188,962
5188,962
5188,962
5188,962
5188,962
5189,961
5189,962
5189,962
5189,962
5189,961
5189,961
5189,964
5189,962
5189,962
5189,962
5190,961
5190,962
5190,962
5190,962
5190,961
5190,962
5190,963
5190,962
5190,962
5190,962
5191,962
5191,962
5191,961
5191,961
5191,961
5191,961
5191,962
5191,961
5191,962
5191,962
5192,962
5192,962
5192,963
5192,961
5192,961
5192,962
5192,962
5192,962
5192,962
5192,961
5193,962
5193,962
5193,962
5193,962
5193,962
5193,962
5193,962
5193,962
5193,962
5193,963
5194,962
5194,962
5194,962
5194,962
5194,962
5194,962
5194,962
5194,963
5194,962
5194,961
5195,962
5195,962
5195,961
5195,962
5195,962
5195,961
5195,961
5195,962
5195,962
5195,962
5196,962
5196,962
5196,962
5196,961
5196,962
5196,962
5196,961
5196,962
5196,962
5196,961
5197,962
5197,962
5197,962
5197,962
5197,962
5197,962
5197,962
5197,962
5197,962
5197,962
5198,962
5198,962
5198,962
5198,962
5198,962
5198,962
5198,961
5198,962
5198,961
5198,962
5199,961
5199,961
5199,962
5199,961
5199,962
5199,962
5199,962
5199,962
5199,963
5199,962
5200,961
5200,961
5200,962
5200,961
5200,962
5200,962
5200,962
5200,962
5200,962
5200,962
5201,962
5201,962
5201,962
5201,962
5201,962
5201,962
5201,962
5201,962
5201,962
5201,962
5202,962
5202,962
5202,962
5202,962
5202,963
5202,962
5202,960
5202,962
5202,961
5202,962
5203,962
5203,962
5203,963
5203,961
5203,961
5203,962
5203,962
5203,962
5203,962
5203,961
5204,962
5204,962
5204,962
5204,963
5204,965
5204,962
5204,962
5204,961
5204,961
5204,962
5205,962
5205,962
5205,963
5205,962
5205,961
5205,961
5205,962
5205,962
5205,962
5205,962
5206,963
5206,962
5206,962
5206,962
5206,962
5206,961
5206,962
5206,962
5206,962
5206,962
5207,962
5207,962
5207,964
5207,962
5207,962
5207,962
5207,961
5207,962
5207,962
5207,962
5208,962
5208,962
5208,962
5208,962
5208,961
5208,963
5208,962
5208,962
5208,962
5208,962
5209,962
5209,962
5209,962
5209,961
5209,961
5209,963
5209,962
5209,962
5209,962
5209,961
5210,962
5210,962
5210,963
5210,962
5210,962
5210,962
5210,962
5210,962
5210,962
5210,962
5211,961
5211,962
5211,962
5211,962
5211,963
5211,962
5211,962
5211,962
5211,961
5211,965
5212,963
5212,962
5212,962
5212,962
5212,962
5212,962
5212,961
5212,961
5212,962
5212,962
5213,962
5213,962
5213,962
5213,962
5213,962
5213,962
5213,962
5213,962
5213,962
5213,962
5214,962
5214,962
5214,962
5214,962
5214,962
5214,962
5214,962
5214,961
5214,962
5214,962
5215,962
5215,962
5215,962
5215,963
5215,962
5215,963
5215,962
5215,962
5215,962
5215,961
5216,962
5216,962
5216,962
5216,961
5216,962
5216,962
5216,962
5216,962
5216,962
5216,962
5217,962
5217,962
5217,962
5217,962
5217,961
5217,962
5217,961
5217,962
5217,962
5217,961
5218,962
5218,963
5218,962
5218,963
5218,960
5218,961
5218,962
5218,962
5218,961
5218,961
5218,963
5218,960
5230,962
5230,961
5230,962
5230,962
5230,962
5230,962
5231,962
5231,962
5231,962
5231,962
5231,963
5231,962
5231,962
5231,961
5231,962
5231,962
5232,962
5232,962
5232,962
5232,962
5232,962
5232,962
5232,962
5232,962
5232,962
5232,961
5233,962
5233,962
5233,961
5233,961
5233,962
5233,961
5233,961
5233,962
5233,962
5233,962
5234,962
5234,961
5234,962
5234,962
5234,962
5234,962
5234,962
5234,962
5234,962
5234,962
5235,962
5235,962
5235,962
5235,962
5235,962
5235,962
5235,962
5235,962
5235,962
5235,961
5236,962
5236,961
5236,961
5236,963
5236,963
5236,961
5236,962
5236,962
5236,962
5236,963
5237,962
5237,962
5237,961
5237,962
5237,962
5237,962
5237,962
5237,962
5237,962
5237,962
5238,962
5238,961
5238,962
5238,962
5238,963
5238,962
5238,961
5238,961
5238,962
5238,962
5239,961
5239,962
5239,962
5239,962
5239,962
5239,962
5239,962
5239,962
5239,962
5239,962
5240,962
5240,962
5240,962
5240,962
5240,962
5240,961
5240,962
5240,961
5240,961
5240,961
5241,963
5241,961
5241,961
5241,960
5241,962
5241,961
5241,962
5241,961
5241,962
5241,962
5242,961
5242,962
5242,962
5242,962
5242,962
5242,961
5242,961
5242,961
5242,962
5242,961
5243,963
5243,962
5243,962
5243,962
5243,962
5243,962
5243,961
5243,961
5243,962
5243,962
5244,962
5244,962
5244,962
5244,962
5244,962
5244,962
5244,962
5244,962
5244,962
5244,962
5245,962
5245,961
5245,962
5245,962
5245,960
5245,962
5245,962
5245,962
5245,962
5245,961
5246,962
5246,961
5246,961
5246,961
5246,962
5246,962
5246,960
5246,961
5246,962
5246,962
5247,962
5247,962
5247,962
5247,962
5247,962
5247,961
5247,961
5247,962
5247,962
5247,961
5248,961
5248,962
5248,962
5248,962
5248,962
5248,961
5248,961
5248,962
5248,961
5248,962
5249,962
5249,962
5249,962
5249,962
5249,962
5249,962
5249,962
5249,962
5249,962
5249,962
5250,962
5250,962
5250,962
5250,962
5250,961
5250,961
5250,962
5250,961
5250,962
5250,962
5251,962
5251,962
5251,961
5251,961
5251,961
5251,962
5251,960
5251,962
5251,962
5251,962
5252,962
5252,961
5252,962
5252,962
5252,962
5252,962
5252,963
5252,962
5252,961
5252,962
5253,962
5253,962
5253,962
5253,962
5253,962
5253,962
5253,963
5253,962
5253,962
5253,962
5254,963
5254,962
5254,961
5254,962
5254,962
5254,962
5254,961
5254,962
5254,962
5254,962
5255,961
5255,962
5255,962
5255,961
5255,961
5255,962
5255,962
5255,962
5255,961
5255,962
5256,962
5256,962
5256,962
5256,962
5256,963
5256,962
5256,962
5256,961
5256,962
5256,962
5257,962
5257,961
5257,962
5257,962
5257,962
5257,962
5257,962
5257,962
5257,962
5257,961
5258,961
5258,962
5258,962
5258,963
5258,962
5258,962
5258,962
5258,962
5258,962
5258,962
5259,962
5259,962
5259,961
5259,961
5259,962
5259,961
5259,962
5259,962
5259,963
5259,962
5260,961
5260,962
5260,962
5260,961
5260,961
5260,962
5260,962
5260,961
5260,961
5260,962
5261,962
5261,961
5261,962
5261,963
5261,962
5261,962
5261,962
5261,962
5261,962
5261,962
5262,962
5262,961
5262,963
5262,962
5262,961
5262,961
5262,962
5262,962
5262,961
5262,962
5263,963
5263,962
5263,964
5263,962
5263,962
5263,962
5263,963
5263,962
5263,963
5263,962
5264,963
5264,962
5264,965
5264,962
5264,962
5264,962
5264,963
5264,963
5264,962
5264,962
5265,962
5265,961
5265,962
5265,963
5265,962
5265,962
5265,962
5265,962
5265,962
5265,961
5266,962
5266,962
5266,962
5266,962
5266,963
5266,962
5266,962
5266,962
5266,962
5266,963
5267,962
5267,962
5267,961
5267,963
5267,962
5267,961
5267,962
5267,962
5267,962
5267,962
5268,962
5268,962
5268,962
5268,962
5268,962
5268,962
5268,962
5268,961
5268,962
5268,962
5268,962
5268,962
5268,962
5268,962
5268,961
5268,962
5273,962
5273,965
5273,963
5273,963
5273,963
5274,962
5274,962
5274,962
5274,962
5274,962
5274,962
5274,962
5274,962
5274,962
5274,962
5275,962
5275,962
5275,962
5275,961
5275,962
5275,962
5275,962
5275,962
5275,961
5275,962
5276,962
5276,962
5276,962
5276,962
5276,962
5276,961
5276,962
5276,962
5276,962
5276,961
5277,961
5277,962
5277,961
5277,962
5277,962
5277,961
5277,962
5277,962
5277,961
5277,962
5278,962
5278,962
5278,962
5278,962
5278,962
5278,962
5278,962
5278,961
5278,962
5278,962
5279,962
5279,963
5279,962
5279,962
5279,962
5279,962
5279,962
5279,961
5279,962
5279,961
5280,962
5280,962
5280,962
5280,962
5280,961
5280,962
5280,962
5280,962
5280,962
5280,962
5281,962
5281,963
5281,962
5281,961
5281,962
5281,962
5281,962
5281,962
5281,962
5281,962
5282,962
5282,961
5282,963
5282,962
5282,962
5282,962
5282,962
5282,962
5282,962
5282,961
5283,962
5283,961
5283,961
5283,962
5283,962
5283,962
5283,962
5283,962
5283,963
5283,962
5284,962
5284,962
5284,962
5284,962
5284,962
5284,961
5284,961
5284,962
5284,962
5284,962
5285,961
5285,961
5285,962
5285,962
5285,962
5285,962
5285,963
5285,962
5285,962
5285,962
5286,962
5286,962
5286,962
5286,962
5286,962
5286,962
5286,962
5286,962
5286,962
5286,963
5287,963
5287,962
5287,962
5287,963
5287,962
5287,963
5287,961
5287,963
5287,962
5287,962
5288,961
5288,962
5288,961
5288,962
5288,962
5288,963
5288,962
5288,962
5288,961
5288,961
5289,962
5289,963
5289,961
5289,962
5289,962
5289,962
5289,962
5289,962
5289,962
5289,962
5290,962
5290,962
5290,961
5290,962
5290,962
5290,962
5290,962
5290,963
5290,962
5290,962
5291,961
5291,962
5291,962
5291,962
5291,961
5291,962
5291,962
5291,963
5291,963
5291,962
5292,962
5292,961
5292,962
5292,962
5292,962
5292,961
5292,961
5292,962
5292,962
5292,962
5293,961
5293,962
5293,962
5293,962
5293,962
5293,963
5293,962
5293,962
5293,962
5293,962
5294,962
5294,962
5294,962
5294,962
5294,962
5294,962
5294,961
5294,963
5294,961
5294,962
5295,962
5295,961
5295,962
5295,962
5295,962
5295,962
5295,962
5295,962
5295,962
5295,961
5296,962
5296,962
5296,963
5296,962
5296,962
5296,962
5296,962
5296,961
5296,961
5296,962
5297,962
5297,962
5297,961
5297,961
5297,961
5297,962
5297,963
5297,962
5297,962
5297,962
5298,962
5298,961
5298,961
5298,962
5298,961
5298,961
5298,962
5298,962
5298,962
5298,963
5299,961
5299,961
5299,962
5299,962
5299,961
5299,962
5299,962
5299,962
5299,962
5299,962
5300,961
5300,962
5300,961
5300,962
5300,962
5300,961
5300,962
5300,961
5300,961
5300,962
5301,962
5301,961
5301,961
5301,962
5301,961
5301,965
5301,962
5301,961
5301,961
5301,961
5302,962
5302,962
5302,962
5302,962
5302,962
5302,962
5302,963
5302,963
5302,961
5302,962
5303,961
5303,962
5303,962
5303,962
5303,963
5303,962
5303,961
5303,961
5303,961
5303,962
5304,962
5304,962
5304,962
5304,962
5304,962
5304,962
5304,961
5304,962
5304,962
5304,962
5305,962
5305,962
5305,962
5305,961
5305,961
5305,962
5305,962
5305,962
5305,962
5305,962
5306,962
5306,962
5306,962
5306,962
5306,962
5306,962
5306,962
5306,960
5306,962
5306,962
5307,962
5307,961
5307,962
5307,962
5307,962
5307,962
5307,962
5307,962
5307,962
5307,962
5308,962
5308,962
5308,962
5308,962
5308,962
5308,963
5308,962
5308,962
5308,961
5308,962
5309,962
5309,961
5309,963
5309,962
5309,962
5309,962
5309,961
5309,961
5309,961
5309,962
5310,962
5310,962
5310,962
5310,962
5310,962
5310,961
5310,962
5310,962
5310,962
5310,963
5311,962
5311,962
5311,962
5311,962
5311,961
5311,961
5311,962
5311,962
5311,962
5311,962
5312,962
5312,961
5312,962
5312,962
5312,963
5312,962
5312,962
5312,962
5312,961
5312,962
5313,960
5313,962
5313,962
5313,962
5313,962
5313,962
5313,962
5313,963
5313,963
5313,961
5314,962
5314,963
5314,962
5314,961
5314,961
5314,962
5314,962
5314,963
5314,962
5314,963
5315,962
5315,962
5315,962
5315,962
5315,962
5315,962
5315,962
5315,965
5315,962
5315,962
5316,963
5316,962
5316,962
5316,962
5316,961
5316,962
5316,962
5316,962
5316,962
5316,962
5317,962
5317,961
5317,962
5317,962
5317,962
5317,962
5317,962
5317,962
5317,962
5317,962
5318,961
5318,962
5318,962
5318,961
5318,961
5318,962
5318,962
5318,962
5318,961
5318,962
5318,961
5318,961
5323,962
5323,961
5323,961
5324,961
5324,962
5324,962
5324,962
5324,962
5324,962
5324,962
5324,962
5324,962
5324,962
5325,961
5325,963
5325,962
5325,962
5325,962
5325,962
5325,962
5325,962
5325,962
5325,962
5326,961
5326,962
5326,961
5326,962
5326,962
5326,962
5326,962
5326,962
5326,961
5326,961
5327,961
5327,961
5327,962
5327,962
5327,962
5327,962
5327,961
5327,962
5327,961
5327,962
5328,962
5328,962
5328,963
5328,961
5328,962
5328,962
5328,962
5328,961
5328,961
5328,961
5329,962
5329,961
5329,962
5329,962
5329,962
5329,962
5329,961
5329,961
5329,961
5329,962
5330,961
5330,962
5330,962
5330,962
5330,961
5330,962
5330,962
5330,961
5330,962
5330,962
5331,962
5331,962
5331,962
5331,961
5331,962
5331,962
5331,962
5331,961
5331,963
5331,962
5332,962
5332,962
5332,962
5332,962
5332,962
5332,962
5332,962
5332,962
5332,961
5332,961
5333,962
5333,962
5333,962
5333,962
5333,962
5333,962
5333,962
5333,961
5333,961
5333,961
5334,962
5334,962
5334,962
5334,962
5334,961
5334,961
5334,962
5334,962
5334,962
5334,962
5335,961
5335,962
5335,962
5335,962
5335,962
5335,960
5335,961
5335,963
5335,961
5335,961
5336,961
5336,961
5336,961
5336,962
5336,962
5336,961
5336,962
5336,961
5336,961
5336,961
5337,962
5337,961
5337,961
5337,962
5337,962
5337,962
5337,962
5337,961
5337,961
5337,961
5338,961
5338,962
5338,961
5338,962
5338,961
5338,963
5338,961
5338,961
5338,961
5338,961
5339,963
5339,961
5339,961
5339,962
5339,960
5339,961
5339,962
5339,961
5339,962
5339,962
5340,962
5340,961
5340,961
5340,961
5340,962
5340,959
5340,962
5340,961
5340,961
5340,962
5341,961
5341,961
5341,961
5341,962
5341,961
5341,962
5341,962
5341,961
5341,962
5341,961
5342,962
5342,961
5342,962
5342,961
5342,960
5342,961
5342,962
5342,962
5342,962
5342,961
5343,961
5343,961
5343,961
5343,962
5343,962
5343,962
5343,961
5343,962
5343,962
5343,962
5344,962
5344,962
5344,962
5344,962
5344,962
5344,962
5344,961
5344,962
5344,961
5344,961
5345,961
5345,961
5345,961
5345,962
5345,962
5345,962
5345,961
5345,962
5345,962
5345,961
5346,962
5346,961
5346,961
5346,961
5346,961
5346,961
5346,962
5346,962
5346,961
5346,961
5347,961
5347,962
5347,962
5347,961
5347,963
5347,962
5347,961
5347,960
5347,962
5347,962
5348,961
5348,961
5348,961
5348,961
5348,961
5348,961
5348,961
5348,961
5348,962
5348,959
5349,961
5349,961
5349,962
5349,961
5349,961
5349,961
5349,962
5349,961
5349,962
5349,962
5350,962
5350,962
5350,962
5350,961
5350,961
5350,962
5350,961
5350,961
5350,961
5350,962
5351,961
5351,961
5351,961
5351,961
5351,961
5351,961
5351,961
5351,962
5351,963
5351,963
5352,961
5352,961
5352,962
5352,962
5352,962
5352,962
5352,962
5352,961
5352,961
5352,961
5353,962
5353,962
5353,962
5353,961
5353,961
5353,962
5353,962
5353,961
5353,961
5353,961
5354,961
5354,961
5354,960
5354,962
5354,961
5354,961
5354,961
5354,961
5354,962
5354,961
5355,962
5355,961
5355,962
5355,961
5355,961
5355,961
5355,962
5355,962
5355,961
5355,961
5356,962
5356,961
5356,962
5356,962
5356,961
5356,962
5356,962
5356,961
5356,961
5356,961
5357,962
5357,961
5357,961
5357,962
5357,962
5357,962
5357,962
5357,961
5357,961
5357,961
5358,961
5358,961
5358,962
5358,962
5358,961
5358,962
5358,961
5358,962
5358,961
5358,962
5359,961
5359,961
5359,962
5359,961
5359,961
5359,961
5359,962
5359,962
5359,960
5359,962
5360,962
5360,961
5360,961
5360,962
5360,962
5360,961
5360,961
5360,961
5360,961
5360,963
5361,962
5361,961
5361,961
5361,961
5361,961
5361,962
5361,962
5361,962
5361,961
5361,961
5362,962
5362,961
5362,961
5362,962
5362,962
5362,961
5362,961
5362,962
5362,962
5362,962
5363,961
5363,961
5363,962
5363,962
5363,962
5363,962
5363,961
5363,961
5363,961
5363,961
5364,961
5364,961
5364,961
5364,961
5364,961
5364,961
5364,962
5364,961
5364,961
5364,962
5365,962
5365,961
5365,961
5365,961
5365,961
5365,961
5365,961
5365,961
5365,962
5365,961
5366,962
5366,961
5366,962
5366,962
5366,962
5366,961
5366,961
5366,961
5366,961
5366,962
5367,961
5367,962
5367,962
5367,961
5367,962
5367,961
5367,961
5367,961
5367,961
5367,961
5368,962
5368,962
5368,961
5368,961
5368,963
5368,961
5368,962
5368,961
5368,962
5368,962
5368,961
5368,963
5368,961
5368,962
5373,962
5374,962
5374,962
5374,962
5374,961
5374,961
5374,961
5374,961
5374,961
5374,962
5374,961
5375,959
5375,961
5375,961
5375,961
5375,962
5375,962
5375,962
5375,961
5375,962
5375,963
5376,962
5376,962
5376,963
5376,962
5376,961
5376,962
5376,962
5376,962
5376,962
5376,963
5377,961
5377,962
5377,961
5377,962
5377,961
5377,961
5377,963
5377,962
5377,962
5377,961
5378,961
5378,961
5378,962
5378,962
5378,963
5378,962
5378,962
5378,962
5378,962
5378,962
5379,962
5379,960
5379,961
5379,962
5379,961
5379,962
5379,963
5379,962
5379,961
5379,962
5380,963
5380,961
5380,962
5380,962
5380,961
5380,961
5380,961
5380,962
5380,962
5380,961
5381,962
5381,962
5381,962
5381,962
5381,962
5381,962
5381,961
5381,961
5381,961
5381,962
5382,961
5382,962
5382,964
5382,961
5382,961
5382,959
5382,962
5382,962
5382,962
5382,961
5383,961
5383,962
5383,961
5383,962
5383,962
5383,962
5383,962
5383,962
5383,964
5383,962
5384,962
5384,961
5384,962
5384,961
5384,962
5384,962
5384,961
5384,964
5384,961
5384,961
5385,962
5385,961
5385,960
5385,961
5385,961
5385,961
5385,961
5385,962
5385,962
5385,962
5386,962
5386,962
5386,962
5386,959
5386,962
5386,962
5386,962
5386,962
5386,962
5386,961
5387,962
5387,962
5387,962
5387,962
5387,962
5387,962
5387,962
5387,962
5387,961
5387,962
5388,961
5388,962
5388,962
5388,962
5388,962
5388,961
5388,962
5388,962
5388,961
5388,961
5389,962
5389,962
5389,962
5389,962
5389,962
5389,962
5389,962
5389,962
5389,962
5389,962
5390,962
5390,962
5390,961
5390,962
5390,963
5390,962
5390,962
5390,962
5390,961
5390,962
5391,962
5391,962
5391,961
5391,961
5391,962
5391,962
5391,962
5391,962
5391,962
5391,962
5392,962
5392,961
5392,961
5392,962
5392,962
5392,962
5392,962
5392,962
5392,962
5392,961
5393,960
5393,962
5393,962
5393,962
5393,962
5393,962
5393,962
5393,962
5393,961
5393,960
5394,962
5394,962
5394,962
5394,962
5394,963
5394,963
5394,962
5394,961
5394,961
5394,961
5395,962
5395,962
5395,962
5395,962
5395,962
5395,962
5395,962
5395,962
5395,963
5395,962
5396,961
5396,962
5396,963
5396,962
5396,962
5396,962
5396,962
5396,962
5396,962
5396,961
5397,962
5397,962
5397,962
5397,959
5397,961
5397,962
5397,962
5397,961
5397,962
5397,962
5398,961
5398,962
5398,962
5398,962
5398,962
5398,962
5398,961
5398,962
5398,962
5398,962
5399,961
5399,962
5399,963
5399,962
5399,962
5399,962
5399,962
5399,962
5399,962
5399,962
5400,962
5400,962
5400,962
5400,962
5400,962
5400,962
5400,963
5400,962
5400,962
5400,962
5401,962
5401,962
5401,963
5401,963
5401,962
5401,962
5401,961
5401,962
5401,961
5401,962
5402,961
5402,962
5402,962
5402,962
5402,962
5402,962
5402,962
5402,962
5402,962
5402,962
5403,962
5403,962
5403,962
5403,962
5403,962
5403,962
5403,962
5403,962
5403,962
5403,962
5404,961
5404,962
5404,962
5404,962
5404,961
5404,962
5404,962
5404,962
5404,962
5404,961
5405,962
5405,962
5405,963
5405,962
5405,962
5405,961
5405,962
5405,961
5405,961
5405,963
5406,962
5406,962
5406,962
5406,961
5406,962
5406,961
5406,962
5406,963
5406,962
5406,961
5407,962
5407,962
5407,961
5407,962
5407,961
5407,962
5407,962
5407,962
5407,962
5407,962
5408,962
5408,962
5408,962
5408,962
5408,962
5408,962
5408,962
5408,962
5408,961
5408,962
5409,961
5409,962
5409,963
5409,963
5409,962
5409,962
5409,961
5409,961
5409,962
5409,962
5410,961
5410,962
5410,962
5410,961
5410,962
5410,961
5410,962
5410,962
5410,961
5410,962
5411,962
5411,962
5411,962
5411,961
5411,961
5411,961
5411,961
5411,961
5411,961
5411,961
5412,961
5412,962
5412,962
5412,961
5412,961
5412,961
5412,962
5412,962
5412,960
5412,962
5413,962
5413,961
5413,962
5413,962
5413,962
5413,961
5413,963
5413,962
5413,962
5413,962
5414,962
5414,962
5414,961
5414,962
5414,964
5414,961
5414,962
5414,962
5414,962
5414,962
5415,962
5415,962
5415,962
5415,961
5415,962
5415,962
5415,961
5415,962
5415,960
5415,961
5416,962
5416,963
5416,962
5416,962
5416,961
5416,961
5416,961
5416,962
5416,962
5416,962
5417,961
5417,962
5417,962
5417,962
5417,962
5417,961
5417,962
5417,962
5417,962
5417,961
5418,962
5418,961
5418,962
5418,962
5418,962
5418,962
5418,962
5418,964
5418,962
5418,962
5418,962
5418,962
5418,962
5418,962
5418,964
5418,962
5418,962
5424,962
5424,964
5424,962
5424,962
5424,962
5424,962
5424,962
5424,962
5424,962
5424,962
5425,962
5425,962
5425,962
5425,962
5425,962
5425,962
5425,962
5425,960
5425,962
5425,962
5426,962
5426,962
5426,962
5426,962
5426,962
5426,962
5426,962
5426,962
5426,962
5426,961
5427,961
5427,962
5427,961
5427,962
5427,962
5427,962
5427,961
5427,961
5427,961
5427,962
5428,962
5428,962
5428,962
5428,961
5428,962
5428,961
5428,961
5428,961
5428,962
5428,961
5429,961
5429,962
5429,961
5429,962
5429,962
5429,962
5429,962
5429,961
5429,961
5429,960
5430,961
5430,962
5430,962
5430,962
5430,961
5430,961
5430,961
5430,961
5430,961
5430,962
5431,962
5431,962
5431,961
5431,961
5431,962
5431,961
5431,962
5431,961
5431,962
5431,962
5432,962
5432,962
5432,961
5432,961
5432,962
5432,962
5432,961
5432,962
5432,961
5432,961
5433,960
5433,961
5433,962
5433,962
5433,961
5433,962
5433,961
5433,961
5433,961
5433,961
5434,961
5434,962
5434,962
5434,961
5434,962
5434,961
5434,962
5434,961
5434,961
5434,962
5435,962
5435,961
5435,962
5435,962
5435,962
5435,962
5435,964
5435,962
5435,961
5435,962
5436,961
5436,961
5436,962
5436,962
5436,962
5436,962
5436,962
5436,963
5436,961
5436,961
5437,962
5437,962
5437,961
5437,962
5437,962
5437,962
5437,962
5437,961
5437,962
5437,962
5438,962
5438,962
5438,962
5438,962
5438,962
5438,961
5438,962
5438,962
5438,962
5438,961
5439,962
5439,962
5439,962
5439,962
5439,961
5439,962
5439,962
5439,962
5439,962
5439,962
5440,962
5440,962
5440,962
5440,962
5440,961
5440,962
5440,961
5440,961
5440,962
5440,962
5441,961
5441,961
5441,962
5441,962
5441,961
5441,961
5441,962
5441,961
5441,962
5441,964
5442,962
5442,962
5442,963
5442,962
5442,962
5442,962
5442,962
5442,962
5442,963
5442,961
5443,962
5443,962
5443,961
5443,962
5443,961
5443,961
5443,962
5443,962
5443,962
5443,961
5444,960
5444,962
5444,962
5444,959
5444,962
5444,962
5444,962
5444,962
5444,962
5444,962
5445,962
5445,962
5445,961
5445,962
5445,962
5445,962
5445,962
5445,962
5445,962
5445,962
5446,961
5446,962
5446,961
5446,962
5446,962
5446,961
5446,962
5446,962
5446,962
5446,962
5447,962
5447,961
5447,962
5447,962
5447,961
5447,961
5447,962
5447,962
5447,961
5447,962
5448,961
5448,962
5448,961
5448,962
5448,963
5448,962
5448,962
5448,961
5448,962
5448,962
5449,962
5449,960
5449,962
5449,962
5449,962
5449,961
5449,962
5449,962
5449,962
5449,961
5450,961
5450,962
5450,962
5450,961
5450,962
5450,963
5450,962
5450,962
5450,961
5450,962
5451,961
5451,961
5451,962
5451,963
5451,961
5451,961
5451,963
5451,962
5451,962
5451,962
5452,961
5452,961
5452,962
5452,962
5452,961
5452,960
5452,961
5452,962
5452,962
5452,961
5453,961
5453,962
5453,962
5453,962
5453,962
5453,962
5453,962
5453,961
5453,963
5453,962
5454,962
5454,961
5454,961
5454,961
5454,961
5454,962
5454,963
5454,962
5454,962
5454,962
5455,962
5455,962
5455,962
5455,961
5455,961
5455,963
5455,962
5455,962
5455,961
5455,961
5456,961
5456,962
5456,962
5456,961
5456,962
5456,962
5456,962
5456,961
5456,962
5456,962
5457,962
5457,961
5457,962
5457,962
5457,962
5457,961
5457,962
5457,961
5457,962
5457,961
5458,961
5458,962
5458,962
5458,962
5458,961
5458,962
5458,962
5458,961
5458,961
5458,962
5459,961
5459,962
5459,962
5459,961
5459,962
5459,962
5459,961
5459,961
5459,961
5459,961
5460,962
5460,961
5460,962
5460,962
5460,962
5460,961
5460,962
5460,961
5460,962
5460,962
5461,962
5461,962
5461,961
5461,963
5461,961
5461,962
5461,961
5461,962
5461,961
5461,962
5462,962
5462,961
5462,960
5462,962
5462,962
5462,962
5462,961
5462,961
5462,961
5462,961
5463,961
5463,962
5463,962
5463,962
5463,961
5463,962
5463,962
5463,962
5463,962
5463,962
5464,962
5464,962
5464,961
5464,962
5464,962
5464,962
5464,961
5464,961
5464,962
5464,962
5465,962
5465,962
5465,962
5465,962
5465,962
5465,962
5465,961
5465,961
5465,961
5465,962
5466,962
5466,963
5466,962
5466,960
5466,961
5466,962
5466,962
5466,961
5466,962
5466,962
5467,962
5467,962
5467,962
5467,962
5467,962
5467,962
5467,962
5467,962
5467,962
5467,962
5468,962
5468,962
5468,962
5468,962
5468,961
5468,962
5468,962
5468,961
5468,961
5468,962
5473,962
5473,961
5473,961
5473,961
5473,961
5473,961
5473,962
5473,962
5474,962
5474,963
5474,961
5474,962
5474,961
5474,962
5474,961
5474,961
5474,962
5474,962
5475,962
5475,961
5475,961
5475,961
5475,962
5475,961
5475,962
5475,962
5475,962
5475,961
5476,962
5476,962
5476,962
5476,962
5476,963
5476,962
5476,962
5476,962
5476,962
5476,962
5477,962
5477,960
5477,961
5477,962
5477,961
5477,962
5477,962
5477,961
5477,962
5477,962
5478,962
5478,961
5478,962
5478,962
5478,963
5478,962
5478,962
5478,962
5478,963
5478,962
5479,962
5479,962
5479,961
5479,962
5479,961
5479,961
5479,962
5479,961
5479,962
5479,962
5480,962
5480,962
5480,961
5480,962
5480,961
5480,962
5480,962
5480,962
5480,963
5480,961
5481,961
5481,961
5481,961
5481,961
5481,961
5481,961
5481,961
5481,961
5481,962
5481,962
5482,962
5482,961
5482,962
5482,962
5482,961
5482,961
5482,962
5482,961
5482,961
5482,962
5483,962
5483,962
5483,962
5483,962
5483,962
5483,961
5483,961
5483,962
5483,961
5483,962
5484,962
5484,962
5484,962
5484,962
5484,962
5484,962
5484,962
5484,962
5484,962
5484,961
5485,962
5485,962
5485,962
5485,962
5485,961
5485,961
5485,962
5485,962
5485,961
5485,961
5486,962
5486,961
5486,961
5486,962
5486,962
5486,961
5486,962
5486,962
5486,961
5486,961
5487,963
5487,962
5487,962
5487,961
5487,961
5487,962
5487,963
5487,963
5487,961
5487,962
5488,962
5488,962
5488,962
5488,960
5488,962
5488,962
5488,961
5488,962
5488,963
5488,961
5489,963
5489,962
5489,962
5489,961
5489,961
5489,961
5489,962
5489,961
5489,962
5489,961
5490,961
5490,962
5490,961
5490,962
5490,961
5490,962
5490,962
5490,961
5490,963
5490,961
5491,961
5491,962
5491,962
5491,961
5491,962
5491,962
5491,961
5491,961
5491,962
5491,962
5492,962
5492,962
5492,962
5492,962
5492,962
5492,963
5492,962
5492,962
5492,961
5492,961
5493,962
5493,962
5493,961
5493,962
5493,962
5493,962
5493,962
5493,962
5493,961
5493,962
5494,962
5494,962
5494,960
5494,962
5494,962
5494,961
5494,962
5494,962
5494,962
5494,961
5495,962
5495,963
5495,962
5495,961
5495,961
5495,961
5495,962
5495,962
5495,962
5495,962
5496,962
5496,962
5496,962
5496,962
5496,962
5496,962
5496,961
5496,962
5496,962
5496,962
5497,961
5497,960
5497,961
5497,962
5497,962
5497,962
5497,962
5497,962
5497,962
5497,962
5498,962
5498,963
5498,962
5498,962
5498,960
5498,962
5498,962
5498,961
5498,961
5498,962
5499,962
5499,962
5499,962
5499,962
5499,962
5499,961
5499,962
5499,962
5499,962
5499,961
5500,962
5500,962
5500,962
5500,962
5500,962
5500,962
5500,961
5500,963
5500,962
5500,962
5501,962
5501,962
5501,963
5501,962
5501,962
5501,961
5501,962
5501,961
5501,962
5501,961
5502,962
5502,962
5502,962
5502,962
5502,962
5502,962
5502,962
5502,962
5502,961
5502,962
5503,962
5503,962
5503,964
5503,962
5503,962
5503,962
5503,962
5503,962
5503,961
5503,962
5504,962
5504,962
5504,962
5504,962
5504,962
5504,961
5504,963
5504,962
5504,962
5504,962
5505,962
5505,962
5505,962
5505,961
5505,961
5505,962
5505,962
5505,962
5505,960
5505,962
5506,962
5506,962
5506,962
5506,959
5506,962
5506,962
5506,962
5506,962
5506,963
5506,962
5507,962
5507,962
5507,962
5507,962
5507,962
5507,962
5507,962
5507,962
5507,962
5507,962
5508,962
5508,962
5508,962
5508,962
5508,962
5508,962
5508,962
5508,962
5508,962
5508,962
5509,962
5509,962
5509,962
5509,962
5509,962
5509,962
5509,962
5509,962
5509,962
5509,962
5510,962
5510,963
5510,962
5510,963
5510,962
5510,962
5510,962
5510,962
5510,962
5510,962
5511,962
5511,962
5511,962
5511,961
5511,962
5511,962
5511,962
5511,962
5511,963
5511,962
5512,962
5512,962
5512,962
5512,962
5512,962
5512,962
5512,962
5512,962
5512,962
5512,962
5513,961
5513,962
5513,962
5513,961
5513,961
5513,961
5513,962
5513,962
5513,961
5513,962
5514,961
5514,962
5514,962
5514,962
5514,963
5514,961
5514,962
5514,962
5514,961
5514,961
5515,961
5515,961
5515,962
5515,962
5515,962
5515,961
5515,962
5515,962
5515,962
5515,963
5516,964
5516,961
5516,962
5516,962
5516,961
5516,962
5516,962
5516,962
5516,961
5516,962
5517,962
5517,961
5517,961
5517,961
5517,962
5517,961
5517,962
5517,962
5517,962
5517,961
5518,962
5518,962
5518,962
5518,961
5518,961
5518,962
5518,962
5518,962
5518,962
5518,961
5518,961
5518,961
5518,962
5518,962
5518,962
5518,962
5518,961
5523,962
5523,962
5523,962
5524,962
5524,961
5524,962
5524,961
5524,962
5524,962
5524,961
5524,961
5524,961
5524,961
5525,962
5525,961
5525,962
5525,961
5525,962
5525,962
5525,961
5525,961
5525,964
5525,961
5526,961
5526,962
5526,962
5526,962
5526,961
5526,962
5526,962
5526,961
5526,962
5526,962
5527,961
5527,961
5527,961
5527,962
5527,962
5527,961
5527,961
5527,962
5527,963
5527,961
5528,962
5528,962
5528,962
5528,962
5528,962
5528,961
5528,962
5528,961
5528,961
5528,962
5529,962
5529,962
5529,961
5529,962
5529,962
5529,962
5529,961
5529,962
5529,962
5529,962
5530,962
5530,962
5530,962
5530,962
5530,963
5530,961
5530,961
5530,962
5530,962
5530,962
5531,962
5531,962
5531,962
5531,961
5531,961
5531,962
5531,962
5531,962
5531,962
5531,962
5532,961
5532,961
5532,961
5532,961
5532,961
5532,962
5532,962
5532,962
5532,960
5532,962
5533,962
5533,962
5533,962
5533,961
5533,962
5533,961
5533,962
5533,961
5533,961
5533,961
5534,961
5534,962
5534,962
5534,962
5534,961
5534,962
5534,961
5534,962
5534,961
5534,962
5535,961
5535,961
5535,961
5535,962
5535,962
5535,962
5535,962
5535,962
5535,961
5535,961
5536,962
5536,961
5536,962
5536,961
5536,962
5536,962
5536,962
5536,961
5536,961
5536,962
5537,961
5537,961
5537,961
5537,962
5537,961
5537,960
5537,962
5537,962
5537,961
5537,962
5538,961
5538,962
5538,962
5538,962
5538,961
5538,962
5538,962
5538,962
5538,961
5538,959
5539,962
5539,961
5539,961
5539,961
5539,962
5539,961
5539,961
5539,962
5539,961
5539,962
5540,963
5540,961
5540,961
5540,962
5540,963
5540,962
5540,962
5540,963
5540,962
5540,962
5541,962
5541,962
5541,961
5541,962
5541,960
5541,962
5541,962
5541,962
5541,962
5541,961
5542,962
5542,962
5542,962
5542,961
5542,962
5542,963
5542,962
5542,962
5542,962
5542,962
5543,962
5543,962
5543,962
5543,962
5543,961
5543,961
5543,961
5543,962
5543,963
5543,962
5544,961
5544,962
5544,962
5544,962
5544,962
5544,962
5544,962
5544,962
5544,962
5544,962
5545,962
5545,962
5545,961
5545,962
5545,962
5545,962
5545,962
5545,962
5545,962
5545,962
5546,961
5546,961
5546,962
5546,961
5546,962
5546,962
5546,962
5546,962
5546,962
5546,962
5547,962
5547,962
5547,962
5547,962
5547,962
5547,963
5547,962
5547,962
5547,961
5547,962
5548,961
5548,962
5548,962
5548,962
5548,962
5548,962
5548,962
5548,962
5548,962
5548,962
5549,961
5549,961
5549,962
5549,962
5549,962
5549,962
5549,962
5549,961
5549,962
5549,961
5550,962
5550,962
5550,962
5550,962
5550,963
5550,962
5550,962
5550,962
5550,961
5550,962
5551,962
5551,962
5551,962
5551,962
5551,962
5551,962
5551,962
5551,962
5551,962
5551,961
5552,962
5552,962
5552,962
5552,962
5552,962
5552,962
5552,962
5552,962
5552,959
5552,961
5553,961
5553,962
5553,962
5553,961
5553,962
5553,962
5553,961
5553,961
5553,962
5553,961
5554,962
5554,961
5554,962
5554,962
5554,962
5554,962
5554,962
5554,961
5554,962
5554,962
5555,962
5555,962
5555,962
5555,962
5555,962
5555,962
5555,962
5555,962
5555,962
5555,962
5556,962
5556,962
5556,962
5556,961
5556,962
5556,962
5556,962
5556,962
5556,962
5556,962
5557,962
5557,962
5557,962
5557,962
5557,962
5557,962
5557,961
5557,962
5557,962
5557,962
5558,961
5558,962
5558,962
5558,961
5558,962
5558,961
5558,961
5558,962
5558,962
5558,961
5559,962
5559,961
5559,962
5559,960
5559,961
5559,961
5559,961
5559,961
5559,962
5559,962
5560,961
5560,961
5560,961
5560,961
5560,961
5560,961
5560,962
5560,962
5560,961
5560,959
5561,961
5561,962
5561,962
5561,961
5561,962
5561,962
5561,962
5561,962
5561,960
5561,961
5562,962
5562,962
5562,962
5562,962
5562,962
5562,962
5562,964
5562,962
5562,962
5562,962
5563,962
5563,961
5563,962
5563,962
5563,962
5563,962
5563,962
5563,962
5563,961
5563,962
5564,962
5564,962
5564,962
5564,962
5564,962
5564,962
5564,962
5564,962
5564,961
5564,961
5565,962
5565,961
5565,961
5565,962
5565,962
5565,961
5565,961
5565,962
5565,962
5565,962
5566,962
5566,962
5566,962
5566,961
5566,961
5566,962
5566,962
5566,962
5566,961
5566,961
5567,960
5567,962
5567,962
5567,962
5567,962
5567,962
5567,962
5567,961
5567,961
5567,961
5568,962
5568,959
5568,962
5568,962
5568,962
5568,962
5568,962
5568,961
5568,962
5568,962
5568,962
5568,962
5568,962
5568,962
5573,962
5573,962
5573,962
5574,962
5574,962
5574,961
5574,961
5574,961
5574,961
5574,962
5574,961
5574,962
5574,959
5575,962
5575,961
5575,961
5575,961
5575,962
5575,962
5575,962
5575,961
5575,961
5575,962
5576,961
5576,961
5576,961
5576,962
5576,962
5576,962
5576,961
5576,962
5576,962
5576,960
5577,962
5577,962
5577,962
5577,961
5577,962
5577,961
5577,962
5577,961
5577,961
5577,961
5578,962
5578,962
5578,962
5578,961
5578,961
5578,961
5578,961
5578,961
5578,962
5578,962
5579,961
5579,962
5579,961
5579,962
5579,961
5579,961
5579,962
5579,962
5579,963
5579,962
5580,962
5580,962
5580,962
5580,961
5580,962
5580,962
5580,961
5580,959
5580,962
5580,962
5581,961
5581,961
5581,962
5581,961
5581,961
5581,963
5581,962
5581,962
5581,962
5581,961
5582,959
5582,962
5582,962
5582,961
5582,962
5582,962
5582,962
5582,961
5582,962
5582,962
5583,962
5583,962
5583,962
5583,963
5583,962
5583,962
5583,961
5583,961
5583,961
5583,962
5584,962
5584,962
5584,962
5584,962
5584,961
5584,961
5584,962
5584,961
5584,961
5584,963
5585,962
5585,962
5585,962
5585,962
5585,962
5585,962
5585,962
5585,961
5585,962
5585,962
5586,962
5586,961
5586,962
5586,963
5586,962
5586,962
5586,961
5586,962
5586,961
5586,963
5587,961
5587,961
5587,961
5587,962
5587,962
5587,962
5587,963
5587,962
5587,962
5587,962
5588,962
5588,962
5588,962
5588,961
5588,962
5588,962
5588,962
5588,962
5588,962
5588,962
5589,962
5589,962
5589,961
5589,962
5589,962
5589,962
5589,963
5589,961
5589,961
5589,961
5590,962
5590,962
5590,962
5590,961
5590,961
5590,963
5590,962
5590,962
5590,962
5590,962
5591,962
5591,962
5591,962
5591,962
5591,962
5591,962
5591,962
5591,962
5591,962
5591,961
5592,962
5592,962
5592,962
5592,962
5592,962
5592,962
5592,962
5592,962
5592,962
5592,961
5593,962
5593,962
5593,962
5593,961
5593,962
5593,962
5593,961
5593,961
5593,962
5593,962
5594,962
5594,962
5594,961
5594,962
5594,962
5594,962
5594,962
5594,963
5594,962
5594,962
5595,962
5595,962
5595,962
5595,962
5595,962
5595,962
5595,962
5595,962
5595,963
5595,962
5596,962
5596,961
5596,962
5596,961
5596,962
5596,961
5596,962
5596,962
5596,962
5596,962
5597,962
5597,961
5597,962
5597,961
5597,963
5597,962
5597,962
5597,962
5597,962
5597,962
5598,962
5598,962
5598,961
5598,962
5598,962
5598,962
5598,961
5598,961
5598,962
5598,962
5599,962
5599,961
5599,962
5599,962
5599,962
5599,962
5599,962
5599,962
5599,962
5599,962
5600,961
5600,961
5600,961
5600,961
5600,962
5600,961
5600,962
5600,963
5600,962
5600,962
5601,962
5601,962
5601,962
5601,964
5601,962
5601,962
5601,962
5601,962
5601,962
5601,962
5602,960
5602,961
5602,961
5602,962
5602,962
5602,961
5602,961
5602,963
5602,962
5602,962
5603,961
5603,962
5603,961
5603,961
5603,962
5603,962
5603,962
5603,961
5603,962
5603,962
5604,962
5604,961
5604,961
5604,961
5604,962
5604,962
5604,962
5604,962
5604,962
5604,962
5605,961
5605,963
5605,962
5605,962
5605,961
5605,962
5605,962
5605,961
5605,962
5605,964
5606,961
5606,961
5606,962
5606,962
5606,962
5606,962
5606,962
5606,961
5606,963
5606,963
5607,962
5607,962
5607,962
5607,962
5607,962
5607,962
5607,961
5607,962
5607,962
5607,962
5608,962
5608,962
5608,961
5608,962
5608,962
5608,962
5608,962
5608,962
5608,962
5608,962
5609,962
5609,962
5609,962
5609,962
5609,962
5609,962
5609,963
5609,961
5609,962
5609,962
5610,962
5610,961
5610,961
5610,962
5610,962
5610,962
5610,962
5610,963
5610,962
5610,962
5611,962
5611,962
5611,962
5611,962
5611,962
5611,962
5611,962
5611,962
5611,961
5611,961
5612,961
5612,962
5612,961
5612,962
5612,962
5612,961
5612,962
5612,962
5612,961
5612,961
5613,961
5613,961
5613,961
5613,962
5613,962
5613,961
5613,962
5613,962
5613,962
5613,962
5614,963
5614,962
5614,962
5614,962
5614,962
5614,963
5614,962
5614,962
5614,962
5614,961
5615,962
5615,961
5615,963
5615,962
5615,962
5615,962
5615,962
5615,962
5615,962
5615,963
5616,963
5616,962
5616,962
5616,962
5616,962
5616,961
5616,962
5616,961
5616,962
5616,960
5617,962
5617,962
5617,962
5617,962
5617,962
5617,962
5617,962
5617,962
5617,962
5617,962
5618,961
5618,962
5618,962
5618,962
5618,962
5618,962
5618,962
5618,962
5618,962
5618,963
5618,962
5618,962
5618,962
5618,962
5627,962
5627,963
5627,963
5627,963
5627,962
5627,962
5627,962
5627,962
5627,962
5628,962
5628,962
5628,962
5628,962
5628,962
5628,962
5628,960
5628,961
5628,962
5628,961
5629,961
5629,962
5629,962
5629,962
5629,962
5629,962
5629,962
5629,962
5629,962
5629,963
5630,962
5630,961
5630,961
5630,962
5630,961
5630,962
5630,962
5630,962
5630,962
5630,961
5631,961
5631,963
5631,961
5631,962
5631,961
5631,962
5631,962
5631,962
5631,961
5631,961
5632,962
5632,962
5632,962
5632,962
5632,961
5632,962
5632,962
5632,962
5632,962
5632,962
5633,961
5633,961
5633,961
5633,962
5633,962
5633,962
5633,962
5633,962
5633,961
5633,962
5634,960
5634,961
5634,962
5634,962
5634,961
5634,961
5634,962
5634,962
5634,962
5634,961
5635,962
5635,962
5635,962
5635,962
5635,962
5635,962
5635,963
5635,962
5635,962
5635,962
5636,962
5636,962
5636,961
5636,961
5636,961
5636,961
5636,961
5636,962
5636,961
5636,962
5637,962
5637,960
5637,961
5637,962
5637,961
5637,962
5637,961
5637,962
5637,962
5637,961
5638,964
5638,961
5638,962
5638,961
5638,963
5638,962
5638,962
5638,962
5638,961
5638,961
5639,961
5639,961
5639,962
5639,963
5639,962
5639,962
5639,961
5639,962
5639,961
5639,962
5640,961
5640,961
5640,962
5640,962
5640,962
5640,961
5640,962
5640,962
5640,962
5640,962
5641,961
5641,961
5641,961
5641,962
5641,962
5641,962
5641,962
5641,961
5641,962
5641,962
5642,962
5642,961
5642,961
5642,962
5642,962
5642,962
5642,962
5642,962
5642,962
5642,962
5643,962
5643,962
5643,962
5643,962
5643,961
5643,961
5643,962
5643,962
5643,961
5643,962
5644,962
5644,962
5644,962
5644,962
5644,961
5644,962
5644,961
5644,961
5644,962
5644,962
5645,961
5645,962
5645,962
5645,962
5645,962
5645,962
5645,962
5645,961
5645,962
5645,962
5646,962
5646,962
5646,962
5646,962
5646,962
5646,962
5646,962
5646,962
5646,962
5646,961
5647,962
5647,962
5647,962
5647,962
5647,962
5647,962
5647,962
5647,962
5647,962
5647,961
5648,962
5648,964
5648,962
5648,962
5648,961
5648,962
5648,962
5648,962
5648,961
5648,961
5649,962
5649,962
5649,962
5649,962
5649,962
5649,962
5649,961
5649,962
5649,962
5649,962
5650,962
5650,962
5650,962
5650,962
5650,959
5650,961
5650,961
5650,962
5650,963
5650,962
5651,961
5651,961
5651,961
5651,961
5651,961
5651,962
5651,962
5651,964
5651,961
5651,962
5652,961
5652,962
5652,961
5652,961
5652,961
5652,962
5652,961
5652,962
5652,961
5652,961
5653,961
5653,962
5653,962
5653,962
5653,961
5653,962
5653,962
5653,961
5653,962
5653,962
5654,962
5654,962
5654,962
5654,960
5654,962
5654,962
5654,961
5654,962
5654,962
5654,962
5655,962
5655,962
5655,962
5655,962
5655,962
5655,962
5655,962
5655,962
5655,962
5655,962
5656,961
5656,962
5656,962
5656,962
5656,962
5656,962
5656,962
5656,961
5656,962
5656,962
5657,962
5657,962
5657,962
5657,962
5657,962
5657,962
5657,962
5657,961
5657,962
5657,962
5658,961
5658,962
5658,962
5658,962
5658,962
5658,962
5658,961
5658,962
5658,962
5658,962
5659,961
5659,962
5659,961
5659,962
5659,962
5659,961
5659,962
5659,962
5659,962
5659,961
5660,961
5660,962
5660,962
5660,962
5660,962
5660,962
5660,962
5660,962
5660,961
5660,962
5661,962
5661,961
5661,961
5661,962
5661,962
5661,962
5661,962
5661,962
5661,962
5661,961
5662,961
5662,961
5662,961
5662,962
5662,962
5662,961
5662,961
5662,961
5662,959
5662,961
5663,962
5663,962
5663,961
5663,961
5663,961
5663,962
5663,961
5663,961
5663,962
5663,961
5664,962
5664,961
5664,962
5664,961
5664,962
5664,961
5664,962
5664,962
5664,961
5664,962
5665,962
5665,961
5665,962
5665,963
5665,961
5665,962
5665,962
5665,962
5665,962
5665,962
5666,962
5666,961
5666,961
5666,961
5666,962
5666,962
5666,962
5666,962
5666,961
5666,961
5667,964
5667,961
5667,962
5667,962
5667,962
5667,962
5667,962
5667,962
5667,961
5667,962
5668,962
5668,962
5668,961
5668,962
5668,961
5668,961
5668,961
5668,961
5668,961
5668,962
5668,962
5668,961
5673,962
5673,962
5673,962
5674,962
5674,961
5674,962
5674,962
5674,962
5674,960
5674,962
5674,962
5674,962
5674,962
5675,961
5675,962
5675,962
5675,961
5675,962
5675,962
5675,962
5675,961
5675,961
5675,962
5676,961
5676,963
5676,962
5676,962
5676,962
5676,962
5676,961
5676,961
5676,962
5676,961
5677,962
5677,961
5677,962
5677,961
5677,962
5677,962
5677,962
5677,961
5677,961
5677,963
5678,962
5678,962
5678,962
5678,962
5678,962
5678,961
5678,961
5678,961
5678,962
5678,962
5679,963
5679,961
5679,962
5679,961
5679,961
5679,961
5679,962
5679,962
5679,962
5679,962
5680,962
5680,962
5680,962
5680,961
5680,962
5680,962
5680,962
5680,962
5680,961
5680,962
5681,961
5681,961
5681,961
5681,962
5681,962
5681,962
5681,963
5681,962
5681,961
5681,961
5682,962
5682,961
5682,962
5682,961
5682,962
5682,963
5682,962
5682,961
5682,961
5682,962
5683,962
5683,962
5683,961
5683,962
5683,962
5683,962
5683,961
5683,961
5683,962
5683,962
5684,961
5684,959
5684,961
5684,962
5684,963
5684,962
5684,961
5684,962
5684,961
5684,961
5685,961
5685,962
5685,962
5685,962
5685,962
5685,962
5685,962
5685,961
5685,962
5685,962
5686,962
5686,961
5686,962
5686,962
5686,962
5686,962
5686,961
5686,962
5686,962
5686,962
5687,961
5687,962
5687,961
5687,961
5687,961
5687,960
5687,962
5687,962
5687,961
5687,961
5688,962
5688,962
5688,962
5688,962
5688,962
5688,961
5688,962
5688,960
5688,961
5688,962
5689,960
5689,960
5689,962
5689,962
5689,961
5689,961
5689,961
5689,961
5689,962
5689,961
5690,962
5690,962
5690,961
5690,962
5690,961
5690,962
5690,962
5690,961
5690,963
5690,962
5691,962
5691,959
5691,961
5691,961
5691,962
5691,962
5691,962
5691,961
5691,962
5691,961
5692,962
5692,961
5692,962
5692,961
5692,961
5692,961
5692,962
5692,962
5692,962
5692,961
5693,962
5693,962
5693,961
5693,961
5693,962
5693,961
5693,961
5693,962
5693,962
5693,962
5694,961
5694,961
5694,961
5694,962
5694,962
5694,961
5694,962
5694,962
5694,962
5694,961
5695,963
5695,961
5695,961
5695,962
5695,963
5695,962
5695,962
5695,962
5695,962
5695,961
5696,962
5696,962
5696,962
5696,961
5696,962
5696,962
5696,962
5696,962
5696,962
5696,961
5697,962
5697,961
5697,962
5697,962
5697,962
5697,962
5697,962
5697,962
5697,962
5697,962
5698,962
5698,962
5698,962
5698,961
5698,961
5698,962
5698,962
5698,961
5698,962
5698,962
5699,962
5699,961
5699,962
5699,962
5699,962
5699,962
5699,962
5699,962
5699,962
5699,962
5700,962
5700,962
5700,961
5700,961
5700,962
5700,962
5700,962
5700,962
5700,962
5700,962
5701,962
5701,962
5701,960
5701,962
5701,962
5701,961
5701,962
5701,963
5701,962
5701,962
5702,962
5702,962
5702,962
5702,961
5702,961
5702,961
5702,961
5702,962
5702,962
5702,961
5703,961
5703,962
5703,962
5703,962
5703,961
5703,962
5703,962
5703,961
5703,961
5703,961
5704,962
5704,962
5704,962
5704,962
5704,962
5704,961
5704,962
5704,961
5704,961
5704,963
5705,962
5705,961
5705,961
5705,962
5705,961
5705,962
5705,962
5705,962
5705,961
5705,961
5706,961
5706,962
5706,961
5706,961
5706,961
5706,961
5706,961
5706,962
5706,962
5706,962
5707,962
5707,961
5707,961
5707,961
5707,961
5707,965
5707,962
5707,961
5707,961
5707,962
5708,961
5708,962
5708,962
5708,961
5708,962
5708,961
5708,962
5708,962
5708,961
5708,962
5709,962
5709,961
5709,962
5709,961
5709,961
5709,962
5709,961
5709,961
5709,961
5709,961
5710,961
5710,961
5710,962
5710,962
5710,962
5710,961
5710,962
5710,961
5710,961
5710,959
5711,961
5711,961
5711,962
5711,962
5711,962
5711,962
5711,961
5711,961
5711,962
5711,961
5712,962
5712,960
5712,962
5712,962
5712,962
5712,961
5712,961
5712,961
5712,961
5712,962
5713,962
5713,962
5713,961
5713,961
5713,961
5713,961
5713,962
5713,961
5713,961
5713,962
5714,962
5714,962
5714,963
5714,962
5714,962
5714,961
5714,962
5714,961
5714,960
5714,962
5715,962
5715,961
5715,962
5715,961
5715,962
5715,961
5715,961
5715,962
5715,961
5715,962
5716,962
5716,962
5716,961
5716,962
5716,962
5716,962
5716,962
5716,964
5716,962
5716,962
5717,962
5717,962
5717,962
5717,962
5717,962
5717,962
5717,962
5717,962
5717,962
5717,961
5718,962
5718,963
5718,962
5718,962
5718,962
5718,962
5718,961
5718,962
5718,961
5718,962
5718,962
5718,962
5718,962
5718,961
5723,962
5723,961
5723,961
5724,961
5724,961
5724,961
5724,961
5724,961
5724,962
5724,961
5724,960
5724,962
5724,962
5725,960
5725,961
5725,961
5725,962
5725,961
5725,961
5725,961
5725,961
5725,961
5725,962
5726,961
5726,961
5726,961
5726,961
5726,961
5726,961
5726,961
5726,961
5726,961
5726,961
5727,961
5727,961
5727,961
5727,961
5727,961
5727,961
5727,962
5727,962
5727,962
5727,962
5728,961
5728,962
5728,962
5728,961
5728,961
5728,961
5728,962
5728,962
5728,962
5728,961
5729,961
5729,961
5729,961
5729,961
5729,961
5729,962
5729,961
5729,962
5729,961
5729,962
5730,961
5730,961
5730,961
5730,961
5730,962
5730,961
5730,961
5730,962
5730,962
5730,962
5731,960
5731,962
5731,962
5731,962
5731,962
5731,963
5731,961
5731,961
5731,961
5731,961
5732,961
5732,961
5732,962
5732,961
5732,962
5732,961
5732,962
5732,961
5732,961
5732,961
5733,961
5733,960
5733,962
5733,961
5733,962
5733,961
5733,963
5733,961
5733,962
5733,962
5734,962
5734,961
5734,961
5734,962
5734,961
5734,962
5734,962
5734,962
5734,961
5734,961
5735,962
5735,961
5735,962
5735,962
5735,962
5735,962
5735,962
5735,962
5735,962
5735,962
5736,962
5736,963
5736,962
5736,962
5736,962
5736,961
5736,962
5736,962
5736,962
5736,962
5737,961
5737,962
5737,962
5737,962
5737,962
5737,961
5737,962
5737,962
5737,962
5737,961
5738,961
5738,961
5738,961
5738,962
5738,962
5738,962
5738,962
5738,962
5738,962
5738,962
5739,962
5739,964
5739,962
5739,962
5739,962
5739,961
5739,962
5739,962
5739,962
5739,962
5740,962
5740,962
5740,962
5740,962
5740,961
5740,961
5740,962
5740,962
5740,962
5740,961
5741,961
5741,962
5741,960
5741,962
5741,962
5741,962
5741,961
5741,962
5741,962
5741,962
5742,961
5742,962
5742,962
5742,962
5742,963
5742,961
5742,961
5742,961
5742,961
5742,961
5743,962
5743,961
5743,962
5743,962
5743,961
5743,962
5743,962
5743,961
5743,961
5743,962
5744,961
5744,961
5744,962
5744,962
5744,961
5744,962
5744,961
5744,961
5744,961
5744,962
5745,961
5745,962
5745,961
5745,961
5745,962
5745,962
5745,962
5745,961
5745,962
5745,961
5746,962
5746,962
5746,961
5746,961
5746,962
5746,962
5746,962
5746,962
5746,962
5746,962
5747,962
5747,961
5747,962
5747,962
5747,963
5747,962
5747,961
5747,961
5747,962
5747,962
5748,961
5748,961
5748,962
5748,962
5748,963
5748,962
5748,962
5748,961
5748,962
5748,962
5749,962
5749,961
5749,962
5749,962
5749,962
5749,962
5749,962
5749,962
5749,962
5749,962
5750,961
5750,961
5750,962
5750,962
5750,961
5750,962
5750,961
5750,962
5750,962
5750,963
5751,962
5751,962
5751,962
5751,961
5751,962
5751,962
5751,962
5751,961
5751,961
5751,962
5752,961
5752,962
5752,961
5752,961
5752,962
5752,962
5752,961
5752,962
5752,962
5752,961
5753,961
5753,962
5753,962
5753,961
5753,962
5753,962
5753,962
5753,961
5753,963
5753,962
5754,962
5754,962
5754,962
5754,962
5754,962
5754,962
5754,962
5754,960
5754,961
5754,962
5755,960
5755,961
5755,963
5755,962
5755,961
5755,962
5755,961
5755,961
5755,961
5755,961
5756,961
5756,962
5756,961
5756,961
5756,961
5756,961
5756,962
5756,961
5756,962
5756,962
5757,962
5757,961
5757,962
5757,962
5757,961
5757,962
5757,961
5757,961
5757,961
5757,962
5758,962
5758,962
5758,962
5758,962
5758,962
5758,961
5758,962
5758,961
5758,962
5758,963
5759,962
5759,961
5759,962
5759,961
5759,962
5759,961
5759,962
5759,960
5759,961
5759,962
5760,962
5760,962
5760,961
5760,961
5760,962
5760,962
5760,962
5760,961
5760,961
5760,962
5761,961
5761,961
5761,962
5761,962
5761,963
5761,961
5761,961
5761,961
5761,961
5761,961
5762,961
5762,962
5762,962
5762,962
5762,961
5762,961
5762,961
5762,962
5762,961
5762,962
5763,961
5763,962
5763,961
5763,961
5763,961
5763,961
5763,961
5763,961
5763,963
5763,962
5764,962
5764,962
5764,962
5764,962
5764,961
5764,961
5764,961
5764,962
5764,961
5764,962
5765,961
5765,961
5765,962
5765,961
5765,962
5765,963
5765,962
5765,962
5765,961
5765,962
5766,962
5766,960
5766,961
5766,962
5766,961
5766,962
5766,962
5766,962
5766,960
5766,962
5767,961
5767,961
5767,962
5767,962
5767,962
5767,962
5767,961
5767,962
5767,962
5767,961
5768,962
5768,961
5768,962
5768,962
5768,962
5768,961
5768,962
5768,962
5768,961
5768,961
5768,962
5768,962
5768,961
5768,962
5773,962
5774,962
5774,962
5774,962
5774,961
5774,962
5774,962
5774,962
5774,962
5774,961
5774,961
5775,963
5775,962
5775,961
5775,961
5775,961
5775,961
5775,961
5775,962
5775,962
5775,963
5776,960
5776,962
5776,962
5776,962
5776,961
5776,961
5776,961
5776,962
5776,962
5776,961
5777,961
5777,962
5777,962
5777,962
5777,962
5777,962
5777,962
5777,962
5777,962
5777,963
5778,962
5778,962
5778,962
5778,962
5778,961
5778,961
5778,961
5778,961
5778,962
5778,963
5779,963
5779,962
5779,964
5779,962
5779,961
5779,965
5779,962
5779,962
5779,962
5779,962
5780,961
5780,962
5780,962
5780,961
5780,961
5780,962
5780,962
5780,962
5780,962
5780,962
5781,961
5781,962
5781,961
5781,962
5781,962
5781,962
5781,961
5781,961
5781,961
5781,962
5782,960
5782,962
5782,962
5782,962
5782,962
5782,960
5782,961
5782,961
5782,962
5782,962
5783,961
5783,962
5783,962
5783,962
5783,962
5783,962
5783,963
5783,962
5783,962
5783,962
5784,962
5784,961
5784,961
5784,961
5784,961
5784,962
5784,961
5784,962
5784,961
5784,961
5785,961
5785,961
5785,961
5785,961
5785,962
5785,961
5785,961
5785,962
5785,962
5785,960
5786,961
5786,961
5786,961
5786,962
5786,962
5786,962
5786,961
5786,962
5786,962
5786,962
5787,962
5787,961
5787,961
5787,962
5787,962
5787,961
5787,961
5787,962
5787,962
5787,961
5788,961
5788,962
5788,962
5788,961
5788,961
5788,962
5788,962
5788,961
5788,962
5788,962
5789,962
5789,961
5789,962
5789,962
5789,962
5789,961
5789,962
5789,961
5789,962
5789,961
5790,962
5790,961
5790,962
5790,962
5790,961
5790,961
5790,962
5790,962
5790,961
5790,961
5791,962
5791,962
5791,962
5791,962
5791,962
5791,962
5791,962
5791,961
5791,960
5791,962
5792,962
5792,962
5792,962
5792,963
5792,961
5792,962
5792,962
5792,961
5792,961
5792,961
5793,962
5793,961
5793,962
5793,961
5793,962
5793,962
5793,962
5793,962
5793,962
5793,962
5794,962
5794,961
5794,962
5794,962
5794,962
5794,962
5794,961
5794,962
5794,961
5794,962
5795,962
5795,962
5795,961
5795,962
5795,962
5795,962
5795,962
5795,962
5795,961
5795,962
5796,962
5796,961
5796,962
5796,962
5796,962
5796,962
5796,962
5796,962
5796,962
5796,961
5797,962
5797,962
5797,962
5797,963
5797,961
5797,962
5797,962
5797,961
5797,961
5797,962
5798,961
5798,962
5798,959
5798,961
5798,962
5798,961
5798,961
5798,962
5798,962
5798,961
5799,961
5799,961
5799,962
5799,962
5799,962
5799,960
5799,962
5799,962
5799,961
5799,961
5800,961
5800,962
5800,962
5800,961
5800,962
5800,962
5800,962
5800,961
5800,962
5800,962
5801,961
5801,961
5801,964
5801,962
5801,962
5801,962
5801,961
5801,962
5801,962
5801,962
5802,961
5802,962
5802,961
5802,961
5802,961
5802,962
5802,961
5802,962
5802,961
5802,962
5803,962
5803,961
5803,959
5803,961
5803,962
5803,962
5803,962
5803,962
5803,962
5803,961
5804,962
5804,962
5804,962
5804,962
5804,961
5804,962
5804,961
5804,962
5804,961
5804,962
5805,962
5805,963
5805,961
5805,962
5805,962
5805,962
5805,961
5805,961
5805,962
5805,962
5806,964
5806,962
5806,962
5806,961
5806,963
5806,961
5806,962
5806,962
5806,962
5806,962
5807,962
5807,961
5807,962
5807,962
5807,962
5807,962
5807,961
5807,961
5807,961
5807,961
5808,961
5808,962
5808,962
5808,962
5808,962
5808,962
5808,962
5808,962
5808,961
5808,962
5809,963
5809,961
5809,962
5809,963
5809,962
5809,962
5809,962
5809,961
5809,962
5809,961
5810,962
5810,962
5810,961
5810,962
5810,961
5810,962
5810,962
5810,962
5810,962
5810,963
5811,962
5811,962
5811,962
5811,962
5811,961
5811,962
5811,961
5811,961
5811,961
5811,961
5812,961
5812,961
5812,961
5812,962
5812,962
5812,962
5812,962
5812,962
5812,962
5812,962
5813,961
5813,961
5813,961
5813,962
5813,962
5813,962
5813,962
5813,962
5813,961
5813,962
5814,962
5814,962
5814,959
5814,962
5814,962
5814,961
5814,961
5814,961
5814,962
5814,962
5815,961
5815,961
5815,961
5815,961
5815,961
5815,962
5815,962
5815,962
5815,962
5815,962
5816,962
5816,962
5816,961
5816,962
5816,962
5816,962
5816,961
5816,961
5816,962
5816,962
5817,961
5817,962
5817,962
5817,962
5817,962
5817,962
5817,962
5817,962
5817,962
5817,961
5818,962
5818,962
5818,962
5818,961
5818,963
5818,962
5818,962
5818,962
5818,962
5818,962
5818,961
5818,963
5818,962
5818,962
5818,962
5818,962
5818,962
5824,963
5824,962
5824,960
5824,961
5824,961
5824,962
5824,962
5824,962
5824,962
5824,962
5825,961
5825,962
5825,962
5825,961
5825,962
5825,962
5825,962
5825,962
5825,960
5825,961
5826,961
5826,961
5826,961
5826,962
5826,962
5826,962
5826,962
5826,962
5826,962
5826,961
5827,961
5827,960
5827,961
5827,961
5827,961
5827,962
5827,962
5827,962
5827,962
5827,961
5828,962
5828,962
5828,962
5828,961
5828,963
5828,961
5828,962
5828,961
5828,962
5828,962
5829,961
5829,961
5829,961
5829,961
5829,961
5829,962
5829,961
5829,961
5829,961
5829,962
5830,962
5830,961
5830,961
5830,962
5830,962
5830,962
5830,961
5830,961
5830,962
5830,962
5831,961
5831,962
5831,962
5831,962
5831,961
5831,962
5831,962
5831,961
5831,961
5831,961
5832,962
5832,961
5832,962
5832,961
5832,962
5832,961
5832,963
5832,962
5832,962
5832,961
5833,962
5833,962
5833,962
5833,962
5833,961
5833,962
5833,962
5833,962
5833,961
5833,961
5834,961
5834,962
5834,962
5834,962
5834,961
5834,962
5834,962
5834,961
5834,961
5834,962
5835,962
5835,961
5835,962
5835,962
5835,961
5835,961
5835,961
5835,961
5835,961
5835,961
5836,961
5836,961
5836,962
5836,962
5836,964
5836,962
5836,962
5836,962
5836,961
5836,961
5837,962
5837,962
5837,962
5837,961
5837,962
5837,962
5837,961
5837,961
5837,961
5837,962
5838,962
5838,962
5838,962
5838,962
5838,962
5838,962
5838,962
5838,962
5838,962
5838,962
5839,961
5839,962
5839,962
5839,961
5839,962
5839,961
5839,962
5839,962
5839,961
5839,962
5840,962
5840,962
5840,962
5840,962
5840,962
5840,962
5840,962
5840,962
5840,962
5840,962
5841,961
5841,962
5841,961
5841,962
5841,960
5841,962
5841,962
5841,963
5841,961
5841,962
5842,962
5842,962
5842,961
5842,962
5842,962
5842,962
5842,962
5842,962
5842,962
5842,962
5843,962
5843,962
5843,961
5843,962
5843,961
5843,961
5843,962
5843,961
5843,962
5843,962
5844,961
5844,962
5844,962
5844,962
5844,962
5844,962
5844,961
5844,962
5844,962
5844,962
5845,962
5845,962
5845,962
5845,962
5845,962
5845,962
5845,964
5845,961
5845,962
5845,961
5846,962
5846,962
5846,962
5846,962
5846,963
5846,962
5846,962
5846,962
5846,961
5846,961
5847,962
5847,963
5847,962
5847,963
5847,962
5847,961
5847,961
5847,962
5847,962
5847,962
5848,962
5848,963
5848,962
5848,962
5848,962
5848,962
5848,962
5848,962
5848,962
5848,963
5849,962
5849,962
5849,962
5849,961
5849,961
5849,962
5849,962
5849,961
5849,962
5849,962
5850,961
5850,962
5850,962
5850,961
5850,961
5850,962
5850,962
5850,962
5850,962
5850,962
5851,962
5851,962
5851,961
5851,961
5851,962
5851,962
5851,962
5851,961
5851,962
5851,962
5852,960
5852,962
5852,961
5852,962
5852,961
5852,962
5852,962
5852,962
5852,961
5852,962
5853,962
5853,961
5853,962
5853,963
5853,962
5853,962
5853,962
5853,961
5853,962
5853,962
5854,962
5854,963
5854,961
5854,962
5854,962
5854,959
5854,962
5854,962
5854,962
5854,962
5855,961
5855,962
5855,962
5855,962
5855,961
5855,962
5855,962
5855,962
5855,962
5855,961
5856,962
5856,962
5856,961
5856,962
5856,962
5856,962
5856,962
5856,961
5856,962
5856,962
5857,962
5857,962
5857,962
5857,962
5857,962
5857,962
5857,962
5857,961
5857,962
5857,962
5858,961
5858,962
5858,962
5858,962
5858,962
5858,962
5858,962
5858,961
5858,962
5858,962
5859,962
5859,961
5859,961
5859,962
5859,961
5859,962
5859,964
5859,962
5859,962
5859,962
5860,962
5860,962
5860,962
5860,961
5860,962
5860,962
5860,962
5860,961
5860,962
5860,961
5861,961
5861,962
5861,962
5861,962
5861,962
5861,962
5861,962
5861,961
5861,961
5861,962
5862,962
5862,962
5862,962
5862,962
5862,962
5862,962
5862,962
5862,962
5862,961
5862,962
5863,961
5863,962
5863,962
5863,963
5863,962
5863,962
5863,962
5863,963
5863,962
5863,962
5864,962
5864,961
5864,962
5864,962
5864,965
5864,961
5864,962
5864,962
5864,961
5864,962
5865,962
5865,962
5865,962
5865,961
5865,962
5865,962
5865,962
5865,962
5865,961
5865,962
5866,962
5866,963
5866,962
5866,962
5866,962
5866,962
5866,961
5866,962
5866,961
5866,961
5867,962
5867,962
5867,961
5867,962
5867,962
5867,962
5867,962
5867,962
5867,962
5867,962
5868,962
5868,962
5868,962
5868,962
5868,962
5868,961
5868,961
5868,962
5868,962
5868,961
5874,963
5874,962
5874,962
5874,961
5874,961
5874,962
5874,961
5874,962
5874,962
5875,962
5875,963
5875,962
5875,962
5875,962
5875,962
5875,961
5875,962
5875,961
5875,962
5876,962
5876,960
5876,962
5876,962
5876,962
5876,961
5876,961
5876,962
5876,962
5876,961
5877,961
5877,962
5877,961
5877,961
5877,961
5877,961
5877,962
5877,962
5877,962
5877,961
5878,962
5878,961
5878,961
5878,962
5878,962
5878,962
5878,962
5878,962
5878,962
5878,962
5879,961
5879,962
5879,962
5879,961
5879,962
5879,962
5879,962
5879,962
5879,962
5879,962
5880,962
5880,961
5880,961
5880,963
5880,962
5880,962
5880,962
5880,963
5880,961
5880,961
5881,961
5881,961
5881,962
5881,962
5881,962
5881,962
5881,961
5881,962
5881,961
5881,962
5882,962
5882,962
5882,962
5882,961
5882,962
5882,962
5882,962
5882,961
5882,962
5882,961
5883,961
5883,962
5883,962
5883,962
5883,961
5883,962
5883,962
5883,962
5883,961
5883,961
5884,962
5884,962
5884,961
5884,962
5884,961
5884,962
5884,961
5884,961
5884,962
5884,961
5885,962
5885,962
5885,961
5885,962
5885,962
5885,962
5885,962
5885,962
5885,962
5885,962
5886,962
5886,962
5886,961
5886,961
5886,960
5886,961
5886,961
5886,961
5886,961
5886,962
5887,961
5887,961
5887,961
5887,962
5887,961
5887,961
5887,961
5887,962
5887,961
5887,962
5888,962
5888,961
5888,961
5888,961
5888,960
5888,962
5888,961
5888,962
5888,961
5888,962
5889,962
5889,962
5889,961
5889,962
5889,962
5889,961
5889,962
5889,961
5889,962
5889,961
5890,962
5890,962
5890,962
5890,961
5890,962
5890,962
5890,962
5890,962
5890,961
5890,961
5891,962
5891,962
5891,962
5891,960
5891,962
5891,962
5891,962
5891,960
5891,962
5891,962
5892,962
5892,962
5892,962
5892,961
5892,961
5892,962
5892,962
5892,962
5892,962
5892,961
5893,962
5893,961
5893,962
5893,962
5893,962
5893,962
5893,962
5893,962
5893,962
5893,962
5894,962
5894,961
5894,962
5894,962
5894,960
5894,962
5894,962
5894,962
5894,961
5894,961
5895,962
5895,961
5895,961
5895,961
5895,962
5895,962
5895,961
5895,962
5895,962
5895,962
5896,962
5896,962
5896,962
5896,962
5896,961
5896,961
5896,962
5896,962
5896,962
5896,961
5897,961
5897,962
5897,963
5897,962
5897,962
5897,962
5897,962
5897,962
5897,962
5897,962
5898,962
5898,962
5898,962
5898,962
5898,961
5898,961
5898,963
5898,962
5898,959
5898,962
5899,962
5899,962
5899,964
5899,962
5899,962
5899,962
5899,961
5899,962
5899,962
5899,962
5900,963
5900,962
5900,962
5900,962
5900,960
5900,962
5900,962
5900,962
5900,962
5900,962
5901,962
5901,962
5901,962
5901,962
5901,962
5901,962
5901,961
5901,962
5901,962
5901,962
5902,963
5902,961
5902,962
5902,962
5902,963
5902,962
5902,962
5902,963
5902,962
5902,962
5903,962
5903,962
5903,962
5903,962
5903,962
5903,962
5903,961
5903,961
5903,962
5903,962
5904,961
5904,962
5904,963
5904,962
5904,962
5904,961
5904,962
5904,962
5904,961
5904,962
5905,962
5905,961
5905,962
5905,960
5905,962
5905,962
5905,963
5905,962
5905,962
5905,962
5906,961
5906,962
5906,961
5906,962
5906,961
5906,962
5906,962
5906,962
5906,962
5906,962
5907,962
5907,963
5907,962
5907,962
5907,962
5907,961
5907,961
5907,961
5907,962
5907,962
5908,962
5908,961
5908,962
5908,962
5908,962
5908,962
5908,962
5908,961
5908,961
5908,962
5909,962
5909,962
5909,961
5909,962
5909,961
5909,962
5909,961
5909,961
5909,961
5909,962
5910,961
5910,961
5910,961
5910,961
5910,962
5910,961
5910,962
5910,962
5910,962
5910,961
5911,962
5911,961
5911,962
5911,962
5911,961
5911,961
5911,961
5911,961
5911,961
5911,962
5912,961
5912,963
5912,962
5912,962
5912,962
5912,961
5912,961
5912,962
5912,961
5912,962
5913,962
5913,962
5913,962
5913,962
5913,962
5913,962
5913,962
5913,961
5913,963
5913,961
5914,962
5914,959
5914,962
5914,962
5914,962
5914,961
5914,962
5914,962
5914,962
5914,961
5915,962
5915,961
5915,961
5915,962
5915,961
5915,962
5915,962
5915,962
5915,961
5915,962
5916,962
5916,962
5916,961
5916,962
5916,962
5916,962
5916,962
5916,962
5916,961
5916,961
5917,960
5917,962
5917,963
5917,962
5917,962
5917,961
5917,961
5917,961
5917,962
5917,963
5918,961
5918,961
5918,961
5918,962
5918,961
5918,962
5918,962
5918,962
5918,962
5918,962
5918,962
5923,961
5923,962
5923,962
5924,961
5924,962
5924,962
5924,961
5924,962
5924,962
5924,961
5924,961
5924,962
5924,962
5925,962
5925,962
5925,960
5925,962
5925,962
5925,962
5925,961
5925,961
5925,962
5925,962
5926,961
5926,962
5926,962
5926,962
5926,962
5926,962
5926,962
5926,962
5926,962
5926,961
5927,961
5927,962
5927,961
5927,962
5927,962
5927,962
5927,961
5927,962
5927,962
5927,962
5928,962
5928,962
5928,962
5928,963
5928,960
5928,962
5928,962
5928,962
5928,962
5928,962
5929,961
5929,962
5929,962
5929,962
5929,962
5929,962
5929,962
5929,963
5929,961
5929,961
5930,961
5930,962
5930,961
5930,962
5930,963
5930,962
5930,961
5930,962
5930,962
5930,962
5931,961
5931,963
5931,962
5931,961
5931,962
5931,963
5931,962
5931,962
5931,962
5931,962
5932,962
5932,962
5932,962
5932,962
5932,962
5932,961
5932,961
5932,961
5932,962
5932,962
5933,962
5933,962
5933,962
5933,962
5933,961
5933,961
5933,962
5933,962
5933,962
5933,963
5934,962
5934,961
5934,961
5934,962
5934,962
5934,962
5934,962
5934,962
5934,962
5934,962
5935,962
5935,960
5935,962
5935,962
5935,962
5935,961
5935,962
5935,961
5935,961
5935,961
5936,961
5936,962
5936,962
5936,962
5936,962
5936,962
5936,961
5936,961
5936,962
5936,961
5937,962
5937,962
5937,962
5937,962
5937,961
5937,962
5937,962
5937,962
5937,961
5937,962
5938,962
5938,963
5938,962
5938,962
5938,962
5938,962
5938,962
5938,962
5938,962
5938,962
5939,962
5939,961
5939,962
5939,962
5939,962
5939,962
5939,962
5939,961
5939,962
5939,962
5940,962
5940,962
5940,962
5940,962
5940,960
5940,962
5940,963
5940,962
5940,963
5940,963
5941,962
5941,963
5941,962
5941,963
5941,963
5941,962
5941,962
5941,962
5941,962
5941,962
5942,962
5942,962
5942,962
5942,962
5942,962
5942,962
5942,962
5942,961
5942,963
5942,962
5943,962
5943,962
5943,964
5943,962
5943,962
5943,962
5943,961
5943,961
5943,962
5943,962
5944,962
5944,962
5944,961
5944,962
5944,961
5944,962
5944,962
5944,962
5944,961
5944,962
5945,962
5945,962
5945,961
5945,962
5945,962
5945,961
5945,962
5945,964
5945,962
5945,962
5946,961
5946,961
5946,961
5946,962
5946,962
5946,962
5946,962
5946,962
5946,961
5946,961
5947,962
5947,962
5947,961
5947,961
5947,962
5947,962
5947,961
5947,962
5947,962
5947,962
5948,962
5948,962
5948,962
5948,962
5948,961
5948,961
5948,962
5948,962
5948,962
5948,962
5949,962
5949,962
5949,962
5949,962
5949,962
5949,962
5949,963
5949,962
5949,962
5949,962
5950,962
5950,961
5950,962
5950,961
5950,962
5950,963
5950,961
5950,962
5950,962
5950,964
5951,962
5951,962
5951,962
5951,963
5951,962
5951,962
5951,962
5951,962
5951,962
5951,962
5952,961
5952,962
5952,962
5952,962
5952,962
5952,962
5952,962
5952,962
5952,963
5952,962
5953,962
5953,962
5953,962
5953,962
5953,964
5953,962
5953,962
5953,962
5953,961
5953,962
5954,962
5954,961
5954,962
5954,962
5954,962
5954,963
5954,962
5954,962
5954,962
5954,962
5955,962
5955,962
5955,962
5955,962
5955,962
5955,962
5955,964
5955,962
5955,963
5955,962
5956,962
5956,962
5956,962
5956,962
5956,962
5956,962
5956,962
5956,962
5956,962
5956,962
5957,962
5957,961
5957,962
5957,962
5957,962
5957,962
5957,962
5957,962
5957,962
5957,962
5958,962
5958,962
5958,962
5958,962
5958,962
5958,962
5958,962
5958,962
5958,961
5958,962
5959,962
5959,962
5959,963
5959,962
5959,962
5959,962
5959,959
5959,961
5959,961
5959,964
5960,961
5960,962
5960,962
5960,962
5960,962
5960,962
5960,962
5960,961
5960,961
5960,963
5961,962
5961,961
5961,964
5961,961
5961,962
5961,962
5961,961
5961,962
5961,963
5961,962
5962,962
5962,962
5962,961
5962,962
5962,962
5962,961
5962,962
5962,962
5962,962
5962,963
5963,962
5963,962
5963,962
5963,963
5963,962
5963,962
5963,962
5963,963
5963,962
5963,962
5964,962
5964,962
5964,962
5964,961
5964,961
5964,962
5964,959
5964,962
5964,962
5964,962
5965,962
5965,962
5965,962
5965,962
5965,962
5965,962
5965,962
5965,962
5965,961
5965,962
5966,962
5966,962
5966,962
5966,962
5966,962
5966,962
5966,962
5966,961
5966,962
5966,964
5967,961
5967,963
5967,962
5967,962
5967,962
5967,962
5967,962
5967,962
5967,962
5967,962
5968,963
5968,962
5968,962
5968,962
5968,962
5968,962
5968,962
5968,963
5968,963
5968,962
5968,962
5968,962
5968,962
5968,962
5973,962
5973,962
5973,963
5974,962
5974,962
5974,961
5974,962
5974,962
5974,960
5974,962
5974,962
5974,962
5974,962
5975,962
5975,962
5975,962
5975,961
5975,962
5975,962
5975,962
5975,962
5975,962
5975,962
5976,962
5976,962
5976,960
5976,963
5976,962
5976,962
5976,961
5976,962
5976,962
5976,961
5977,962
5977,964
5977,962
5977,962
5977,962
5977,962
5977,962
5977,962
5977,961
5977,962
5978,962
5978,962
5978,962
5978,961
5978,961
5978,962
5978,962
5978,962
5978,963
5978,962
5979,960
5979,962
5979,962
5979,962
5979,962
5979,961
5979,963
5979,962
5979,962
5979,962
5980,962
5980,962
5980,962
5980,962
5980,961
5980,962
5980,962
5980,962
5980,963
5980,961
5981,962
5981,962
5981,962
5981,962
5981,962
5981,962
5981,962
5981,961
5981,963
5981,962
5982,962
5982,962
5982,962
5982,962
5982,962
5982,961
5982,962
5982,961
5982,962
5982,962
5983,963
5983,962
5983,962
5983,962
5983,962
5983,962
5983,962
5983,961
5983,963
5983,962
5984,962
5984,962
5984,962
5984,961
5984,961
5984,962
5984,961
5984,962
5984,962
5984,961
5985,962
5985,961
5985,962
5985,961
5985,962
5985,962
5985,962
5985,962
5985,962
5985,962
5986,962
5986,961
5986,962
5986,962
5986,962
5986,962
5986,962
5986,961
5986,964
5986,962
5987,962
5987,961
5987,962
5987,963
5987,962
5987,962
5987,962
5987,961
5987,962
5987,962
5988,962
5988,962
5988,962
5988,962
5988,962
5988,962
5988,962
5988,962
5988,962
5988,962
5989,961
5989,962
5989,962
5989,964
5989,962
5989,961
5989,962
5989,962
5989,963
5989,962
5990,962
5990,962
5990,962
5990,962
5990,962
5990,962
5990,962
5990,962
5990,962
5990,962
5991,962
5991,961
5991,961
5991,962
5991,963
5991,962
5991,962
5991,962
5991,961
5991,961
5992,962
5992,962
5992,962
5992,962
5992,963
5992,962
5992,962
5992,961
5992,962
5992,962
5993,962
5993,962
5993,963
5993,962
5993,962
5993,962
5993,962
5993,960
5993,962
5993,962
5994,962
5994,962
5994,963
5994,962
5994,961
5994,962
5994,962
5994,962
5994,961
5994,962
5995,962
5995,962
5995,962
5995,962
5995,962
5995,962
5995,962
5995,962
5995,962
5995,962
5996,962
5996,962
5996,962
5996,962
5996,962
5996,961
5996,961
5996,961
5996,961
5996,961
5997,962
5997,962
5997,961
5997,962
5997,962
5997,962
5997,962
5997,961
5997,962
5997,962
5998,962
5998,962
5998,962
5998,962
5998,963
5998,962
5998,962
5998,962
5998,962
5998,961
5999,962
5999,962
5999,962
5999,962
5999,963
5999,962
5999,962
5999,962
5999,962
5999,962
6000,962
6000,962
6000,962
6000,962
6000,962
6000,962
6000,962
6000,961
6000,963
6000,962
6001,962
6001,962
6001,963
6001,963
6001,962
6001,962
6001,961
6001,962
6001,962
6001,963
6002,962
6002,962
6002,962
6002,962
6002,962
6002,962
6002,962
6002,962
6002,962
6002,962
6003,962
6003,962
6003,962
6003,962
6003,962
6003,961
6003,961
6003,962
6003,963
6003,962
6004,962
6004,962
6004,962
6004,961
6004,962
6004,962
6004,962
6004,961
6004,962
6004,962
6005,961
6005,962
6005,962
6005,962
6005,962
6005,962
6005,961
6005,963
6005,962
6005,962
6006,961
6006,961
6006,962
6006,962
6006,963
6006,963
6006,962
6006,962
6006,961
6006,962
6007,962
6007,962
6007,962
6007,962
6007,962
6007,962
6007,961
6007,962
6007,962
6007,962
6008,961
6008,962
6008,962
6008,962
6008,961
6008,961
6008,961
6008,962
6008,962
6008,962
6009,963
6009,962
6009,962
6009,962
6009,962
6009,962
6009,963
6009,962
6009,962
6009,962
6010,962
6010,961
6010,962
6010,963
6010,962
6010,961
6010,962
6010,962
6010,962
6010,961
6011,962
6011,961
6011,962
6011,962
6011,961
6011,962
6011,962
6011,962
6011,962
6011,962
6012,962
6012,962
6012,962
6012,963
6012,962
6012,962
6012,962
6012,962
6012,962
6012,962
6013,962
6013,961
6013,962
6013,963
6013,962
6013,962
6013,962
6013,962
6013,960
6013,962
6014,962
6014,962
6014,961
6014,961
6014,962
6014,962
6014,962
6014,962
6014,962
6014,962
6015,961
6015,961
6015,961
6015,962
6015,962
6015,962
6015,962
6015,962
6015,962
6015,962
6016,962
6016,963
6016,962
6016,961
6016,962
6016,962
6016,961
6016,962
6016,962
6016,962
6017,962
6017,961
6017,962
6017,962
6017,962
6017,962
6017,961
6017,962
6017,962
6017,962
6018,962
6018,962
6018,962
6018,962
6018,962
6018,961
6018,963
6018,963
6018,962
6018,961
6018,962
6018,962
6018,961
6018,963
6027,962
6027,961
6027,962
6027,962
6027,963
6027,962
6027,962
6027,961
6027,962
6028,962
6028,963
6028,962
6028,962
6028,962
6028,961
6028,962
6028,961
6028,962
6028,962
6029,962
6029,961
6029,962
6029,961
6029,962
6029,962
6029,962
6029,962
6029,961
6029,962
6030,962
6030,962
6030,962
6030,962
6030,963
6030,962
6030,961
6030,965
6030,962
6030,962
6031,962
6031,962
6031,962
6031,962
6031,962
6031,962
6031,962
6031,961
6031,962
6031,962
6032,962
6032,961
6032,962
6032,961
6032,962
6032,962
6032,962
6032,962
6032,962
6032,963
6033,962
6033,962
6033,962
6033,962
6033,962
6033,962
6033,962
6033,961
6033,962
6033,962
6034,962
6034,961
6034,961
6034,962
6034,961
6034,963
6034,962
6034,962
6034,962
6034,962
6035,962
6035,961
6035,962
6035,962
6035,960
6035,962
6035,963
6035,961
6035,962
6035,961
6036,962
6036,961
6036,962
6036,962
6036,961
6036,962
6036,962
6036,962
6036,961
6036,961
6037,963
6037,962
6037,962
6037,962
6037,963
6037,961
6037,962
6037,963
6037,961
6037,962
6038,962
6038,962
6038,962
6038,962
6038,962
6038,961
6038,962
6038,962
6038,962
6038,962
6039,962
6039,962
6039,961
6039,961
6039,962
6039,961
6039,962
6039,962
6039,962
6039,962
6040,962
6040,962
6040,962
6040,962
6040,962
6040,961
6040,962
6040,961
6040,962
6040,962
6041,961
6041,961
6041,961
6041,961
6041,962
6041,961
6041,961
6041,961
6041,961
6041,962
6042,962
6042,962
6042,962
6042,962
6042,962
6042,961
6042,961
6042,961
6042,961
6042,961
6043,962
6043,962
6043,961
6043,962
6043,960
6043,961
6043,962
6043,961
6043,962
6043,962
6044,962
6044,959
6044,961
6044,962
6044,962
6044,962
6044,962
6044,961
6044,962
6044,961
6045,962
6045,962
6045,962
6045,961
6045,962
6045,962
6045,962
6045,962
6045,962
6045,962
6046,962
6046,962
6046,962
6046,962
6046,962
6046,962
6046,962
6046,962
6046,962
6046,959
6047,962
6047,962
6047,962
6047,962
6047,962
6047,962
6047,962
6047,962
6047,962
6047,963
6048,962
6048,962
6048,965
6048,962
6048,962
6048,961
6048,962
6048,962
6048,962
6048,962
6049,962
6049,961
6049,961
6049,962
6049,962
6049,961
6049,962
6049,961
6049,962
6049,962
6050,961
6050,962
6050,962
6050,962
6050,962
6050,962
6050,962
6050,962
6050,961
6050,961
6051,962
6051,962
6051,960
6051,962
6051,962
6051,962
6051,962
6051,963
6051,962
6051,962
6052,961
6052,962
6052,962
6052,962
6052,962
6052,962
6052,962
6052,962
6052,960
6052,962
6053,962
6053,962
6053,962
6053,963
6053,961
6053,962
6053,962
6053,962
6053,962
6053,962
6054,962
6054,962
6054,962
6054,962
6054,961
6054,961
6054,962
6054,962
6054,962
6054,962
6055,962
6055,962
6055,962
6055,962
6055,961
6055,962
6055,962
6055,961
6055,962
6055,962
6056,962
6056,962
6056,962
6056,961
6056,962
6056,962
6056,962
6056,962
6056,962
6056,962
6057,961
6057,961
6057,962
6057,962
6057,963
6057,961
6057,962
6057,961
6057,959
6057,962
6058,962
6058,962
6058,959
6058,962
6058,962
6058,962
6058,961
6058,961
6058,961
6058,962
6059,962
6059,962
6059,962
6059,962
6059,961
6059,961
6059,962
6059,961
6059,962
6059,962
6060,962
6060,961
6060,962
6060,961
6060,962
6060,961
6060,962
6060,961
6060,962
6060,962
6061,962
6061,962
6061,962
6061,961
6061,962
6061,962
6061,963
6061,962
6061,962
6061,961
6062,962
6062,962
6062,961
6062,962
6062,962
6062,962
6062,962
6062,962
6062,962
6062,962
6063,961
6063,962
6063,962
6063,962
6063,962
6063,961
6063,962
6063,962
6063,962
6063,961
6064,961
6064,960
6064,962
6064,962
6064,962
6064,961
6064,962
6064,962
6064,961
6064,962
6065,962
6065,962
6065,962
6065,961
6065,962
6065,962
6065,961
6065,962
6065,962
6065,962
6066,962
6066,963
6066,961
6066,962
6066,962
6066,961
6066,961
6066,961
6066,962
6066,962
6067,959
6067,962
6067,962
6067,962
6067,962
6067,961
6067,961
6067,961
6067,961
6067,962
6068,962
6068,962
6068,962
6068,961
6068,961
6068,962
6068,961
6068,962
6068,961
6068,962
6068,961
6068,961
6073,961
6073,962
6073,962
6074,962
6074,962
6074,962
6074,961
6074,961
6074,961
6074,961
6074,962
6074,961
6074,962
6075,961
6075,961
6075,961
6075,961
6075,961
6075,962
6075,962
6075,961
6075,961
6075,962
6076,962
6076,961
6076,961
6076,962
6076,962
6076,962
6076,962
6076,961
6076,962
6076,962
6077,961
6077,962
6077,962
6077,962
6077,962
6077,962
6077,962
6077,962
6077,962
6077,962
6078,961
6078,962
6078,962
6078,961
6078,961
6078,962
6078,961
6078,962
6078,963
6078,962
6079,961
6079,962
6079,962
6079,961
6079,962
6079,962
6079,962
6079,962
6079,962
6079,964
6080,962
6080,962
6080,962
6080,962
6080,962
6080,962
6080,962
6080,962
6080,962
6080,963
6081,961
6081,962
6081,961
6081,962
6081,961
6081,962
6081,962
6081,962
6081,962
6081,962
6082,962
6082,962
6082,962
6082,962
6082,962
6082,961
6082,962
6082,962
6082,964
6082,961
6083,961
6083,962
6083,962
6083,962
6083,962
6083,962
6083,962
6083,962
6083,961
6083,962
6084,961
6084,961
6084,962
6084,962
6084,962
6084,961
6084,962
6084,961
6084,961
6084,961
6085,962
6085,962
6085,962
6085,962
6085,962
6085,962
6085,962
6085,962
6085,962
6085,961
6086,961
6086,962
6086,962
6086,963
6086,961
6086,962
6086,963
6086,962
6086,961
6086,961
6087,961
6087,961
6087,962
6087,962
6087,962
6087,962
6087,962
6087,962
6087,962
6087,962
6088,962
6088,962
6088,962
6088,962
6088,962
6088,962
6088,961
6088,962
6088,962
6088,962
6089,962
6089,963
6089,962
6089,962
6089,963
6089,962
6089,962
6089,962
6089,961
6089,962
6090,962
6090,961
6090,961
6090,962
6090,962
6090,963
6090,962
6090,962
6090,962
6090,962
6091,962
6091,962
6091,962
6091,962
6091,962
6091,962
6091,962
6091,962
6091,962
6091,961
6092,963
6092,963
6092,962
6092,962
6092,962
6092,962
6092,962
6092,962
6092,962
6092,962
6093,963
6093,962
6093,962
6093,963
6093,961
6093,962
6093,962
6093,963
6093,962
6093,962
6094,962
6094,961
6094,962
6094,962
6094,962
6094,962
6094,962
6094,962
6094,963
6094,962
6095,962
6095,962
6095,962
6095,962
6095,962
6095,962
6095,962
6095,961
6095,962
6095,963
6096,962
6096,962
6096,962
6096,962
6096,962
6096,962
6096,961
6096,962
6096,962
6096,960
6097,962
6097,962
6097,963
6097,962
6097,962
6097,962
6097,962
6097,961
6097,962
6097,962
6098,962
6098,962
6098,963
6098,962
6098,962
6098,962
6098,962
6098,962
6098,962
6098,962
6099,960
6099,962
6099,962
6099,962
6099,962
6099,961
6099,962
6099,961
6099,962
6099,961
6100,962
6100,962
6100,962
6100,961
6100,961
6100,962
6100,962
6100,963
6100,962
6100,962
6101,962
6101,962
6101,962
6101,962
6101,962
6101,962
6101,961
6101,962
6101,962
6101,962
6102,961
6102,963
6102,962
6102,963
6102,962
6102,962
6102,962
6102,961
6102,962
6102,962
6103,962
6103,962
6103,962
6103,964
6103,962
6103,962
6103,964
6103,960
6103,962
6103,962
6104,962
6104,962
6104,962
6104,962
6104,962
6104,962
6104,963
6104,962
6104,962
6104,961
6105,962
6105,962
6105,962
6105,961
6105,962
6105,962
6105,962
6105,962
6105,962
6105,962
6106,962
6106,962
6106,962
6106,962
6106,962
6106,962
6106,961
6106,962
6106,963
6106,964
6107,962
6107,962
6107,962
6107,962
6107,962
6107,962
6107,962
6107,962
6107,965
6107,962
6108,962
6108,962
6108,962
6108,963
6108,962
6108,962
6108,960
6108,962
6108,962
6108,962
6109,962
6109,963
6109,962
6109,962
6109,961
6109,962
6109,961
6109,962
6109,962
6109,962
6110,962
6110,962
6110,962
6110,962
6110,962
6110,962
6110,962
6110,962
6110,962
6110,962
6111,962
6111,959
6111,962
6111,962
6111,962
6111,961
6111,961
6111,962
6111,962
6111,962
6112,963
6112,962
6112,962
6112,962
6112,962
6112,962
6112,962
6112,962
6112,962
6112,964
6113,962
6113,962
6113,962
6113,962
6113,962
6113,962
6113,962
6113,962
6113,962
6113,962
6114,962
6114,961
6114,962
6114,962
6114,962
6114,962
6114,962
6114,962
6114,962
6114,962
6115,962
6115,962
6115,962
6115,963
6115,962
6115,962
6115,963
6115,962
6115,963
6115,962
6116,962
6116,962
6116,962
6116,962
6116,962
6116,962
6116,962
6116,962
6116,961
6116,962
6117,962
6117,962
6117,961
6117,962
6117,963
6117,962
6117,962
6117,962
6117,962
6117,962
6118,962
6118,961
6118,962
6118,962
6118,963
6118,961
6118,962
6118,963
6118,962
6118,962
6118,962
6118,963
6118,961
6118,962
6123,962
6123,961
6123,962
6124,962
6124,962
6124,962
6124,962
6124,962
6124,961
6124,962
6124,962
6124,963
6124,962
6125,961
6125,961
6125,962
6125,961
6125,962
6125,962
6125,962
6125,962
6125,962
6125,962
6126,961
6126,962
6126,963
6126,961
6126,962
6126,962
6126,962
6126,961
6126,962
6126,962
6127,961
6127,962
6127,962
6127,962
6127,962
6127,961
6127,962
6127,962
6127,962
6127,962
6128,962
6128,962
6128,962
6128,962
6128,961
6128,962
6128,962
6128,961
6128,962
6128,962
6129,962
6129,962
6129,962
6129,961
6129,962
6129,962
6129,962
6129,962
6129,962
6129,962
6130,963
6130,963
6130,962
6130,962
6130,962
6130,962
6130,962
6130,962
6130,962
6130,962
6131,962
6131,963
6131,963
6131,962
6131,962
6131,962
6131,962
6131,962
6131,962
6131,962
6132,962
6132,962
6132,962
6132,962
6132,962
6132,961
6132,962
6132,962
6132,962
6132,962
6133,961
6133,962
6133,962
6133,962
6133,963
6133,962
6133,962
6133,962
6133,962
6133,962
6134,962
6134,962
6134,962
6134,962
6134,962
6134,962
6134,962
6134,962
6134,962
6134,962
6135,963
6135,962
6135,962
6135,962
6135,962
6135,962
6135,961
6135,962
6135,962
6135,962
6136,962
6136,962
6136,962
6136,961
6136,960
6136,962
6136,962
6136,962
6136,962
6136,962
6137,962
6137,963
6137,962
6137,961
6137,961
6137,961
6137,962
6137,962
6137,962
6137,963
6138,962
6138,961
6138,962
6138,962
6138,961
6138,962
6138,962
6138,962
6138,962
6138,962
6139,962
6139,962
6139,962
6139,962
6139,962
6139,961
6139,963
6139,962
6139,964
6139,962
6140,962
6140,962
6140,962
6140,962
6140,962
6140,962
6140,962
6140,962
6140,963
6140,963
6141,962
6141,962
6141,961
6141,963
6141,962
6141,962
6141,961
6141,962
6141,962
6141,962
6142,963
6142,962
6142,962
6142,961
6142,962
6142,962
6142,962
6142,961
6142,962
6142,963
6143,962
6143,962
6143,961
6143,963
6143,962
6143,962
6143,962
6143,962
6143,961
6143,961
6144,962
6144,962
6144,962
6144,962
6144,962
6144,962
6144,962
6144,962
6144,962
6144,961
6145,962
6145,962
6145,961
6145,962
6145,962
6145,962
6145,962
6145,964
6145,963
6145,963
6146,962
6146,962
6146,962
6146,962
6146,962
6146,962
6146,962
6146,962
6146,963
6146,962
6147,963
6147,962
6147,962
6147,962
6147,962
6147,962
6147,962
6147,962
6147,962
6147,962
6148,962
6148,963
6148,963
6148,962
6148,962
6148,962
6148,962
6148,962
6148,962
6148,962
6149,962
6149,963
6149,962
6149,962
6149,963
6149,961
6149,962
6149,962
6149,961
6149,962
6150,962
6150,962
6150,962
6150,962
6150,961
6150,962
6150,962
6150,962
6150,962
6150,962
6151,962
6151,962
6151,962
6151,963
6151,962
6151,962
6151,961
6151,962
6151,962
6151,962
6152,962
6152,962
6152,962
6152,962
6152,962
6152,962
6152,963
6152,962
6152,962
6152,962
6153,962
6153,962
6153,962
6153,962
6153,962
6153,963
6153,963
6153,961
6153,961
6153,962
6154,961
6154,962
6154,962
6154,962
6154,963
6154,962
6154,962
6154,962
6154,962
6154,962
6155,962
6155,962
6155,962
6155,962
6155,962
6155,962
6155,965
6155,962
6155,962
6155,961
6156,961
6156,962
6156,962
6156,962
6156,962
6156,962
6156,960
6156,962
6156,962
6156,963
6157,962
6157,962
6157,962
6157,962
6157,962
6157,962
6157,961
6157,961
6157,962
6157,962
6158,963
6158,962
6158,962
6158,962
6158,962
6158,965
6158,962
6158,962
6158,963
6158,963
6159,962
6159,962
6159,962
6159,962
6159,962
6159,962
6159,962
6159,962
6159,962
6159,963
6160,962
6160,962
6160,962
6160,962
6160,962
6160,963
6160,963
6160,962
6160,962
6160,962
6161,961
6161,962
6161,962
6161,962
6161,962
6161,962
6161,963
6161,962
6161,962
6161,965
6162,961
6162,962
6162,963
6162,962
6162,962
6162,962
6162,963
6162,962
6162,962
6162,963
6163,962
6163,962
6163,964
6163,963
6163,962
6163,962
6163,962
6163,962
6163,962
6163,961
6164,961
6164,962
6164,963
6164,962
6164,962
6164,962
6164,961
6164,962
6164,962
6164,961
6165,962
6165,962
6165,963
6165,961
6165,962
6165,961
6165,962
6165,962
6165,962
6165,962
6166,962
6166,962
6166,962
6166,962
6166,962
6166,961
6166,961
6166,962
6166,962
6166,962
6167,962
6167,962
6167,962
6167,962
6167,962
6167,963
6167,962
6167,961
6167,961
6167,961
6168,962
6168,962
6168,962
6168,962
6168,962
6168,962
6168,962
6168,960
6168,962
6168,962
6168,962
6168,962
6168,962
6168,962
6173,961
6174,975
6174,974
6174,971
6174,969
6174,978
6174,977
6175,974
6175,972
6175,968
6175,968
6175,967
6175,966
6175,965
6175,965
6175,965
6175,963
6176,965
6176,961
6176,964
6176,961
6176,964
6176,961
6176,962
6176,962
6176,965
6176,961
6177,962
6177,961
6177,962
6177,960
6177,963
6177,962
6177,962
6177,962
6177,959
6177,961
6178,961
6178,964
6178,963
6178,963
6178,961
6178,963
6178,959
6178,965
6178,962
6178,963
6179,962
6179,964
6179,961
6179,962
6179,960
6179,962
6179,959
6179,964
6179,962
6179,962
6180,959
6180,962
6180,960
6180,960
6180,965
6180,963
6180,960
6180,963
6180,963
6180,959
6181,962
6181,962
6181,961
6181,962
6181,965
6181,960
6181,962
6181,962
6181,961
6181,959
6182,964
6182,963
6182,963
6182,962
6182,964
6182,960
6182,962
6182,965
6182,963
6182,961
6183,963
6183,962
6183,961
6183,962
6183,963
6183,958
6183,962
6183,964
6183,958
6183,963
6184,962
6184,962
6184,961
6184,964
6184,961
6184,964
6184,961
6184,962
6184,960
6184,962
6185,962
6185,963
6185,960
6185,962
6185,960
6185,961
6185,962
6185,961
6185,960
6185,964
6186,963
6186,961
6186,965
6186,962
6186,962
6186,962
6186,963
6186,960
6186,964
6186,961
6187,960
6187,960
6187,963
6187,961
6187,963
6187,960
6187,960
6187,961
6187,963
6187,962
6188,962
6188,962
6188,963
6188,963
6188,962
6188,964
6188,961
6188,962
6188,961
6188,962
6189,963
6189,965
6189,959
6189,962
6189,961
6189,964
6189,960
6189,963
6189,961
6189,963
6190,961
6190,962
6190,959
6190,962
6190,963
6190,962
6190,962
6190,962
6190,962
6190,961
6191,961
6191,959
6191,963
6191,963
6191,964
6191,961
6191,962
6191,959
6191,964
6191,961
6192,965
6192,962
6192,964
6192,961
6192,962
6192,960
6192,962
6192,961
6192,963
6192,962
6193,962
6193,961
6193,960
6193,961
6193,960
6193,964
6193,961
6193,963
6193,962
6193,963
6194,958
6194,964
6194,961
6194,963
6194,962
6194,962
6194,960
6194,962
6194,962
6194,961
6195,961
6195,961
6195,962
6195,963
6195,962
6195,963
6195,963
6195,959
6195,964
6195,962
6196,961
6196,964
6196,963
6196,960
6196,964
6196,961
6196,960
6196,961
6196,962
6196,959
6197,963
6197,962
6197,962
6197,962
6197,963
6197,962
6197,965
6197,963
6197,964
6197,963
6198,960
6198,962
6198,962
6198,960
6198,962
6198,962
6198,960
6198,962
6198,962
6198,960
6199,963
6199,962
6199,960
6199,963
6199,963
6199,961
6199,964
6199,960
6199,963
6199,963
6200,962
6200,962
6200,962
6200,959
6200,963
6200,962
6200,960
6200,963
6200,961
6200,959
6201,962
6201,964
6201,960
6201,965
6201,962
6201,961
6201,962
6201,964
6201,960
6201,963
6202,960
6202,961
6202,961
6202,962
6202,960
6202,962
6202,959
6202,962
6202,961
6202,962
6203,962
6203,962
6203,960
6203,964
6203,963
6203,963
6203,965
6203,962
6203,962
6203,964
6204,962
6204,960
6204,964
6204,959
6204,962
6204,962
6204,963
6204,960
6204,963
6204,959
6205,962
6205,960
6205,965
6205,963
6205,963
6205,961
6205,964
6205,960
6205,962
6205,963
6206,961
6206,962
6206,964
6206,961
6206,960
6206,964
6206,959
6206,961
6206,962
6206,964
6207,962
6207,963
6207,961
6207,962
6207,961
6207,963
6207,961
6207,963
6207,962
6207,964
6208,960
6208,962
6208,961
6208,962
6208,963
6208,963
6208,962
6208,964
6208,962
6208,958
6209,961
6209,962
6209,961
6209,964
6209,964
6209,959
6209,962
6209,961
6209,959
6209,962
6210,964
6210,963
6210,964
6210,963
6210,962
6210,961
6210,963
6210,963
6210,962
6210,964
6211,964
6211,960
6211,959
6211,959
6211,961
6211,961
6211,963
6211,962
6211,962
6211,962
6212,964
6212,959
6212,963
6212,963
6212,964
6212,962
6212,964
6212,961
6212,961
6212,961
6213,962
6213,961
6213,961
6213,962
6213,960
6213,960
6213,959
6213,963
6213,961
6213,963
6214,960
6214,962
6214,963
6214,965
6214,963
6214,963
6214,962
6214,964
6214,962
6214,962
6215,964
6215,963
6215,960
6215,961
6215,964
6215,961
6215,961
6215,962
6215,961
6215,959
6216,965
6216,962
6216,960
6216,961
6216,964
6216,961
6216,964
6216,964
6216,961
6216,960
6217,964
6217,962
6217,960
6217,963
6217,962
6217,960
6217,962
6217,964
6217,962
6217,962
6218,963
6218,961
6218,960
6218,965
6218,964
6218,962
6218,962
6218,964
6218,961
6218,961
6218,965
6218,964
6218,962
6218,962
6218,964
6218,961
6218,961
6224,963
6224,963
6224,962
6224,962
6224,961
6224,962
6224,963
6224,962
6224,962
6224,960
6225,962
6225,960
6225,963
6225,961
6225,962
6225,959
6225,962
6225,961
6225,963
6225,962
6226,962
6226,960
6226,963
6226,962
6226,962
6226,962
6226,961
6226,960
6226,963
6226,964
6227,961
6227,964
6227,959
6227,960
6227,959
6227,964
6227,962
6227,962
6227,963
6227,962
6228,961
6228,962
6228,962
6228,962
6228,961
6228,965
6228,964
6228,961
6228,962
6228,960
6229,960
6229,962
6229,965
6229,962
6229,961
6229,962
6229,960
6229,960
6229,962
6229,962
6230,962
6230,963
6230,962
6230,964
6230,961
6230,962
6230,960
6230,960
6230,962
6230,964
6231,961
6231,961
6231,961
6231,960
6231,961
6231,963
6231,962
6231,962
6231,963
6231,962
6232,963
6232,962
6232,962
6232,961
6232,961
6232,962
6232,964
6232,961
6232,962
6232,959
6233,959
6233,960
6233,965
6233,961
6233,962
6233,962
6233,962
6233,961
6233,962
6233,962
6234,961
6234,963
6234,964
6234,963
6234,961
6234,961
6234,960
6234,958
6234,960
6234,966
6235,962
6235,959
6235,962
6235,961
6235,959
6235,964
6235,964
6235,962
6235,964
6235,965
6236,962
6236,962
6236,962
6236,960
6236,960
6236,962
6236,964
6236,962
6236,962
6236,961
6237,960
6237,961
6237,965
6237,961
6237,962
6237,963
6237,963
6237,962
6237,965
6237,962
6238,961
6238,961
6238,963
6238,960
6238,963
6238,962
6238,960
6238,960
6238,961
6238,962
6239,962
6239,962
6239,962
6239,962
6239,963
6239,963
6239,962
6239,962
6239,962
6239,963
6240,963
6240,964
6240,961
6240,959
6240,962
6240,962
6240,961
6240,964
6240,961
6240,961
6241,961
6241,962
6241,961
6241,965
6241,962
6241,961
6241,961
6241,964
6241,963
6241,964
6242,960
6242,962
6242,962
6242,963
6242,963
6242,963
6242,960
6242,964
6242,962
6242,959
6243,963
6243,962
6243,962
6243,960
6243,963
6243,959
6243,963
6243,961
6243,962
6243,959
6244,964
6244,962
6244,963
6244,960
6244,964
6244,963
6244,962
6244,963
6244,963
6244,960
6245,963
6245,962
6245,960
6245,963
6245,963
6245,960
6245,958
6245,963
6245,960
6245,962
6246,960
6246,963
6246,961
6246,964
6246,962
6246,961
6246,960
6246,964
6246,963
6246,963
6247,962
6247,962
6247,960
6247,960
6247,962
6247,959
6247,962
6247,962
6247,962
6247,958
6248,964
6248,957
6248,963
6248,962
6248,965
6248,962
6248,964
6248,963
6248,964
6248,961
6249,963
6249,963
6249,962
6249,964
6249,961
6249,963
6249,958
6249,962
6249,958
6249,962
6250,961
6250,965
6250,961
6250,964
6250,958
6250,962
6250,959
6250,963
6250,963
6250,964
6251,963
6251,962
6251,961
6251,960
6251,963
6251,962
6251,966
6251,963
6251,964
6251,958
6252,963
6252,959
6252,962
6252,961
6252,965
6252,963
6252,963
6252,959
6252,961
6252,959
6253,962
6253,963
6253,963
6253,963
6253,960
6253,962
6253,959
6253,962
6253,961
6253,964
6254,961
6254,964
6254,959
6254,963
6254,959
6254,965
6254,960
6254,964
6254,962
6254,964
6255,959
6255,962
6255,963
6255,960
6255,963
6255,963
6255,962
6255,960
6255,965
6255,961
6256,963
6256,962
6256,965
6256,958
6256,962
6256,962
6256,964
6256,960
6256,965
6256,960
6257,959
6257,963
6257,964
6257,959
6257,963
6257,964
6257,959
6257,963
6257,962
6257,962
6258,960
6258,965
6258,960
6258,963
6258,961
6258,964
6258,958
6258,961
6258,962
6258,964
6259,960
6259,964
6259,962
6259,961
6259,964
6259,964
6259,959
6259,963
6259,965
6259,960
6260,961
6260,962
6260,962
6260,959
6260,964
6260,959
6260,964
6260,962
6260,964
6260,960
6261,962
6261,961
6261,965
6261,959
6261,964
6261,961
6261,964
6261,962
6261,965
6261,959
6262,961
6262,962
6262,962
6262,963
6262,962
6262,961
6262,960
6262,961
6262,962
6262,965
6263,962
6263,964
6263,961
6263,963
6263,960
6263,965
6263,961
6263,963
6263,963
6263,963
6264,959
6264,964
6264,959
6264,962
6264,961
6264,962
6264,962
6264,962
6264,961
6264,961
6265,960
6265,963
6265,964
6265,961
6265,963
6265,963
6265,962
6265,961
6265,965
6265,961
6266,963
6266,964
6266,963
6266,961
6266,965
6266,958
6266,962
6266,959
6266,962
6266,963
6267,964
6267,960
6267,963
6267,961
6267,963
6267,963
6267,963
6267,961
6267,964
6267,961
6268,961
6268,962
6268,962
6268,964
6268,962
6268,960
6268,962
6268,962
6268,960
6268,963
6274,963
6274,975
6274,973
6274,972
6274,971
6274,969
6274,967
6275,965
6275,965
6275,965
6275,964
6275,964
6275,963
6275,963
6275,963
6275,963
6275,964
6276,962
6276,962
6276,962
6276,962
6276,959
6276,962
6276,962
6276,962
6276,962
6276,962
6277,962
6277,960
6277,962
6277,962
6277,962
6277,962
6277,963
6277,962
6277,963
6277,962
6278,961
6278,962
6278,962
6278,962
6278,962
6278,962
6278,962
6278,963
6278,962
6278,962
6279,963
6279,962
6279,962
6279,962
6279,961
6279,962
6279,962
6279,962
6279,962
6279,962
6280,962
6280,961
6280,962
6280,962
6280,962
6280,962
6280,962
6280,963
6280,962
6280,962
6281,962
6281,962
6281,962
6281,963
6281,962
6281,962
6281,963
6281,962
6281,962
6281,962
6282,962
6282,961
6282,962
6282,962
6282,962
6282,962
6282,962
6282,962
6282,961
6282,962
6283,962
6283,962
6283,962
6283,962
6283,962
6283,962
6283,962
6283,962
6283,962
6283,961
6284,962
6284,962
6284,962
6284,962
6284,962
6284,963
6284,962
6284,962
6284,962
6284,962
6285,962
6285,962
6285,961
6285,961
6285,961
6285,961
6285,962
6285,962
6285,962
6285,962
6286,961
6286,962
6286,962
6286,962
6286,963
6286,962
6286,962
6286,962
6286,962
6286,963
6287,962
6287,963
6287,962
6287,962
6287,961
6287,962
6287,962
6287,962
6287,962
6287,962
6288,963
6288,962
6288,962
6288,962
6288,962
6288,962
6288,962
6288,962
6288,962
6288,962
6289,962
6289,962
6289,962
6289,962
6289,962
6289,962
6289,960
6289,962
6289,962
6289,961
6290,962
6290,962
6290,962
6290,962
6290,962
6290,961
6290,962
6290,962
6290,961
6290,962
6291,962
6291,962
6291,962
6291,962
6291,961
6291,962
6291,962
6291,962
6291,962
6291,962
6292,962
6292,962
6292,962
6292,963
6292,962
6292,962
6292,962
6292,962
6292,962
6292,962
6293,961
6293,962
6293,962
6293,963
6293,962
6293,962
6293,962
6293,962
6293,962
6293,962
6294,962
6294,960
6294,962
6294,962
6294,962
6294,962
6294,963
6294,963
6294,962
6294,962
6295,962
6295,962
6295,962
6295,962
6295,961
6295,962
6295,962
6295,963
6295,962
6295,962
6296,963
6296,962
6296,962
6296,962
6296,962
6296,962
6296,962
6296,962
6296,962
6296,962
6297,962
6297,962
6297,962
6297,963
6297,962
6297,962
6297,962
6297,962
6297,962
6297,962
6298,962
6298,963
6298,961
6298,962
6298,962
6298,962
6298,962
6298,962
6298,963
6298,962
6299,962
6299,962
6299,962
6299,961
6299,962
6299,962
6299,961
6299,962
6299,962
6299,962
6300,961
6300,962
6300,962
6300,961
6300,963
6300,962
6300,962
6300,962
6300,962
6300,962
6301,962
6301,962
6301,962
6301,962
6301,962
6301,962
6301,962
6301,962
6301,962
6301,962
6302,962
6302,962
6302,962
6302,962
6302,962
6302,961
6302,963
6302,962
6302,963
6302,962
6303,962
6303,963
6303,962
6303,963
6303,963
6303,962
6303,962
6303,964
6303,962
6303,963
6304,962
6304,962
6304,962
6304,962
6304,963
6304,962
6304,962
6304,962
6304,962
6304,962
6305,963
6305,962
6305,962
6305,962
6305,961
6305,962
6305,962
6305,962
6305,961
6305,960
6306,962
6306,962
6306,962
6306,963
6306,962
6306,962
6306,962
6306,962
6306,962
6306,962
6307,963
6307,962
6307,962
6307,962
6307,963
6307,962
6307,962
6307,962
6307,962
6307,962
6308,963
6308,962
6308,961
6308,962
6308,963
6308,962
6308,962
6308,962
6308,962
6308,962
6309,962
6309,964
6309,962
6309,962
6309,962
6309,962
6309,962
6309,962
6309,962
6309,962
6310,962
6310,962
6310,962
6310,962
6310,962
6310,962
6310,962
6310,962
6310,962
6310,962
6311,962
6311,961
6311,962
6311,962
6311,961
6311,963
6311,962
6311,962
6311,962
6311,962
6312,962
6312,963
6312,962
6312,962
6312,962
6312,962
6312,962
6312,962
6312,962
6312,962
6313,962
6313,962
6313,962
6313,962
6313,962
6313,962
6313,962
6313,962
6313,962
6313,962
6314,962
6314,962
6314,962
6314,962
6314,962
6314,962
6314,962
6314,963
6314,962
6314,962
6315,961
6315,962
6315,962
6315,962
6315,962
6315,964
6315,962
6315,962
6315,962
6315,962
6316,962
6316,962
6316,962
6316,962
6316,961
6316,962
6316,963
6316,962
6316,962
6316,963
6317,962
6317,963
6317,962
6317,963
6317,962
6317,962
6317,962
6317,963
6317,962
6317,962
6318,962
6318,962
6318,963
6318,962
6318,959
6318,962
6318,962
6318,962
6318,962
6318,962
6318,962
6318,959
6318,962
6323,962
6323,962
6323,962
6324,962
6324,962
6324,962
6324,962
6324,962
6324,962
6324,962
6324,962
6324,962
6324,962
6325,962
6325,962
6325,962
6325,962
6325,962
6325,961
6325,962
6325,962
6325,961
6325,962
6326,962
6326,962
6326,963
6326,962
6326,964
6326,962
6326,962
6326,961
6326,962
6326,962
6327,962
6327,962
6327,962
6327,962
6327,962
6327,961
6327,962
6327,962
6327,961
6327,962
6328,962
6328,962
6328,962
6328,962
6328,961
6328,962
6328,962
6328,962
6328,959
6328,962
6329,962
6329,962
6329,962
6329,962
6329,961
6329,962
6329,962
6329,962
6329,961
6329,962
6330,962
6330,962
6330,962
6330,962
6330,962
6330,962
6330,962
6330,961
6330,964
6330,962
6331,962
6331,962
6331,962
6331,962
6331,963
6331,962
6331,962
6331,962
6331,962
6331,963
6332,962
6332,962
6332,962
6332,962
6332,962
6332,962
6332,962
6332,962
6332,962
6332,962
6333,962
6333,962
6333,962
6333,962
6333,962
6333,962
6333,962
6333,962
6333,962
6333,963
6334,962
6334,962
6334,962
6334,962
6334,962
6334,962
6334,961
6334,962
6334,963
6334,961
6335,962
6335,962
6335,962
6335,962
6335,961
6335,962
6335,962
6335,962
6335,962
6335,962
6336,962
6336,962
6336,962
6336,962
6336,962
6336,962
6336,962
6336,960
6336,962
6336,962
6337,961
6337,961
6337,962
6337,961
6337,962
6337,962
6337,961
6337,962
6337,962
6337,959
6338,961
6338,961
6338,962
6338,962
6338,962
6338,962
6338,962
6338,962
6338,961
6338,962
6339,962
6339,961
6339,961
6339,962
6339,962
6339,963
6339,961
6339,962
6339,962
6339,962
6340,962
6340,961
6340,962
6340,962
6340,962
6340,962
6340,962
6340,962
6340,961
6340,961
6341,962
6341,961
6341,961
6341,961
6341,962
6341,963
6341,962
6341,962
6341,962
6341,962
6342,962
6342,959
6342,962
6342,962
6342,962
6342,961
6342,962
6342,962
6342,962
6342,962
6343,962
6343,962
6343,962
6343,962
6343,961
6343,962
6343,962
6343,962
6343,959
6343,962
6344,962
6344,962
6344,961
6344,962
6344,962
6344,963
6344,962
6344,962
6344,962
6344,962
6345,962
6345,962
6345,962
6345,962
6345,962
6345,962
6345,962
6345,962
6345,962
6345,965
6346,962
6346,962
6346,962
6346,962
6346,962
6346,962
6346,962
6346,962
6346,962
6346,962
6347,962
6347,962
6347,962
6347,961
6347,962
6347,962
6347,960
6347,962
6347,963
6347,963
6348,962
6348,962
6348,962
6348,962
6348,962
6348,962
6348,962
6348,962
6348,962
6348,962
6349,962
6349,962
6349,963
6349,961
6349,962
6349,962
6349,962
6349,961
6349,961
6349,962
6350,962
6350,959
6350,962
6350,962
6350,962
6350,962
6350,961
6350,962
6350,962
6350,962
6351,961
6351,962
6351,962
6351,962
6351,962
6351,962
6351,962
6351,962
6351,962
6351,962
6352,962
6352,961
6352,962
6352,962
6352,962
6352,961
6352,962
6352,963
6352,962
6352,962
6353,962
6353,962
6353,962
6353,962
6353,963
6353,962
6353,962
6353,962
6353,962
6353,962
6354,963
6354,962
6354,962
6354,962
6354,962
6354,962
6354,962
6354,961
6354,962
6354,962
6355,962
6355,962
6355,962
6355,961
6355,962
6355,962
6355,962
6355,963
6355,963
6355,962
6356,962
6356,962
6356,963
6356,962
6356,961
6356,962
6356,962
6356,962
6356,962
6356,962
6357,961
6357,964
6357,962
6357,962
6357,962
6357,962
6357,962
6357,962
6357,962
6357,962
6358,962
6358,960
6358,962
6358,962
6358,962
6358,962
6358,962
6358,962
6358,962
6358,962
6359,962
6359,962
6359,962
6359,961
6359,962
6359,962
6359,962
6359,962
6359,962
6359,962
6360,962
6360,962
6360,962
6360,962
6360,962
6360,962
6360,962
6360,961
6360,962
6360,962
6361,962
6361,962
6361,962
6361,962
6361,963
6361,962
6361,962
6361,962
6361,962
6361,962
6362,962
6362,962
6362,964
6362,962
6362,962
6362,962
6362,963
6362,961
6362,963
6362,962
6363,961
6363,962
6363,963
6363,962
6363,962
6363,962
6363,963
6363,961
6363,961
6363,962
6364,964
6364,962
6364,962
6364,962
6364,962
6364,961
6364,962
6364,963
6364,962
6364,962
6365,962
6365,962
6365,961
6365,962
6365,962
6365,962
6365,962
6365,961
6365,962
6365,962
6366,962
6366,962
6366,962
6366,962
6366,962
6366,962
6366,962
6366,963
6366,962
6366,961
6367,962
6367,962
6367,962
6367,962
6367,962
6367,962
6367,961
6367,962
6367,962
6367,962
6368,962
6368,962
6368,962
6368,963
6368,962
6368,962
6368,962
6368,962
6368,963
6368,962
6368,963
6368,962
6368,962
6368,962
6372,962
6372,962
6373,962
6373,962
6373,962
6373,962
6373,962
6373,962
6373,963
6373,962
6373,963
6373,962
6374,962
6374,974
6374,973
6374,971
6374,969
6374,969
6374,967
6374,966
6375,965
6375,976
6375,974
6375,972
6375,969
6375,969
6375,967
6375,966
6376,966
6376,965
6376,964
6376,964
6376,963
6376,963
6376,963
6376,962
6376,963
6376,962
6377,962
6377,962
6377,962
6377,963
6377,962
6377,962
6377,962
6377,959
6377,962
6377,962
6378,962
6378,963
6378,962
6378,962
6378,962
6378,962
6378,962
6378,963
6378,962
6378,962
6379,962
6379,962
6379,963
6379,962
6379,961
6379,962
6379,962
6379,962
6379,962
6379,962
6380,962
6380,962
6380,962
6380,962
6380,962
6380,962
6380,961
6380,961
6380,962
6380,962
6381,962
6381,962
6381,962
6381,962
6381,962
6381,962
6381,962
6381,962
6381,962
6381,962
6382,962
6382,962
6382,962
6382,963
6382,962
6382,962
6382,962
6382,962
6382,962
6382,960
6383,962
6383,962
6383,962
6383,962
6383,962
6383,962
6383,962
6383,962
6383,963
6383,962
6384,962
6384,962
6384,962
6384,962
6384,962
6384,962
6384,961
6384,962
6384,963
6384,962
6385,962
6385,962
6385,962
6385,961
6385,964
6385,962
6385,962
6385,962
6385,962
6385,962
6386,962
6386,962
6386,962
6386,962
6386,963
6386,962
6386,962
6386,964
6386,962
6386,962
6387,962
6387,962
6387,962
6387,962
6387,962
6387,962
6387,962
6387,962
6387,962
6387,962
6388,962
6388,962
6388,962
6388,962
6388,962
6388,962
6388,962
6388,962
6388,962
6388,961
6389,962
6389,962
6389,962
6389,963
6389,962
6389,962
6389,962
6389,962
6389,962
6389,962
6390,961
6390,962
6390,962
6390,962
6390,962
6390,962
6390,962
6390,962
6390,963
6390,962
6391,962
6391,961
6391,961
6391,962
6391,962
6391,962
6391,963
6391,962
6391,962
6391,962
6392,961
6392,962
6392,962
6392,962
6392,962
6392,962
6392,962
6392,962
6392,962
6392,962
6393,962
6393,962
6393,963
6393,962
6393,962
6393,962
6393,960
6393,963
6393,962
6393,962
6394,963
6394,962
6394,962
6394,960
6394,962
6394,962
6394,962
6394,962
6394,962
6394,962
6395,962
6395,962
6395,962
6395,963
6395,962
6395,962
6395,962
6395,963
6395,962
6395,962
6396,964
6396,962
6396,962
6396,962
6396,962
6396,961
6396,962
6396,962
6396,961
6396,962
6397,962
6397,962
6397,962
6397,961
6397,962
6397,962
6397,962
6397,963
6397,962
6397,962
6398,961
6398,962
6398,961
6398,962
6398,963
6398,962
6398,962
6398,962
6398,962
6398,962
6399,962
6399,962
6399,962
6399,962
6399,964
6399,962
6399,962
6399,963
6399,962
6399,962
6400,962
6400,962
6400,962
6400,962
6400,962
6400,962
6400,962
6400,962
6400,962
6400,963
6401,962
6401,962
6401,962
6401,962
6401,963
6401,962
6401,963
6401,962
6401,961
6401,962
6402,962
6402,962
6402,962
6402,962
6402,962
6402,962
6402,962
6402,962
6402,963
6402,962
6403,962
6403,962
6403,962
6403,962
6403,962
6403,962
6403,962
6403,962
6403,962
6403,961
6404,961
6404,962
6404,962
6404,962
6404,962
6404,962
6404,962
6404,962
6404,962
6404,962
6405,962
6405,962
6405,961
6405,961
6405,962
6405,962
6405,962
6405,962
6405,961
6405,962
6406,960
6406,962
6406,962
6406,962
6406,961
6406,962
6406,962
6406,962
6406,961
6406,962
6407,962
6407,962
6407,962
6407,962
6407,962
6407,962
6407,962
6407,962
6407,962
6407,961
6408,961
6408,963
6408,962
6408,962
6408,962
6408,962
6408,962
6408,962
6408,961
6408,961
6409,962
6409,962
6409,962
6409,962
6409,962
6409,962
6409,962
6409,962
6409,963
6409,962
6410,962
6410,960
6410,962
6410,962
6410,961
6410,961
6410,962
6410,962
6410,962
6410,962
6411,962
6411,962
6411,963
6411,962
6411,962
6411,962
6411,962
6411,962
6411,962
6411,962
6412,962
6412,961
6412,961
6412,962
6412,962
6412,961
6412,962
6412,962
6412,962
6412,961
6413,961
6413,962
6413,962
6413,962
6413,962
6413,962
6413,962
6413,961
6413,962
6413,963
6414,961
6414,962
6414,962
6414,963
6414,962
6414,962
6414,963
6414,963
6414,962
6414,962
6415,962
6415,962
6415,962
6415,962
6415,963
6415,962
6415,962
6415,962
6415,963
6415,962
6416,962
6416,962
6416,962
6416,962
6416,962
6416,962
6416,962
6416,961
6416,962
6416,962
6417,963
6417,964
6417,962
6417,962
6417,963
6417,960
6417,962
6417,962
6417,962
6417,962
6418,962
6418,962
6418,962
6418,962
6418,962
6418,962
6418,962
6418,962
6418,962
6418,962
6418,962
6418,962
6418,962
6418,962
6418,962
6418,962
6427,962
6427,962
6427,962
6427,962
6427,963
6427,962
6427,961
6427,962
6427,961
6428,962
6428,962
6428,962
6428,962
6428,962
6428,962
6428,964
6428,962
6428,962
6428,961
6429,962
6429,962
6429,962
6429,962
6429,962
6429,962
6429,963
6429,962
6429,961
6429,962
6430,962
6430,962
6430,961
6430,962
6430,962
6430,962
6430,964
6430,962
6430,962
6430,962
6431,962
6431,962
6431,962
6431,962
6431,962
6431,962
6431,963
6431,962
6431,962
6431,962
6432,962
6432,962
6432,962
6432,963
6432,963
6432,962
6432,962
6432,962
6432,962
6432,962
6433,962
6433,963
6433,962
6433,962
6433,962
6433,962
6433,962
6433,962
6433,963
6433,962
6434,962
6434,962
6434,962
6434,962
6434,962
6434,962
6434,962
6434,962
6434,962
6434,963
6435,961
6435,962
6435,962
6435,961
6435,962
6435,963
6435,962
6435,962
6435,962
6435,962
6436,962
6436,962
6436,962
6436,962
6436,963
6436,962
6436,961
6436,962
6436,962
6436,962
6437,962
6437,962
6437,962
6437,962
6437,962
6437,962
6437,962
6437,962
6437,962
6437,961
6438,962
6438,962
6438,962
6438,962
6438,962
6438,962
6438,962
6438,962
6438,961
6438,962
6439,962
6439,962
6439,962
6439,962
6439,962
6439,960
6439,962
6439,962
6439,962
6439,961
6440,962
6440,962
6440,962
6440,962
6440,962
6440,962
6440,962
6440,962
6440,962
6440,962
6441,961
6441,962
6441,962
6441,962
6441,962
6441,961
6441,960
6441,962
6441,962
6441,962
6442,963
6442,962
6442,962
6442,961
6442,962
6442,962
6442,963
6442,962
6442,962
6442,964
6443,962
6443,962
6443,962
6443,962
6443,962
6443,962
6443,963
6443,962
6443,962
6443,962
6444,963
6444,962
6444,962
6444,962
6444,961
6444,962
6444,962
6444,962
6444,961
6444,962
6445,962
6445,962
6445,962
6445,961
6445,962
6445,962
6445,961
6445,961
6445,962
6445,962
6446,960
6446,962
6446,962
6446,963
6446,962
6446,965
6446,962
6446,962
6446,962
6446,962
6447,962
6447,963
6447,963
6447,962
6447,960
6447,962
6447,962
6447,962
6447,962
6447,962
6448,962
6448,964
6448,962
6448,962
6448,962
6448,962
6448,962
6448,962
6448,962
6448,962
6449,962
6449,962
6449,962
6449,962
6449,962
6449,962
6449,962
6449,962
6449,963
6449,962
6450,962
6450,962
6450,962
6450,962
6450,962
6450,962
6450,962
6450,962
6450,962
6450,963
6451,961
6451,962
6451,962
6451,962
6451,962
6451,962
6451,962
6451,962
6451,962
6451,962
6452,962
6452,962
6452,962
6452,962
6452,962
6452,962
6452,961
6452,962
6452,962
6452,962
6453,962
6453,962
6453,962
6453,962
6453,962
6453,960
6453,962
6453,962
6453,962
6453,962
6454,962
6454,962
6454,962
6454,962
6454,961
6454,962
6454,962
6454,962
6454,961
6454,962
6455,962
6455,961
6455,962
6455,962
6455,962
6455,962
6455,962
6455,961
6455,962
6455,962
6456,962
6456,962
6456,962
6456,962
6456,962
6456,962
6456,963
6456,962
6456,962
6456,962
6457,962
6457,962
6457,963
6457,961
6457,962
6457,962
6457,961
6457,962
6457,962
6457,962
6458,962
6458,962
6458,962
6458,962
6458,962
6458,962
6458,962
6458,962
6458,962
6458,962
6459,962
6459,962
6459,963
6459,962
6459,962
6459,963
6459,962
6459,961
6459,962
6459,962
6460,962
6460,963
6460,963
6460,962
6460,962
6460,962
6460,962
6460,962
6460,962
6460,962
6461,962
6461,962
6461,962
6461,962
6461,961
6461,962
6461,962
6461,962
6461,962
6461,962
6462,962
6462,962
6462,962
6462,962
6462,963
6462,962
6462,962
6462,962
6462,962
6462,962
6463,962
6463,962
6463,962
6463,962
6463,961
6463,962
6463,962
6463,962
6463,961
6463,963
6464,962
6464,962
6464,963
6464,962
6464,962
6464,962
6464,962
6464,963
6464,963
6464,962
6465,961
6465,962
6465,962
6465,962
6465,963
6465,963
6465,963
6465,962
6465,962
6465,962
6466,961
6466,962
6466,962
6466,962
6466,962
6466,962
6466,962
6466,962
6466,962
6466,962
6467,962
6467,962
6467,961
6467,961
6467,965
6467,962
6467,962
6467,963
6467,962
6467,962
6468,962
6468,962
6468,962
6468,962
6468,962
6468,962
6468,962
6468,962
6468,962
6468,962
6468,962
6468,962
6473,962
6473,962
6473,962
6474,962
6474,963
6474,962
6474,962
6474,961
6474,962
6474,962
6474,962
6474,962
6474,962
6475,962
6475,962
6475,962
6475,962
6475,962
6475,962
6475,962
6475,962
6475,963
6475,963
6476,962
6476,976
6476,973
6476,971
6476,969
6476,968
6476,967
6476,967
6477,965
6477,964
6477,964
6477,964
6477,963
6477,963
6477,963
6477,963
6477,963
6477,963
6478,962
6478,962
6478,962
6478,962
6478,962
6478,962
6478,962
6478,962
6478,963
6478,962
6479,962
6479,962
6479,962
6479,962
6479,962
6479,961
6479,962
6479,962
6479,962
6479,962
6480,962
6480,962
6480,962
6480,962
6480,962
6480,962
6480,962
6480,962
6480,960
6480,962
6481,962
6481,961
6481,962
6481,962
6481,962
6481,962
6481,962
6481,962
6481,961
6481,962
6482,961
6482,963
6482,962
6482,962
6482,962
6482,962
6482,962
6482,962
6482,961
6482,962
6483,962
6483,962
6483,962
6483,962
6483,962
6483,962
6483,962
6483,962
6483,962
6483,962
6484,962
6484,962
6484,962
6484,962
6484,962
6484,962
6484,962
6484,963
6484,963
6484,962
6485,962
6485,962
6485,962
6485,962
6485,962
6485,963
6485,963
6485,962
6485,963
6485,962
6486,962
6486,961
6486,962
6486,963
6486,963
6486,963
6486,963
6486,963
6486,962
6486,962
6487,962
6487,963
6487,962
6487,962
6487,962
6487,962
6487,961
6487,962
6487,962
6487,962
6488,964
6488,962
6488,962
6488,962
6488,962
6488,962
6488,962
6488,961
6488,962
6488,962
6489,962
6489,962
6489,962
6489,962
6489,962
6489,962
6489,964
6489,962
6489,962
6489,962
6490,962
6490,963
6490,963
6490,962
6490,962
6490,962
6490,962
6490,963
6490,963
6490,963
6491,962
6491,962
6491,962
6491,962
6491,962
6491,962
6491,962
6491,962
6491,962
6491,963
6492,962
6492,963
6492,962
6492,962
6492,962
6492,962
6492,962
6492,963
6492,962
6492,962
6493,962
6493,962
6493,963
6493,962
6493,962
6493,962
6493,963
6493,963
6493,962
6493,962
6494,962
6494,962
6494,962
6494,963
6494,962
6494,963
6494,962
6494,962
6494,962
6494,962
6495,961
6495,962
6495,962
6495,962
6495,962
6495,962
6495,963
6495,962
6495,962
6495,962
6496,963
6496,962
6496,962
6496,962
6496,962
6496,962
6496,961
6496,962
6496,962
6496,962
6497,962
6497,963
6497,962
6497,963
6497,962
6497,960
6497,962
6497,962
6497,962
6497,962
6498,962
6498,962
6498,962
6498,962
6498,962
6498,962
6498,962
6498,962
6498,962
6498,962
6499,962
6499,963
6499,962
6499,962
6499,962
6499,962
6499,962
6499,965
6499,962
6499,962
6500,964
6500,962
6500,963
6500,962
6500,962
6500,963
6500,962
6500,962
6500,962
6500,962
6501,962
6501,962
6501,962
6501,962
6501,962
6501,962
6501,962
6501,962
6501,962
6501,962
6502,962
6502,962
6502,962
6502,962
6502,962
6502,962
6502,962
6502,962
6502,962
6502,962
6503,962
6503,962
6503,962
6503,962
6503,962
6503,962
6503,963
6503,962
6503,962
6503,962
6504,962
6504,962
6504,961
6504,962
6504,963
6504,963
6504,962
6504,962
6504,962
6504,962
6505,962
6505,962
6505,962
6505,962
6505,962
6505,962
6505,962
6505,962
6505,962
6505,962
6506,962
6506,962
6506,962
6506,962
6506,962
6506,962
6506,962
6506,962
6506,962
6506,961
6507,962
6507,962
6507,962
6507,962
6507,962
6507,962
6507,963
6507,962
6507,962
6507,962
6508,962
6508,962
6508,963
6508,962
6508,962
6508,962
6508,962
6508,964
6508,962
6508,962
6509,962
6509,962
6509,961
6509,963
6509,962
6509,962
6509,962
6509,962
6509,962
6509,962
6510,960
6510,962
6510,962
6510,961
6510,962
6510,962
6510,962
6510,962
6510,962
6510,962
6511,962
6511,962
6511,962
6511,962
6511,962
6511,962
6511,962
6511,962
6511,962
6511,963
6512,962
6512,962
6512,962
6512,962
6512,962
6512,962
6512,962
6512,962
6512,962
6512,962
6513,962
6513,962
6513,961
6513,962
6513,962
6513,962
6513,961
6513,959
6513,962
6513,962
6514,962
6514,962
6514,962
6514,963
6514,962
6514,962
6514,963
6514,962
6514,962
6514,962
6515,963
6515,962
6515,962
6515,961
6515,962
6515,965
6515,962
6515,962
6515,962
6515,962
6516,962
6516,962
6516,962
6516,962
6516,962
6516,962
6516,962
6516,961
6516,962
6516,962
6517,962
6517,962
6517,962
6517,962
6517,962
6517,964
6517,962
6517,962
6517,961
6517,962
6518,962
6518,962
6518,962
6518,962
6518,962
6518,962
6518,962
6518,961
6518,962
6518,963
6518,962
6518,962
6518,962
6518,962
6518,961
6518,962
6523,962
6523,962
6523,962
6524,962
6524,963
6524,962
6524,962
6524,962
6524,962
6524,962
6524,962
6524,962
6524,962
6525,962
6525,962
6525,962
6525,962
6525,964
6525,962
6525,962
6525,961
6525,961
6525,961
6526,962
6526,962
6526,962
6526,961
6526,963
6526,962
6526,962
6526,962
6526,962
6526,962
6527,961
6527,963
6527,962
6527,963
6527,962
6527,963
6527,962
6527,962
6527,962
6527,962
6528,962
6528,962
6528,962
6528,962
6528,964
6528,962
6528,962
6528,959
6528,962
6528,962
6529,962
6529,962
6529,961
6529,964
6529,961
6529,961
6529,960
6529,961
6529,962
6529,962
6530,962
6530,962
6530,961
6530,962
6530,961
6530,962
6530,962
6530,962
6530,962
6530,963
6531,962
6531,962
6531,961
6531,961
6531,961
6531,962
6531,962
6531,963
6531,962
6531,961
6532,962
6532,962
6532,962
6532,962
6532,962
6532,962
6532,962
6532,962
6532,962
6532,962
6533,961
6533,962
6533,962
6533,964
6533,962
6533,962
6533,962
6533,961
6533,962
6533,962
6534,962
6534,962
6534,963
6534,962
6534,961
6534,962
6534,961
6534,961
6534,962
6534,962
6535,962
6535,961
6535,962
6535,961
6535,962
6535,962
6535,962
6535,962
6535,961
6535,961
6536,961
6536,962
6536,962
6536,962
6536,963
6536,962
6536,962
6536,961
6536,963
6536,961
6537,962
6537,961
6537,962
6537,962
6537,962
6537,962
6537,961
6537,962
6537,962
6537,962
6538,962
6538,962
6538,962
6538,962
6538,962
6538,961
6538,962
6538,962
6538,962
6538,962
6539,962
6539,962
6539,961
6539,962
6539,962
6539,962
6539,962
6539,961
6539,962
6539,962
6540,962
6540,962
6540,962
6540,962
6540,961
6540,962
6540,962
6540,961
6540,961
6540,962
6541,962
6541,962
6541,961
6541,963
6541,962
6541,962
6541,962
6541,962
6541,962
6541,962
6542,960
6542,962
6542,962
6542,962
6542,961
6542,962
6542,962
6542,962
6542,962
6542,961
6543,962
6543,962
6543,962
6543,962
6543,962
6543,962
6543,962
6543,963
6543,962
6543,962
6544,960
6544,962
6544,962
6544,961
6544,962
6544,961
6544,962
6544,963
6544,961
6544,962
6545,961
6545,962
6545,962
6545,961
6545,962
6545,961
6545,962
6545,962
6545,962
6545,962
6546,962
6546,962
6546,964
6546,962
6546,962
6546,962
6546,962
6546,962
6546,962
6546,962
6547,962
6547,961
6547,962
6547,962
6547,961
6547,962
6547,962
6547,963
6547,961
6547,962
6548,962
6548,962
6548,962
6548,962
6548,961
6548,962
6548,962
6548,962
6548,962
6548,962
6549,962
6549,962
6549,961
6549,963
6549,962
6549,961
6549,961
6549,962
6549,962
6549,962
6550,962
6550,963
6550,963
6550,962
6550,962
6550,962
6550,962
6550,962
6550,962
6550,962
6551,962
6551,962
6551,962
6551,962
6551,962
6551,962
6551,962
6551,962
6551,962
6551,962
6552,961
6552,962
6552,962
6552,962
6552,962
6552,962
6552,960
6552,962
6552,962
6552,962
6553,962
6553,962
6553,962
6553,962
6553,962
6553,961
6553,962
6553,962
6553,962
6553,962
6554,962
6554,962
6554,963
6554,962
6554,962
6554,962
6554,961
6554,962
6554,962
6554,962
6555,962
6555,962
6555,962
6555,963
6555,961
6555,962
6555,962
6555,962
6555,961
6555,960
6556,962
6556,962
6556,962
6556,962
6556,962
6556,962
6556,962
6556,962
6556,962
6556,962
6557,962
6557,962
6557,962
6557,962
6557,961
6557,961
6557,962
6557,962
6557,963
6557,962
6558,961
6558,962
6558,962
6558,962
6558,962
6558,962
6558,962
6558,962
6558,962
6558,962
6559,961
6559,961
6559,963
6559,962
6559,962
6559,961
6559,962
6559,963
6559,962
6559,962
6560,961
6560,962
6560,962
6560,964
6560,961
6560,962
6560,962
6560,962
6560,964
6560,961
6561,962
6561,962
6561,961
6561,962
6561,962
6561,962
6561,962
6561,962
6561,962
6561,962
6562,962
6562,962
6562,962
6562,962
6562,962
6562,962
6562,962
6562,961
6562,962
6562,960
6563,962
6563,962
6563,962
6563,962
6563,962
6563,962
6563,962
6563,962
6563,962
6563,962
6564,962
6564,962
6564,962
6564,962
6564,962
6564,962
6564,962
6564,962
6564,962
6564,962
6565,962
6565,962
6565,962
6565,962
6565,962
6565,962
6565,962
6565,961
6565,962
6565,961
6566,962
6566,962
6566,962
6566,962
6566,961
6566,962
6566,962
6566,962
6566,962
6566,962
6567,962
6567,962
6567,962
6567,962
6567,962
6567,962
6567,962
6567,962
6567,962
6567,962
6568,961
6568,962
6568,962
6568,962
6568,962
6568,961
6568,962
6568,962
6568,962
6568,962
6568,962
6568,962
6568,961
6568,962
6572,962
6573,962
6573,962
6573,962
6573,962
6573,962
6573,962
6573,964
6573,962
6573,962
6573,961
6574,962
6574,976
6574,973
6574,971
6574,969
6574,968
6574,968
6574,966
6575,965
6575,965
6575,965
6575,964
6575,963
6575,963
6575,963
6575,963
6575,963
6575,963
6576,962
6576,962
6576,962
6576,962
6576,962
6576,963
6576,962
6576,962
6576,962
6576,962
6577,961
6577,975
6577,974
6577,971
6577,969
6577,968
6577,966
6577,965
6578,965
6578,964
6578,964
6578,964
6578,963
6578,963
6578,963
6578,962
6578,962
6578,962
6579,963
6579,962
6579,962
6579,964
6579,962
6579,962
6579,962
6579,962
6579,962
6579,959
6580,962
6580,962
6580,962
6580,961
6580,962
6580,961
6580,962
6580,961
6580,962
6580,962
6581,962
6581,962
6581,962
6581,961
6581,962
6581,961
6581,962
6581,962
6581,962
6581,962
6582,962
6582,962
6582,962
6582,961
6582,962
6582,962
6582,962
6582,962
6582,963
6582,962
6583,962
6583,962
6583,962
6583,962
6583,962
6583,962
6583,962
6583,961
6583,962
6583,962
6584,962
6584,962
6584,962
6584,962
6584,961
6584,961
6584,962
6584,962
6584,961
6584,962
6585,962
6585,962
6585,961
6585,962
6585,962
6585,962
6585,962
6585,962
6585,962
6585,962
6586,961
6586,962
6586,960
6586,962
6586,962
6586,962
6586,963
6586,961
6586,962
6586,962
6587,962
6587,962
6587,962
6587,962
6587,963
6587,962
6587,962
6587,963
6587,962
6587,962
6588,962
6588,962
6588,962
6588,962
6588,962
6588,962
6588,961
6588,962
6588,962
6588,962
6589,962
6589,962
6589,962
6589,961
6589,961
6589,962
6589,962
6589,962
6589,962
6589,962
6590,962
6590,962
6590,962
6590,962
6590,962
6590,962
6590,961
6590,961
6590,959
6590,962
6591,962
6591,960
6591,962
6591,961
6591,961
6591,961
6591,962
6591,962
6591,962
6591,962
6592,962
6592,962
6592,962
6592,962
6592,962
6592,962
6592,962
6592,962
6592,962
6592,961
6593,962
6593,963
6593,962
6593,963
6593,962
6593,962
6593,962
6593,962
6593,962
6593,962
6594,962
6594,960
6594,962
6594,962
6594,962
6594,961
6594,962
6594,962
6594,962
6594,962
6595,963
6595,962
6595,961
6595,962
6595,962
6595,962
6595,962
6595,962
6595,961
6595,963
6596,962
6596,962
6596,962
6596,962
6596,962
6596,963
6596,961
6596,962
6596,963
6596,962
6597,962
6597,961
6597,962
6597,962
6597,962
6597,961
6597,962
6597,962
6597,962
6597,962
6598,962
6598,962
6598,962
6598,962
6598,962
6598,962
6598,962
6598,964
6598,962
6598,962
6599,962
6599,962
6599,962
6599,959
6599,962
6599,962
6599,962
6599,962
6599,962
6599,962
6600,962
6600,962
6600,962
6600,962
6600,961
6600,962
6600,962
6600,961
6600,962
6600,963
6601,962
6601,962
6601,961
6601,961
6601,962
6601,962
6601,962
6601,962
6601,962
6601,962
6602,962
6602,962
6602,962
6602,962
6602,962
6602,962
6602,962
6602,962
6602,962
6602,962
6603,962
6603,962
6603,962
6603,962
6603,962
6603,962
6603,963
6603,962
6603,962
6603,962
6604,962
6604,962
6604,962
6604,962
6604,963
6604,962
6604,962
6604,962
6604,962
6604,962
6605,962
6605,962
6605,962
6605,962
6605,960
6605,962
6605,963
6605,962
6605,962
6605,962
6606,962
6606,961
6606,962
6606,962
6606,963
6606,962
6606,962
6606,961
6606,962
6606,962
6607,962
6607,962
6607,962
6607,961
6607,962
6607,962
6607,960
6607,962
6607,962
6607,961
6608,962
6608,962
6608,962
6608,961
6608,962
6608,962
6608,962
6608,962
6608,961
6608,962
6609,962
6609,962
6609,961
6609,962
6609,962
6609,962
6609,962
6609,962
6609,962
6609,962
6610,961
6610,962
6610,962
6610,962
6610,962
6610,961
6610,962
6610,962
6610,962
6610,962
6611,962
6611,962
6611,962
6611,962
6611,961
6611,961
6611,962
6611,962
6611,962
6611,962
6612,962
6612,962
6612,962
6612,962
6612,962
6612,962
6612,962
6612,962
6612,962
6612,962
6613,962
6613,962
6613,962
6613,962
6613,962
6613,960
6613,962
6613,962
6613,962
6613,961
6614,962
6614,962
6614,962
6614,962
6614,963
6614,962
6614,962
6614,961
6614,962
6614,962
6615,962
6615,961
6615,961
6615,962
6615,962
6615,961
6615,962
6615,961
6615,961
6615,962
6616,961
6616,962
6616,962
6616,962
6616,962
6616,962
6616,962
6616,962
6616,961
6616,962
6617,962
6617,962
6617,962
6617,962
6617,962
6617,962
6617,962
6617,961
6617,961
6617,961
6618,962
6618,962
6618,961
6618,961
6618,962
6618,962
6618,962
6618,961
6618,962
6618,961
6624,962
6624,961
6624,962
6624,962
6624,963
6624,962
6624,962
6624,962
6624,961
6624,962
6625,962
6625,962
6625,962
6625,962
6625,962
6625,962
6625,961
6625,962
6625,962
6625,964
6626,962
6626,962
6626,961
6626,961
6626,962
6626,962
6626,962
6626,962
6626,962
6626,962
6627,962
6627,961
6627,962
6627,962
6627,963
6627,961
6627,961
6627,961
6627,962
6627,962
6628,961
6628,961
6628,962
6628,962
6628,962
6628,962
6628,962
6628,959
6628,961
6628,962
6629,961
6629,962
6629,962
6629,960
6629,962
6629,962
6629,962
6629,962
6629,962
6629,961
6630,962
6630,961
6630,962
6630,961
6630,962
6630,962
6630,962
6630,962
6630,961
6630,962
6631,961
6631,962
6631,962
6631,962
6631,963
6631,962
6631,962
6631,960
6631,961
6631,962
6632,961
6632,962
6632,962
6632,962
6632,962
6632,962
6632,961
6632,962
6632,962
6632,962
6633,961
6633,962
6633,962
6633,962
6633,962
6633,962
6633,962
6633,962
6633,962
6633,962
6634,963
6634,962
6634,962
6634,962
6634,962
6634,962
6634,962
6634,960
6634,962
6634,962
6635,962
6635,961
6635,961
6635,962
6635,961
6635,962
6635,962
6635,962
6635,962
6635,962
6636,962
6636,961
6636,962
6636,962
6636,961
6636,960
6636,963
6636,961
6636,961
6636,961
6637,962
6637,962
6637,962
6637,963
6637,962
6637,962
6637,962
6637,962
6637,962
6637,962
6638,962
6638,961
6638,962
6638,964
6638,962
6638,961
6638,962
6638,961
6638,962
6638,962
6639,961
6639,962
6639,962
6639,961
6639,963
6639,961
6639,962
6639,962
6639,961
6639,961
6640,962
6640,961
6640,961
6640,962
6640,962
6640,962
6640,962
6640,961
6640,961
6640,961
6641,961
6641,962
6641,961
6641,962
6641,962
6641,962
6641,962
6641,962
6641,961
6641,962
6642,962
6642,962
6642,962
6642,962
6642,962
6642,963
6642,962
6642,961
6642,961
6642,961
6643,962
6643,962
6643,962
6643,962
6643,962
6643,961
6643,962
6643,961
6643,962
6643,962
6644,961
6644,961
6644,962
6644,962
6644,961
6644,962
6644,962
6644,962
6644,962
6644,961
6645,961
6645,962
6645,962
6645,962
6645,961
6645,962
6645,962
6645,961
6645,964
6645,962
6646,963
6646,962
6646,962
6646,962
6646,962
6646,962
6646,963
6646,962
6646,962
6646,962
6647,962
6647,962
6647,962
6647,962
6647,962
6647,962
6647,962
6647,962
6647,962
6647,962
6648,962
6648,962
6648,962
6648,962
6648,962
6648,962
6648,962
6648,962
6648,962
6648,962
6649,962
6649,962
6649,964
6649,962
6649,962
6649,961
6649,962
6649,962
6649,962
6649,962
6650,962
6650,962
6650,962
6650,962
6650,962
6650,962
6650,962
6650,962
6650,963
6650,962
6651,962
6651,962
6651,961
6651,962
6651,962
6651,962
6651,962
6651,962
6651,962
6651,962
6652,962
6652,962
6652,962
6652,962
6652,962
6652,962
6652,963
6652,962
6652,962
6652,962
6653,961
6653,962
6653,962
6653,963
6653,962
6653,961
6653,962
6653,963
6653,962
6653,962
6654,962
6654,962
6654,961
6654,962
6654,961
6654,962
6654,962
6654,961
6654,961
6654,962
6655,962
6655,961
6655,962
6655,962
6655,961
6655,962
6655,962
6655,962
6655,962
6655,962
6656,962
6656,962
6656,962
6656,962
6656,961
6656,961
6656,962
6656,961
6656,962
6656,962
6657,962
6657,962
6657,961
6657,961
6657,962
6657,962
6657,961
6657,962
6657,961
6657,962
6658,962
6658,962
6658,962
6658,962
6658,962
6658,962
6658,962
6658,963
6658,962
6658,962
6659,961
6659,962
6659,963
6659,962
6659,962
6659,962
6659,962
6659,962
6659,962
6659,962
6660,962
6660,962
6660,962
6660,962
6660,962
6660,962
6660,962
6660,962
6660,962
6660,962
6661,962
6661,963
6661,962
6661,962
6661,960
6661,962
6661,962
6661,962
6661,962
6661,962
6662,963
6662,962
6662,962
6662,962
6662,962
6662,963
6662,961
6662,962
6662,962
6662,962
6663,961
6663,962
6663,962
6663,962
6663,962
6663,962
6663,961
6663,962
6663,962
6663,961
6664,962
6664,962
6664,962
6664,962
6664,962
6664,962
6664,962
6664,962
6664,962
6664,962
6665,962
6665,962
6665,963
6665,962
6665,962
6665,962
6665,962
6665,962
6665,962
6665,962
6666,962
6666,962
6666,962
6666,962
6666,962
6666,962
6666,962
6666,962
6666,964
6666,962
6667,962
6667,962
6667,962
6667,962
6667,962
6667,962
6667,962
6667,962
6667,962
6667,962
6668,962
6668,962
6668,962
6668,962
6668,962
6668,962
6668,962
6668,961
6668,962
6668,961
6674,962
6674,962
6674,962
6674,961
6674,961
6674,960
6674,962
6674,962
6674,963
6675,962
6675,963
6675,962
6675,962
6675,961
6675,962
6675,962
6675,962
6675,962
6675,962
6676,962
6676,962
6676,962
6676,962
6676,962
6676,962
6676,962
6676,962
6676,963
6676,962
6677,961
6677,962
6677,961
6677,962
6677,962
6677,962
6677,962
6677,962
6677,962
6677,962
6678,962
6678,974
6678,973
6678,971
6678,969
6678,969
6678,966
6678,966
6679,966
6679,964
6679,964
6679,964
6679,964
6679,963
6679,962
6679,964
6679,962
6679,963
6680,962
6680,964
6680,962
6680,962
6680,962
6680,962
6680,962
6680,962
6680,962
6680,962
6681,961
6681,962
6681,962
6681,962
6681,962
6681,962
6681,962
6681,962
6681,961
6681,961
6682,963
6682,962
6682,961
6682,962
6682,962
6682,962
6682,962
6682,961
6682,962
6682,962
6683,961
6683,962
6683,962
6683,962
6683,962
6683,961
6683,962
6683,962
6683,962
6683,962
6684,961
6684,962
6684,962
6684,963
6684,961
6684,962
6684,962
6684,961
6684,962
6684,962
6685,961
6685,962
6685,962
6685,961
6685,962
6685,962
6685,962
6685,962
6685,962
6685,962
6686,962
6686,962
6686,962
6686,962
6686,962
6686,962
6686,962
6686,962
6686,962
6686,962
6687,962
6687,962
6687,960
6687,962
6687,962
6687,962
6687,962
6687,962
6687,961
6687,962
6688,962
6688,961
6688,962
6688,962
6688,962
6688,962
6688,962
6688,962
6688,962
6688,962
6689,962
6689,962
6689,961
6689,962
6689,962
6689,962
6689,962
6689,961
6689,962
6689,962
6690,962
6690,960
6690,962
6690,962
6690,962
6690,962
6690,962
6690,962
6690,962
6690,962
6691,962
6691,960
6691,962
6691,962
6691,962
6691,963
6691,962
6691,962
6691,962
6691,961
6692,962
6692,962
6692,963
6692,962
6692,962
6692,962
6692,962
6692,963
6692,962
6692,962
6693,959
6693,962
6693,962
6693,962
6693,962
6693,962
6693,961
6693,962
6693,962
6693,962
6694,961
6694,963
6694,962
6694,962
6694,962
6694,962
6694,962
6694,961
6694,962
6694,962
6695,962
6695,962
6695,962
6695,962
6695,962
6695,962
6695,962
6695,962
6695,962
6695,962
6696,963
6696,962
6696,962
6696,962
6696,961
6696,963
6696,962
6696,962
6696,962
6696,962
6697,962
6697,962
6697,963
6697,962
6697,962
6697,962
6697,961
6697,961
6697,962
6697,962
6698,962
6698,962
6698,962
6698,963
6698,962
6698,963
6698,962
6698,962
6698,962
6698,962
6699,962
6699,962
6699,962
6699,962
6699,963
6699,962
6699,962
6699,961
6699,962
6699,962
6700,962
6700,962
6700,962
6700,962
6700,962
6700,962
6700,962
6700,962
6700,963
6700,962
6701,962
6701,962
6701,964
6701,962
6701,962
6701,962
6701,961
6701,962
6701,962
6701,962
6702,963
6702,962
6702,962
6702,962
6702,962
6702,963
6702,962
6702,962
6702,963
6702,962
6703,962
6703,962
6703,962
6703,962
6703,962
6703,962
6703,962
6703,962
6703,962
6703,962
6704,962
6704,962
6704,962
6704,962
6704,962
6704,963
6704,962
6835,962
6835,962
6835,975
6835,973
6835,973
6835,970
6836,978
6836,977
6836,974
6836,971
6836,970
6874,962
6874,962
6875,963
6875,962
6875,962
6928,961
6928,961
6928,961
6975,962
6975,961
6975,962
6975,962
7028,961
7028,962
7028,961
7074,962
7074,961
7074,962
7074,961
7128,962
7128,962
7128,962
7128,961
7128,961
7174,961
7174,962
7175,962
7175,962
7175,961
7246,962
7247,975
7247,974
7247,971
7247,970
7247,978
7247,976
7248,975
7248,972
7248,970
7248,970
7275,962
7275,962
7275,961
7275,961
7275,962
7328,961
7328,962
7328,963
7328,962
7374,961
7374,962
7374,962
7374,961
7427,962
7427,962
7428,962
7474,961
7474,961
7474,962
7475,962
7475,961
7527,961
7527,962
7528,962
7528,962
7528,962
7574,962
7575,962
7575,962
7575,962
7575,962
7628,961
7628,961
7628,961
7628,961
7674,962
7674,962
7674,962
7674,961
7727,962
7727,962
7728,961
7728,962
7728,960
7728,962
7774,962
7774,962
7774,962
7775,962
7775,962
7827,961
7827,961
7828,962
7828,961
7874,962
7875,964
7875,964
7875,962
7875,961
7875,962
7928,961
7928,961
7928,962
7928,962
7974,962
7974,962
7974,962
7974,962
8027,962
8027,961
8028,962
8028,962
8028,962
8074,961
8074,962
8075,962
8075,961
8127,962
8127,962
8128,962
8128,961
8128,961
8174,962
8175,962
8175,962
8175,962
8175,962
8228,962
8228,962
8228,962
8274,962
8274,962
8327,962
8328,962
8328,962
8374,962
8374,962
8375,962
8427,962
8428,962
8428,962
8428,962
8428,963
8474,962
8475,961
8475,961
8528,960
8528,962
8528,962
8528,963
8528,962
8574,962
8574,962
8574,962
8574,962
8574,962
8628,961
8628,961
8628,962
8628,961
8674,962
8674,961
8675,962
8675,962
8675,963
8727,961
8728,962
8728,962
8728,962
8774,962
8775,962
8775,962
8775,962
8775,962
8828,962
8828,962
8828,962
8828,962
8828,962
8884,962
8884,962
8884,964
8884,961
8927,962
8927,962
8928,962
8928,962
8928,962
8974,961
8974,962
8974,962
8975,962
8975,962
9027,961
9027,962
9028,961
9028,962
9028,961
9074,962
9074,962
9075,962
9127,962
9128,961
9128,963
9174,962
9174,962
9174,962
9174,962
9227,962
9228,962
9228,962
9274,962
9274,962
9274,962
9327,962
9327,962
9328,962
9328,963
9328,962
9374,962
9375,962
9375,962
9375,961
9428,962
9428,961
9428,962
9474,962
9474,962
9474,961
9527,962
9528,962
9528,962
9528,962
9528,962
9528,962
9574,962
9574,962
9575,974
9575,973
9575,971
9575,968
9575,969
9627,962
9627,962
9628,961
9628,962
9628,962
9674,962
9675,962
9675,975
9728,961
9728,962
9728,962
9728,961
9774,962
9774,962
9774,962
9774,962
9827,962
9874,962
9874,962
9874,961
9927,962
9927,962
9928,962
9928,962
9928,962
9974,961
9975,962
9975,962
9975,961
9975,962
10028,961
10028,961
10028,961
10074,961
10074,962
10074,962
10074,962
10127,961
10128,962
10128,962
10128,961
10174,962
10174,962
10174,962
10175,962
10175,961
10227,962
10227,962
10228,962
10228,962
10228,961
10274,962
10275,964
10275,962
10275,962
10275,961
10275,961
10328,962
10328,962
10328,961
10328,961
10374,962
10374,961
10427,962
10428,961
10428,961
10474,962
10474,961
10474,962
10475,962
10527,962
10527,962
10528,962
10528,962
10528,962
10574,962
10575,962
10575,961
10575,962
10575,961
10628,962
10628,961
10628,962
10628,962
10674,962
10674,961
10674,962
10674,962
10674,962
10727,962
10728,961
10728,962
10728,961
10774,962
10774,961
10775,962
10775,961
10827,962
10827,961
10828,962
10828,962
10828,961
10874,962
10875,962
10928,962
10928,962
10928,961
10928,962
10974,962
10974,961
10974,962
11027,962
11028,962
11028,962
11028,961
11074,961
11074,962
11074,962
11075,961
11075,962
11127,962
11127,962
11128,962
11128,962
11128,965
11174,962
11175,962
11175,962
11175,961
11175,962
11228,963
11228,962
11228,961
11274,961
11274,961
11327,962
11328,961
11328,962
11328,961
11374,961
11374,964
11375,962
11427,962
11427,962
11428,962
11428,962
11428,962
11427,962
11474,961
11475,961
11475,961
11475,961
11475,961
11475,961
11528,962
11528,962
11528,962
11528,962
11574,961
11574,960
11574,961
11574,960
11574,961
11627,962
11628,961
11628,961
11628,962
11674,962
11674,961
11674,962
11675,962
11675,962
11727,961
11728,962
11728,962
11728,961
11774,962
11775,961
11775,962
11775,962
11775,961
11775,961
11828,961
11828,961
11828,961
11828,961
11828,962
11874,961
11874,962
11874,961
11874,962
11874,962
11927,962
11928,962
11928,962
11928,961
11928,961
11974,962
11974,962
11974,962
11975,962
11975,961
12027,962
12028,962
12028,962
12028,962
12028,962
12028,962
12074,961
12075,961
12075,961
12075,962
12128,961
12128,962
12128,963
12128,961
12174,961
12174,962
12174,961
12174,961
12174,962
12227,961
12228,962
12228,962
12274,962
12274,961
12274,963
12327,962
12327,962
12328,962
12328,961
12328,962
12374,961
12375,961
12375,961
12375,964
12375,962
12428,962
12428,962
12428,961
12428,961
12474,962
12474,962
12474,962
12527,962
12528,962
12528,962
12528,962
12528,961
12574,962
12574,962
12574,962
12575,962
12627,962
12627,962
12674,961
12675,962
12675,962
12675,962
12675,962
12675,962
12728,961
12728,962
12728,962
12728,962
12728,963
12774,962
12774,961
12774,962
12774,961
12774,961
12827,962
12828,961
12828,961
12828,961
12828,962
12874,961
12874,961
12874,961
12875,961
12927,962
12928,961
12928,961
12928,962
12974,961
12975,961
12975,962
12975,961
12975,961
13028,962
13028,962
13028,962
13028,962
13028,962
13074,962
13074,962
13074,962
13074,961
13074,962
13127,962
13128,963
13128,961
13128,962
13128,962
13128,962
13174,961
13174,961
13174,961
13175,961
13175,962
13227,962
13228,964
13228,961
13228,962
13274,961
13275,961
13275,962
13275,962
13328,962
13328,961
13328,961
13374,962
13374,961
13374,961
13374,961
13374,962
13427,962
13428,962
13428,962
13474,961
13474,961
13475,961
13527,961
13528,961
13574,961
13575,962
13575,961
13575,961
13628,961
13628,961
13628,961
13628,961
13674,961
13674,961
13674,961
13674,962
13674,961
13727,961
13728,961
13728,961
13728,960
13774,961
13774,961
13774,961
13775,961
13775,962
13827,961
13828,961
13828,961
13828,961
13874,963
13875,962
13875,962
13875,962
13875,961
13928,962
13928,962
13928,962
13928,961
13928,962
13974,964
13974,961
13974,961
13974,961
14027,961
14028,961
14028,961
14028,962
14028,961
14074,961
14074,961
14074,962
14075,962
14075,962
14127,961
14128,974
14128,973
14128,969
14128,968
14174,962
14175,962
14175,962
14175,961
14228,962
14228,974
14228,972
14228,969
14274,961
14274,961
14274,962
14274,961
14327,962
14328,962
14328,962
14328,961
14374,962
14374,962
14374,962
14375,962
14427,962
14428,961
14428,963
14474,962
14475,962
14475,962
14475,962
14475,962
14528,962
14528,962
14528,962
14528,959
14574,961
14574,962
14574,961
14574,961
14574,962
14627,962
14628,961
14628,961
14628,961
14628,960
14674,962
14674,961
14674,962
14675,961
14675,962
14727,962
14728,961
14728,959
14728,962
14728,962
14774,962
14775,962
14775,962
14775,963
14833,961
14833,962
14833,962
14833,962
14874,961
14874,962
14874,962
14874,961
14930,960
14930,962
14930,962
14930,962
14974,961
14974,961
14974,962
14974,962
15028,961
15028,961
15028,962
15028,961
15028,961
15074,962
15074,964
15074,961
15075,960
15075,960
15075,961
15128,962
15128,962
15175,961
15175,961
15175,961
15175,961
15228,963
15228,962
15228,962
15228,962
15274,962
15274,961
15274,962
15274,962
15328,962
15328,962
15328,962
15328,962
15328,962
15328,962
15374,961
15374,962
15428,962
15428,961
15428,962
15428,962
15428,962
15475,962
15475,962
15475,961
15475,961
15528,962
15528,962
15528,962
15528,962
15528,962
15528,962
15528,962
15574,962
15574,962
15574,962
15574,961
15574,961
15637,962
15637,962
15638,961
15638,962
15638,961
15674,962
15674,962
15675,962
15727,962
15727,963
15728,961
15728,962
15774,962
15775,962
15775,962
15827,962
15828,962
15828,963
15828,961
15828,962
15828,962
15874,962
15927,961
15928,962
15928,961
15928,961
15974,961
15974,962
15974,962
15975,962
15975,962
16027,961
16028,961
16074,962
16075,961
16075,961
16128,962
16128,962
16128,962
16128,963
16174,962
16174,962
16174,962
16174,962
16174,962
16227,962
16228,960
16228,962
16228,962
16274,962
16274,961
16274,962
16327,961
16328,962
16328,962
16328,961
16374,961
16375,964
16375,962
16375,962
16428,962
16428,962
16428,962
16428,961
16474,963
16474,962
16474,962
16474,962
16474,962
16527,962
16528,962
16528,962
16528,962
16574,962
16574,962
16574,962
16575,962
16575,961
16627,964
16674,962
16675,962
16675,962
16675,962
16675,962
16728,962
16728,961
16728,961
16728,961
16728,961
16774,962
16774,962
16774,961
16774,962
16774,962
16827,959
16828,962
16828,962
16828,962
16828,962
16874,962
16874,962
16927,963
16928,962
16928,962
16928,962
16974,962
16975,962
16975,962
16975,962
16975,962
16975,961
17028,962
17028,962
17028,962
17028,962
17074,962
17074,962
17074,962
17074,962
17074,962
17127,962
17128,962
17128,962
17128,961
17128,962
17174,962
17174,961
17175,962
17175,962
17227,961
17228,962
17228,962
17274,962
17275,962
17275,962
17275,962
17328,962
17328,962
17328,962
17374,962
17374,962
17374,965
17374,962
17374,962
17427,962
17428,962
17428,962
17428,962
17474,962
17474,962
17474,962
17475,962
17475,959
17527,962
17528,962
17528,962
17528,961
17528,961
17574,962
17575,962
17575,962
17575,962
17575,962
17575,961
17575,961
17628,963
17628,961
17628,959
17628,961
17674,961
17674,962
17674,962
17727,962
17728,962
17728,962
17728,962
17728,961
17774,962
17774,962
17774,961
17775,962
17775,961
17827,961
17828,962
17828,962
17828,962
17874,962
17875,961
17875,962
17928,962
17928,961
17928,962
17928,962
17928,962
17974,962
17974,962
17974,963
18027,962
18028,962
18028,963
18028,962
18028,962
18074,963
18074,962
18075,962
18075,962
18127,962
18128,962
18128,962
18128,963
18128,962
18174,963
18175,962
18175,963
18175,962
18228,962
18228,962
18228,963
18274,961
18274,962
18274,962
18274,964
18274,962
18327,962
18328,962
18328,962
18328,961
18328,962
18374,962
18374,962
18375,975
18427,961
18428,962
18428,962
18428,963
18474,962
18475,963
18475,975
18528,962
18528,962
18528,963
18528,962
18528,962
18574,962
18574,963
18574,962
18574,962
18627,962
18628,962
18628,962
18628,962
18628,962
18674,962
18674,962
18674,962
18675,962
18675,962
18727,962
18728,963
18728,962
18728,962
18728,962
18774,962
18775,962
18775,962
18775,962
18775,962
18775,962
18828,962
18828,962
18828,962
18828,963
18828,962
18828,962
18874,962
18874,962
18927,962
18928,963
18928,962
18928,961
18974,962
18974,962
18974,962
18975,962
18975,962
19027,962
19028,962
19028,962
19028,962
19074,962
19075,962
19075,962
19075,962
19128,962
19128,962
19128,963
19128,962
19128,962
19174,962
19174,962
19174,962
19174,962
19174,963
19227,962
19228,962
19228,962
19228,962
19228,962
19274,962
19274,962
19275,962
19275,962
19327,962
19328,963
19328,962
19328,962
19374,962
19375,962
19375,962
19428,962
19428,961
19428,963
19428,963
19428,962
19428,962
19474,961
19527,962
19528,963
19528,961
19528,962
19574,962
19574,961
19574,962
19575,962
19575,962
19575,962
19627,962
19628,962
19628,962
19674,962
19675,962
19675,962
19728,962
19728,961
19728,962
19728,961
19774,961
19774,962
19774,962
19774,962
19774,962
19827,960
19828,962
19828,962
19828,961
19874,962
19874,962
19874,962
19875,961
19875,962
19875,961
19927,962
19928,961
19928,961
19928,961
19928,962
19974,961
19975,962
19975,962
19975,962
19975,961
20028,961
20028,961
20028,961
20028,961
20028,961
20074,961
20074,961
20074,962
20074,961
20074,961
20127,962
20128,961
20128,962
20128,961
20128,961
20174,961
20174,962
20174,961
20227,962
20228,961
20228,961
20228,961
20228,961
20274,962
20275,962
20275,962
20275,962
20275,959
20328,959
20328,961
20328,962
20328,961
20374,962
20374,962
20374,962
20374,962
20374,962
20374,961
20427,962
20428,961
20428,962
20428,964
20428,962
20474,962
20474,962
20475,962
20475,962
20475,962
20527,961
20528,961
20528,962
20528,962
20574,962
20575,961
20575,961
20575,961
20575,962
20628,961
20628,962
20628,962
20628,961
20628,961
20628,961
20674,961
20674,962
20674,962
20674,961
20674,962
20674,962
20727,962
20728,962
20728,962
20728,962
20774,962
20774,962
20774,962
20775,961
20827,962
20828,963
20828,962
20828,962
20874,961
20875,961
20875,962
20875,962
20928,963
20928,962
20928,961
20928,961
20928,962
20974,962
20974,962
21027,962
21028,962
21028,962
21028,962
21028,962
21074,962
21074,962
21127,962
21128,961
21128,961
21128,961
21128,962
21174,962
21175,961
21175,962
21175,962
21175,962
21228,961
21228,962
21228,962
21228,962
21228,962
21274,961
21274,962
21274,961
21274,961
21274,962
21274,962
21327,961
21328,961
21328,962
21328,961
21374,962
21374,962
21375,961
21375,962
21375,962
21428,962
21428,962
21428,962
21428,962
21428,963
21428,961
21474,961
21475,961
21475,961
21475,962
21475,962
21528,962
21528,961
21528,962
21528,962
21528,962
21574,961
21574,962
21574,962
21574,962
21574,961
21627,961
21628,961
21628,961
21628,961
21628,961
21628,961
21674,961
21674,961
21675,960
21727,961
21728,961
21728,961
21728,961
21728,961
21774,961
21775,961
21775,961
21775,961
21828,961
21828,961
21828,962
21828,961
21828,961
21874,961
21874,961
21874,961
21874,962
21874,962
21874,961
21928,960
21928,962
21928,961
21928,961
21928,961
21974,962
21975,961
21975,961
22028,962
22028,962
22028,962
22028,964
22028,964
22075,961
22075,963
22075,962
22128,961
22128,962
22128,961
22174,962
22174,961
22174,961
22174,962
22228,962
22228,962
22228,962
22228,962
22228,962
22274,962
22275,961
22275,961
22328,961
22328,961
22328,961
22328,961
22328,961
22384,961
22384,962
22385,962
22385,962
22427,962
22428,962
22428,962
22428,963
22428,961
22428,962
22474,961
22474,962
22474,962
22474,962
22474,961
22527,962
22528,962
22528,962
22528,961
22574,961
22574,962
22574,962
22575,962
22627,962
22627,962
22628,962
22628,962
22674,962
22675,961
22728,964
22728,962
22728,962
22728,962
22728,961
22774,962
22774,962
22774,962
22774,961
22827,962
22828,961
22828,961
22828,962
22874,962
22874,962
22874,962
22875,960
22927,962
22928,974
22928,970
22974,962
22975,961
22975,962
22975,961
22975,962
23028,962
23028,962
23028,974
23028,973
23028,971
23028,968
23028,967
23028,967
23074,961
23074,962
23074,961
23074,960
23127,962
23128,962
23128,962
23128,962
23174,962
23174,962
23174,962
23175,962
23174,962
23227,962
23228,962
23228,962
23228,962
23274,963
23275,962
23275,962
23275,962
23328,961
23328,961
23328,962
23328,962
23328,961
23374,961
23374,961
23374,961
23374,961
23374,961
23427,961
23428,961
23428,962
23428,961
23474,962
23474,960
23475,961
23475,962
23475,961
23527,962
23528,962
23528,962
23574,962
23575,961
23575,962
23575,963
23575,962
23628,962
23628,962
23628,961
23628,962
23674,962
23674,962
23674,962
23674,964
23674,962
23727,963
23728,959
23728,962
23728,962
23774,962
23774,962
23775,962
23775,962
23827,963
23828,962
23828,962
23828,962
23874,961
23875,961
23875,962
23875,962
23875,961
23928,961
23928,961
23928,962
23928,961
23928,961
23974,962
23974,962
23974,962
23974,962
23974,962
24028,962
24028,962
24028,962
24028,961
24074,962
24074,961
24075,961
24075,962
24127,961
24128,962
24128,962
24128,962
24128,962
24174,962
24175,961
24175,962
24175,962
24175,962
24228,961
24228,962
24228,962
24228,962
24228,962
24274,962
24274,962
24274,962
24274,962
24274,962
24328,961
24328,962
24328,961
24374,962
24374,961
24427,961
24428,961
24428,962
24428,961
24428,961
24428,961
24474,961
24475,961
24475,961
24475,961
24528,961
24528,961
24528,961
24528,962
24528,962
24574,961
24574,961
24574,961
24574,961
24574,961
24628,962
24628,962
24628,961
24628,962
24674,961
24674,961
24675,961
24727,961
24728,962
24728,961
24728,962
24728,962
24774,961
24775,962
24775,961
24775,962
24775,962
24828,961
24828,961
24828,961
24828,962
24874,962
24874,961
24874,962
24874,962
24874,962
24928,961
24928,961
24928,961
24928,961
24974,962
24974,962
24975,961
24975,962
25027,960
25028,962
25028,962
25028,962
25074,962
25075,962
25075,962
25075,962
25075,961
25128,960
25128,963
25128,962
25128,962
25174,961
25174,962
25174,962
25174,961
25174,961
25228,962
25228,962
25228,961
25274,962
25275,962
25275,963
25327,962
25328,962
25328,962
25328,962
25328,962
25374,962
25375,962
25375,962
25375,962
25375,961
25428,962
25428,960
25428,962
25474,962
25474,961
25474,962
25474,962
25474,962
25474,961
25528,962
25528,961
25528,961
25528,962
25574,962
25574,962
25575,962
25575,962
25627,962
25628,962
25628,962
25628,961
25628,961
25674,962
25675,962
25675,962
25675,962
25728,961
25728,962
25728,962
25774,962
25774,962
25774,962
25774,962
25774,963
25828,962
25828,962
25828,962
25874,962
25874,962
25875,962
25927,961
25928,961
25928,962
25928,962
25928,961
25928,962
25974,962
25975,962
25975,961
26028,962
26028,961
26028,961
26028,961
26074,962
26074,962
26074,963
26074,962
26074,962
26128,962
26128,962
26128,962
26128,962
26174,963
26174,964
26175,963
26175,963
26227,962
26228,961
26228,962
26228,962
26228,962
26274,961
26275,962
26275,962
26275,961
26275,961
26328,962
26328,962
26328,961
26328,961
26374,961
26374,961
26374,961
26374,961
26374,961
26428,962
26428,961
26428,961
26474,961
26474,962
26475,962
26475,962
26527,962
26528,962
26528,962
26528,962
26528,962
26574,962
26575,962
26575,961
26575,964
26575,964
26575,962
26575,962
26628,962
26628,962
26628,962
26674,962
26674,962
26674,962
26674,962
26674,962
26728,961
26728,961
26728,961
26728,962
26774,961
26774,962
26775,960
26775,959
26775,960
26828,961
26828,962
26828,961
26828,961
26828,960
26874,962
26875,961
26875,961
26928,962
26928,962
26928,962
26928,962
26974,962
26974,962
26974,960
27028,962
27028,962
27028,962
27028,963
27074,962
27075,962
27075,962
27075,962
27128,962
27128,962
27128,963
27128,962
27174,962
27175,962
27175,975
27175,974
27175,972
27175,970
27228,962
27228,962
27228,962
27274,962
27328,962
27328,961
27328,961
27328,961
27328,960
27374,962
27374,962
27375,962
27375,962
27375,964
27428,962
27428,962
27428,964
27428,962
27474,962
27475,962
27475,962
27475,961
27475,962
27528,962
27528,962
27528,962
27528,961
27574,962
27574,963
27574,961
27634,962
27635,961
27635,962
27635,962
27674,960
27674,962
27675,962
27675,962
27675,961
27729,961
27729,962
27729,961
27730,961
27774,962
27774,962
27774,961
27774,961
27774,962
27827,961
27828,962
27828,964
27828,962
27828,962
27874,962
27874,962
27874,962
27874,962
27928,961
27928,961
27928,961
27928,961
27974,961
27974,962
27975,961
27975,961
27975,961
28028,962
28028,961
28028,962
28074,962
28075,961
28075,961
28075,960
28075,961
28128,961
28128,962
28128,961
28174,962
28174,962
28174,962
28174,962
28228,962
28228,962
28228,962
28228,961
28228,960
28274,963
28274,962
28275,963
28275,962
28275,962
28328,962
28328,962
28328,962
28374,962
28375,962
28375,961
28375,961
28375,962
28428,961
28428,962
28428,961
28474,962
28474,962
28474,962
28474,962
28528,961
28528,961
28528,962
28574,962
28574,962
28575,961
28575,962
28628,961
28628,959
28628,961
28628,962
28628,961
28675,961
28675,961
28675,961
28675,961
28728,962
28728,961
28728,962
28728,961
28774,961
28774,961
28774,962
28828,960
28828,962
28828,961
28828,961
28828,961
28874,962
28874,962
28875,961
28875,962
28875,961
28928,962
28928,960
28928,961
28928,961
28928,962
28928,961
28975,961
28975,962
28975,962
28975,961
28975,961
28975,961
29028,962
29028,962
29028,964
29028,962
29028,961
29074,960
29074,961
29074,961
29074,961
29074,961
29074,961
29137,961
29138,961
29138,962
29138,961
29138,961
29174,961
29174,961
29174,961
29175,961
29227,961
29228,961
29228,961
29228,961
29228,961
29274,962
29275,961
29275,962
29275,961
29275,961
29328,962
29328,962
29328,961
29328,961
29328,962
29374,961
29374,962
29374,963
29374,962
29374,962
29374,961
29374,961
29428,959
29428,962
29428,962
29428,961
29428,962
29474,961
29475,961
29475,962
29475,961
29528,962
29528,963
29528,963
29528,961
29528,962
29575,962
29575,962
29628,962
29628,962
29628,962
29628,962
29628,962
29674,961
29674,962
29674,962
29674,962
29728,962
29728,962
29728,962
29728,962
29728,962
29774,962
29775,962
29775,962
29775,962
29828,963
29828,962
29828,963
29828,962
29828,962
29875,962
29875,961
29875,961
29875,962
29928,962
29928,962
29928,962
29928,962
29928,962
29974,962
29974,962
29974,963
29974,961
30028,962
30028,962
30028,962
30028,962
30074,960
30074,962
30075,962
30075,962
30075,961
30128,961
30128,962
30128,962
30226,962
30230,962
30230,962
30231,974
30231,973
30231,971
30231,969
30278,961
30278,962
30278,962
30324,962
30324,961
30324,962
30324,961
30377,961
30377,962
30377,961
30378,961
30378,962
30424,962
30424,961
30424,962
30425,961
30477,961
30477,961
30477,961
30478,962
30478,961
30478,962
30524,961
30525,962
30525,962
30525,962
30577,961
30578,962
30578,961
30578,961
30624,961
30624,962
30624,961
30624,961
30624,961
30677,961
30677,961
30678,961
30678,961
30678,961
30724,961
30724,962
30725,961
30725,961
30777,962
30777,961
30777,961
30778,961
30778,962
30778,962
30824,961
30825,961
30825,961
30825,961
30877,961
30878,959
30878,963
30878,961
30924,961
30924,961
30924,961
30924,960
30977,960
30977,960
30978,960
31024,960
31024,961
31024,960
31025,960
31025,959
31077,960
31077,960
31078,960
31124,960
31125,960
31125,960
31125,960
31177,961
31178,961
31178,961
31178,960
31178,960
31224,961
31224,961
31224,961
31224,961
31224,961
31277,961
31277,961
31278,961
31278,961
31324,962
31324,961
31324,961
31325,961
31325,962
31377,962
31377,962
31378,961
31378,962
31378,962
31496,962
31501,962
31501,962
31501,974
31501,974
31501,971
31501,970
31502,978
31502,977
31502,971
31527,962
31528,962
31528,962
31528,962
31574,962
31574,962
31574,962
31574,962
31627,961
31628,961
31628,961
31628,961
31674,962
31674,962
31674,961
31675,961
31727,961
31727,961
31728,962
31728,961
31774,962
31775,961
31775,961
31775,961
31775,961
31828,961
31828,962
31828,962
31828,962
31874,962
31874,962
31874,962
31874,962
31927,962
31928,962
31928,962
31928,962
31974,962
31974,962
31974,962
31975,962
31975,962
32027,962
32027,962
32028,961
32028,961
32028,960
32074,961
32075,962
32075,961
32075,962
32075,962
32128,961
32128,962
32128,962
32128,961
32128,961
32128,962
32128,962
32174,961
32227,961
32228,961
32228,962
32228,962
32228,962
32274,961
32274,961
32274,961
32275,960
32275,960
32275,960
32327,962
32327,961
32328,963
32328,962
32328,962
32374,960
32375,961
32375,962
32375,961
32375,960
32428,962
32428,961
32428,962
32474,961
32474,962
32474,961
32474,962
32527,962
32528,961
32528,962
32574,961
32574,962
32575,961
32575,962
32627,962
32627,961
32628,962
32628,962
32746,962
32750,962
32751,974
32751,972
32751,970
32751,969
32751,978
32751,975
32752,971
32752,971
32777,961
32778,960
32778,961
32778,961
32824,961
32824,962
32824,961
32824,961
32877,962
32878,961
32878,963
32878,961
32924,961
32924,962
32924,961
32925,962
32925,962
32925,962
32977,961
32977,961
32978,962
33024,961
33025,961
33025,961
33025,962
33025,958
33078,961
33078,961
33078,961
33078,961
33078,961
33124,961
33124,961
33124,961
33124,961
33124,961
33124,961
33177,961
33178,962
33178,962
33224,962
33224,961
33224,961
33225,962
33225,961
33277,961
33277,962
33278,962
33278,962
33324,962
33325,961
33325,961
33325,961
33325,962
33378,961
33378,961
33424,962
33424,962
33424,962
33424,962
33424,961
33477,961
33478,962
33524,961
33524,961
33524,962
33525,961
33577,962
33577,961
33578,962
33578,962
33578,962
33624,962
33625,961
33625,962
33678,961
33678,961
33678,961
33678,961
33724,962
33724,962
33724,961
33724,964
33777,961
33778,961
33778,961
33778,961
33778,961
33824,962
33824,962
33824,961
33825,961
33825,960
33877,962
33878,961
33878,962
33878,962
33995,962
33999,961
34000,974
34000,974
34000,971
34000,969
34000,975
34001,974
34001,971
34027,962
34027,961
34027,961
34073,961
34073,962
34073,962
34127,962
34127,961
34127,961
34127,961
34173,961
34174,961
34226,962
34227,961
34227,962
34227,961
34227,961
34274,961
34274,961
34274,962
34274,962
34327,962
34327,963
34327,961
34327,961
34327,961
34373,961
34373,961
34373,961
34373,961
34427,963
34427,961
34427,961
34427,961
34473,961
34473,961
34474,961
34474,961
34526,961
34527,961
34527,962
34527,961
34527,961
34574,961
34574,961
34627,960
34627,960
34627,961
34627,961
34627,961
34673,961
34673,961
34673,961
34673,961
34727,962
34727,961
34727,961
34727,961
34773,963
34773,961
34774,961
34774,960
34774,961
34826,960
34827,962
34827,961
34827,961
34874,961
34874,961
34874,961
34874,961
34874,961
34927,961
34927,961
34927,961
34927,961
34973,961
34973,961
34973,961
35027,961
35027,961
35073,961
35073,961
35074,961
35074,961
35074,961
35074,961
35126,961
35127,961
35127,961
35127,960
35245,960
35249,961
35249,961
35249,974
35249,972
35249,970
35249,968
35250,977
35250,976
35250,971
35277,961
35278,961
35278,961
35278,961
35278,961
35278,961
35324,962
35324,961
35324,961
35324,962
35324,961
35377,961
35378,961
35378,960
35378,961
35424,961
35424,962
35424,963
35425,961
35425,961
35477,961
35478,961
35478,961
35478,961
35478,961
35478,961
35524,961
35525,961
35525,961
35525,961
35525,961
35578,961
35578,961
35578,961
35578,961
35578,962
35624,961
35624,961
35624,961
35624,961
35624,961
35678,960
35678,961
35678,961
35678,961
35678,961
35724,961
35724,961
35725,961
35725,960
35725,960
35777,960
35778,961
35778,961
35824,961
35825,961
35825,961
35825,961
35825,961
35878,961
35878,961
35878,962
35878,962
35878,961
35924,960
35924,961
35924,961
35924,961
35924,961
35987,960
35988,958
35988,958
35988,960
36024,962
36024,960
36024,961
36024,960
36025,960
36025,961
36077,960
36077,960
36124,960
36124,961
36125,960
36125,960
36125,960
36177,960
36178,961
36178,960
36178,960
36224,960
36224,960
36224,960
36224,960
36277,960
36277,960
36278,960
36278,960
36278,960
36324,960
36324,961
36324,961
36325,961
36325,960
36377,960
36377,960
36378,960
36378,961
36495,959
36500,960
36500,972
36500,971
36500,969
36500,968
36500,976
36501,975
36501,973
36501,971
36501,971
36501,969
36527,960
36528,960
36528,960
36574,961
36574,961
36574,961
36574,960
36574,960
36627,961
36628,960
36628,961
36628,961
36674,961
36674,961
36674,961
36675,960
36727,961
36727,960
36728,961
36728,961
36728,961
36774,961
36775,960
36775,961
36775,961
36828,963
36828,961
36828,961
36828,961
36828,960
36874,961
36874,961
36874,961
36874,960
36927,961
36928,960
36928,960
36928,961
36974,961
36974,961
36974,961
36975,962
36975,961
37027,960
37027,961
37028,960
37074,961
37075,961
37075,960
37075,961
37128,961
37128,960
37128,960
37128,960
37128,961
37174,961
37174,961
37174,960
37227,960
37228,961
37274,961
37274,962
37274,961
37275,961
37275,961
37275,961
37327,961
37327,961
37328,961
37328,961
37328,960
37328,960
37374,961
37375,961
37375,961
37428,962
37428,961
37428,961
37428,962
37474,961
37474,961
37474,961
37527,961
37528,961
37528,961
37528,961
37574,961
37574,961
37627,961
37627,961
37628,961
37628,960
37628,961
37746,961
37751,961
37751,973
37751,973
37751,970
37751,969
37751,968
37752,976
37752,975
37752,970
37752,968
37777,961
37778,961
37778,961
37778,961
37778,961
37778,961
37824,961
37824,961
37824,961
37824,963
37824,961
37877,962
37878,961
37878,961
37924,961
37924,961
37924,962
37925,961
37925,961
37977,961
37977,961
37978,961
37978,961
38024,961
38025,962
38025,960
38025,962
38078,960
38078,961
38078,961
38078,961
38078,961
38124,961
38124,961
38124,961
38124,961
38124,961
38177,961
38178,961
38178,961
38178,961
38224,961
38224,959
38224,961
38225,961
38225,961
38277,961
38277,960
38278,961
38278,961
38278,961
38278,961
38324,961
38325,962
38325,962
38325,962
38378,961
38378,963
38378,961
38378,962
38378,961
38424,961
38424,961
38424,961
38477,961
38478,961
38478,961
38524,961
38524,961
38524,961
38525,960
38577,961
38578,960
38578,961
38624,961
38625,961
38625,961
38625,961
38678,960
38678,961
38678,961
38724,961
38724,962
38724,962
38777,961
38778,961
38778,961
38778,961
38824,961
38824,961
38824,961
38825,961
38825,960
38877,961
38878,961
38878,961
38878,961
38878,961
38996,961
39000,960
39001,974
39001,973
39001,971
39001,970
39001,968
39001,976
39001,975
39002,972
39027,961
39028,961
39028,960
39074,960
39074,961
39074,961
39074,961
39074,961
39127,959
39128,961
39128,961
39174,961
39174,961
39174,961
39175,963
39175,961
39227,961
39228,961
39228,961
39228,960
39274,961
39275,961
39275,961
39275,960
39275,961
39328,959
39328,961
39328,962
39328,961
39328,960
39374,960
39374,960
39427,961
39428,961
39428,961
39428,961
39474,961
39474,961
39474,962
39475,963
39475,963
39475,961
39527,961
39528,961
39528,960
39528,960
39574,961
39575,961
39575,961
39575,960
39628,961
39628,961
39628,961
39628,961
39674,961
39674,959
39674,961
39674,961
39674,961
39727,961
39728,961
39728,961
39728,961
39728,962
39774,960
39774,961
39774,961
39827,961
39828,961
39828,961
39828,961
39874,961
39875,961
39875,962
39875,961
39928,961
39928,961
39928,961
39974,959
39974,960
39974,960
39974,961
39974,961
40027,961
40028,963
40028,961
40028,961
40074,961
40074,961
40074,961
40075,961
40075,961
40127,961
40128,961
40128,961
40128,960
40245,961
40250,961
40250,973
40250,973
40250,972
40250,969
40250,967
40251,977
40251,975
40251,971
40251,970
40251,968
40277,961
40278,961
40278,961
40278,959
40278,959
40324,961
40324,960
40324,961
40324,961
40324,961
40377,961
40378,961
40378,961
40378,961
40378,959
40424,961
40424,961
40424,961
40425,961
40425,961
40425,961
40477,961
40478,961
40478,961
40478,960
40524,961
40525,961
40525,961
40525,961
40525,961
40578,961
40578,961
40578,961
40578,962
40578,962
40624,962
40624,961
40624,960
40624,961
40624,961
40677,961
40678,961
40678,961
40678,961
40678,961
40724,960
40724,961
40724,961
40725,960
40777,960
40778,961
40778,961
40824,961
40825,961
40825,961
40883,960
40883,961
40883,959
40883,960
40924,961
40924,961
40924,961
40924,962
40924,961
40980,961
40980,961
40980,961
41024,961
41024,961
41024,961
41024,961
41024,961
41024,961
41078,961
41078,961
41078,961
41078,961
41078,961
41124,960
41124,961
41124,961
41125,961
41177,961
41178,961
41178,961
41178,961
41224,960
41225,961
41225,961
41278,961
41278,961
41278,962
41278,961
41278,961
41324,961
41324,961
41324,962
41324,961
41377,961
41378,962
41378,961
41378,961
41483,961
41488,961
41488,974
41488,971
41488,969
41488,968
41489,978
41489,975
41489,972
41527,960
41528,961
41528,963
41528,960
41574,961
41575,961
41575,961
41575,959
41575,961
41628,961
41628,961
41628,961
41628,961
41674,961
41674,961
41674,961
41674,961
41727,961
41728,961
41728,961
41728,961
41728,961
41774,961
41774,961
41774,961
41775,962
41827,961
41828,961
41828,961
41828,961
41874,961
41875,961
41875,961
41875,961
41875,961
41928,961
41928,960
41928,962
41928,961
41928,961
41974,961
41974,961
41974,960
41974,961
42027,962
42028,962
42028,961
42028,961
42028,961
42028,961
42074,961
42074,961
42075,961
42075,961
42127,961
42128,961
42128,961
42174,961
42175,961
42175,960
42175,961
42228,961
42228,960
42228,962
42228,961
42228,961
42274,962
42274,961
42274,961
42274,961
42274,961
42274,961
42328,961
42328,961
42328,961
42328,961
42374,961
42374,961
42375,961
42375,961
42375,961
42428,960
42428,961
42428,961
42428,962
42474,961
42475,961
42475,961
42475,960
42475,961
42528,961
42528,961
42528,961
42528,961
42528,960
42574,960
42574,960
42574,960
42628,961
42628,961
42628,961
42628,961
42674,961
42675,960
42675,961
42675,960
42727,961
42728,961
42728,961
42728,961
42728,962
42784,961
42785,961
42785,961
42785,961
42827,961
42828,960
42828,961
42874,960
42874,960
42874,961
42874,960
42927,961
42927,961
42928,962
42928,960
42928,960
42974,961
42974,961
42974,961
42975,961
42975,961
43027,962
43028,959
43028,961
43028,961
43074,961
43075,961
43075,961
43075,961
43128,961
43128,960
43128,961
43128,962
43128,962
43174,961
43174,961
43174,961
43174,961
43174,961
43227,961
43228,961
43228,961
43228,961
43274,961
43274,961
43275,962
43275,961
43327,961
43328,961
43328,961
43374,961
43375,961
43375,961
43375,961
43375,961
43428,961
43428,962
43428,961
43428,961
43474,961
43474,962
43474,961
43474,961
43474,961
43527,963
43528,962
43528,961
43528,960
43528,960
43574,961
43574,961
43575,961
43575,961
43627,962
43628,962
43628,962
43628,962
43628,961
43674,961
43675,962
43675,962
43675,962
43728,962
43728,961
43728,961
43774,961
43774,961
43774,961
43774,961
43774,961
43827,961
43828,961
43828,960
43828,961
43874,962
43874,961
43875,961
43875,961
43927,961
43928,961
43928,962
43928,961
43974,962
43975,961
43975,962
43975,961
44028,961
44028,960
44028,961
44028,961
44028,961
44074,961
44074,962
44074,962
44074,961
44074,960
44127,961
44128,962
44128,961
44128,961
44128,962
44174,962
44174,962
44174,960
44175,962
44227,962
44228,961
44228,961
44228,961
44228,961
44274,961
44275,962
44275,961
44275,961
44275,961
44328,962
44328,961
44328,962
44328,961
44374,961
44374,961
44374,961
44427,962
44428,961
44428,961
44474,961
44474,961
44474,961
44475,961
44475,960
44527,959
44528,961
44574,962
44575,962
44575,962
44575,961
44575,961
44628,961
44628,961
44628,974
44628,973
44628,967
44674,961
44674,961
44727,961
44728,961
44728,961
44728,961
44774,961
44774,961
44774,961
44827,961
44874,961
44875,961
44875,962
44875,961
44875,961
44928,961
44928,961
44928,961
44928,961
44974,962
44974,961
44974,961
44974,961
44974,962
44974,960
45027,961
45028,960
45074,961
45074,962
45075,962
45075,959
45127,962
45128,961
45128,961
45128,962
45128,962
45128,962
45174,961
45175,961
45175,961
45175,961
45228,962
45228,961
45228,961
45228,961
45228,961
45274,961
45274,962
45274,962
45274,961
45274,961
45327,961
45328,961
45328,961
45328,960
45328,960
45328,961
45374,961
45374,961
45374,962
45375,962
45375,962
45375,961
45375,961
45427,961
45428,962
45428,961
45428,961
45474,961
45475,961
45475,961
45475,961
45475,961
45528,962
45528,962
45528,962
45528,961
45528,962
45574,963
45574,961
45574,962
45574,962
45627,961
45628,962
45628,962
45628,961
45628,961
45674,960
45674,961
45674,961
45675,961
45727,961
45728,961
45728,962
45728,962
45728,961
45774,961
45775,962
45775,961
45828,962
45828,961
45828,961
45828,961
45828,961
45828,961
45874,961
45874,961
45874,961
45874,961
45874,961
45927,961
45928,961
45928,962
45928,962
45928,961
45974,961
45974,961
45975,960
45975,963
46027,961
46028,962
46028,961
46028,961
46074,958
46075,958
46075,959
46128,958
46128,959
46128,960
46128,958
46128,959
46174,960
46174,960
46227,961
46228,959
46228,960
46228,959
46228,960
46274,956
46274,956
46274,956
46275,956
46275,957
46327,957
46328,957
46328,957
46328,957
46328,957
46374,959
46375,959
46375,958
46375,958
46375,959
46428,960
46428,958
46428,959
46428,959
46428,959
46474,955
46474,956
46474,955
46474,955
46474,956
46527,955
46528,955
46528,956
46528,955
46574,956
46574,956
46575,956
46575,956
46627,956
46628,956
46628,956
46628,956
46628,956
46674,957
46675,957
46675,957
46675,957
46675,957
46728,956
46728,957
46728,956
46728,957
46774,956
46774,956
46774,957
46774,957
46774,954
46827,956
46828,957
46828,957
46828,957
46828,957
46874,959
46874,958
46874,958
46875,958
46927,960
46928,958
46928,959
46974,958
46975,959
46975,959
46975,959
46975,959
47028,958
47028,958
47028,958
47028,958
47028,957
47074,957
47074,958
47074,958
47074,958
47074,958
47127,959
47128,959
47128,959
47128,959
47128,959
47174,958
47174,958
47174,958
47175,958
47175,958
47227,958
47228,958
47228,958
47228,957
47274,958
47275,958
47275,958
47275,958
47328,958
47328,958
47328,956
47328,958
47328,959
47374,958
47374,958
47374,958
47374,958
47374,958
47427,958
47428,959
47428,959
47428,959
47428,959
47474,959
47474,959
47474,960
47528,959
47528,959
47528,959
47528,959
47574,959
47575,960
47575,960
47575,960
47628,959
47628,960
47628,959
47628,959
47628,959
47674,956
47674,960
47674,960
47674,959
47674,959
47727,958
47728,958
47728,960
47728,959
47728,958
47774,960
47774,961
47774,960
47775,959
47774,961
47827,960
47828,959
47828,959
47874,959
47875,959
47875,960
47875,960
47928,960
47928,960
47928,960
47928,960
47974,960
47974,959
47974,959
47974,959
48027,960
48028,960
48028,960
48028,960
48074,960
48074,960
48074,960
48075,960
48127,961
48128,961
48128,960
48128,961
48128,961
48174,961
48175,961
48175,961
48175,961
48228,961
48228,962
48228,962
48228,962
48274,961
48274,961
48274,961
48274,960
48274,962
48327,962
48328,961
48328,962
48328,961
48328,961
48374,960
48374,961
48374,961
48375,960
48427,961
48428,961
48428,962
48428,961
48428,962
48474,962
48475,961
48475,961
48475,961
48475,961
48528,962
48528,962
48574,961
48574,962
48574,961
48574,962
48574,961
48627,962
48628,961
48628,961
48628,961
48674,962
48674,961
48674,961
48675,961
48675,961
48727,961
48728,961
48728,961
48728,961
48728,961
48774,961
48775,975
48775,974
48775,971
48775,970
48775,969
48828,961
48828,961
48828,960
48828,960
48874,961
48874,961
48874,962
48927,961
48928,961
48928,962
48928,962
48928,962
48974,961
48974,961
48974,961
48975,961
48975,961
49027,962
49028,962
49028,961
49028,961
49028,961
49075,962
49075,962
49075,962
49075,962
49075,962
49128,961
49128,962
49128,962
49174,962
49174,962
49174,962
49174,962
49174,962
49174,962
49174,962
49228,962
49228,962
49228,962
49228,962
49228,962
49274,962
49274,962
49275,961
49275,961
49275,962
49328,962
49328,961
49328,962
49375,961
49428,961
49428,961
49428,962
49428,962
49474,962
49474,962
49474,962
49474,963
49474,964
49528,961
49528,962
49528,962
49528,962
49528,961
49584,962
49584,974
49585,975
49585,972
49585,970
49585,968
49627,962
49627,962
49628,962
49628,962
49674,962
49675,961
49675,962
49675,962
49728,962
49728,962
49728,962
49774,962
49774,961
49774,962
49774,962
49774,961
49827,962
49828,961
49828,961
49828,961
49828,962
49874,962
49874,962
49874,962
49875,961
49875,962
49927,962
49928,963
49928,961
49928,961
49974,961
49975,962
49975,962
50028,962
50028,962
50028,960
50028,961
50028,961
50074,961
50074,962
50074,961
50074,961
50074,962
50127,961
50128,961
50128,961
50128,961
50128,961
50174,962
50174,960
50174,962
50175,961
50175,961
50175,962
50227,962
50228,962
50228,961
50228,961
50228,961
50228,961
50274,962
50275,962
50275,961
50275,962
50275,962
50328,962
50328,961
50328,962
50328,963
50328,961
50374,962
50374,962
50374,959
50374,961
50374,961
50374,962
50427,962
50428,962
50428,962
50428,962
50474,962
50474,961
50474,962
50475,961
50527,961
50528,962
50528,962
50528,962
50574,959
50575,962
50575,962
50575,962
50575,962
50628,962
50628,961
50628,962
50628,962
50674,962
50674,962
50674,962
50674,961
50727,962
50728,962
50728,962
50728,962
50728,962
50774,961
50774,963
50774,962
50775,962
50775,962
50827,962
50828,960
50828,960
50828,961
50828,961
50874,962
50875,961
50875,962
50875,962
50875,961
50928,961
50928,961
50928,961
50928,961
50928,961
50974,961
50974,961
50974,962
50974,961
51027,962
51028,962
51028,962
51028,962
51028,961
51074,962
51074,961
51074,962
51075,962
51075,962
51074,961
51127,962
51128,962
51128,962
51128,961
51174,962
51175,962
51175,961
51175,961
51175,962
51228,961
51228,963
51228,962
51228,962
51228,962
51274,963
51274,962
51274,962
51274,962
51274,962
51327,961
51328,962
51328,961
51328,961
51328,961
51374,962
51374,961
51374,961
51375,962
51375,961
51427,961
51428,962
51428,961
51428,961
51474,961
51475,961
51475,962
51475,962
51475,962
51528,964
51528,961
51574,961
51574,962
51574,961
51574,962
51627,962
51628,961
51628,961
51628,962
51674,962
51674,961
51675,962
51675,961
51727,962
51728,962
51728,961
51728,961
51728,961
51774,962
51775,962
51775,962
51775,962
51775,962
51828,962
51828,962
51828,962
51874,961
51874,961
51874,963
51874,962
51874,962
51928,962
51928,961
51928,962
51928,962
51928,962
51974,962
51974,961
51975,961
51975,961
52027,961
52028,962
52028,961
52028,961
52028,961
52074,962
52075,961
52075,961
52075,962
52075,962
52128,961
52128,961
52128,961
52128,961
52174,962
52174,961
52174,961
52228,961
52228,962
52228,962
52228,962
52228,962
52274,961
52274,961
52275,961
52275,961
52275,961
52328,963
52328,962
52328,962
52328,962
52374,961
52375,962
52375,963
52375,961
52375,962
52428,961
52428,961
52428,961
52428,962
52474,961
52474,961
52474,961
52474,962
52528,961
52528,961
52528,961
52528,961
52528,961
52574,962
52574,962
52575,961
52575,961
52575,961
52575,963
52628,961
52628,961
52628,961
52628,961
52674,961
52675,961
52675,962
52675,963
52675,961
52728,961
52728,961
52728,961
52728,962
52728,961
52774,962
52774,961
52774,961
52828,960
52828,960
52828,961
52828,962
52874,961
52874,962
52875,960
52875,961
52875,961
52928,961
52928,962
52928,962
52928,961
52974,962
52975,960
52975,961
52975,961
52975,961
53028,961
53028,962
53028,961
53028,961
53074,960
53074,961
53074,961
53074,961
53074,961
53074,961
53128,961
53128,974
53128,974
53128,970
53128,970
53128,969
53128,967
53174,961
53174,961
53175,961
53175,961
53228,961
53228,961
53228,963
53228,961
53274,961
53275,961
53275,962
53328,961
53328,960
53328,962
53328,962
53328,961
53374,961
53374,961
53374,963
53428,961
53428,961
53428,961
53428,960
53428,960
53428,960
53474,961
53474,961
53475,959
53475,961
53475,961
53528,961
53528,961
53528,962
53528,962
53528,961
53528,961
53574,961
53575,960
53575,962
53575,961
53575,961
53628,962
53628,962
53628,961
53628,961
53628,961
53692,961
53693,975
53693,967
53734,961
53734,961
53735,976
53735,970
53735,967
53774,962
53774,961
53774,961
53775,961
53775,962
53829,961
53829,961
53829,963
53829,961
53829,962
53873,961
53874,961
53874,961
53874,961
53874,961
53874,960
53927,961
53927,961
53927,961
53927,961
53974,961
53974,961
53974,962
53974,962
54027,962
54027,961
54027,962
54027,962
54028,960
54074,961
54074,962
54074,961
54075,962
54075,962
54075,962
54127,961
54127,962
54127,962
54128,961
54174,961
54175,961
54175,961
54175,961
54227,961
54227,961
54227,961
54228,961
54228,961
54274,962
54327,961
54327,962
54327,962
54327,961
54328,962
54374,961
54374,961
54374,962
54375,961
54375,961
54427,962
54427,960
54427,961
54428,961
54474,961
54475,961
54475,961
54527,961
54527,961
54527,961
54528,961
54528,961
54528,962
54574,961
54574,961
54574,961
54574,960
54627,961
54627,961
54627,961
54627,962
54628,962
54628,961
54674,961
54674,961
54675,961
54675,961
54727,961
54727,961
54727,962
54774,962
54775,962
54775,961
54775,961
54827,961
54827,961
54828,961
54828,961
54874,961
54874,962
54874,962
54874,961
54927,960
54927,962
54927,961
54928,961
54928,959
54974,962
54974,962
54974,962
54975,961
54975,962
55027,961
55027,961
55027,961
55074,959
55075,962
55075,961
55075,961
55127,962
55127,961
55128,962
55128,961
55174,961
55174,962
55174,961
55174,961
55227,962
55227,961
55227,961
55228,961
55274,961
55274,961
55274,961
55275,961
55275,961
55327,962
55327,961
55327,962
55327,961
55328,961
55374,960
55375,961
55375,961
55375,961
55427,961
55427,961
55428,961
55428,961
55474,962
55474,961
55474,961
55474,962
55527,960
55527,962
55527,962
55528,961
55528,961
55574,961
55574,961
55574,961
55575,961
55575,961
55627,959
55627,961
55627,962
55628,962
55674,962
55675,962
55675,962
55675,961
55727,962
55727,961
55728,962
55728,961
55728,962
55774,961
55774,961
55774,962
55774,961
55827,962
55827,962
55827,962
55828,962
55828,962
55874,962
55874,962
55874,962
55875,962
55875,962
55927,962
55927,963
55927,962
55928,961
55928,962
55974,962
55975,962
55975,962
55975,962
55975,962
56027,962
56027,962
56028,962
56028,962
56028,962
56074,963
56074,963
56074,963
56074,962
56074,962
56127,963
56127,963
56128,964
56128,962
56128,962
56174,963
56174,962
56175,962
56175,962
56175,962
56227,962
56227,962
56227,962
56227,962
56228,963
56228,962
56274,962
56275,962
56275,962
56275,963
56275,962
56337,963
56337,963
56337,962
56338,962
56374,962
56374,963
56374,963
56374,962
56427,962
56427,962
56427,963
56474,962
56474,962
56475,962
56527,963
56527,962
56527,962
56527,963
56528,963
56574,962
56574,963
56575,963
56627,962
56627,962
56628,963
56628,963
56628,962
56674,961
56674,962
56674,962
56674,963
56727,964
56727,961
56727,962
56728,963
56774,962
56774,962
56774,961
56775,962
56775,961
56827,962
56827,961
56827,962
56827,963
56828,963
56874,962
56875,963
56875,962
56875,962
56927,962
56927,962
56927,962
56928,962
56928,962
56928,961
56974,962
56974,963
56974,962
56974,962
57027,962
57027,962
57027,962
57027,962
57028,962
57028,962
57074,962
57074,962
57074,962
57075,962
57075,962
57075,962
57127,963
57127,962
57127,962
57174,962
57175,962
57175,963
57227,962
57227,960
57227,962
57228,962
57228,962
57228,962
57228,962
57274,962
57274,975
57274,974
57274,971
57274,969
57274,968
57327,963
57327,962
57327,963
57328,963
57374,961
57375,962
57375,975
57375,974
57427,962
57427,961
57427,963
57427,962
57428,962
57474,962
57475,962
57527,963
57527,963
57527,961
57528,962
57528,962
57528,963
57574,962
57574,962
57574,962
57574,963
57627,962
57627,962
57627,963
57628,962
57674,962
57674,962
57674,962
57675,962
57675,962
57727,962
57727,962
57727,963
57727,963
57727,962
57728,961
57774,962
57775,962
57775,963
57827,963
57827,962
57828,963
57874,963
57874,962
57927,962
57927,962
57927,961
57928,962
57974,963
57974,963
57974,962
57975,962
57975,962
58027,962
58027,962
58027,962
58028,962
58074,962
58075,963
58075,962
58075,963
58127,962
58127,962
58128,962
58128,962
58128,962
58174,962
58174,962
58174,962
58174,963
58227,962
58227,962
58228,962
58228,962
58274,962
58274,962
58275,962
58275,962
58275,962
58327,963
58327,964
58327,962
58374,962
58375,962
58427,961
58427,962
58428,961
58474,962
58474,962
58474,962
58474,962
58474,963
58474,962
58527,961
58527,962
58527,963
58528,962
58528,962
58574,962
58574,962
58575,962
58575,962
58627,962
58627,962
58627,962
58628,962
58674,962
58675,962
58727,962
58727,963
58728,963
58728,962
58774,963
58774,962
58774,962
58774,962
58827,961
58827,963
58828,962
58828,962
58874,962
58875,962
58875,963
58927,962
58927,962
58927,962
58928,961
58974,962
58975,962
58975,961
59027,961
59027,963
59028,965
59028,961
59074,962
59074,963
59074,961
59074,961
59074,962
59127,962
59127,962
59127,962
59128,961
59128,962
59174,961
59174,961
59175,962
59175,961
59227,963
59227,962
59227,963
59227,962
59228,962
59274,962
59275,963
59275,961
59275,962
59327,962
59328,962
59328,962
59374,962
59374,962
59374,962
59374,963
59427,963
59427,962
59428,962
59428,963
59474,962
59474,962
59474,962
59475,961
59475,961
59527,961
59527,962
59527,962
59528,963
59527,962
59574,962
59575,961
59575,962
59575,961
59627,962
59627,962
59628,962
59628,962
59628,963
59674,962
59674,962
59674,963
59674,962
59674,963
59727,962
59727,961
59728,961
59728,962
59774,961
59774,963
59775,963
59827,962
59827,961
59827,961
59827,962
59828,963
59828,963
59874,962
59875,963
59875,963
59927,962
59928,961
59974,963
60027,962
60027,963
60028,963
60028,962
60074,962
60074,962
60074,963
60075,962
60127,963
60127,962
60127,961
60127,962
60128,963
60174,961
60175,963
60175,962
60175,962
60227,962
60227,962
60228,961
60228,962
60228,963
60274,962
60274,962
60274,962
60274,962
60274,961
60327,962
60327,961
60328,963
60328,962
60374,962
60374,963
60375,962
60375,963
60427,961
60427,962
60427,962
60427,961
60428,961
60428,962
60428,962
60474,962
60475,963
60475,962
60475,962
60527,962
60527,962
60528,962
60528,962
60528,963
60574,962
60574,962
60574,962
60627,962
60627,961
60628,962
60628,961
60674,961
60674,962
60674,963
60675,962
60675,962
60675,962
60727,962
60727,962
60728,962
60774,962
60775,962
60827,962
60827,961
60828,962
60828,961
60874,961
60874,962
60874,961
60874,961
60874,961
60927,962
60927,962
60927,962
60974,961
60974,961
60975,961
60975,962
61027,963
61027,962
61027,961
61028,962
61074,962
61075,963
61075,961
61127,962
61127,962
61128,962
61128,961
61174,962
61174,963
61174,963
61174,962
61174,962
61174,962
61227,962
61228,962
61274,963
61274,962
61274,962
61327,962
61327,962
61327,962
61328,962
61374,962
61375,961
61375,961
61375,961
61375,962
61427,962
61428,961
61428,961
61428,961
61474,962
61474,962
61474,961
61527,962
61527,963
61527,963
61528,962
61528,962
61574,962
61574,963
61575,962
61575,962
61627,962
61627,963
61627,961
61628,962
61628,963
61674,961
61675,964
61675,963
61675,964
61727,961
61727,962
61728,963
61728,963
61728,963
61728,962
61774,963
61774,962
61774,962
61774,961
61774,962
61827,962
61828,975
61828,974
61828,973
61828,970
61828,970
61874,963
61874,962
61875,962
61875,963
61927,962
61927,962
61927,962
61928,960
61928,975
61974,962
61975,962
61975,961
61975,961
62027,960
62027,963
62028,963
62028,963
62028,962
62074,962
62074,962
62074,963
62074,962
62127,963
62127,962
62127,962
62127,962
62128,962
62128,963
62174,963
62174,964
62174,963
62175,963
62175,963
62227,961
62227,963
62227,962
62228,961
62228,962
62274,962
62275,962
62275,962
62275,961
62275,963
62327,962
62327,962
62328,962
62328,961
62328,962
62374,962
62374,962
62374,962
62427,961
62427,962
62427,962
62428,962
62428,962
62474,963
62474,963
62474,962
62475,963
62475,963
62527,962
62527,962
62527,963
62528,962
62574,964
62575,962
62575,962
62575,962
62575,961
62627,963
62627,962
62628,963
62628,963
62628,964
62628,961
62674,963
62674,963
62674,961
62674,961
62674,962
62727,961
62727,962
62728,961
62728,961
62774,963
62774,961
62775,963
62775,962
62775,963
62827,964
62827,963
62828,963
62828,962
62874,962
62875,962
62875,962
62875,962
62875,963
62927,962
62927,962
62928,962
62928,962
62974,962
62974,963
62974,962
62974,962
62974,962
62974,961
63027,960
63027,963
63028,962
63028,961
63028,962
63084,962
63084,962
63084,962
63084,963
63085,962
63127,962
63127,963
63127,963
63127,962
63128,962
63174,963
63174,962
63175,961
63175,962
63175,963
63227,962
63227,960
63227,960
63228,963
63274,963
63274,963
63274,962
63274,962
63327,962
63327,962
63327,963
63327,962
63328,962
63374,963
63374,962
63374,963
63375,961
63427,962
63474,962
63475,963
63475,963
63475,963
63527,963
63527,963
63528,962
63528,962
63528,962
63574,962
63574,963
63574,962
63574,963
63574,963
63627,962
63627,962
63627,962
63674,963
63674,962
63674,962
63675,963
63675,962
63675,962
63727,962
63727,962
63727,962
63728,962
63774,963
63775,963
63775,963
63775,962
63827,963
63827,962
63828,962
63828,962
63874,962
63874,962
63874,962
63874,962
63874,963
63927,963
63927,960
63927,962
63928,962
63928,962
63974,962
63974,962
63974,963
63975,962
63975,963
64027,962
64027,962
64027,963
64028,962
64074,963
64075,962
64075,963
64075,963
64127,963
64127,963
64128,963
64128,963
64128,963
64174,963
64174,963
64174,963
64174,962
64174,963
64227,963
64227,963
64227,963
64228,963
64228,964
64274,963
64274,963
64274,963
64275,965
64275,963
64327,963
64327,963
64327,960
64328,962
64374,963
64375,963
64427,963
64427,963
64428,963
64428,963
64428,962
64428,962
64474,963
64474,964
64474,963
64474,962
64474,962
64527,961
64527,962
64527,963
64528,962
64528,962
64574,962
64575,962
64575,962
64627,962
64627,962
64627,962
64628,963
64628,962
64674,963
64675,963
64675,963
64675,963
64727,963
64727,963
64728,962
64728,963
64774,963
64774,962
64774,962
64774,963
64774,962
64827,962
64827,963
64827,962
64828,962
64828,962
64828,962
64874,963
64874,963
64875,963
64927,963
64927,963
64927,963
64928,963
64928,963
64974,963
64975,962
65027,965
65027,963
65028,963
65028,963
65074,963
65074,962
65074,963
65074,962
65127,963
65127,963
65127,962
65128,962
65128,962
65174,963
65174,963
65174,962
65175,963
65175,963
65227,963
65227,963
65228,963
65274,963
65275,963
65275,963
65327,963
65327,963
65328,963
65328,963
65328,963
65374,962
65374,963
65374,963
65374,963
65427,962
65427,962
65428,963
65474,962
65474,963
65474,963
65475,963
65475,963
65527,963
65527,962
65527,962
65528,962
65528,963
65574,962
65575,963
65627,962
65628,962
65628,962
65628,962
65674,962
65674,962
65674,962
65674,963
65674,963
65727,963
65727,963
65728,962
65728,963
65774,962
65774,962
65774,962
65775,962
65775,962
65827,962
65827,962
65827,962
65828,963
65874,962
65875,962
65875,962
65875,962
65875,963
65875,962
65927,962
65928,961
65928,961
65928,962
65974,962
65974,962
65974,962
65974,962
66027,962
66027,961
66027,962
66028,962
66028,962
66074,962
66074,962
66075,974
66075,971
66075,969
66075,969
66127,962
66127,963
66127,963
66128,962
66128,963
66174,963
66175,962
66175,975
66175,974
66175,974
66175,972
66175,970
66227,962
66227,963
66228,961
66228,962
66274,962
66274,963
66274,964
66274,962
66327,963
66327,963
66328,963
66328,963
66374,962
66374,963
66374,963
66375,963
66375,964
66427,962
66427,963
66427,962
66428,962
66428,962
66428,962
66474,962
66475,962
66533,962
66533,962
66533,962
66533,962
66574,962
66574,962
66574,962
66574,960
66574,960
66574,963
66574,962
66629,962
66629,962
66630,961
66630,962
66630,962
66674,962
66674,962
66674,962
66674,962
66674,962
66727,962
66727,962
66728,962
66728,962
66728,962
66774,962
66774,962
66774,963
66775,962
66775,962
66827,962
66827,962
66827,963
66828,963
66828,962
66874,963
66875,962
66875,962
66875,962
66875,962
66927,962
66927,962
66928,963
66928,962
66974,962
66974,963
66974,962
66974,962
67027,962
67027,963
67027,963
67028,962
67028,962
67074,962
67074,962
67074,963
67075,962
67127,963
67127,962
67127,962
67128,962
67174,962
67175,963
67175,963
67175,963
67175,962
67227,962
67227,962
67228,962
67228,962
67228,962
67274,962
67274,962
67274,962
67274,962
67274,964
67327,962
67327,963
67328,962
67328,962
67374,963
67374,963
67374,962
67375,962
67375,962
67427,962
67427,962
67427,962
67428,962
67474,962
67475,962
67527,963
67527,962
67528,962
67528,960
67574,962
67574,962
67574,962
67574,962
67574,961
67627,962
67627,963
67627,962
67628,961
67628,961
67674,962
67674,962
67674,962
67675,961
67675,962
67727,962
67727,963
67728,964
67728,961
67774,962
67775,962
67775,962
67827,963
67827,962
67828,963
67828,962
67828,961
67874,962
67874,962
67874,962
67874,962
67874,962
67927,963
67927,962
67927,962
67928,962
67928,962
67928,962
67974,962
67974,963
67975,962
67975,962
68027,962
68027,962
68028,961
68028,962
68028,962
68074,962
68075,963
68075,962
68075,962
68127,962
68127,964
68128,962
68128,962
68174,963
68174,962
68174,962
68174,962
68174,962
68227,962
68227,963
68227,962
68228,962
68228,962
68274,962
68274,962
68274,962
68275,963
68275,962
68327,961
68327,962
68327,961
68328,962
68328,962
68374,961
68375,962
68375,962
68375,962
68375,962
68427,961
68427,962
68428,962
68428,962
68428,962
68428,962
68428,962
68474,962
68474,962
68474,962
68474,962
68474,962
68474,962
68527,962
68527,962
68574,962
68574,962
68574,962
68575,962
68575,963
68627,962
68627,962
68628,962
68628,962
68674,962
68675,962
68675,962
68675,962
68675,962
68727,962
68727,962
68728,962
68728,962
68774,963
68774,962
68774,963
68774,962
68774,962
68827,962
68827,962
68827,962
68828,962
68874,962
68874,962
68875,962
68875,962
68927,963
68927,962
68927,961
68928,962
68974,962
68975,962
68975,962
69027,962
69027,962
69028,962
69028,962
69028,962
69074,962
69074,962
69127,962
69127,962
69127,962
69128,962
69128,962
69128,962
69174,962
69174,962
69174,962
69175,963
69175,961
69227,962
69227,962
69227,962
69228,962
69274,962
69275,962
69275,962
69275,961
69327,962
69328,962
69374,962
69374,961
69374,962
69427,962
69427,961
69428,962
69474,962
69474,962
69475,962
69527,962
69527,962
69528,961
69528,962
69528,961
69528,961
69574,962
69575,961
69575,962
69575,962
69575,962
69627,963
69628,963
69628,963
69628,962
69628,962
69674,964
69674,963
69674,963
69674,963
69727,964
69727,965
69728,964
69728,965
69728,965
69774,964
69775,964
69775,964
69775,964
69837,964
69837,964
69837,964
69838,964
69874,962
69875,964
69875,964
69875,964
69875,963
69927,962
69927,963
69928,963
69928,963
69928,963
69974,962
69974,962
69974,962
69974,961
69974,962
69974,962
70027,962
70027,963
70027,963
70028,962
70074,961
70074,961
70074,961
70075,961
70127,962
70127,962
70127,962
70128,962
70128,962
70174,962
70175,962
70175,962
70175,961
70175,962
70227,961
70227,962
70228,962
70228,963
70228,962
70274,962
70274,962
70274,963
70274,963
70327,962
70327,963
70327,963
70328,961
70328,962
70374,963
70374,962
70375,962
70375,962
70427,962
70427,962
70428,962
70428,962
70474,962
70475,962
70475,959
70475,959
70475,961
70527,961
70527,962
70528,962
70528,961
70528,962
70574,962
70574,963
70574,961
70574,962
70574,961
70627,963
70627,962
70628,975
70628,974
70628,970
70628,968
70628,968
70674,963
70674,962
70674,962
70675,962
70727,962
70727,962
70728,961
70728,975
70728,973
70774,961
70775,962
70775,961
70775,961
70827,962
70827,961
70828,962
70828,962
70874,962
70874,962
70874,962
70874,962
70874,962
70874,962
70874,962
70927,962
70927,962
70927,963
70928,962
70928,962
70974,962
70974,963
70974,963
70975,961
70975,962
71027,963
71027,962
71027,962
71028,962
71028,962
71074,962
71075,962
71075,962
71075,963
71075,962
71127,963
71127,962
71128,962
71174,962
71174,962
71174,963
71174,962
71227,962
71227,962
71227,962
71228,962
71228,961
71274,962
71274,962
71274,962
71275,962
71275,961
71327,962
71327,962
71327,962
71327,962
71328,962
71374,962
71375,963
71375,962
71375,962
71375,962
71427,962
71427,962
71428,963
71428,962
71428,962
71428,962
71474,964
71474,962
71474,962
71474,963
71474,962
71527,961
71527,961
71528,961
71574,962
71574,962
71575,961
71575,961
71627,961
71627,964
71627,961
71628,961
71628,962
71674,963
71675,962
71675,962
71675,962
71675,962
71727,962
71727,963
71728,962
71774,962
71774,963
71774,962
71774,962
71774,962
71827,962
71827,962
71828,962
71828,962
71874,963
71874,962
71874,962
71875,962
71875,962
71927,962
71927,962
71927,962
71927,962
71928,962
71928,963
71974,962
71975,963
71975,962
71975,963
71975,963
72027,963
72027,963
72028,964
72028,963
72028,963
72074,962
72074,963
72074,963
72074,963
72074,963
72127,962
72127,963
72127,963
72128,964
72128,961
72174,962
72174,964
72174,964
72175,963
72175,963
72227,961
72227,962
72227,962
72228,963
72274,963
72275,963
72275,962
72275,962
72327,962
72327,963
72328,963
72328,963
72328,963
72328,963
72374,962
72374,962
72374,963
72374,963
72374,962
72374,962
72427,962
72427,962
72427,963
72428,963
72428,963
72474,963
72474,962
72474,963
72475,962
72475,962
72527,962
72527,963
72528,962
72528,962
72574,962
72575,962
72575,961
72575,961
72627,963
72627,962
72628,963
72674,962
72674,961
72674,961
72727,961
72727,961
72727,962
72728,961
72728,962
72728,962
72774,961
72774,961
72774,961
72775,961
72775,961
72775,961
72827,961
72827,961
72827,961
72828,961
72828,961
72828,961
72874,963
72875,962
72875,962
72875,962
72927,962
72927,963
72928,962
72974,962
72974,962
72974,962
72974,962
72974,963
73027,962
73027,963
73027,962
73028,962
73028,963
73074,962
73074,961
73074,962
73075,961
73075,961
73127,962
73127,962
73128,961
73128,961
73174,962
73175,962
73175,962
73175,959
73175,959
73227,962
73227,962
73228,962
73228,962
73228,962
73274,962
73274,962
73274,963
73274,962
73274,962
73327,963
73327,963
73327,963
73328,963
73328,963
73374,963
73374,963
73375,963
73375,963
73427,963
73427,964
73427,964
73427,963
73428,964
73474,963
73475,963
73475,963
73475,962
73527,963
73527,963
73528,964
73528,964
73528,963
73574,963
73574,963
73574,964
73574,964
73574,963
73574,963
73627,962
73627,963
73627,963
73628,962
73674,962
73674,962
73674,962
73675,961
73727,961
73727,961
73727,961
73728,962
73774,961
73775,962
73775,962
73775,962
73775,962
73775,961
73827,962
73827,962
73828,962
73828,962
73828,962
73828,962
73874,962
73874,963
73874,963
73927,963
73927,962
73927,964
73928,963
73928,962
73928,963
73974,962
73974,962
73974,962
73975,962
73975,963
74027,962
74027,962
74027,962
74028,962
74028,962
74074,962
74075,961
74075,962
74075,962
74127,962
74128,962
74128,962
74128,962
74174,962
74174,962
74174,961
74174,961
74174,962
74227,962
74227,962
74227,962
74228,962
74228,962
74228,962
74228,963
74274,962
74274,962
74274,962
74275,962
74275,962
74275,962
74327,962
74327,962
74327,963
74328,963
74328,962
74374,961
74375,962
74427,962
74428,962
74428,962
74428,962
74474,962
74474,962
74474,961
74474,961
74474,963
74474,962
74474,962
74527,962
74527,963
74527,962
74528,961
74528,961
74574,962
74574,962
74574,962
74627,962
74627,962
74627,962
74628,963
74674,962
74675,962
74675,962
74675,962
74675,961
74727,963
74728,962
74728,962
74728,962
74728,962
74774,962
74774,962
74774,962
74827,962
74827,963
74828,962
74828,962
74874,962
74874,960
74875,975
74875,972
74875,969
74875,968
74927,962
74927,962
74927,962
74928,962
74974,960
74975,961
74975,975
74975,973
74975,970
74975,970
74975,969
74975,969
75027,962
75028,960
75028,960
75028,962
75074,961
75074,962
75074,962
75074,962
75127,961
75127,962
75128,962
75128,962
75174,962
75174,962
75175,962
75175,961
75175,964
75227,962
75227,962
75227,962
75228,962
75228,962
75274,961
75275,962
75275,962
75275,962
75275,960
75275,962
75275,962
75327,962
75328,962
75328,963
75328,961
75328,962
75374,961
75374,961
75374,961
75374,962
75427,961
75427,962
75428,961
75428,961
75428,961
75474,961
75474,961
75475,961
75475,962
75527,962
75527,961
75528,961
75528,961
75574,963
75575,962
75575,962
75575,961
75575,961
75627,961
75628,962
75628,962
75628,962
75628,962
75674,962
75674,962
75674,962
75674,963
75727,962
75727,962
75728,962
75728,962
75728,962
75774,962
75774,962
75775,963
75775,962
75827,962
75827,962
75828,962
75874,962
75875,962
75875,962
75875,962
75875,962
75927,962
75928,962
75928,962
75928,962
75928,961
75974,962
75974,963
75974,963
75974,962
76027,962
76027,962
76028,962
76028,961
76074,962
76074,963
76075,962
76075,962
76127,964
76128,962
76128,962
76128,962
76175,962
76175,962
76175,962
76175,962
76175,961
76227,961
76228,962
76228,962
76228,962
76228,962
76274,964
76274,962
76274,962
76274,962
76274,962
76327,962
76328,963
76328,960
76328,963
76328,962
76374,962
76374,963
76375,963
76427,962
76428,962
76428,962
76428,962
76475,961
76475,962
76475,961
76475,962
76527,962
76528,962
76528,962
76528,962
76528,962
76528,962
76574,962
76574,962
76574,962
76656,963
76657,962
76657,962
76674,962
76674,962
76674,962
76674,962
76675,962
76675,962
76727,962
76727,962
76727,962
76727,962
76774,962
76774,962
76775,962
76775,962
76775,962
76827,962
76827,962
76828,962
76828,962
76874,961
76874,962
76874,963
76874,963
76874,963
76927,962
76927,962
76927,963
76927,962
76928,962
76974,962
76974,962
76975,962
76975,962
77027,962
77027,962
77027,962
77028,962
77074,962
77074,962
77075,963
77075,962
77127,962
77127,962
77128,962
77128,962
77128,962
77174,962
77174,962
77174,962
77174,962
77174,962
77174,962
77227,962
77227,962
77227,962
77227,962
77228,963
77228,963
77274,962
77274,962
77275,962
77275,962
77327,962
77327,962
77327,962
77328,962
77374,962
77374,962
77375,962
77375,962
77427,962
77428,962
77428,962
77474,963
77474,963
77474,962
77474,963
77474,963
77527,962
77527,962
77527,963
77527,963
77527,962
77574,962
77574,962
77574,962
77627,962
77627,962
77627,962
77627,962
77628,961
77628,961
77674,962
77675,962
77727,962
77727,962
77728,962
77728,962
77728,962
77774,963
77774,962
77774,962
77827,961
77827,962
77827,962
77828,962
77874,961
77874,962
77874,962
77875,961
77927,961
77927,962
77927,962
77928,962
77974,962
77975,961
77975,961
78027,962
78027,961
78028,962
78028,962
78028,962
78074,962
78074,962
78074,961
78074,963
78127,962
78127,962
78127,962
78127,962
78128,962
78128,963
78174,962
78174,962
78174,962
78175,961
78175,962
78227,962
78227,962
78227,962
78228,962
78274,962
78275,962
78275,962
78327,962
78327,962
78328,962
78374,959
78374,961
78374,961
78374,960
78427,962
78427,962
78427,962
78427,962
78428,961
78474,961
78474,962
78475,961
78475,962
78527,964
78527,963
78527,963
78527,962
78574,963
78575,963
78575,963
78575,963
78627,963
78627,962
78628,963
78628,963
78628,962
78674,962
78674,963
78674,962
78674,963
78727,962
78727,962
78727,963
78728,961
78774,962
78774,962
78774,962
78775,962
78775,962
78827,962
78827,962
78827,962
78827,962
78828,962
78874,962
78875,962
78875,962
78875,962
78927,962
78927,962
78928,962
78928,962
78928,962
78974,963
78974,961
78974,964
78974,962
79027,962
79027,962
79027,963
79028,962
79074,962
79074,963
79074,962
79075,963
79075,961
79127,962
79127,963
79127,962
79127,962
79128,962
79174,963
79175,962
79175,962
79175,962
79227,962
79227,962
79228,963
79228,962
79228,961
79228,961
79274,963
79274,962
79274,962
79274,962
79274,963
79334,962
79334,963
79334,962
79334,962
79374,962
79374,962
79374,962
79375,962
79375,962
79429,962
79429,962
79429,975
79429,974
79429,974
79429,971
79429,970
79430,968
79474,962
79474,962
79474,962
79474,961
79474,962
79527,962
79528,962
79528,962
79528,963
79528,963
79574,962
79574,962
79574,962
79574,962
79627,962
79627,962
79628,962
79674,963
79674,961
79674,962
79675,962
79727,962
79727,962
79728,962
79728,962
79728,962
79774,962
79775,963
79775,962
79775,962
79828,962
79828,961
79828,962
79828,962
79874,962
79874,962
79874,963
79874,962
79927,962
79927,962
79928,962
79928,962
79974,962
79974,962
79974,962
79975,962
79975,962
80027,962
80028,962
80028,962
80028,962
80028,962
80074,962
80075,962
80075,962
80075,962
80128,962
80128,962
80128,962
80128,962
80174,962
80174,963
80174,963
80174,962
80227,964
80227,963
80228,963
80228,963
80228,963
80228,963
80274,962
80274,962
80274,963
80275,962
80275,962
80275,962
80275,962
80327,961
80327,962
80328,962
80374,963
80375,962
80375,961
80428,963
80428,962
80428,962
80428,962
80428,962
80474,962
80527,962
80527,961
80528,962
80528,962
80528,962
80527,961
80574,962
80574,962
80574,962
80575,961
80575,962
80627,963
80627,963
80628,962
80628,962
80628,962
80674,963
80675,962
80728,963
80728,963
80728,962
80728,963
80728,963
80774,962
80774,962
80774,962
80774,961
80827,962
80828,962
80828,962
80828,961
80874,961
80874,962
80874,960
80927,962
80927,962
80928,962
80928,962
80928,962
80974,962
80975,962
81028,963
81028,962
81028,962
81028,961
81028,962
81074,963
81074,962
81074,962
81074,962
81127,962
81128,962
81128,961
81174,962
81174,961
81174,962
81175,962
81175,963
81227,962
81227,962
81228,962
81228,962
81228,963
81274,962
81275,962
81275,962
81275,962
81328,962
81328,962
81328,962
81328,961
81328,962
81374,962
81374,962
81374,962
81374,962
81374,961
81427,962
81428,962
81428,962
81428,962
81474,962
81475,962
81475,962
81527,962
81527,962
81528,961
81528,962
81528,961
81574,961
81575,962
81575,962
81575,962
81628,963
81628,962
81628,962
81674,962
81674,962
81674,960
81674,961
81727,962
81728,960
81728,962
81728,961
81774,962
81774,963
81774,962
81827,962
81827,962
81828,962
81828,962
81828,962
81874,962
81875,962
81875,962
81928,962
81928,963
81928,963
81928,961
81928,962
81974,962
81974,962
81974,961
82027,962
82028,962
82028,963
82028,962
82028,962
82074,962
82075,962
82075,962
82075,962
82127,962
82127,962
82128,963
82128,962
82174,962
82175,963
82228,963
82228,962
82228,962
82228,962
82228,962
82274,962
82274,962
82274,962
82274,962
82274,962
82327,962
82328,962
82328,962
82328,962
82328,962
82374,962
82374,962
82375,962
82375,962
82427,962
82427,964
82428,962
82428,963
82428,962
82474,962
82475,964
82475,962
82528,962
82528,962
82528,962
82528,962
82528,962
82574,962
82574,962
82574,962
82574,962
82574,961
82627,963
82628,962
82674,964
82674,963
82674,963
82727,962
82727,962
82728,962
82728,962
82728,962
82728,962
82774,962
82775,962
82775,962
82775,962
82775,962
82828,961
82828,962
82828,963
82828,962
82874,960
82874,962
82874,962
82874,962
82928,961
82928,962
82928,962
82974,961
82974,962
82975,961
82975,962
83027,962
83028,962
83028,962
83028,962
83074,962
83075,962
83075,962
83075,961
83075,963
83128,963
83128,963
83128,962
83128,962
83128,962
83128,962
83174,962
83174,962
83174,962
83174,962
83174,964
83174,962
83228,965
83228,961
83228,962
83228,961
83274,962
83274,963
83274,963
83337,963
83337,962
83337,962
83338,961
83338,962
83338,962
83374,962
83375,962
83375,962
83375,962
83375,962
83427,963
83428,961
83428,962
83428,962
83474,962
83474,976
83474,975
83474,972
83474,970
83474,969
83527,962
83528,962
83574,962
83574,962
83575,962
83575,962
83575,975
83575,973
83627,962
83627,961
83628,962
83628,961
83628,962
83674,960
83675,962
83675,962
83728,961
83728,961
83728,962
83728,962
83774,961
83774,962
83774,962
83827,961
83828,962
83828,962
83828,962
83874,962
83875,962
83875,962
83927,962
83927,963
83928,962
83928,963
83928,963
83928,963
83974,962
83975,963
83975,963
84028,962
84028,962
84028,962
84028,962
84074,961
84074,962
84074,962
84074,961
84074,961
84127,962
84128,962
84128,962
84128,961
84174,962
84174,962
84174,962
84175,962
84175,962
84227,963
84227,962
84228,962
84228,962
84228,963
84274,962
84275,963
84275,962
84275,963
84328,962
84328,963
84328,962
84328,962
84328,961
84374,963
84374,962
84374,962
84374,962
84374,962
84427,962
84428,962
84428,962
84474,963
84474,963
84474,963
84475,963
84475,963
84527,962
84527,962
84528,962
84528,961
84528,962
84528,962
84574,963
84575,963
84575,962
84575,963
84628,963
84628,963
84628,963
84628,963
84628,963
84674,962
84674,962
84674,962
84674,962
84674,962
84727,962
84728,962
84728,962
84728,962
84774,962
84774,962
84774,962
84775,962
84775,963
84827,962
84827,963
84828,963
84828,963
84828,963
84874,962
84875,962
84875,962
84875,962
84928,962
84928,962
84928,962
84928,962
84974,962
84974,962
84974,962
84974,963
85027,963
85028,962
85028,962
85028,962
85028,962
85074,962
85074,961
85075,962
85075,961
85127,962
85127,962
85128,963
85128,962
85128,963
85174,962
85175,962
85175,962
85228,963
85228,963
85228,962
85228,963
85274,963
85274,963
85327,963
85328,963
85374,962
85374,963
85375,962
85375,963
85427,962
85427,962
85428,963
85428,962
85428,962
85474,962
85475,963
85475,962
85528,962
85528,962
85528,959
85574,962
85574,964
85627,962
85628,962
85674,962
85674,962
85674,962
85675,962
85675,962
85727,962
85727,963
85728,962
85728,962
85728,962
85774,962
85775,963
85828,962
85828,963
85828,962
85828,962
85874,963
85874,962
85874,962
85874,962
85928,962
85928,962
85928,962
85928,962
85974,962
85974,962
85974,962
85975,962
85975,962
86027,962
86028,962
86028,962
86028,962
86074,962
86075,962
86075,962
86075,962
86128,962
86128,962
86128,962
86128,962
86174,962
86174,961
86174,962
86174,963
86174,962
86227,962
86228,962
86228,961
86228,962
86274,962
86274,962
86275,962
86275,962
86327,962
86328,962
86328,963
86328,962
86374,962
86375,962
86375,962
86375,962
86428,963
86428,962
86428,963
86428,963
86474,962
86474,961
86474,962
86474,962
86527,962
86528,963
86528,963
86528,962
86528,962
86574,962
86574,962
86575,962
86575,962
86627,962
86628,963
86628,962
86628,962
86674,959
86675,962
86675,961
86675,961
86675,962
86728,962
86728,963
86728,962
86728,962
86728,962
86774,962
86827,962
86828,962
86828,962
86828,962
86828,962
86828,965
86874,965
86874,962
86874,963
86875,962
86875,961
86927,963
86928,963
86928,963
86928,963
86974,962
86975,962
86975,962
87028,961
87028,962
87028,963
87028,963
87028,963
87074,962
87074,962
87074,963
87074,962
87074,962
87127,962
87128,963
87128,963
87128,964
87128,962
87174,962
87174,963
87174,962
87175,962
87227,962
87228,960
87274,961
87275,962
87275,962
87275,962
87275,962
87328,962
87328,962
87328,962
87328,962
87374,962
87374,962
87374,962
87374,962
87374,963
87427,962
87428,962
87428,962
87428,962
87428,962
87474,962
87474,962
87474,962
87475,962
87475,962
87527,962
87528,961
87528,961
87528,962
87528,961
87574,962
87575,962
87575,962
87575,962
87575,962
87628,962
87628,961
87628,962
87628,962
87628,962
87674,962
87674,963
87674,962
87674,960
87727,962
87728,962
87728,962
87728,962
87728,963
87774,962
87774,961
87774,962
87775,962
87827,962
87828,962
87828,962
87828,962
87828,962
87874,965
87875,962
87875,962
87928,961
87928,962
87928,962
87928,962
87928,962
87974,962
87974,962
87974,962
88027,962
88028,975
88028,975
88028,970
88028,970
88028,968
88074,961
88074,962
88074,962
88075,962
88075,962
88127,963
88128,962
88128,975
88128,974
88128,971
88128,969
88174,961
88175,962
88175,961
88175,962
88228,962
88228,962
88228,962
88228,962
88228,962
88274,962
88274,963
88274,963
88274,963
88274,962
88327,961
88328,963
88328,963
88328,960
88328,963
88328,963
88374,961
88374,963
88374,963
88375,962
88375,962
88427,961
88428,961
88428,962
88428,962
88474,961
88475,962
88475,962
88475,962
88475,962
88528,962
88528,962
88528,962
88528,961
88574,962
88574,962
88627,962
88628,962
88628,963
88628,962
88628,961
88674,963
88674,962
88675,962
88675,962
88727,962
88728,961
88728,962
88728,961
88728,963
88774,960
88775,963
88775,962
88775,962
88828,963
88828,963
88828,962
88828,963
88828,962
88874,961
88874,963
88874,963
88874,963
88927,961
88928,962
88928,960
88928,963
88928,963
88974,962
88974,962
88974,962
88975,962
88975,962
89027,962
89028,963
89028,963
89028,963
89028,963
89074,962
89075,962
89075,963
89075,961
89075,961
89128,962
89128,962
89128,961
89128,962
89128,962
89174,962
89174,962
89174,961
89174,962
89174,961
89227,962
89228,962
89228,962
89228,962
89228,962
89274,962
89274,963
89274,962
89275,962
89275,960
89327,962
89328,962
89328,962
89328,962
89328,961
89328,961
89374,963
89375,962
89375,962
89375,961
89375,962
89428,965
89428,962
89428,962
89428,962
89428,961
89474,962
89474,962
89474,962
89474,962
89527,962
89528,962
89528,962
89574,962
89574,963
89575,961
89575,961
89575,962
89575,962
89628,963
89628,961
89628,962
89628,962
89674,962
89675,962
89675,960
89675,962
89675,962
89728,962
89728,962
89728,961
89728,961
89774,962
89774,963
89774,962
89828,962
89828,963
89828,963
89828,962
89828,963
89874,962
89874,963
89875,962
89875,962
89928,962
89928,962
89928,962
89928,962
89928,962
89974,962
89975,962
89975,962
89975,962
89975,962
90028,964
90028,962
90028,962
90028,962
90028,962
90074,962
90074,962
90074,961
90074,962
90074,962
90137,961
90137,962
90138,962
90138,961
90138,962
90174,961
90174,962
90174,962
90175,961
90175,961
90175,961
90227,962
90228,962
90228,962
90228,962
90228,962
90274,961
90274,962
90275,962
90275,962
90275,962
90328,962
90328,962
90328,961
90374,962
90374,962
90374,962
90374,962
90374,963
90427,964
90428,962
90428,962
90428,961
90428,961
90474,962
90474,962
90474,962
90475,962
90475,962
90527,962
90528,961
90528,963
90528,961
90528,961
90574,962
90575,963
90575,962
90575,962
90575,961
90575,962
90628,962
90628,962
90628,962
90628,962
90628,962
90674,962
90674,962
90674,962
90727,961
90728,962
90728,962
90774,961
90774,963
90774,962
90775,962
90775,961
90827,962
90828,961
90828,961
90828,962
90874,962
90875,961
90875,962
90875,961
90928,963
90928,962
90928,962
90974,963
90974,962
90974,962
90974,961
91027,961
91028,961
91028,962
91028,962
91028,962
91074,962
91074,962
91074,962
91127,962
91128,962
91128,962
91128,962
91174,964
91175,962
91175,962
91175,962
91175,962
91228,961
91228,962
91228,962
91228,962
91228,961
91274,962
91274,963
91274,962
91327,962
91328,962
91328,962
91328,962
91328,963
91374,962
91374,962
91374,962
91375,963
91375,963
91374,962
91427,962
91428,962
91428,962
91428,963
91428,962
91428,962
91474,962
91475,962
91475,962
91475,962
91475,962
91528,962
91528,962
91528,962
91528,962
91528,961
91574,962
91574,961
91574,962
91574,961
91574,962
91627,962
91628,962
91628,963
91628,962
91628,960
91674,962
91674,962
91674,962
91675,962
91675,961
91674,962
91727,961
91728,961
91728,962
91728,962
91728,962
91774,961
91775,962
91775,962
91775,961
91775,960
91775,962
91828,962
91828,962
91828,962
91828,961
91828,961
91874,962
91874,962
91874,962
91874,962
91927,961
91928,961
91928,961
91928,962
91928,962
91928,962
91928,962
91974,962
91974,962
91974,962
92027,962
92028,962
92074,961
92075,962
92075,963
92075,961
92133,962
92133,962
92133,962
92133,964
92133,962
92174,963
92174,962
92174,962
92174,961
92230,962
92230,962
92230,962
92230,962
92230,962
92274,962
92274,964
92274,975
92274,974
92274,971
92274,969
92328,962
92328,962
92328,962
92328,962
92374,962
92374,962
92374,962
92375,962
92375,974
92375,973
92375,971
92427,962
92428,962
92428,962
92428,962
92428,961
92474,962
92475,962
92475,962
92475,962
92528,962
92528,962
92528,962
92528,963
92528,962
92574,962
92574,963
92574,962
92574,961
92574,962
92627,961
92628,961
92628,962
92628,962
92674,962
92674,962
92675,961
92675,962
92727,959
92728,962
92728,963
92728,962
92774,962
92775,962
92775,962
92775,962
92775,962
92828,962
92828,962
92828,962
92828,962
92874,962
92874,962
92874,962
92874,962
92874,962
92927,961
92928,962
92928,962
92928,962
92928,962
92974,962
92974,962
92974,962
92975,961
92975,962
93027,962
93028,961
93028,963
93028,962
93028,962
93074,962
93075,962
93075,962
93075,962
93075,962
93075,962
93128,962
93128,962
93128,962
93128,962
93128,962
93174,962
93174,962
93174,962
93174,963
93174,962
93227,963
93228,962
93228,962
93228,961
93228,962
93274,963
93274,962
93274,962
93275,962
93327,962
93328,961
93328,961
93328,962
93374,963
93375,962
93375,962
93375,962
93375,962
93428,962
93428,962
93428,962
93428,963
93474,962
93474,962
93474,963
93474,963
93527,960
93528,963
93528,962
93528,962
93574,962
93574,962
93574,962
93575,962
93575,960
93627,962
93628,962
93628,961
93628,962
93628,962
93674,962
93675,962
93675,962
93675,962
93675,962
93728,961
93728,962
93728,962
93728,962
93774,963
93774,963
93774,963
93774,963
93827,962
93828,962
93828,962
93828,963
93828,962
93874,962
93874,963
93874,962
93875,962
93875,962
93927,962
93928,962
93928,963
93974,962
93975,962
93975,962
93975,962
94028,962
94028,962
94028,962
94028,962
94028,962
94074,962
94074,962
94074,962
94074,960
94074,960
94127,963
94128,963
94128,962
94174,962
94174,962
94174,963
94175,962
94175,962
94175,962
94227,962
94228,962
94228,962
94228,962
94274,962
94275,962
94328,962
94328,960
94328,963
94328,962
94374,962
94374,962
94374,961
94374,962
94374,962
94427,963
94428,962
94428,962
94428,962
94428,963
94474,963
94474,963
94474,962
94527,963
94528,963
94528,962
94528,963
94574,962
94575,962
94575,963
94575,962
94575,963
94628,962
94628,962
94628,962
94628,964
94674,962
94674,962
94674,962
94674,963
94674,962
94728,962
94728,962
94728,962
94774,960
94774,962
94775,962
94775,962
94827,963
94828,963
94828,964
94828,962
94828,962
94874,962
94875,962
94875,962
94875,962
94875,961
94928,962
94928,962
94928,962
94928,962
94928,962
94974,962
94974,962
94974,962
94974,962
94974,962
94974,962
95028,962
95028,962
95028,962
95028,963
95028,962
95074,962
95074,962
95074,962
95075,962
95075,962
95127,963
95128,962
95128,962
95128,962
95128,962
95174,962
95175,962
95175,962
95175,962
95175,962
95228,962
95228,962
95228,962
95228,962
95274,962
95274,963
95274,962
95274,962
95328,962
95328,962
95328,963
95328,962
95374,963
95374,962
95374,962
95375,962
95427,961
95428,962
95428,962
95428,962
95474,962
95475,962
95475,962
95475,961
95475,962
95528,962
95528,962
95528,963
95528,962
95528,962
95574,962
95574,962
95574,962
95574,962
95574,962
95574,964
95628,962
95628,963
95628,962
95674,962
95674,962
95674,963
95727,963
95728,962
95728,963
95728,963
95728,962
95774,962
95775,962
95775,961
95828,963
95828,962
95828,963
95828,963
95874,962
95874,962
95874,961
95874,961
95874,962
95928,962
95928,961
95928,962
95928,962
95974,962
95974,962
95975,962
95975,962
96027,961
96028,962
96028,961
96028,962
96028,962
96074,962
96075,962
96075,963
96075,962
96075,962
96128,963
96128,962
96128,962
96174,962
96174,962
96174,962
96174,962
96174,962
96228,963
96228,962
96228,962
96274,962
96274,962
96274,962
96275,962
96275,962
96275,962
96328,962
96328,962
96328,961
96375,962
96375,961
96375,962
96375,962
96428,962
96428,962
96428,962
96428,962
96428,963
96474,962
96474,961
96474,961
96474,961
96528,962
96528,962
96528,962
96528,963
96574,962
96574,962
96575,962
96628,962
96628,962
96628,962
96628,962
96628,962
96675,962
96675,961
96675,963
96675,963
96728,963
96728,962
96728,962
96728,963
96728,963
96774,962
96774,962
96774,962
96774,962
96774,962
96837,962
96838,975
96838,974
96838,972
96838,970
96838,968
96874,963
96874,962
96874,962
96875,962
96875,962
96927,962
96928,961
96928,961
96928,962
96974,962
96975,961
96975,962
97028,962
97028,961
97028,961
97028,962
97074,963
97074,962
97074,963
97074,962
97074,962
97127,962
97128,962
97128,962
97128,962
97128,962
97128,962
97174,962
97174,962
97174,962
97175,963
97175,962
97227,961
97228,962
97228,962
97228,962
97228,962
97274,963
97275,961
97275,962
97275,961
97275,961
97328,961
97328,962
97328,962
97328,962
97374,962
97374,962
97427,962
97428,962
97428,962
97474,962
97474,962
97474,963
97475,962
97527,961
97528,962
97528,962
97574,963
97575,962
97575,962
97575,961
97575,962
97628,962
97628,961
97674,963
97674,962
97674,962
97674,962
97674,962
97727,962
97728,962
97728,962
97728,962
97774,962
97774,962
97774,962
97775,962
97827,962
97828,962
97828,962
97828,962
97828,962
97874,962
97875,963
97875,962
97875,962
97928,962
97928,962
97928,962
97928,962
97974,962
97974,962
97974,962
97974,962
97974,962
97974,963
98028,962
98028,962
98028,962
98028,962
98074,961
98074,962
98075,961
98075,960
98075,962
98128,962
98128,962
98128,962
98128,962
98174,962
98175,962
98175,962
98175,963
98175,962
98228,962
98228,961
98228,962
98274,962
98274,962
98274,962
98274,961
98274,961
98328,962
98328,962
98328,962
98374,963
98374,963
98375,963
98375,963
98375,963
98428,962
98428,962
98428,962
98428,960
98428,961
98474,962
98475,962
98475,963
98475,962
98475,961
98528,962
98528,963
98528,962
98574,962
98574,962
98574,962
98574,962
98574,962
98628,962
98628,962
98628,962
98628,961
98674,962
98674,961
98675,961
98675,961
98675,961
98728,962
98728,961
98728,962
98728,962
98774,962
98775,962
98775,961
98775,961
98775,961
98828,962
98828,962
98828,962
98828,962
98828,962
98874,962
98874,962
98874,962
98874,961
98874,961
98928,962
98928,962
98928,962
98974,962
98974,961
98975,962
98975,961
98975,962
99028,962
99028,962
99028,962
99028,961
99074,962
99075,962
99075,962
99075,961
99075,962
99128,962
99128,961
99128,962
99128,962
99128,961
99174,962
99174,962
99174,962
99174,962
99228,962
99228,962
99228,962
99228,962
99274,964
99274,963
99275,963
99275,963
99275,961
99275,962
99328,962
99328,960
99374,962
99375,962
99375,962
99375,961
99375,962
99428,962
99428,961
99428,961
99428,962
99428,962
99474,961
99474,961
99474,962
99474,961
99528,962
99528,965
99528,962
99528,962
99528,963
99622,961
99627,961
99627,962
99627,962
99678,962
99678,962
99678,962
99678,962
99724,961
99725,961
99725,962
99725,962
99725,962
99777,961
99778,961
99778,962
99778,962
99824,962
99824,961
99824,962
99824,961
99877,962
99877,962
99878,962
99878,961
99924,962
99924,962
99924,962
99925,962
99925,961
99977,962
99977,961
99977,962
99978,962
99978,962
99978,961
100024,961
100024,961
100025,962
100025,962
100025,961
100077,962
100078,975
100078,974
100078,973
100078,970
100078,969
100124,961
100124,962
100124,961
100124,962
100177,961
100177,962
100178,962
100178,975
100224,962
100224,962
100224,961
100225,961
100225,962
100277,962
100277,962
100277,963
100278,962
100278,962
100324,962
100324,962
100325,961
100325,962
100377,962
100378,962
100378,962
100378,959
100378,962
100424,962
100424,962
100424,961
100424,962
100424,962
100477,962
100477,962
100478,962
100478,961
100524,962
100524,962
100524,962
100525,961
100525,961
100577,962
100577,962
100578,962
100578,962
100578,961
100578,959
100624,962
100625,962
100678,962
100678,963
100678,962
100678,961
100724,962
100724,962
100724,963
100724,962
100777,962
100777,962
100778,962
100778,962
100778,961
100896,962
100900,962
100901,962
100901,975
100901,974
100901,972
100901,969
100901,978
100902,977
100902,975
100902,972
100902,970
100926,962
100926,962
100927,962
100927,961
100927,961
100974,962
100974,963
100974,962
100974,962
101027,963
101027,963
101027,963
101027,963
101027,963
101073,962
101073,962
101073,962
101073,962
101126,961
101127,961
101127,962
101127,962
101127,962
101173,961
101173,961
101174,962
101174,961
101174,962
101226,962
101227,962
101227,965
101227,965
101274,962
101274,961
101274,962
101274,962
101327,962
101327,961
101327,962
101327,962
101373,962
101373,962
101373,961
101373,962
101426,962
101427,962
101427,962
101427,961
101473,962
101473,961
101474,962
101474,962
101474,962
101526,962
101527,962
101527,962
101527,962
101527,962
101574,960
101574,962
101574,962
101574,962
101627,961
101627,962
101627,961
101627,961
101627,962
101673,962
101673,962
101673,962
101673,962
101726,962
101727,962
101727,962
101727,961
101773,962
101773,962
101826,962
101827,961
101827,961
101827,962
101827,962
101874,962
101874,962
101874,962
101874,961
101927,961
101927,962
101927,962
101927,962
101927,961
101927,961
101973,961
101973,962
101973,962
102027,962
102027,964
102027,961
102027,962
102027,962
102144,962
102148,962
102149,974
102149,973
102149,972
102149,970
102149,970
102149,978
102149,976
102150,973
102150,971
102177,962
102177,962
102177,963
102178,962
102178,962
102224,962
102225,962
102225,962
102278,962
102278,963
102278,963
102324,962
102324,962
102324,961
102324,961
102324,962
102377,962
102377,961
102378,962
102378,962
102378,962
102424,962
102424,962
102424,961
102425,961
102425,962
102477,961
102477,962
102478,962
102478,962
102478,962
102524,962
102525,962
102525,963
102525,962
102578,961
102578,961
102578,961
102624,962
102624,962
102624,961
102624,961
102677,962
102677,962
102678,962
102678,962
102678,962
102724,961
102724,962
102725,961
102725,962
102777,962
102777,963
102778,960
102778,962
102824,962
102825,961
102878,962
102878,962
102878,962
102878,962
102878,962
102924,963
102924,962
102924,963
102977,962
102977,962
102978,962
103024,962
103024,964
103024,963
103025,962
103025,962
103077,962
103077,962
103078,963
103078,962
103078,962
103124,964
103125,961
103125,962
103125,962
103125,962
103178,963
103178,961
103178,962
103178,962
103224,962
103224,962
103224,962
103224,962
103278,962
103278,962
103278,962
103278,961
103278,961
103396,962
103401,959
103401,962
103401,975
103401,973
103401,971
103402,969
103402,977
103402,977
103402,974
103402,972
103402,970
103427,962
103427,963
103428,963
103428,962
103428,962
103474,962
103475,961
103475,962
103475,963
103528,962
103528,961
103528,961
103528,962
103528,961
103574,962
103574,962
103574,962
103574,962
103574,962
103627,962
103628,961
103628,962
103628,962
103628,962
103684,961
103684,962
103685,964
103727,962
103727,962
103727,963
103728,962
103774,961
103774,961
103775,961
103775,961
103775,961
103827,963
103828,963
103828,963
103828,963
103828,964
103874,962
103874,962
103874,962
103874,962
103927,962
103928,962
103974,962
103974,962
103975,961
103975,961
103975,959
104027,962
104027,961
104028,962
104028,962
104074,961
104075,962
104075,961
104075,961
104128,959
104128,961
104128,962
104128,962
104174,962
104174,961
104174,962
104174,961
104174,961
104227,962
104227,962
104228,962
104228,962
104228,962
104274,962
104274,962
104275,962
104275,962
104327,963
104327,962
104328,962
104328,962
104328,962
104374,960
104375,961
104375,961
104428,961
104428,961
104428,962
104428,961
104428,961
104474,962
104474,963
104474,963
104474,963
104474,963
104474,963
104474,963
104527,962
104527,961
104528,962
104528,962
104528,961
104528,962
104528,962
104646,962
104650,962
104651,963
104651,975
104651,973
104651,971
104651,969
104651,978
104652,977
104652,977
104652,971
104677,961
104677,962
104677,962
104678,962
104678,962
104724,961
104725,962
104725,961
104725,962
104778,961
104778,962
104778,962
104778,962
104778,962
104824,961
104824,961
104824,961
104824,962
104877,961
104877,962
104878,961
104878,961
104924,962
104924,961
104924,962
104925,961
104977,962
104977,961
104978,962
104978,962
104978,961
105024,962
105025,961
105025,962
105025,962
105078,961
105078,962
105078,961
105078,961
105078,962
105124,962
105124,961
105124,961
105124,961
105184,962
105184,962
105184,963
105184,962
105224,962
105224,962
105224,964
105225,962
105225,962
105279,962
105279,962
105279,962
105279,962
105279,962
105324,961
105324,961
105324,961
105324,961
105324,961
105377,962
105378,961
105378,961
105378,961
105424,961
105424,961
105424,962
105477,961
105478,962
105478,961
105478,961
105524,962
105524,962
105524,962
105525,962
105577,962
105577,961
105578,962
105578,962
105624,962
105625,961
105625,961
105625,962
105678,961
105678,961
105678,961
105678,962
105678,961
105724,961
105724,962
105724,963
105724,962
105777,961
105777,961
105778,962
105778,961
105778,961
105895,962
105900,962
105900,961
105900,975
105900,973
105901,971
105901,969
105901,978
105901,977
105901,974
105901,971
105901,970
105927,961
105927,962
105927,962
105928,962
105928,962
105928,961
105974,962
105975,962
106028,962
106028,962
106028,962
106028,961
106028,961
106074,962
106074,961
106074,962
106127,961
106128,961
106128,961
106128,961
106174,962
106174,961
106174,961
106175,961
106175,962
106227,962
106227,962
106228,961
106228,961
106228,962
106274,962
106275,962
106275,962
106328,962
106328,961
106328,961
106328,962
106374,962
106374,961
106427,961
106428,962
106428,961
106428,962
106474,962
106474,962
106474,962
106475,962
106475,962
106527,961
106527,962
106528,962
106528,962
106528,962
106574,962
106575,962
106575,962
106575,962
106628,963
106628,961
106628,961
106628,961
106674,962
106674,962
106674,961
106674,961
106727,961
106728,962
106728,962
106728,961
106774,962
106775,962
106775,962
106827,962
106827,962
106828,962
106828,962
106828,962
106828,962
106874,962
106875,962
106875,962
106875,962
106875,963
106928,961
106928,961
106928,961
106928,961
106928,961
106974,962
106974,962
106974,962
107027,962
107028,961
107146,961
107151,962
107151,962
107151,975
107151,973
107151,970
107152,969
107152,979
107152,977
107152,974
107152,974
107152,970
107177,962
107178,961
107178,962
107224,961
107225,962
107225,962
107278,961
107278,962
107278,961
107278,961
107278,961
107324,961
107324,961
107324,961
107324,961
107377,962
107378,962
107378,962
107378,962
107424,961
107424,961
107424,961
107425,962
107425,962
107425,962
107477,962
107477,962
107478,962
107478,962
107478,962
107524,962
107525,962
107525,962
107525,961
107578,961
107578,962
107624,962
107624,961
107624,961
107624,961
107624,961
107677,961
107678,961
107678,964
107724,961
107724,961
107724,962
107725,962
107725,960
107777,961
107777,961
107778,962
107778,962
107778,962
107824,961
107825,961
107825,961
107825,961
107878,961
107878,961
107878,961
107878,962
107878,961
107924,961
107924,961
107924,962
107924,960
107977,961
107978,962
107978,962
107978,962
108024,962
108024,962
108024,962
108025,962
108025,962
108077,962
108077,962
108078,962
108078,962
108124,961
108125,961
108125,961
108125,961
108178,961
108178,962
108178,961
108178,962
108178,962
108224,961
108224,962
108224,962
108224,961
108224,961
108277,961
108278,961
108278,961
108278,961
108397,962
108401,962
108402,974
108402,974
108402,973
108402,971
108402,969
108402,978
108402,977
108403,969
108427,961
108427,962
108428,962
108428,962
108474,961
108475,962
108475,962
108475,962
108528,962
108528,961
108528,962
108528,961
108574,961
108574,962
108574,962
108574,962
108574,961
108627,962
108628,961
108628,962
108628,961
108628,962
108674,961
108674,960
108675,961
108727,961
108728,962
108728,962
108728,962
108728,962
108774,961
108775,962
108775,962
108775,961
108828,962
108828,962
108828,962
108828,962
108828,962
108874,961
108874,961
108874,962
108874,961
108874,961
108927,962
108928,961
108928,962
108974,962
108974,962
108975,962
108975,961
109027,963
109028,962
109074,961
109075,961
109075,962
109128,961
109128,962
109128,961
109128,961
109128,961
109174,962
109174,961
109174,962
109174,961
109174,961
109227,963
109228,961
109228,962
109228,962
109274,961
109274,961
109274,962
109275,961
109275,961
109327,961
109328,962
109328,959
109328,962
109374,964
109375,962
109428,962
109428,962
109428,961
109428,961
109474,962
109474,961
109474,961
109474,961
109474,962
109474,961
109527,961
109528,962
109528,962
109528,961
109528,962
109646,961
109651,962
109651,974
109651,973
109651,971
109651,969
109652,977
109652,977
109652,975
109652,972
109652,972
109677,961
109677,961
109678,961
109678,961
109678,961
109724,961
109725,961
109725,962
109725,962
109725,961
109778,961
109778,962
109778,961
109778,961
109778,961
109824,961
109824,961
109824,961
109824,961
109824,961
109877,961
109878,961
109878,962
109878,962
109878,962
109924,962
109924,961
109924,962
109925,961
109977,961
109978,962
109978,962
109978,961
109978,961
109978,961
110024,962
110025,962
110025,962
110025,962
110025,962
110078,961
110078,961
110078,962
110078,962
110124,961
110124,962
110178,961
110178,962
110178,962
110178,961
110178,961
110178,961
110224,962
110224,962
110225,961
110225,961
110278,961
110278,962
110278,961
110278,961
110324,964
110325,961
110325,961
110325,961
110325,961
110378,961
110378,962
110378,962
110378,961
110424,962
110424,961
110424,961
110487,962
110487,962
110488,962
110488,962
110488,962
110524,962
110524,961
110524,962
110524,961
110525,961
110525,961
110577,961
110577,961
110578,961
110578,961
110624,961
110624,962
110625,962
110625,962
110678,962
110678,961
110724,961
110724,962
110724,961
110724,961
110777,961
110777,962
110778,961
110778,961
110778,961
110778,961
110880,961
110884,962
110885,961
110885,975
110885,973
110885,971
110885,969
110885,978
110886,977
110886,975
110886,973
110886,969
110927,961
110927,962
110927,962
110927,962
110974,961
110974,961
110974,961
110974,961
110974,961
111027,962
111027,961
111027,961
111027,961
111073,962
111073,962
111073,962
111073,962
111073,962
111127,961
111127,962
111127,962
111173,961
111173,961
111174,961
111174,961
111174,962
111174,962
111226,962
111227,961
111227,962
111227,962
111227,962
111274,961
111274,961
111274,960
111274,962
111274,961
111327,962
111327,961
111327,961
111327,962
111373,961
111373,962
111373,961
111373,961
111373,961
111427,961
111427,961
111427,962
111427,962
111473,962
111473,962
111474,962
111526,961
111527,961
111527,962
111527,961
111527,962
111574,961
111574,961
111574,961
111574,962
111574,962
111627,961
111627,962
111627,961
111627,961
111627,961
111673,962
111673,962
111673,961
111673,961
111673,961
111673,962
111727,960
111727,961
111727,961
111773,961
111773,962
111774,961
111774,962
111774,963
111826,961
111827,962
111827,961
111827,961
111874,961
111874,962
111874,960
111874,962
111874,961
111927,962
111927,962
111927,962
111927,962
111927,962
111973,962
111973,962
111973,962
111973,962
111973,962
112027,962
112027,962
112027,962
112027,962
112073,962
112073,962
112074,962
112074,962
112126,961
112127,962
112127,961
112127,963
112174,962
112174,962
112174,961
112174,962
112227,962
112227,961
112227,961
112227,961
112273,961
112273,962
112273,961
112273,961
112327,962
112327,961
112327,962
112327,961
112327,961
112373,962
112373,962
112374,962
112374,962
112374,962
112374,962
112426,962
112427,962
112427,962
112427,962
112427,962
112474,962
112474,962
112474,962
112474,960
112474,962
112527,961
112527,961
112527,961
112573,962
112573,962
112573,961
112573,961
112627,963
112627,963
112627,963
112627,963
112673,962
112673,962
112674,962
112674,961
112674,962
112726,962
112727,962
112727,962
112727,962
112727,962
112774,962
112774,962
112827,961
112827,961
112827,960
112827,961
112827,962
112873,962
112873,962
112873,962
112873,962
112873,962
112927,962
112927,962
112927,961
112973,962
112973,961
112974,962
112974,962
113026,963
113027,963
113027,963
113027,963
113027,963
113074,962
113074,962
113074,963
113074,962
113127,963
113127,963
113127,963
113127,963
113127,963
113173,962
113173,964
113173,963
113227,962
113227,962
113273,962
113273,962
113274,963
113274,963
113274,962
113274,962
113327,962
113327,962
113327,962
113327,962
113327,961
113374,962
113374,962
113374,962
113374,962
113427,962
113427,962
113427,962
113427,961
113427,961
113473,962
113473,961
113473,962
113473,962
113527,961
113527,962
113527,963
113527,960
113527,962
113573,961
113573,962
113574,962
113574,962
113574,962
113627,961
113627,962
113627,961
113627,961
113674,962
113674,961
113727,961
113727,963
113727,962
113727,962
113727,961
113773,962
113773,962
113773,962
113827,961
113827,962
113827,962
113827,961
113873,962
113873,962
113874,962
113874,962
113927,962
113927,962
113927,962
113927,961
113927,961
113974,962
113974,962
113974,962
113974,962
113974,962
114027,962
114027,963
114027,963
114027,962
114073,962
114073,962
114073,962
114127,963
114127,963
114127,962
114173,962
114174,963
114174,963
114227,962
114227,961
114227,962
114227,961
114227,961
114274,962
114274,962
114274,962
114274,961
114327,961
114327,961
114327,974
114327,971
114327,969
114373,961
114373,961
114373,961
114373,961
114373,961
114427,962
114427,961
114427,961
114473,961
114473,961
114474,961
114474,961
114474,961
114474,962
114527,960
114527,961
114527,961
114527,961
114574,962
114574,962
114574,962
114574,962
114627,962
114627,961
114627,962
114627,962
114673,962
114673,962
114673,962
114673,962
114727,962
114727,962
114727,962
114727,960
114727,962
114773,962
114773,962
114774,961
114774,961
114827,961
114827,962
114827,961
114827,962
114874,962
114874,962
114874,962
114874,962
114874,962
114927,962
114927,962
114927,962
114927,962
114927,962
114973,962
114973,962
114973,962
114973,961
114973,962
115027,961
115027,962
115027,962
115027,962
115027,962
115073,962
115073,962
115127,962
115127,962
115127,962
115174,962
115174,962
115174,962
115174,961
115227,962
115227,961
115227,962
115227,961
115273,961
115273,962
115273,962
115273,962
115327,962
115327,962
115327,962
115327,962
115327,961
115373,962
115373,962
115374,962
115374,962
115374,962
115427,962
115427,962
115474,961
115474,962
115474,962
115474,962
115527,962
115527,961
115527,962
115527,962
115573,962
115573,961
115573,962
115573,962
115573,961
115627,961
115627,961
115627,962
115627,962
115673,962
115673,962
115674,962
115674,961
115727,962
115727,962
115727,962
115727,962
115727,962
115774,962
115774,962
115774,962
115774,962
115827,961
115827,961
115827,962
115827,961
115873,962
115873,962
115927,962
115927,961
115927,961
115973,962
115974,961
115974,962
116027,964
116027,962
116027,962
116027,962
116027,961
116074,962
116074,962
116074,962
116074,962
116074,962
116127,962
116127,962
116127,962
116127,962
116173,962
116173,962
116173,962
116173,962
116173,961
116173,962
116227,963
116227,962
116227,962
116273,962
116273,960
116274,962
116274,962
116274,961
116327,962
116327,962
116327,962
116327,961
116327,962
116374,962
116374,960
116374,961
116374,962
116427,963
116427,962
116427,962
116427,962
116427,962
116473,962
116473,962
116473,962
116473,962
116527,961
116527,962
116527,962
116573,962
116573,962
116574,961
116627,962
116627,962
116627,962
116627,962
116627,962
116674,961
116674,962
116674,962
116674,962
116727,962
116727,962
116727,962
116727,962
116727,962
116773,961
116773,961
116773,962
116827,962
116827,962
116827,962
116827,962
116827,961
116873,963
116874,962
116927,962
116927,961
116927,962
116927,962
116974,962
116974,962
116974,961
116974,961
116974,961
117027,962
117027,961
117027,962
117027,962
117073,962
117073,961
117073,962
117073,962
117127,962
117127,962
117127,962
117127,962
117127,962
117127,962
117173,962
117174,962
117174,962
117174,962
117227,962
117227,962
117227,961
117283,961
117284,961
117284,961
117284,964
117327,962
117327,962
117327,963
117327,962
117327,961
117373,962
117373,962
117373,962
117373,962
117373,961
117426,962
117427,962
117427,962
117427,962
117427,962
117473,962
117473,962
117474,961
117474,962
117474,962
117526,962
117527,961
117527,961
117527,961
117574,962
117574,962
117574,962
117627,961
117627,962
117627,961
117673,962
117673,961
117673,962
117673,962
117673,962
117727,962
117727,962
117727,962
117727,961
117773,962
117773,962
117774,962
117774,962
117774,961
117827,962
117827,962
117827,962
117827,962
117874,962
117874,962
117874,964
117874,962
117927,961
117927,962
117927,963
117927,962
117927,962
117973,963
117973,962
118027,961
118027,962
118027,962
118027,962
118027,962
118073,961
118073,961
118074,961
118074,962
118074,961
118127,961
118127,961
118127,962
118174,962
118174,961
118174,962
118174,962
118232,962
118232,962
118232,962
118232,961
118233,961
118273,962
118273,962
118273,961
118273,961
118273,961
118329,962
118329,962
118329,962
118329,962
118329,961
118373,962
118373,962
118373,962
118373,961
118373,961
118373,962
118427,962
118427,963
118427,962
118427,961
118427,962
118473,962
118473,962
118474,962
118474,962
118474,962
118527,962
118527,963
118527,962
118527,962
118527,962
118574,961
118574,975
118574,973
118574,971
118574,971
118574,970
118574,968
118627,961
118627,962
118627,962
118627,962
118627,962
118673,962
118673,962
118673,961
118673,961
118673,963
118673,963
118727,962
118727,962
118727,962
118727,962
118773,963
118773,962
118774,961
118827,961
118827,961
118827,962
118827,962
118874,962
118874,962
118874,961
118874,962
118927,961
118927,962
118927,962
118927,962
118927,962
118973,961
118973,962
118973,962
119027,961
119027,961
119027,961
119027,962
119027,962
119027,962
119073,963
119073,961
119074,962
119074,962
119074,962
119127,961
119127,963
119127,961
119174,962
119174,962
119174,963
119174,962
119227,962
119227,962
119227,962
119227,962
119227,961
119227,961
119273,962
119273,962
119273,961
119273,962
119327,961
119327,962
119327,963
119327,962
119373,961
119373,962
119374,962
119374,962
119374,963
119374,962
119427,962
119427,962
119427,962
119427,962
119427,962
119427,962
119474,962
119474,962
119474,962
119474,962
119527,962
119527,963
119527,962
119527,962
119527,962
119573,962
119573,965
119573,962
119573,962
119573,962
119627,962
119627,962
119627,962
119627,962
119673,962
119673,961
119674,962
119674,962
119727,963
119727,962
119727,962
119774,962
119774,962
119774,962
119774,962
119827,962
119827,962
119827,962
119827,962
119873,961
119873,962
119873,962
119873,962
119873,961
119927,962
119927,960
119927,962
119927,962
119927,962
119973,962
119973,961
119974,962
119974,962
119974,959
119974,962
120027,962
120027,962
120027,961
120027,961
120074,961
120074,961
120074,961
120074,961
120127,961
120127,961
120127,962
120127,962
120173,963
120173,961
120173,962
120173,961
120173,961
120227,962
120227,962
120227,962
120227,962
120273,962
120273,962
120274,962
120327,962
120327,962
120327,962
120327,962
120327,962
120374,962
120374,962
120374,962
120374,962
120374,962
120427,962
120427,962
120427,961
120427,962
120473,962
120473,962
120473,962
120473,962
120473,962
120527,962
120527,964
120527,962
120527,962
120527,962
120527,964
120573,962
120573,963
120574,962
120574,962
120574,963
120627,962
120627,963
120627,962
120627,964
120627,964
120674,962
120674,962
120727,962
120727,962
120727,962
120773,962
120773,962
120773,962
120773,962
120773,962
120773,961
120773,961
120827,962
120827,962
120827,962
120827,962
120827,962
120873,962
120873,962
120874,962
120874,962
120874,962
120874,962
120927,962
120927,962
120927,962
120927,960
120974,961
120974,962
120974,962
120974,961
121027,961
121027,961
121027,961
121027,962
121073,962
121073,961
121073,961
121073,962
121127,962
121127,961
121127,962
121127,961
121127,962
121173,962
121173,962
121174,962
121174,962
121174,962
121174,961
121227,962
121227,962
121227,963
121227,962
121227,962
121274,961
121274,961
121274,962
121274,962
121274,962
121327,962
121327,962
121327,962
121327,962
121373,962
121373,962
121373,961
121373,962
121373,962
121427,963
121427,961
121427,963
121427,962
121473,962
121473,962
121474,963
121474,962
121474,962
121527,962
121527,962
121527,962
121527,962
121527,961
121527,961
121574,962
121574,962
121574,961
121574,962
121574,961
121627,962
121627,962
121627,961
121627,961
121673,962
121673,962
121673,962
121673,962
121727,962
121727,962
121727,961
121773,961
121773,962
121774,962
121774,962
121774,962
121827,962
121827,962
121827,962
121827,962
121827,962
121874,961
121874,961
121874,962
121874,962
121874,961
121927,961
121927,962
121927,962
121927,962
121927,962
121973,961
121973,962
121973,961
121973,962
121973,962
122027,962
122027,962
122027,962
122073,961
122073,962
122074,962
122074,963
122074,961
122127,962
122127,962
122127,962
122127,962
122127,962
122174,962
122174,962
122174,962
122227,962
122227,961
122227,962
122227,962
122227,962
122273,962
122273,962
122273,961
122273,962
122273,962
122327,962
122327,960
122327,962
122373,962
122373,962
122374,962
122427,962
122427,962
122427,962
122427,962
122474,962
122474,962
122474,961
122474,961
122527,962
122527,962
122527,962
122573,962
122573,962
122573,962
122573,962
122573,962
122627,962
122627,962
122627,962
122627,962
122627,962
122627,962
122673,962
122673,962
122674,962
122674,962
122674,962
122727,962
122727,962
122727,962
122727,962
122727,962
122774,962
122774,962
122774,962
122774,962
122774,961
122774,962
122827,961
122827,962
122827,961
122827,962
122827,962
122873,961
122873,961
122873,962
122873,962
122873,964
122927,962
122927,962
122927,963
122927,962
122973,962
122973,962
122974,963
122974,962
122974,962
123045,962
123046,962
123046,962
123046,961
123046,962
123074,962
123074,963
123074,961
123074,961
123074,961
123127,962
123127,962
123127,975
123127,974
123127,974
123127,969
123173,962
123173,962
123173,962
123173,962
123173,961
123226,962
123227,962
123227,961
123273,961
123273,962
123274,962
123274,962
123274,962
123326,961
123327,961
123373,961
123374,961
123374,962
123374,961
123374,961
123427,961
123427,961
123427,962
123427,961
123473,963
123473,962
123526,961
123527,961
123527,962
123527,962
123527,962
123573,962
123574,962
123574,962
123574,961
123627,961
123627,962
123627,962
123627,962
123674,961
123674,961
123674,961
123674,962
123727,961
123727,961
123727,962
123727,961
123727,961
123773,962
123773,962
123773,962
123773,963
123773,961
123827,962
123827,962
123827,962
123827,962
123873,962
123874,962
123874,962
123874,962
123874,962
123926,961
123927,961
123927,962
123927,962
123974,961
123974,962
123974,961
123974,962
124036,962
124037,962
124037,974
124037,973
124037,969
124073,961
124073,961
124126,962
124126,962
124127,962
124127,963
124173,962
124173,961
124173,962
124174,962
124174,962
124226,961
124226,960
124227,961
124273,962
124274,962
124274,961
124274,962
124274,962
124327,962
124327,962
124327,962
124327,963
124373,961
124373,963
124373,961
124373,961
124426,961
124427,962
124427,961
124427,962
124427,962
124473,961
124473,961
124474,962
124474,961
124474,963
124526,962
124527,961
124527,961
124573,962
124574,962
124574,961
124574,961
124574,962
124627,961
124627,962
124627,962
124627,962
124673,963
124673,960
124673,962
124726,961
124727,960
124727,961
124727,961
124727,961
124773,961
124773,961
124774,961
124774,961
124774,961
124827,962
124827,961
124827,961
124827,961
124827,961
124873,962
124874,961
124874,962
124874,962
124874,962
124874,962
124874,962
124927,963
124927,962
124927,962
124973,962
124973,962
124973,962
124973,961
125026,961
125027,962
125027,961
125027,961
125073,962
125073,962
125074,961
125074,962
125074,962
125126,962
125127,962
125127,962
125127,961
125173,962
125174,962
125174,962
125174,962
125174,964
125227,962
125227,962
125227,962
125227,962
125273,961
125273,961
125273,961
125273,961
125326,962
125327,962
125327,962
125327,961
125327,961
125373,962
125373,962
125374,962
125426,962
125427,962
125427,962
125427,962
125427,961
125427,961
125473,962
125474,962
125474,962
125474,962
125474,962
125527,962
125527,962
125527,961
125527,961
125573,962
125573,961
125573,962
125573,961
125626,961
125627,961
125627,961
125627,962
125627,962
125673,962
125674,962
125674,962
125674,962
125726,961
125727,962
125727,962
125727,962
125727,962
125727,962
125773,962
125774,962
125774,962
125774,962
125827,961
125827,962
125827,961
125827,962
125873,962
125873,962
125873,962
125873,961
125926,961
125927,962
125927,962
125973,962
125973,961
125974,961
125974,961
126026,962
126027,961
126027,961
126027,962
126027,961
126073,961
126074,961
126074,961
126074,961
126127,962
126127,962
126127,962
126173,962
126173,962
126173,962
126226,962
126227,961
126227,961
126227,962
126227,961
126227,961
126273,961
126273,961
126274,961
126274,962
126326,962
126327,963
126327,961
126327,962
126327,962
126373,961
126374,962
126374,962
126374,962
126374,962
126427,962
126427,962
126427,962
126427,962
126427,962
126473,962
126473,962
126473,962
126526,963
126527,962
126527,962
126527,961
126527,961
126573,961
126573,961
126574,962
126574,962
126574,962
126626,962
126627,961
126627,961
126627,962
126627,962
126673,961
126674,961
126674,961
126727,961
126727,962
126727,962
126727,961
126727,962
126773,961
126773,961
126773,963
126773,962
126826,962
126827,963
126827,961
126873,961
126873,962
126874,961
126874,961
126874,960
126926,961
126927,961
126927,961
126927,961
126927,961
126973,962
126974,962
126974,961
126974,961
126974,961
127027,961
127027,962
127027,962
127027,962
127073,962
127073,962
127073,962
127073,962
127126,962
127127,962
127127,962
127127,962
127173,961
127173,962
127174,962
127174,962
127174,962
127174,962
127226,961
127227,961
127227,961
127273,962
127274,961
127274,975
127274,970
127274,970
127274,968
127327,962
127327,961
127327,961
127327,961
127327,964
127373,962
127373,962
127373,961
127373,961
127426,962
127427,962
127427,962
127427,962
127427,961
127427,961
127473,961
127473,961
127474,961
127474,961
127474,962
127526,962
127527,961
127527,962
127573,961
127574,962
127574,961
127574,961
127574,963
127627,961
127627,961
127627,961
127627,961
127673,961
127673,961
127673,961
127673,961
127673,961
127726,962
127727,962
127727,962
127727,962
127727,961
127773,962
127773,962
127774,961
127774,961
127774,962
127774,962
127826,962
127827,962
127827,959
127827,962
127827,962
127873,962
127874,962
127874,962
127927,962
127927,962
127927,962
127927,962
127973,962
127973,961
127973,961
127973,961
128026,962
128027,962
128027,962
128027,962
128027,961
128073,962
128073,962
128074,962
128074,962
128074,961
128126,962
128127,962
128127,962
128127,961
128173,962
128174,962
128174,962
128174,961
128174,962
128227,962
128227,962
128227,962
128227,962
128227,962
128273,961
128273,962
128273,962
128273,961
128326,962
128327,962
128327,962
128327,961
128327,961
128373,962
128373,962
128426,962
128427,962
128427,962
128427,962
128427,962
128473,961
128474,961
128474,962
128474,962
128527,962
128527,962
128527,961
128527,962
128573,962
128573,962
128626,961
128627,962
128627,961
128673,961
128673,962
128674,962
128726,961
128727,961
128727,960
128727,961
128727,961
128774,961
128774,962
128774,961
128774,961
128774,962
128827,962
128827,961
128827,961
128827,963
128873,962
128873,962
128873,961
128873,961
128926,962
128927,960
128927,961
128927,961
128973,962
128973,962
128974,962
128974,962
128974,961
129026,962
129027,961
129027,962
129027,962
129027,962
129074,962
129074,962
129074,963
129074,962
129074,962
129127,962
129127,962
129127,961
129127,962
129173,961
129173,962
129173,961
129173,962
129226,962
129227,962
129227,962
129227,962
129227,963
129227,963
129273,962
129273,962
129274,962
129274,961
129274,962
129326,962
129327,962
129327,961
129327,961
129374,962
129374,962
129374,962
129374,962
129374,962
129427,961
129427,961
129427,962
129427,962
129427,961
129473,962
129473,961
129473,961
129473,960
129526,961
129527,962
129527,961
129527,961
129573,961
129573,961
129574,962
129574,962
129626,962
129627,962
129627,962
129627,962
129627,962
129674,961
129674,961
129674,960
129674,962
129674,962
129674,961
129727,961
129727,962
129727,962
129727,962
129727,961
129773,962
129773,962
129773,962
129826,962
129827,961
129827,962
129827,961
129873,962
129874,962
129874,962
129874,961
129874,961
129926,963
129927,962
129927,962
129927,962
129927,962
129974,962
129974,962
129974,960
129974,961
129974,961
130027,961
130027,961
130027,961
130073,961
130073,961
130073,961
130073,961
130073,962
130126,961
130127,961
130127,962
130127,962
130127,962
130173,960
130173,962
130174,962
130226,963
130227,961
130227,961
130227,961
130227,961
130274,963
130274,963
130274,962
130327,961
130327,961
130327,961
130327,962
130327,962
130373,962
130373,962
130373,962
130373,962
130373,961
130427,962
130427,962
130427,961
130427,961
130427,962
130473,961
130473,962
130474,962
130474,962
130474,962
130527,961
130527,962
130527,961
130527,961
130527,962
130574,962
130574,962
130574,962
130574,962
130627,962
130627,962
130627,962
130627,961
130627,962
130673,961
130673,963
130673,962
130673,962
130673,962
130727,962
130727,963
130727,962
130727,962
130773,962
130773,962
130774,961
130836,961
130837,961
130873,962
130874,962
130927,962
130927,962
130927,961
130927,961
130927,961
130973,962
130973,962
130973,962
130973,962
131033,962
131033,959
131034,962
131034,961
131073,961
131073,962
131074,962
131074,962
131074,962
131128,962
131128,962
131128,962
131129,962
131173,962
131173,961
131173,962
131173,962
131226,962
131227,963
131227,962
131227,962
131273,961
131326,961
131327,962
131327,962
131327,962
131373,962
131374,962
131374,963
131374,961
131426,962
131427,961
131427,961
131427,961
131427,961
131473,962
131474,962
131474,962
131474,963
131474,963
131474,961
131527,962
131527,962
131527,962
131527,961
131527,962
131573,962
131573,962
131573,961
131573,962
131626,962
131627,962
131627,962
131627,962
131627,962
131673,961
131673,962
131674,962
131674,962
131726,962
131727,961
131727,961
131727,962
131774,961
131774,962
131774,962
131774,962
131774,961
131827,962
131827,975
131827,975
131827,970
131827,970
131873,961
131873,962
131873,962
131873,962
131873,962
131926,962
131927,962
131927,962
131927,961
131927,961
131927,961
131973,961
131974,962
131974,962
132026,962
132027,961
132027,962
132027,961
132074,962
132074,962
132074,962
132074,962
132127,962
132127,961
132127,961
132127,961
132173,962
132173,962
132173,962
132173,962
132173,962
132226,961
132227,962
132227,962
132227,962
132273,961
132273,960
132274,962
132326,962
132327,961
132327,962
132327,962
132327,962
132374,962
132374,962
132374,962
132374,962
132374,962
132427,961
132427,961
132427,961
132427,962
132473,962
132527,961
132527,962
132527,962
132527,962
132527,961
132573,961
132573,962
132574,962
132574,961
132574,962
132626,961
132627,962
132627,962
132627,962
132627,962
132674,961
132674,962
132674,961
132727,962
132727,961
132727,962
132727,962
132727,961
132773,962
132773,962
132773,962
132773,961
132827,962
132827,962
132827,962
132827,961
132873,962
132874,962
132874,961
132874,961
132926,962
132927,961
132927,961
132927,961
132974,962
132974,962
132974,960
132974,961
133027,962
133027,961
133027,961
133027,961
133073,962
133073,961
133073,961
133127,962
133127,962
133127,962
133173,961
133173,962
133174,961
133174,961
133226,962
133227,962
133227,962
133227,962
133227,962
133227,962
133274,962
133274,962
133327,961
133327,962
133327,962
133327,961
133373,963
133427,962
133427,962
133427,961
133427,963
133473,961
133473,962
133474,961
133474,962
133474,962
133474,962
133526,962
133527,961
133527,962
133574,961
133574,962
133574,962
133574,961
133627,961
133627,962
133627,962
133627,962
133627,961
133673,961
133673,963
133673,962
133673,961
133673,961
133727,962
133727,961
133773,961
133773,961
133774,961
133774,962
133774,962
133826,961
133827,961
133827,962
133827,962
133827,961
133874,962
133874,962
133874,962
133874,962
133927,962
133927,962
133927,962
133927,962
133973,962
133973,962
133973,961
134027,962
134027,962
134027,962
134027,962
134073,962
134074,961
134074,961
134074,962
134126,962
134127,961
134127,963
134127,962
134174,962
134174,962
134174,961
134174,962
134227,962
134227,962
134227,962
134227,961
134227,962
134273,962
134273,962
134273,961
134273,961
134273,962
134327,962
134327,962
134327,962
134327,962
134373,962
134374,962
134374,962
134374,962
134426,962
134427,962
134427,961
134427,962
134427,961
134474,962
134474,961
134474,962
134527,961
134527,961
134527,961
134527,961
134573,961
134573,962
134573,962
134573,962
134573,961
134627,962
134627,962
134673,961
134673,962
134674,962
134674,961
134674,962
134726,962
134727,961
134727,962
134774,961
134774,961
134774,962
134827,962
134827,962
134827,962
134827,961
134827,962
134873,962
134873,962
134873,962
134927,962
134927,962
134927,962
134973,962
134974,962
134974,962
134974,962
135026,961
135027,962
135027,962
135027,963
135027,963
135074,964
135074,959
135074,962
135074,962
135074,962
135127,962
135127,963
135127,962
135127,961
135127,961
135173,961
135173,961
135173,961
135173,961
135173,961
135227,962
135227,962
135227,963
135273,962
135273,962
135274,962
135274,962
135274,962
135327,962
135327,961
135327,961
135327,961
135327,959
135374,962
135374,964
135374,962
135374,962
135427,962
135427,960
135427,962
135427,961
135427,962
135427,962
135473,962
135473,959
135473,962
135473,961
135473,961
135527,962
135527,962
135527,962
135527,962
135527,961
135573,961
135573,962
135574,962
135574,962
135627,961
135627,961
135627,961
135627,961
135674,962
135674,961
135674,961
135727,961
135727,962
135727,959
135727,961
135727,961
135773,961
135773,962
135773,962
135773,962
135773,962
135827,962
135827,963
135827,963
135827,962
135827,962
135873,961
135873,963
135874,962
135874,962
135874,961
135927,962
135927,962
135927,963
135974,961
135974,962
135974,962
135974,962
136027,962
136027,962
136027,961
136027,962
136027,961
136027,961
136073,962
136073,975
136073,974
136073,972
136073,970
136073,969
136127,961
136127,962
136127,961
136127,962
136173,963
136173,962
136174,962
136174,975
136174,971
136227,962
136227,962
136227,962
136274,962
136274,962
136274,962
136274,961
136274,961
136274,961
136327,962
136327,961
136327,961
136327,961
136373,962
136373,962
136373,963
136373,962
136427,961
136427,962
136427,962
136427,962
136427,962
136473,961
136527,962
136527,962
136527,962
136527,962
136527,962
136574,962
136574,962
136574,962
136574,961
136627,962
136627,962
136627,962
136627,962
136627,962
136673,962
136673,963
136673,964
136673,962
136673,963
136727,962
136727,962
136727,962
136727,963
136727,962
136773,962
136774,962
136827,962
136827,963
136827,963
136827,962
136874,962
136874,962
136874,962
136874,962
136927,962
136927,963
136927,963
136927,962
136973,961
137027,962
137027,963
137027,962
137027,962
137073,962
137073,961
137074,962
137074,962
137074,962
137127,962
137127,962
137127,962
137127,962
137174,962
137174,962
137174,962
137174,962
137174,962
137174,962
137227,961
137227,961
137227,962
137273,961
137273,962
137273,962
137273,962
137273,959
137327,962
137327,962
137327,962
137327,962
137373,962
137374,962
137427,961
137427,962
137427,961
137474,962
137474,961
137474,961
137537,962
137537,962
137537,961
137537,961
137537,962
137573,962
137573,959
137573,962
137573,962
137626,962
137627,962
137627,963
137627,962
137627,962
137673,962
137673,962
137674,962
137674,962
137726,960
137727,962
137727,961
137727,960
137727,962
137773,962
137774,962
137774,962
137774,962
137774,962
137774,962
137827,964
137827,962
137827,963
137827,962
137873,962
137873,962
137873,962
137873,962
137873,961
137927,962
137927,962
137927,962
137927,962
137927,962
137973,962
138027,962
138027,962
138027,962
138074,962
138074,961
138074,962
138074,962
138127,962
138127,962
138127,962
138127,962
138127,962
138173,962
138173,963
138173,962
138173,961
138173,962
138227,961
138227,962
138227,962
138227,962
138227,961
138273,961
138273,962
138274,962
138274,962
138274,962
138327,962
138327,962
138327,962
138374,962
138374,962
138374,962
138374,962
138427,961
138427,962
138427,962
138427,962
138473,963
138473,962
138473,962
138473,962
138473,962
138473,963
138527,962
138527,962
138527,962
138527,962
138527,962
138573,962
138573,962
138574,962
138574,961
138574,962
138627,962
138627,962
138674,962
138674,962
138674,962
138674,963
138727,961
138727,961
138727,961
138773,962
138773,962
138773,962
138773,961
138773,962
138827,962
138827,962
138827,962
138827,962
138827,963
138873,962
138873,962
138874,961
138874,961
138874,962
138927,962
138927,962
138927,962
138974,962
138974,962
138974,962
138974,962
139027,961
139027,962
139027,962
139027,961
139027,961
139073,962
139073,963
139073,962
139073,962
139073,962
139127,961
139127,962
139127,962
139127,962
139127,962
139173,962
139173,962
139174,962
139174,960
139174,962
139227,962
139227,961
139227,962
139227,962
139274,962
139274,961
139274,962
139274,961
139327,961
139327,960
139327,962
139327,962
139327,962
139373,963
139373,962
139427,962
139427,961
139427,961
139427,961
139427,961
139473,961
139473,962
139474,962
139527,961
139527,961
139527,961
139527,961
139574,961
139574,961
139574,963
139574,962
139627,962
139627,961
139627,961
139627,961
139627,961
139627,961
139673,961
139673,962
139673,962
139673,962
139673,963
139727,961
139727,962
139727,961
139727,962
139773,962
139773,961
139774,961
139774,961
139774,961
139827,962
139827,962
139827,964
139827,962
139874,962
139874,962
139874,961
139874,961
139927,962
139927,962
139927,962
139927,962
139973,962
139973,961
140027,960
140027,962
140027,962
140027,962
140027,961
140073,962
140073,962
140074,962
140074,962
140074,962
140127,962
140127,962
140127,962
140127,962
140174,962
140174,962
140174,963
140174,963
140174,962
140174,962
140227,962
140227,964
140227,963
140227,962
140273,962
140273,962
140327,962
140327,961
140327,961
140373,961
140373,962
140374,962
140427,962
140427,962
140427,962
140427,961
140474,962
140474,962
140474,962
140527,962
140527,962
140527,962
140527,961
140573,961
140573,962
140573,962
140573,962
140627,962
140627,962
140627,962
140627,962
140673,962
140673,962
140674,962
140727,961
140727,974
140727,974
140727,972
140727,970
140774,962
140774,961
140774,961
140774,962
140774,962
140827,962
140827,962
140827,962
140827,962
140873,962
140873,962
140873,962
140873,962
140927,962
140927,962
140927,962
140927,962
140973,963
140973,962
140974,963
140974,961
140974,962
141027,962
141027,962
141027,962
141027,962
141027,962
141074,961
141074,962
141074,963
141074,962
141127,962
141127,962
141127,962
141127,962
141173,961
141173,962
141173,962
141173,962
141173,961
141227,963
141227,962
141227,962
141227,962
141227,961
141273,961
141273,962
141274,962
141274,961
141274,962
141327,962
141327,962
141327,964
141327,962
141327,962
141374,962
141374,962
141374,962
141427,961
141427,962
141427,962
141427,962
141427,962
141473,962
141473,962
141473,963
141473,962
141527,961
141527,963
141527,962
141527,962
141527,961
141573,962
141573,962
141574,961
141627,961
141627,962
141627,962
141627,962
141627,962
141674,961
141674,962
141674,962
141674,961
141727,961
141727,962
141727,962
141727,962
141727,961
141773,962
141773,962
141773,962
141773,962
141773,962
141827,962
141827,962
141827,961
141827,962
141873,962
141873,962
141874,964
141874,964
141874,962
141874,962
141927,962
141927,961
141927,962
141927,962
141974,961
141974,962
141974,962
141974,961
141974,961
141974,961
142027,962
142027,961
142027,961
142073,961
142073,962
142073,962
142073,962
142127,962
142127,962
142127,963
142127,962
142127,962
142173,961
142173,962
142174,962
142174,962
142227,962
142227,962
142227,962
142227,962
142274,962
142274,962
142274,962
142274,962
142327,961
142327,962
142327,962
142327,962
142373,961
142373,962
142373,962
142373,962
142373,962
142427,963
142427,962
142427,962
142427,962
142473,962
142473,962
142474,962
142474,961
142474,961
142474,961
142474,961
142527,962
142527,962
142527,962
142527,962
142574,962
142574,962
142574,962
142574,962
142574,962
142627,962
142627,961
142627,962
142673,962
142673,961
142727,960
142727,962
142727,961
142727,961
142773,961
142773,962
142774,962
142827,961
142827,962
142827,961
142827,962
142874,962
142874,962
142874,962
142874,962
142874,962
142874,962
142927,961
142927,961
142927,962
142927,962
142973,962
142973,962
142973,963
142973,962
142973,961
143027,962
143027,962
143027,962
143027,962
143027,962
143073,959
143073,962
143074,962
143074,962
143074,962
143127,961
143127,962
143127,961
143127,961
143127,961
143174,961
143174,962
143174,962
143174,962
143174,962
143227,962
143227,962
143227,961
143227,961
143273,963
143273,962
143273,962
143273,962
143273,962
143327,962
143327,962
143327,962
143327,962
143327,962
143373,962
143373,962
143374,962
143427,962
143427,961
143427,962
143427,962
143427,962
143474,962
143527,960
143527,962
143527,963
143573,962
143573,962
143573,962
143573,961
143573,961
143573,961
143627,962
143627,962
143627,963
143627,961
143627,961
143673,962
143673,962
143674,962
143674,964
143674,962
143727,961
143727,961
143727,961
143727,962
143774,962
143774,962
143774,962
143832,962
143832,962
143833,962
143833,964
143833,964
143873,962
143873,962
143873,962
143873,962
143873,962
143929,962
143929,961
143929,961
143929,961
143973,962
143973,962
143973,962
143973,962
144027,961
144027,962
144027,962
144027,962
144027,962
144073,962
144074,962
144074,962
144074,962
144127,961
144127,962
144127,962
144127,962
144127,962
144127,961
144174,961
144174,962
144174,961
144174,962
144174,962
144227,961
144227,962
144227,962
144227,962
144283,961
144283,961
144283,962
144326,962
144327,962
144327,961
144327,961
144327,962
144373,962
144374,962
144374,963
144374,962
144427,961
144427,960
144427,961
144427,962
144474,961
144527,962
144527,962
144527,962
144527,962
144527,962
144573,963
144573,962
144573,962
144627,962
144627,962
144627,961
144627,962
144627,962
144673,962
144673,962
144674,962
144674,962
144727,962
144727,962
144727,962
144727,962
144727,962
144774,962
144774,962
144774,962
144774,962
144774,962
144774,962
144827,962
144827,962
144827,962
144873,961
144873,962
144873,962
144873,962
144873,962
144927,962
144927,962
144927,962
144927,962
144927,962
144973,962
144973,962
144974,975
144974,973
144974,971
144974,969
144974,968
145027,962
145027,962
145027,962
145027,962
145027,962
145074,962
145074,975
145074,974
145074,973
145074,970
145074,969
145127,962
145127,962
145127,962
145127,962
145127,962
145173,961
145173,962
145173,963
145173,962
145173,962
145173,962
145227,962
145227,962
145227,962
145227,962
145227,962
145273,962
145273,962
145327,962
145327,962
145327,963
145327,963
145327,962
145327,961
145374,962
145374,962
145374,962
145374,962
145374,962
145374,962
145374,962
145427,962
145427,962
145427,962
145427,962
145427,962
145473,962
145473,961
145473,961
145473,962
145473,961
145527,962
145527,962
145527,962
145573,962
145573,962
145574,962
145574,961
145574,961
145627,962
145627,962
145627,963
145627,963
145627,962
145674,962
145674,962
145674,962
145674,962
145674,963
145727,963
145727,962
145727,962
145727,962
145773,962
145773,962
145773,962
145773,962
145773,962
145827,962
145827,962
145827,962
145827,961
145827,961
145873,961
145873,961
145874,962
145874,962
145874,962
145874,961
145927,962
145927,962
145927,962
145927,962
146000,961
146001,974
146001,974
146001,971
146001,969
146001,969
146001,968
146027,961
146027,961
146027,961
146027,962
146027,961
146027,961
146073,962
146073,963
146073,961
146073,959
146126,962
146126,961
146127,962
146127,962
146173,962
146173,962
146174,963
146174,962
146226,962
146226,962
146227,962
146227,961
146227,961
146273,961
146274,961
146274,962
146274,962
146274,962
146274,961
146327,962
146327,961
146327,961
146327,961
146373,961
146373,961
146373,963
146373,961
146373,962
146426,962
146427,962
146427,962
146473,962
146473,962
146474,961
146526,962
146526,962
146527,962
146573,962
146574,961
146574,962
146627,962
146627,962
146627,963
146627,963
146673,961
146673,961
146673,961
146673,961
146673,962
146726,962
146727,962
146727,962
146727,961
146773,962
146773,961
146774,962
146774,962
146826,962
146826,962
146827,961
146827,961
146827,962
146827,962
146827,962
146873,961
146874,961
146874,962
146874,961
146927,962
146927,961
146927,962
146927,962
146927,963
146927,961
146973,961
146973,961
146973,962
146973,962
146973,961
147026,962
147027,962
147027,961
147027,961
147027,962
147073,962
147073,961
147074,962
147074,962
147074,962
147126,961
147127,961
147127,961
147127,962
147127,962
147173,961
147174,962
147174,961
147174,961
147174,961
147227,962
147227,961
147227,961
147227,961
147273,962
147273,962
147273,962
147273,962
147273,962
147326,962
147327,962
147327,962
147327,961
147327,961
147373,962
147373,962
147426,961
147427,961
147427,960
147427,961
147473,962
147474,962
147474,962
147474,962
147474,961
147527,961
147527,961
147527,961
147573,961
147626,961
147627,961
147627,963
147627,961
147627,961
147673,962
147673,961
147674,962
147674,961
147726,961
147727,961
147727,961
147727,961
147727,962
147773,962
147774,961
147774,962
147774,962
147827,962
147827,961
147827,961
147827,960
147873,961
147873,962
147873,961
147926,962
147927,974
147927,974
147927,973
147927,970
147927,968
147973,961
147973,962
147974,962
147974,961
147974,961
148026,962
148027,974
148027,973
148027,973
148027,971
148027,969
148073,962
148074,961
148074,961
148074,961
148074,961
148074,961
148127,961
148127,961
148127,961
148127,961
148173,961
148173,960
148173,962
148173,961
148226,961
148227,962
148227,962
148227,963
148227,963
148273,961
148274,961
148274,961
148274,961
148326,962
148327,962
148327,961
148327,961
148327,962
148373,961
148374,961
148374,961
148374,961
148374,961
148427,961
148427,961
148427,961
148427,961
148473,962
148473,962
148526,962
148527,961
148527,961
148527,961
148527,961
148573,962
148573,962
148574,962
148574,961
148574,961
148626,961
148627,959
148627,961
148627,961
148673,961
148674,961
148674,962
148674,962
148674,961
148727,962
148727,962
148727,961
148727,961
148727,962
148773,961
148773,961
148773,962
148826,961
148827,962
148827,962
148827,962
148827,961
148873,962
148873,961
148874,961
148874,961
148926,962
148927,961
148927,961
148973,962
148974,962
148974,962
148974,962
148974,962
148974,962
149027,962
149027,962
149027,962
149027,961
149073,961
149073,962
149126,962
149127,962
149127,962
149127,962
149127,962
149173,961
149173,961
149174,961
149174,961
149174,962
149226,962
149227,961
149227,961
149273,962
149274,961
149274,961
149274,961
149274,961
149327,961
149327,962
149327,962
149373,962
149373,962
149373,962
149426,961
149427,961
149427,961
149427,961
149427,962
149473,962
149473,962
149474,962
149474,962
149474,961
149526,962
149527,961
149527,961
149527,961
149527,961
149573,962
149574,962
149574,962
149574,962
149574,961
149627,961
149627,962
149627,962
149627,961
149627,962
149673,962
149673,962
149673,961
149673,961
149726,962
149727,962
149727,962
149727,962
149727,962
149773,962
149773,962
149774,961
149774,962
149826,962
149827,962
149827,963
149827,961
149827,962
149827,962
149873,962
149874,964
149874,961
149874,961
149874,961
149927,962
149927,962
149927,961
149927,961
149927,961
149973,962
149973,961
149973,962
149973,962
150026,962
150027,962
150027,962
150027,962
150027,962
150073,961
150073,961
150074,961
150074,962
150074,962
150126,961
150127,960
150127,962
150173,962
150174,962
150174,961
150174,961
150174,962
150227,962
150227,962
150227,962
150227,962
150273,962
150273,961
150326,962
150327,959
150327,962
150327,961
150327,961
150373,963
150373,962
150374,961
150374,961
150374,961
150427,962
150427,962
150427,961
150427,962
150427,962
150473,962
150474,962
150474,961
150527,961
150527,961
150527,962
150527,961
150573,961
150573,961
150573,961
150627,961
150627,961
150627,962
150627,962
150627,961
150673,961
150673,962
150674,962
150674,962
150674,961
150727,962
150727,962
150727,961
150774,962
150774,961
150774,961
150774,961
150774,962
150827,962
150827,962
150827,962
150827,962
150827,961
150873,962
150873,962
150873,962
150873,962
150873,961
150927,961
150927,959
150927,961
150927,961
150927,961
150973,963
150973,962
150974,962
150974,962
150974,962
150974,961
151036,962
151036,961
151073,962
151074,961
151074,961
151074,961
151127,961
151127,962
151127,961
151127,961
151127,961
151173,962
151173,962
151173,962
151173,962
151173,961
151226,962
151227,962
151227,961
151227,962
151273,961
151273,962
151274,961
151326,961
151327,961
151327,961
151327,961
151373,962
151374,962
151374,961
151374,961
151374,961
151427,961
151427,961
151427,962
151427,961
151473,962
151473,961
151473,960
151473,961
151526,961
151527,962
151527,962
151527,961
151527,961
151573,961
151573,962
151574,962
151574,962
151574,962
151626,962
151627,962
151627,962
151627,962
151627,962
151673,962
151674,962
151674,961
151674,962
151674,962
151727,962
151727,961
151727,961
151727,962
151773,962
151773,962
151773,962
151773,961
151826,962
151827,962
151827,961
151827,961
151873,961
151873,962
151874,962
151874,961
151926,962
151927,961
151927,962
151927,961
151927,961
151973,961
151974,961
151974,962
151974,961
151974,961
152027,962
152027,962
152027,962
152027,962
152073,962
152073,962
152073,962
152073,961
152126,962
152127,961
152127,961
152127,961
152127,961
152173,962
152173,961
152174,962
152174,961
152174,962
152226,962
152227,962
152227,962
152227,961
152227,962
152273,962
152274,962
152274,975
152274,974
152274,971
152274,969
152274,968
152327,962
152327,962
152327,962
152373,961
152373,962
152373,962
152373,961
152373,962
152426,962
152427,961
152427,962
152473,961
152473,963
152474,962
152474,962
152526,962
152527,962
152527,962
152527,961
152527,961
152573,961
152574,962
152574,961
152574,961
152574,962
152627,961
152627,962
152627,962
152627,962
152627,961
152673,961
152673,961
152673,961
152673,961
152726,961
152727,961
152727,962
152727,961
152727,962
152773,961
152773,961
152774,961
152774,961
152774,961
152774,961
152826,961
152827,961
152827,961
152873,961
152874,962
152874,962
152874,962
152874,962
152927,962
152927,962
152927,962
152927,961
152927,962
152973,961
152973,961
152973,961
153026,961
153027,962
153027,962
153027,961
153027,961
153027,961
153073,961
153073,962
153074,962
153074,962
153074,962
153126,961
153127,962
153127,962
153173,962
153174,962
153174,962
153174,962
153174,962
153227,962
153227,962
153227,961
153227,961
153227,961
153273,962
153273,962
153273,962
153326,961
153327,962
153327,962
153327,960
153327,961
153373,962
153373,962
153374,961
153374,962
153374,962
153426,962
153427,962
153427,962
153427,961
153427,961
153473,962
153474,962
153474,962
153474,962
153474,962
153527,962
153527,962
153527,962
153527,962
153527,961
153573,961
153573,962
153573,962
153573,962
153626,963
153627,962
153627,962
153627,962
153627,962
153673,961
153673,961
153674,962
153674,961
153726,961
153727,962
153727,961
153727,961
153774,962
153774,962
153774,962
153774,961
153774,962
153827,962
153827,962
153827,962
153827,961
153827,961
153873,962
153873,962
153873,962
153873,962
153873,962
153926,962
153927,962
153927,962
153927,962
153927,961
153973,962
153973,962
153974,962
153974,962
153974,962
154026,962
154027,961
154027,962
154027,962
154027,962
154074,962
154074,962
154074,962
154074,962
154074,962
154127,962
154127,961
154127,961
154127,963
154127,962
154127,962
154127,962
154173,962
154173,961
154173,961
154173,961
154226,962
154227,962
154227,961
154227,961
154227,961
154273,961
154273,961
154274,962
154274,961
154274,961
154326,962
154327,962
154327,961
154327,961
154373,961
154374,962
154374,962
154374,962
154374,962
154427,961
154427,962
154427,962
154473,962
154473,962
154473,962
154473,962
154473,962
154526,961
154527,962
154527,962
154527,962
154527,962
154573,962
154574,962
154574,962
154574,962
154626,962
154627,961
154627,962
154627,962
154627,962
154674,961
154674,962
154674,961
154674,962
154727,962
154727,959
154727,961
154727,961
154727,962
154773,962
154773,962
154773,961
154773,963
154773,962
154827,961
154827,964
154827,962
154827,961
154873,961
154873,962
154874,961
154874,962
154874,962
154926,961
154927,962
154927,962
154927,962
154974,961
154974,962
154974,962
154974,961
155027,961
155027,961
155027,961
155027,961
155027,961
155027,961
155073,961
155073,962
155073,962
155073,961
155073,961
155127,962
155127,962
155127,962
155173,961
155173,962
155174,962
155174,961
155226,961
155227,961
155227,961
155227,961
155274,961
155274,961
155274,962
155327,962
155327,961
155327,962
155327,961
155373,962
155373,961
155373,961
155373,960
155373,961
155427,962
155427,961
155427,961
155427,961
155473,961
155473,962
155474,962
155526,961
155527,962
155527,961
155527,961
155527,961
155574,961
155574,961
155574,961
155574,961
155627,962
155627,962
155627,962
155627,962
155627,962
155673,961
155673,961
155673,961
155673,961
155673,961
155727,962
155727,962
155727,962
155727,962
155773,962
155773,960
155774,962
155774,962
155774,962
155826,962
155827,962
155827,962
155827,962
155827,962
155827,962
155874,962
155874,961
155927,962
155927,962
155927,962
155927,962
155973,961
155973,961
155973,961
155973,961
155973,961
156027,961
156027,962
156027,962
156027,962
156073,962
156073,962
156074,961
156074,962
156126,961
156127,963
156127,962
156127,962
156127,962
156174,961
156174,962
156174,961
156174,962
156227,962
156227,961
156227,961
156227,961
156273,961
156273,961
156273,962
156273,962
156273,961
156327,961
156327,961
156327,962
156373,961
156373,961
156374,961
156374,962
156426,961
156427,962
156427,962
156427,961
156427,962
156474,961
156474,962
156474,961
156527,961
156527,961
156527,961
156527,961
156527,961
156573,961
156573,961
156573,961
156573,961
156633,962
156633,961
156634,961
156634,961
156673,961
156673,961
156674,961
156674,961
156728,961
156728,961
156728,961
156728,961
156728,961
156728,961
156773,962
156773,962
156826,962
156827,974
156827,973
156827,969
156873,961
156873,961
156873,961
156926,961
156926,961
156927,961
156927,974
156927,973
156973,961
156973,961
156974,961
156974,962
156974,962
157026,961
157026,961
157026,960
157027,962
157027,961
157027,964
157074,964
157074,961
157074,961
157074,961
157126,962
157127,961
157127,961
157127,961
157173,961
157173,961
157173,962
157173,961
157173,961
157226,961
157226,962
157227,961
157227,961
157273,962
157273,962
157274,962
157274,962
157274,962
157326,962
157326,961
157327,962
157374,961
157426,962
157427,961
157427,961
157427,963
157427,961
157473,962
157473,964
157473,961
157473,961
157473,962
157526,961
157527,961
157527,961
157573,961
157573,961
157574,961
157574,961
157574,961
157626,961
157626,961
157627,961
157627,962
157627,961
157674,961
157674,962
157674,962
157674,961
157674,962
157726,960
157727,961
157727,961
157727,961
157773,962
157773,961
157773,961
157773,963
157773,961
157836,962
157837,974
157837,973
157837,972
157837,970
157837,968
157873,961
157873,961
157874,961
157926,961
157926,962
157927,961
157927,962
157973,961
157974,962
157974,962
157974,962
157974,961
158026,961
158026,961
158027,962
158027,961
158027,961
158027,961
158073,961
158073,962
158073,962
158073,962
158126,961
158126,961
158127,961
158127,961
158127,961
158173,961
158173,962
158174,962
158174,962
158226,962
158226,961
158226,961
158227,960
158227,962
158274,962
158274,960
158274,960
158274,961
158326,961
158327,961
158327,961
158327,961
158373,961
158373,961
158373,961
158373,961
158373,961
158373,961
158426,961
158426,962
158427,961
158427,961
158427,962
158473,961
158473,961
158474,961
158526,961
158526,961
158527,960
158574,961
158626,961
158627,961
158627,961
158627,961
158673,961
158673,961
158673,961
158673,961
158673,961
158726,961
158726,961
158727,961
158727,961
158773,961
158773,961
158774,961
158774,961
158774,961
158774,961
158826,961
158826,961
158826,962
158827,961
158827,961
158874,961
158874,961
158874,961
158874,961
158926,961
158927,961
158927,961
158927,961
158973,961
159026,961
159026,961
159027,961
159027,959
159073,961
159073,961
159074,961
159074,962
159074,961
159126,961
159126,962
159127,961
159127,961
159174,961
159174,961
159174,961
159174,961
159226,962
159227,962
159227,962
159273,962
159273,961
159273,961
159273,959
159326,961
159326,962
159327,961
159327,961
159327,961
159373,961
159374,961
159374,962
159374,961
159426,962
159426,961
159426,962
159427,961
159427,961
159474,961
159474,962
159474,962
159474,962
159526,961
159527,962
159527,961
159527,961
159573,962
159573,961
159573,961
159573,962
159573,962
159573,962
159626,961
159626,961
159627,961
159627,961
159673,962
159673,961
159674,961
159674,961
159674,961
159726,962
159726,961
159726,961
159727,961
159727,961
159774,962
159774,960
159774,961
159774,960
159826,961
159827,961
159827,961
159827,961
159873,961
159926,963
159926,961
159927,961
159927,961
159927,962
159973,961
159974,959
159974,961
159974,961
160026,962
160026,961
160027,961
160027,961
160027,961
160074,962
160074,962
160074,961
160074,962
160126,962
160127,961
160127,961
160127,961
160127,961
160173,961
160173,962
160173,962
160173,961
160226,961
160226,961
160227,962
160227,962
160273,962
160274,962
160274,961
160274,961
160326,961
160326,961
160327,961
160327,961
160327,960
160374,961
160374,961
160374,961
160374,961
160426,963
160427,962
160427,961
160427,961
160427,961
160473,961
160473,962
160473,961
160473,961
160473,961
160526,962
160526,961
160527,961
160527,961
160527,961
160573,961
160574,963
160574,962
160626,962
160626,961
160627,961
160627,961
160627,961
160674,961
160674,962
160674,961
160726,961
160727,962
160727,962
160727,961
160727,961
160773,961
160773,962
160773,962
160773,962
160773,961
160773,961
160826,962
160873,962
160874,961
160874,962
160874,962
160926,962
160926,962
160927,961
160927,961
160927,962
160974,961
160974,962
160974,962
160974,961
161026,962
161027,962
161027,962
161027,962
161027,962
161073,962
161073,961
161073,962
161073,961
161126,963
161126,961
161127,961
161127,961
161127,962
161173,962
161174,975
161174,974
161174,972
161174,971
161174,971
161174,969
161226,962
161274,962
161274,974
161274,974
161274,971
161274,970
161274,968
161326,961
161327,962
161327,962
161327,962
161373,961
161373,961
161373,962
161373,962
161426,961
161426,962
161427,961
161427,962
161427,961
161473,960
161474,962
161474,962
161474,961
161526,962
161526,962
161527,961
161527,962
161527,962
161574,961
161574,961
161574,961
161626,962
161627,962
161627,965
161627,962
161627,961
161673,962
161673,962
161673,961
161673,961
161673,961
161726,961
161727,961
161773,962
161773,959
161774,961
161774,961
161774,961
161826,962
161826,961
161827,962
161827,961
161827,961
161874,962
161874,962
161874,962
161926,961
161927,962
161927,962
161927,961
161927,962
161973,961
161973,961
161973,961
161973,961
161973,961
162026,961
162026,961
162027,961
162027,962
162027,962
162073,961
162073,961
162074,962
162074,961
162074,961
162126,962
162127,961
162127,961
162174,960
162174,961
162174,961
162174,961
162226,962
162227,961
162227,961
162273,961
162273,962
162273,962
162273,962
162326,961
162326,961
162327,962
162327,962
162327,962
162373,962
162373,962
162374,962
162374,962
162374,961
162374,962
162426,961
162426,962
162427,961
162427,962
162427,962
162474,962
162474,962
162474,962
162474,963
162526,962
162527,961
162527,962
162527,962
162527,962
162573,961
162573,961
162573,961
162573,962
162626,961
162627,961
162627,960
162627,961
162673,962
162673,961
162674,961
162674,962
162726,961
162726,962
162727,961
162774,961
162826,961
162827,961
162827,960
162827,961
162873,962
162873,962
162873,961
162873,962
162926,961
162926,961
162927,961
162927,961
162927,961
162973,961
162973,961
162974,961
162974,961
163026,960
163026,961
163027,961
163027,961
163027,961
163074,961
163074,961
163074,961
163074,961
163126,961
163127,963
163127,961
163173,961
163173,961
163173,961
163173,961
163226,961
163227,962
163227,961
163227,962
163273,962
163273,962
163274,962
163274,961
163274,962
163326,962
163326,962
163327,961
163327,962
163374,961
163426,961
163427,962
163427,961
163427,961
163427,961
163473,961
163473,961
163473,961
163473,961
163473,962
163526,961
163526,961
163527,961
163527,961
163527,961
163573,961
163573,962
163574,961
163626,961
163626,962
163627,961
163627,962
163674,961
163674,961
163674,961
163674,962
163726,961
163727,961
163727,961
163727,961
163727,961
163773,961
163773,961
163773,961
163773,961
163826,959
163826,962
163827,961
163827,961
163827,963
163873,960
163873,962
163874,962
163874,962
163874,962
163926,962
163927,961
163927,961
163927,961
163974,961
163974,962
163974,962
164026,962
164027,961
164027,961
164027,961
164027,961
164073,962
164073,962
164126,961
164127,962
164127,961
164173,960
164174,961
164174,961
164226,961
164227,962
164227,960
164227,961
164274,961
164274,961
164274,961
164326,962
164327,962
164327,961
164327,962
164373,961
164373,962
164373,961
164426,961
164427,961
164427,961
164427,961
164473,962
164474,961
164474,962
164474,961
164526,962
164526,963
164527,963
164527,962
164527,962
164583,962
164583,962
164584,962
164584,961
164584,962
164626,962
164626,962
164627,962
164627,962
164673,961
164673,961
164673,962
164673,962
164673,961
164726,961
164726,962
164726,961
164727,961
164727,961
164773,961
164773,961
164774,961
164774,959
164774,961
164826,961
164826,962
164826,961
164827,962
164827,962
164874,962
164874,962
164874,962
164874,962
164926,962
164927,962
164927,962
164927,962
164927,962
164973,962
164973,962
164973,961
164973,961
165026,961
165026,962
165027,962
165027,962
165027,962
165027,962
165073,961
165074,962
165074,962
165074,961
165126,962
165126,963
165127,962
165127,962
165127,962
165174,961
165174,961
165174,961
165174,961
165226,962
165227,962
165227,962
165227,962
165227,962
165273,961
165273,962
165273,961
165273,961
165273,962
165326,962
165326,962
165327,962
165327,962
165373,961
165373,962
165374,962
165374,962
165374,962
165374,962
165374,962
165426,962
165426,962
165427,962
165427,962
165427,961
165427,961
165474,962
165474,962
165474,962
165474,962
165526,962
165527,962
165527,962
165527,963
165527,962
165573,961
165573,962
165573,961
165573,962
165626,962
165626,962
165627,962
165627,962
165673,961
165673,961
165674,961
165674,963
165674,962
165726,961
165726,962
165727,965
165727,965
165727,962
165727,962
165774,962
165774,962
165774,962
165774,962
165826,962
165827,975
165827,974
165827,972
165827,969
165827,968
165827,968
165873,962
165873,961
165873,962
165873,961
165873,961
165926,962
165926,961
165927,961
165927,974
165927,972
165927,972
165927,970
165973,962
165973,962
166026,962
166026,962
166027,962
166027,962
166027,962
166074,961
166074,962
166074,961
166074,962
166126,961
166127,960
166127,962
166127,962
166173,961
166173,962
166173,961
166173,961
166226,961
166226,962
166227,962
166227,962
166273,962
166273,962
166274,962
166274,962
166274,962
166326,962
166326,961
166327,961
166327,961
166374,962
166374,962
166374,962
166374,962
166426,962
166427,961
166427,961
166427,961
166427,962
166473,961
166473,962
166473,962
166473,961
166526,961
166526,962
166527,962
166527,961
166527,961
166573,962
166573,961
166574,962
166574,962
166574,962
166626,961
166626,961
166627,961
166627,961
166674,962
166674,961
166674,961
166726,962
166727,961
166727,962
166727,962
166727,961
166773,962
166773,962
166773,960
166773,960
166773,962
166826,961
166826,961
166827,962
166827,961
166827,961
166873,961
166873,961
166874,961
166874,959
166926,961
166926,961
166927,961
166927,961
166927,961
166974,959
166974,959
166974,960
167026,962
167027,961
167027,961
167027,962
167027,962
167073,962
167073,961
167073,961
167073,961
167073,961
167126,962
167126,961
167127,961
167127,962
167127,962
167173,961
167173,961
167174,961
167226,963
167226,961
167227,961
167227,961
167227,961
167274,961
167326,962
167327,962
167327,962
167327,962
167327,961
167373,961
167373,961
167373,961
167373,961
167426,961
167426,961
167427,961
167427,962
167427,961
167473,962
167473,962
167474,961
167474,961
167474,961
167526,962
167526,962
167527,961
167574,961
167574,961
167574,961
167574,961
167574,962
167626,961
167627,961
167627,961
167627,962
167627,961
167673,961
167673,961
167673,962
167673,963
167673,961
167726,962
167726,962
167727,962
167727,961
167727,961
167773,961
167773,961
167774,961
167774,961
167774,961
167826,961
167826,961
167827,961
167827,961
167874,962
167874,962
167874,962
167926,961
167927,961
167927,962
167927,962
167927,961
167973,962
167973,962
167973,961
167973,962
167973,961
168026,961
168026,962
168027,961
168027,961
168027,961
168073,962
168073,962
168074,962
168074,961
168126,961
168127,962
168127,962
168127,962
168127,962
168174,962
168174,961
168174,961
168174,962
168174,961
168226,961
168227,961
168227,961
168227,960
168227,961
168273,961
168273,961
168273,961
168273,961
168273,961
168326,961
168326,961
168327,962
168327,962
168327,961
168373,962
168373,961
168374,961
168374,961
168374,961
168426,961
168426,961
168427,961
168474,961
168474,961
168474,959
168474,961
168474,961
168526,961
168527,961
168527,961
168527,961
168527,962
168527,962
168573,962
168573,961
168573,962
168626,961
168626,962
168627,961
168673,962
168673,962
168674,961
168674,961
168674,961
168726,963
168726,962
168727,961
168727,961
168774,962
168774,961
168774,961
168774,961
168774,961
168774,961
168774,961
168826,961
168827,961
168827,961
168827,961
168827,961
168873,961
168873,961
168873,961
168873,962
168873,961
168926,961
168926,961
168927,962
168927,961
168927,961
169021,961
169025,962
169025,961
169025,961
169025,961
169025,961
169077,961
169078,961
169078,961
169078,961
169078,961
169124,961
169125,960
169125,962
169125,961
169125,961
169177,961
169177,961
169177,961
169178,958
169178,960
169224,961
169224,961
169224,961
169224,961
169224,961
169277,961
169277,961
169277,961
169277,961
169324,964
169324,962
169324,961
169325,961
169325,961
169377,961
169377,962
169377,961
169378,961
169424,962
169425,961
169425,962
169425,961
169482,962
169483,961
169483,961
169483,962
169523,961
169524,962
169524,959
169524,961
169579,961
169579,961
169580,962
169624,962
169624,962
169624,962
169624,962
169677,961
169677,961
169677,961
169724,961
169724,961
169724,962
169724,962
169777,962
169777,962
169777,961
169777,961
169777,961
169778,961
169824,961
169824,963
169825,962
169825,961
169825,961
169877,962
169877,962
169878,962
169924,961
169924,961
169977,961
169977,962
169977,961
169978,961
169978,961
170024,961
170024,961
170025,961
170025,961
170077,959
170077,961
170077,961
170077,961
170078,961
170124,961
170124,961
170125,962
170125,961
170125,962
170177,961
170177,962
170178,974
170294,961
170299,963
170300,962
170300,975
170300,974
170300,971
170300,969
170300,978
170301,978
170301,976
170301,972
170327,963
170327,963
170327,962
170327,962
170327,963
170374,961
170374,963
170374,962
170375,961
170375,962
170427,962
170427,963
170427,963
170427,963
170428,962
170474,962
170474,962
170475,962
170527,963
170527,962
170528,963
170574,962
170574,962
170574,962
170574,962
170574,962
170574,962
170574,963
170627,963
170627,963
170627,962
170627,962
170628,963
170628,963
170628,963
170674,962
170674,961
170675,962
170675,962
170727,961
170727,961
170727,961
170728,961
170774,961
170774,961
170775,961
170775,961
170827,961
170828,962
170828,962
170828,961
170874,960
170874,961
170874,961
170874,961
170874,961
170927,961
170927,961
170927,962
170928,961
170928,961
170928,961
170974,962
170974,962
170974,962
170975,961
170975,961
171027,961
171074,961
171075,961
171075,960
171075,961
171127,961
171128,962
171128,962
171128,962
171174,961
171174,961
171174,962
171174,961
171174,961
171227,961
171227,961
171228,962
171228,962
171274,961
171274,961
171274,961
171275,961
171275,961
171337,961
171337,962
171337,961
171337,961
171337,961
171374,961
171375,961
171427,961
171427,961
171428,961
171428,962
171544,961
171549,961
171550,974
171550,973
171550,971
171550,969
171550,977
171550,976
171550,972
171551,970
171577,961
171577,961
171577,961
171577,961
171577,961
171577,961
171577,961
171624,961
171624,962
171624,961
171677,961
171677,961
171677,961
171677,960
171678,962
171724,961
171724,961
171725,961
171725,961
171725,962
171725,961
171777,961
171777,961
171778,961
171778,961
171778,961
171824,961
171824,961
171824,961
171824,961
171824,962
171877,961
171877,962
171877,961
171877,962
171878,961
171924,961
171924,961
171924,962
171925,961
171925,961
171977,961
171977,962
171977,962
171977,962
171978,962
172024,961
172024,962
172025,962
172025,962
172025,962
172077,962
172077,961
172078,962
172078,961
172078,962
172124,961
172124,961
172124,961
172124,961
172177,961
172177,962
172177,962
172177,961
172178,961
172224,961
172224,961
172224,962
172225,962
172225,961
172277,961
172277,961
172277,961
172278,961
172324,961
172324,961
172325,962
172377,961
172377,961
172378,962
172378,961
172378,961
172424,962
172424,961
172424,961
172424,962
172424,962
172477,961
172477,962
172477,962
172477,959
172524,962
172524,962
172525,962
172577,962
172577,961
172577,961
172577,962
172577,962
172578,960
172624,961
172624,962
172625,961
172625,961
172625,961
172677,961
172677,962
172678,962
172678,962
172678,961
172795,961
172800,962
172800,974
172800,974
172800,971
172801,971
172801,978
172801,977
172801,974
172801,971
172801,968
172827,961
172827,962
172827,961
172827,961
172827,961
172874,961
172874,961
172875,961
172875,960
172927,962
172927,962
172927,962
172927,962
172928,961
172974,961
172974,961
172975,962
172975,961
172975,961
173027,961
173027,961
173028,961
173028,961
173028,961
173028,961
173074,961
173074,961
173074,961
173074,961
173074,961
173127,962
173127,960
173127,961
173128,961
173174,961
173174,961
173174,961
173175,961
173175,961
173227,962
173227,962
173227,962
173228,961
173228,961
173274,961
173274,962
173275,964
173275,962
173275,961
173327,961
173327,962
173328,961
173328,962
173328,962
173374,961
173374,961
173374,961
173374,962
173374,961
173427,961
173427,961
173427,961
173474,961
173474,962
173474,962
173475,962
173475,961
173527,961
173527,962
173527,962
173528,961
173574,962
173574,961
173575,962
173575,962
173627,961
173627,960
173628,962
173628,962
173628,961
173674,962
173674,962
173674,962
173674,962
173674,963
173727,961
173727,962
173727,962
173727,961
173728,962
173728,962
173774,962
173774,962
173774,962
173775,963
173827,962
173827,962
173827,961
173874,961
173874,962
173875,963
173875,962
173875,962
173927,962
173927,961
173928,962
173928,960
173928,961
174045,961
174050,962
174050,974
174050,973
174050,972
174050,970
174051,977
174051,977
174051,975
174051,972
174051,970
174077,962
174077,962
174077,961
174077,962
174124,961
174124,962
174125,961
174177,961
174177,962
174177,962
174177,961
174178,961
174224,961
174224,959
174225,961
174277,961
174277,961
174278,962
174278,961
174324,962
174324,962
174324,960
174377,962
174377,961
174377,961
174377,961
174377,962
174378,961
174424,961
174424,961
174424,962
174425,962
174425,963
174477,962
174477,962
174477,962
174477,961
174524,961
174524,961
174525,962
174525,961
174525,961
174577,962
174577,961
174578,962
174578,962
174578,962
174624,962
174624,962
174624,962
174624,962
174677,961
174677,962
174677,962
174677,962
174677,962
174678,961
174678,961
174724,962
174724,962
174724,961
174725,961
174725,962
174777,961
174777,961
174778,961
174824,961
174824,962
174825,962
174825,962
174825,962
174825,962
174877,961
174877,961
174878,962
174878,963
174878,961
174924,962
174924,961
174924,961
174924,961
174924,962
174977,961
174977,962
174977,962
174977,962
174978,961
174978,961
175024,962
175024,962
175025,962
175025,962
175077,963
175077,962
175077,961
175077,961
175078,962
175124,961
175124,963
175125,962
175177,961
175177,961
175178,962
175178,962
175178,962
175294,961
175299,961
175300,974
175300,974
175300,972
175300,969
175300,968
175300,978
175301,973
175301,971
175301,969
175301,969
175327,962
175327,961
175327,961
175327,962
175374,963
175374,962
175427,962
175427,962
175427,961
175474,962
175474,961
175475,962
175475,961
175475,961
175475,962
175527,961
175527,961
175528,961
175528,961
175528,961
175574,961
175574,961
175574,961
175627,962
175627,962
175674,961
175674,961
175674,961
175675,961
175675,961
175727,962
175727,962
175727,962
175727,961
175728,962
175774,962
175774,961
175775,961
175775,961
175827,961
175827,962
175828,961
175828,962
175828,961
175874,962
175874,961
175874,961
175927,961
175927,961
175927,962
175928,963
175928,962
175974,961
175974,961
175974,960
175975,962
175975,962
176027,961
176027,962
176027,962
176028,961
176074,962
176074,959
176075,962
176075,961
176075,961
176127,962
176127,962
176128,962
176128,961
176174,962
176174,961
176174,962
176174,961
176227,962
176227,962
176227,962
176228,962
176228,962
176274,962
176274,961
176274,962
176275,961
176275,961
176275,962
176327,963
176327,961
176328,961
176328,961
176328,961
176374,961
176374,962
176375,961
176375,961
176375,962
176427,962
176427,961
176428,961
176428,962
176428,962
176545,961
176550,961
176550,962
176551,974
176551,973
176551,971
176551,969
176551,977
176551,977
176551,975
176551,972
176552,970
176577,961
176577,962
176577,962
176577,961
176577,961
176578,962
176624,962
176624,962
176625,961
176677,962
176677,961
176677,961
176677,961
176724,962
176724,962
176725,961
176725,962
176725,962
176777,962
176777,959
176778,961
176778,961
176824,961
176824,962
176824,962
176877,962
176877,962
176877,962
176878,962
176878,962
176924,962
176924,962
176924,962
176925,961
176925,962
176977,961
176977,961
176977,962
176977,962
176978,961
177024,962
177024,962
177025,962
177077,962
177077,962
177078,962
177078,962
177078,961
177124,962
177124,962
177124,962
177124,961
177177,961
177177,962
177178,961
177178,962
177224,962
177224,962
177224,962
177225,962
177277,963
177277,962
177277,961
177277,961
177278,961
177324,961
177325,961
177325,962
177325,964
177377,961
177377,961
177378,961
177378,961
177378,961
177424,962
177424,962
177424,961
177424,961
177424,962
177477,961
177477,961
177477,961
177478,961
177478,961
177524,962
177524,962
177524,962
177525,962
177525,961
177577,962
177577,962
177577,962
177577,962
177578,961
177578,961
177624,962
177624,961
177625,963
177625,962
177625,963
177677,961
177678,961
177678,961
177678,962
177678,962
177795,962
177800,962
177800,974
177800,973
177800,972
177801,969
177801,979
177801,979
177801,972
177801,970
177826,962
177827,962
177827,962
177873,962
177873,962
177874,962
177874,962
177874,961
177926,962
177926,962
177927,962
177927,962
177974,961
177974,961
177974,961
177974,961
178027,962
178027,961
178027,959
178027,961
178027,962
178073,962
178073,961
178073,962
178073,962
178073,962
178126,961
178126,961
178127,961
178127,962
178126,961
178173,962
178173,962
178174,962
178174,962
178174,961
178236,962
178236,963
178236,961
178236,962
178237,962
178237,962
178273,962
178274,962
178274,961
178274,961
178326,961
178327,961
178327,961
178327,962
178373,962
178373,961
178373,961
178426,962
178426,961
178427,961
178427,962
178473,962
178473,961
178474,961
178474,962
178526,962
178526,962
178526,962
178527,961
178527,962
178573,962
178574,962
178574,962
178574,961
178574,961
178626,961
178627,962
178627,961
178627,961
178673,962
178673,962
178673,962
178673,962
178673,962
178726,962
178726,962
178727,961
178727,961
178727,961
178773,961
178773,962
178774,961
178774,962
178774,961
178826,962
178826,962
178826,962
178827,961
178827,961
178873,962
178874,961
178874,962
178874,962
178874,961
178926,962
178927,962
178927,962
178927,962
179044,961
179048,963
179048,962
179048,975
179049,973
179049,971
179049,969
179049,978
179049,977
179049,975
179049,971
179049,970
179077,961
179077,962
179077,962
179077,962
179077,961
179124,961
179124,962
179124,962
179125,962
179125,962
179177,961
179177,962
179177,961
179177,961
179178,961
179178,961
179224,961
179224,962
179225,962
179225,962
179225,961
179225,961
179277,962
179278,961
179278,961
179278,961
179278,961
179324,962
179324,962
179324,962
179324,962
179324,962
179324,961
179377,962
179377,961
179377,961
179378,964
179378,964
179424,962
179424,962
179425,962
179477,961
179477,961
179477,961
179477,962
179524,962
179524,960
179525,962
179525,962
179525,961
179577,961
179578,962
179624,961
179624,961
179624,961
179624,962
179624,962
179677,961
179677,962
179677,961
179678,961
179724,961
179724,961
179725,961
179725,961
179777,962
179777,962
179777,962
179777,962
179824,962
179824,962
179825,962
179825,961
179825,962
179877,961
179878,961
179878,961
179924,961
179924,961
179924,962
179924,961
179977,961
179977,962
179977,961
179978,961
180024,962
180024,962
180024,961
180025,961
180025,962
180077,961
180077,961
180077,962
180077,960
180124,962
180124,962
180125,962
180125,962
180177,961
180178,962
180178,962
180178,962
180279,962
180284,962
180284,962
180284,974
180284,973
180284,970
180284,968
180285,978
180285,976
180285,974
180285,972
180285,969
180327,962
180327,961
180327,961
180328,961
180374,961
180374,960
180374,962
180375,961
180375,961
180427,961
180427,961
180427,961
180427,961
180428,961
180474,961
180474,962
180475,961
180475,961
180527,961
180528,961
180528,961
180574,961
180574,962
180574,964
180574,964
180574,962
180627,961
180627,962
180674,961
180674,961
180674,962
180675,961
180727,961
180727,962
180727,961
180727,961
180727,961
180728,961
180774,961
180774,961
180775,961
180775,962
180775,961
180827,961
180828,961
180828,961
180828,961
180874,961
180874,962
180874,961
180874,961
180874,961
180927,962
180927,962
180927,962
180928,962
180928,962
180974,961
180974,962
180974,961
181027,961
181027,961
181027,962
181027,963
181028,962
181074,961
181074,962
181075,962
181075,961
181075,962
181127,962
181128,962
181128,962
181174,961
181174,961
181174,962
181174,962
181174,962
181227,962
181227,962
181227,962
181228,962
181228,962
181274,961
181274,962
181275,961
181275,962
181327,961
181327,962
181327,962
181328,961
181374,962
181374,961
181375,961
181375,961
181375,961
181374,961
181427,962
181428,962
181474,961
181474,961
181474,961
181474,961
181474,962
181474,962
181527,961
181527,961
181528,962
181528,961
181574,961
181574,962
181574,962
181575,961
181575,961
181627,962
181627,964
181627,962
181627,962
181627,962
181674,961
181674,961
181675,961
181675,961
181675,960
181727,961
181728,961
181728,962
181774,961
181774,962
181774,962
181774,959
181774,961
181827,961
181827,961
181827,962
181828,961
181828,961
181874,961
181874,962
181874,962
181875,961
181875,961
181927,961
181927,961
181927,961
181927,962
181928,961
181927,961
181974,961
181974,961
181975,962
181975,961
181975,961
182027,961
182028,962
182028,961
182028,961
182074,962
182074,961
182074,962
182074,962
182074,961
182127,961
182127,961
182127,961
182128,961
182174,962
182174,961
182174,962
182175,961
182175,961
182227,961
182227,961
182227,962
182227,962
182228,962
182274,961
182274,961
182275,962
182275,961
182275,961
182327,959
182328,962
182328,962
182374,962
182374,961
182374,961
182374,961
182374,961
182427,962
182427,961
182427,961
182428,961
182428,961
182474,961
182474,962
182474,961
182475,961
182475,962
182527,962
182527,962
182527,961
182528,962
182574,961
182574,961
182575,961
182575,963
182575,961
182627,962
182628,961
182628,961
182628,961
182674,962
182674,962
182674,962
182674,962
182674,962
182674,962
182734,962
182734,960
182734,961
182734,961
182734,961
182774,962
182774,961
182774,961
182775,961
182829,962
182829,962
182829,962
182829,961
182829,961
182874,961
182874,961
182874,962
182874,961
182928,962
182928,962
182928,962
182928,962
182974,959
182974,961
182974,961
182974,961
182974,960
183027,961
183028,962
183028,962
183028,961
183028,961
183074,962
183074,961
183074,962
183075,961
183075,961
183127,962
183127,962
183128,962
183128,962
183174,961
183175,962
183175,961
183175,961
183228,961
183228,961
183228,961
183274,962
183274,961
183274,961
183274,961
183327,960
183328,962
183328,961
183328,961
183374,961
183374,961
183374,961
183375,961
183375,961
183427,961
183427,961
183428,961
183428,961
183428,961
183474,962
183475,963
183475,961
183475,962
183528,962
183528,961
183528,961
183528,961
183574,961
183574,961
183574,961
183574,961
183574,961
183627,961
183628,962
183628,961
183674,962
183674,962
183674,962
183675,962
183675,961
183727,960
183728,962
183728,962
183728,961
183774,961
183775,962
183775,961
183828,961
183828,974
183828,971
183828,968
183874,961
183874,961
183874,961
183874,961
183874,961
183927,962
183928,960
183928,960
183928,962
183928,962
183974,961
183974,962
183974,962
183975,961
183975,961
184027,962
184028,961
184028,961
184028,962
184074,962
184075,961
184075,962
184075,961
184128,961
184128,961
184128,960
184174,962
184174,962
184174,961
184174,962
184227,961
184228,961
184228,961
184228,961
184228,961
184274,962
184275,962
184327,961
184328,963
184328,962
184328,962
184374,962
184375,960
184375,962
184375,961
184428,959
184428,962
184428,961
184428,961
184474,961
184474,962
184528,961
184528,961
184528,961
184528,961
184574,961
184574,962
184575,961
184628,961
184628,961
184628,962
184628,959
184674,961
184675,961
184675,961
184675,961
184675,961
184728,961
184728,961
184728,961
184774,961
184774,961
184774,961
184774,961
184774,961
184828,963
184828,962
184828,961
184828,961
184828,961
184874,963
184874,961
184874,961
184875,961
184875,961
184927,962
184928,961
184928,963
184928,962
184928,961
184984,962
184984,961
184984,962
184985,961
184985,961
185028,960
185028,961
185028,961
185028,961
185028,962
185028,962
185074,960
185074,961
185074,961
185074,962
185074,961
185127,961
185127,961
185128,961
185128,962
185128,961
185174,961
185174,961
185175,961
185175,961
185227,961
185227,962
185228,961
185228,961
185228,961
185274,961
185274,961
185275,961
185275,961
185275,961
185275,961
185328,962
185328,961
185328,961
185374,961
185374,962
185374,961
185374,962
185427,961
185428,961
185428,961
185474,961
185474,961
185474,961
185475,961
185475,961
185527,961
185527,961
185528,962
185528,961
185528,961
185574,961
185574,961
185575,961
185628,961
185628,962
185628,961
185674,961
185674,961
185674,961
185674,960
185727,961
185728,961
185728,961
185728,961
185728,961
185774,961
185774,961
185774,961
185775,961
185775,961
185827,961
185828,961
185828,961
185874,962
185874,961
185875,962
185875,961
185875,962
185928,960
185928,961
185974,961
185974,962
185974,961
186027,961
186028,960
186028,961
186028,961
186028,961
186074,961
186074,961
186074,961
186075,961
186075,961
186075,962
186127,961
186128,962
186128,961
186128,959
186174,962
186175,962
186228,962
186228,961
186228,961
186228,961
186274,961
186274,961
186274,962
186274,961
186327,961
186328,961
186328,961
186328,961
186374,959
186374,962
186374,962
186375,962
186427,961
186428,962
186428,961
186428,962
186474,961
186475,961
186475,963
186475,962
186528,961
186528,961
186528,962
186528,960
186574,961
186574,961
186574,962
186574,961
186627,961
186628,961
186628,961
186674,961
186674,961
186674,961
186675,961
186727,962
186728,962
186728,962
186728,961
186774,961
186775,961
186775,961
186828,961
186828,961
186828,961
186874,960
186874,961
186927,961
186928,961
186928,962
186974,961
186974,961
186974,961
186975,961
186975,961
187027,961
187028,961
187028,961
187074,961
187075,961
187075,961
187075,961
187128,961
187128,961
187128,961
187128,961
187174,959
187174,961
187174,961
187174,961
187227,962
187228,961
187228,961
187228,961
187228,961
187274,961
187274,961
187275,961
187275,961
187327,961
187328,961
187328,961
187374,961
187375,961
187375,961
187375,961
187375,961
187428,961
187428,963
187428,961
187428,961
187474,961
187474,961
187527,961
187528,963
187528,961
187528,961
187528,961
187574,962
187574,961
187575,961
187575,962
187627,961
187628,961
187628,961
187674,961
187675,961
187675,961
187675,961
187675,961
187728,961
187728,961
187728,961
187728,961
187774,961
187774,961
187774,962
187774,964
187827,961
187828,960
187828,961
187874,962
187874,961
187874,961
187875,962
187875,961
187927,962
187928,962
187928,962
187928,962
187974,962
187975,974
187975,973
187975,970
187975,969
187975,968
187975,968
188028,961
188028,962
188028,961
188028,961
188074,961
188074,962
188074,962
188127,962
188128,962
188128,962
188128,961
188128,962
188174,961
188174,961
188174,961
188227,962
188228,961
188228,961
188228,961
188228,961
188274,961
188275,961
188275,961
188275,961
188328,961
188328,961
188328,961
188328,961
188374,962
188374,961
188427,961
188428,961
188428,962
188428,961
188428,961
188474,961
188474,962
188475,961
188475,961
188527,962
188528,961
188528,961
188574,960
188575,961
188575,961
188575,961
188628,961
188628,961
188628,962
188628,961
188628,961
188674,961
188674,961
188674,961
188674,961
188727,961
188728,961
188728,961
188728,959
188728,961
188774,961
188774,961
188774,961
188775,961
188775,961
188827,961
188828,961
188828,961
188874,961
188875,961
188875,961
188928,961
188928,961
188928,961
188928,961
188974,962
188974,962
188974,962
188974,962
188974,961
189027,961
189028,961
189028,961
189028,962
189028,962
189074,962
189074,961
189074,961
189075,961
189075,961
189127,961
189128,961
189128,961
189128,962
189174,961
189228,961
189228,962
189228,962
189228,961
189228,961
189228,961
189274,962
189274,962
189274,962
189328,961
189328,961
189328,960
189328,960
189374,961
189374,961
189374,961
189374,961
189375,961
189375,961
189427,961
189428,961
189428,961
189428,961
189428,961
189474,961
189475,961
189475,961
189475,962
189528,961
189528,961
189528,961
189528,961
189528,961
189574,962
189574,962
189574,962
189627,961
189628,961
189628,961
189628,961
189674,962
189674,961
189674,961
189674,961
189675,961
189675,961
189727,961
189728,962
189728,962
189728,962
189728,962
189728,962
189774,961
189775,962
189775,961
189775,960
189828,961
189828,961
189828,961
189828,962
189874,961
189874,961
189874,961
189874,961
189927,959
189928,962
189928,961
189928,962
189928,959
189974,962
189974,962
189974,962
189975,962
190027,962
190028,959
190028,962
190028,962
190028,961
190074,962
190128,961
190128,960
190128,960
190128,961
190128,962
190174,962
190174,962
190174,962
190174,961
190174,961
190227,961
190228,962
190228,962
190228,962
190228,962
190274,962
190274,960
190274,960
190274,962
190275,961
190275,961
190327,961
190328,961
190328,961
190328,961
190328,961
190374,961
190375,962
190375,961
190428,961
190428,963
190428,961
190428,961
190428,961
190474,961
190474,961
190474,961
190474,962
190474,961
190474,961
190527,961
190528,961
190528,961
190528,961
190574,961
190574,962
190575,961
190575,961
190627,961
190628,961
190628,960
190628,961
190628,961
190674,961
190675,961
190675,961
190675,962
190728,962
190728,962
190728,963
190728,961
190774,962
190774,962
190774,962
190774,961
190774,962
190774,962
190827,961
190828,961
190828,961
190828,961
190828,961
190828,961
190874,961
190874,962
190874,962
190875,961
190875,961
190927,961
190928,961
190928,961
190928,962
190928,961
190974,962
190975,961
190975,961
190975,961
191028,961
191028,962
191028,961
191028,961
191074,961
191074,961
191074,961
191074,961
191128,962
191128,961
191128,961
191174,961
191174,961
191174,962
191175,961
191228,962
191228,961
191228,962
191228,961
191228,961
191274,961
191275,961
191275,962
191275,962
191275,961
191328,961
191328,961
191328,961
191328,961
191328,961
191374,961
191374,961
191374,962
191374,961
191374,961
191428,961
191428,961
191428,960
191428,960
191474,961
191474,961
191475,961
191475,961
191475,961
191528,961
191528,962
191528,961
191528,962
191575,962
191575,960
191575,960
191575,963
191628,962
191628,961
191674,959
191674,961
191674,961
191674,961
191737,961
191738,961
191738,961
191738,961
191774,962
191774,961
191774,961
191775,961
191775,961
191827,961
191827,961
191828,961
191828,961
191828,961
191874,961
191875,962
191875,962
191875,961
191928,962
191928,963
191928,961
191928,961
191928,961
191974,962
191974,962
191974,961
191974,961
192027,961
192028,961
192028,961
192074,961
192074,961
192074,962
192075,960
192075,962
192127,961
192128,960
192128,962
192128,961
192174,963
192175,961
192175,961
192175,961
192175,961
192175,961
192228,961
192228,961
192228,961
192228,960
192274,961
192274,963
192274,961
192274,962
192274,961
192327,961
192328,961
192328,961
192328,960
192374,963
192374,961
192374,961
192375,960
192375,961
192446,961
192446,961
192447,961
192447,961
192447,961
192474,962
192475,961
192475,961
192475,961
192475,961
192528,961
192528,974
192528,973
192528,970
192528,968
192528,967
192574,961
192574,962
192574,961
192574,961
192627,962
192627,961
192627,962
192628,960
192674,962
192674,962
192674,962
192675,961
192727,962
192727,962
192728,962
192728,960
192774,962
192774,962
192775,961
192775,962
192775,962
192828,961
192828,962
192828,962
192874,961
192927,961
192927,963
192928,962
192928,962
192974,962
192974,959
192974,962
192974,961
192975,961
192975,961
193027,962
193027,962
193027,962
193028,962
193028,961
193074,961
193074,961
193075,961
193075,961
193075,961
193075,961
193075,961
193128,961
193128,961
193128,961
193128,961
193174,961
193174,961
193174,961
193174,961
193227,961
193228,961
193228,961
193228,961
193274,962
193274,961
193274,961
193274,961
193327,961
193327,961
193328,961
193328,961
193374,961
193374,961
193375,961
193375,961
193375,961
193428,962
193428,961
193428,961
193428,962
193428,961
193474,964
193474,961
193474,961
193474,961
193474,962
193527,961
193527,960
193528,961
193528,961
193528,961
193574,961
193574,962
193574,961
193575,961
193627,961
193628,961
193628,961
193674,961
193674,961
193675,961
193675,962
193675,961
193728,961
193728,961
193728,961
193728,961
193728,961
193728,961
193774,961
193774,961
193774,961
193774,961
193774,961
193774,961
193827,961
193827,961
193828,961
193828,961
193828,961
193874,961
193874,961
193874,961
193875,962
193875,962
193927,961
193927,962
193928,960
193928,960
193928,961
193928,961
193928,962
193974,961
193974,961
193975,961
193975,961
193975,962
194028,962
194028,962
194028,961
194028,961
194028,962
194074,962
194074,961
194074,961
194127,961
194128,960
194174,962
194174,961
194174,962
194175,962
194227,961
194227,961
194228,960
194228,961
194228,962
194274,961
194274,961
194275,961
194275,961
194275,961
194328,962
194328,961
194328,961
194328,961
194328,961
194374,961
194374,960
194374,961
194374,961
194374,961
194427,962
194427,961
194428,961
194428,960
194428,961
194474,961
194474,961
194474,961
194475,961
194527,961
194527,961
194528,961
194528,961
194528,961
194574,961
194574,959
194575,961
194575,963
194575,961
194628,961
194628,961
194628,961
194628,961
194674,961
194674,962
194674,962
194674,962
194674,961
194727,961
194727,962
194728,961
194728,961
194728,961
194774,961
194775,961
194827,961
194827,962
194828,962
194828,962
194828,961
194828,963
194874,961
194874,962
194875,962
194875,963
194928,961
194928,961
194928,961
194928,961
194928,962
194974,959
194974,961
194974,961
194974,961
194974,961
195027,961
195027,961
195028,961
195028,961
195074,961
195075,961
195127,962
195127,961
195128,961
195128,961
195128,961
195174,962
195174,962
195175,959
195175,959
195175,962
195175,962
195228,961
195228,962
195228,962
195274,961
195274,959
195274,959
195274,961
195274,961
195274,961
195327,961
195327,961
195328,960
195328,961
195374,961
195374,961
195374,961
195375,961
195427,962
195427,960
195428,961
195428,961
195474,961
195474,961
195475,961
195475,961
195475,961
195475,962
195533,961
195533,962
195533,962
195533,962
195533,962
195574,962
195574,962
195574,961
195574,962
195574,962
195629,961
195630,961
195630,961
195674,960
195674,962
195674,961
195674,961
195674,961
195674,961
195727,961
195728,961
195728,962
195728,961
195774,961
195774,962
195774,961
195775,961
195775,962
195827,961
195827,961
195828,960
195874,961
195874,962
195875,962
195875,961
195875,961
195928,961
195928,961
195974,961
195974,961
195974,961
195974,961
195974,960
196027,961
196027,961
196028,961
196028,961
196028,961
196074,961
196074,961
196075,961
196075,961
196127,963
196127,961
196128,961
196128,960
196174,961
196174,961
196175,961
196175,962
196175,960
196228,961
196228,961
196228,962
196228,962
196228,963
196274,962
196274,961
196274,961
196274,961
196274,962
196327,961
196327,961
196328,961
196328,962
196328,961
196328,961
196374,961
196374,961
196374,961
196375,961
196427,961
196427,961
196428,962
196428,961
196428,961
196474,962
196474,962
196475,962
196475,962
196475,961
196528,961
196528,961
196528,962
196528,961
196528,961
196574,962
196574,963
196574,962
196574,961
196627,961
196627,961
196628,961
196628,961
196674,961
196675,975
196675,973
196675,971
196675,969
196675,967
196727,962
196727,962
196728,961
196774,961
196774,961
196775,963
196775,974
196775,972
196775,972
196775,970
196775,970
196775,969
196775,969
196828,961
196828,964
196828,961
196828,961
196828,961
196874,961
196874,961
196874,961
196927,962
196927,961
196928,962
196974,962
196974,961
196974,962
197027,962
197074,961
197074,961
197075,961
197075,961
197075,961
197128,961
197128,961
197128,962
197128,961
197128,961
197174,960
197174,961
197174,961
197227,961
197227,961
197228,960
197228,962
197228,961
197228,961
197274,961
197274,961
197274,961
197275,961
197275,962
197327,961
197327,961
197328,961
197328,961
197374,961
197374,961
197375,962
197375,961
197375,959
197428,961
197428,961
197428,962
197428,962
197428,961
197474,961
197474,960
197474,961
197474,962
197474,960
197527,961
197527,961
197528,961
197528,961
197574,961
197574,961
197574,962
197575,961
197575,961
197627,961
197627,961
197628,961
197628,960
197628,960
197674,961
197674,961
197675,961
197675,961
197675,961
197728,961
197728,961
197728,961
197728,961
197728,961
197774,961
197774,961
197774,961
197774,961
197774,961
197827,961
197827,961
197828,961
197828,962
197828,961
197828,961
197874,961
197875,961
197875,961
197927,961
197928,961
197928,961
197928,961
197974,961
197975,961
197975,961
197975,961
198028,961
198028,958
198028,960
198028,960
198074,960
198074,961
198074,961
198074,962
198127,961
198128,960
198128,961
198128,961
198128,961
198174,961
198174,961
198174,961
198175,961
198175,961
198175,960
198174,961
198227,961
198228,961
198228,961
198228,961
198228,961
198274,961
198275,961
198275,962
198275,962
198275,961
198328,962
198328,961
198374,961
198374,961
198374,961
198374,961
198374,961
198374,961
198427,961
198428,962
198428,961
198428,961
198484,961
198484,975
198485,973
198485,971
198485,971
198485,969
198485,968
198527,961
198527,961
198528,961
198574,961
198574,961
198575,961
198575,961
198575,961
198628,961
198628,961
198628,961
198628,961
198674,961
198674,961
198674,961
198674,961
198674,962
198727,960
198727,961
198728,961
198728,960
198774,960
198774,961
198774,962
198774,961
198775,961
198775,961
198775,962
198827,962
198827,962
198828,962
198828,962
198828,961
198828,962
198874,961
198874,961
198875,960
198875,962
198875,961
198928,961
198928,961
198928,962
198928,961
198974,962
198974,961
198974,962
198974,961
199027,961
199027,961
199028,961
199028,961
199028,961
199074,962
199075,961
199127,961
199127,962
199128,961
199174,961
199174,961
199175,961
199175,961
199228,961
199228,961
199228,961
199228,961
199274,960
199274,960
199274,961
199274,961
199327,961
199327,962
199374,960
199374,961
199374,961
199375,961
199375,961
199427,961
199427,961
199428,961
199428,960
199428,961
199474,961
199474,961
199475,961
199475,961
199475,961
199528,961
199528,960
199528,961
199528,961
199528,960
199574,961
199574,961
199574,961
199574,961
199627,962
199627,961
199628,961
199628,959
199628,961
199674,964
199674,961
199674,961
199674,962
199675,961
199675,961
199727,960
199727,961
199728,961
199728,961
199774,961
199774,961
199775,961
199775,960
199828,961
199828,962
199828,961
199828,962
199874,961
199874,961
199874,961
199874,961
199927,961
199927,961
199928,961
199928,961
199928,961
199974,961
199974,961
199974,961
199975,961
199975,961
200027,961
200027,963
200028,962
200028,963
200074,961
200074,960
200075,961
200075,961
200128,961
200128,963
200128,961
200128,961
200174,961
200174,961
200174,961
200174,961
200174,961
200227,960
200227,961
200228,961
200228,961
200228,961
200274,961
200274,959
200274,961
200275,961
200275,961
200327,961
200327,961
200328,962
200328,961
200328,961
200374,961
200374,961
200375,961
200375,961
200375,961
200428,961
200428,961
200428,961
200428,961
200428,961
200474,961
200474,962
200474,961
200474,960
200474,961
200527,961
200527,961
200528,962
200528,961
200528,961
200528,961
200574,961
200574,961
200574,961
200575,961
200627,961
200627,961
200628,961
200628,961
200628,961
200674,961
200674,961
200675,961
200675,959
200675,961
200728,960
200728,961
200728,961
200774,960
200774,961
200774,962
200827,961
200827,961
200828,961
200828,961
200874,961
200874,961
200874,961
200875,961
200927,961
200927,961
200928,961
200928,961
200928,962
200974,961
200974,961
200975,961
200975,962
200975,961
201028,961
201028,961
201028,961
201028,961
201074,961
201074,962
201074,961
201074,961
201074,961
201127,962
201127,962
201128,961
201128,961
201174,961
201174,962
201174,961
201175,961
201175,961
201227,961
201228,974
201228,972
201228,969
201228,968
201274,962
201274,961
201275,962
201275,961
201328,961
201328,962
201328,974
201328,973
201328,971
201328,968
201374,961
201374,962
201374,961
201374,961
201374,961
201427,961
201427,961
201428,961
201428,962
201428,961
201474,962
201474,961
201475,961
201527,962
201527,961
201528,960
201528,961
201528,961
201574,961
201574,961
201575,961
201628,961
201628,961
201628,961
201628,961
201628,960
201674,963
201674,961
201674,962
201674,962
201727,961
201727,961
201728,961
201728,961
201728,962
201728,962
201728,961
201774,961
201774,961
201774,962
201775,962
201775,961
201827,961
201827,961
201828,961
201828,962
201828,961
201874,962
201874,962
201875,961
201875,961
201928,961
201928,961
201928,961
201928,961
201974,961
201974,961
201974,961
202027,962
202027,961
202028,961
202028,961
202028,961
202028,961
202028,961
202074,961
202074,961
202074,961
202074,961
202075,961
202075,961
202127,961
202128,961
202128,961
202128,961
202128,961
202174,961
202174,961
202175,961
202175,961
202228,961
202228,961
202228,961
202228,961
202274,961
202274,961
202274,962
202274,961
202327,961
202327,960
202328,961
202328,961
202328,961
202374,961
202374,961
202374,961
202374,961
202375,961
202375,961
202427,961
202427,961
202428,962
202428,961
202428,961
202428,961
202474,961
202474,961
202475,961
202475,962
202475,961
202528,962
202528,962
202528,961
202528,961
202574,961
202574,961
202574,961
202574,963
202627,962
202628,961
202628,961
202628,961
202674,961
202674,961
202674,961
202675,961
202675,962
202727,961
202727,961
202728,961
202728,961
202728,962
202774,961
202774,961
202775,961
202775,961
202828,961
202828,961
202828,960
202874,961
202874,961
202874,961
202874,961
202874,961
202927,961
202928,961
202928,961
202928,961
202928,961
202974,959
202974,961
202974,961
202975,962
203027,960
203027,961
203028,961
203028,961
203074,961
203074,961
203075,961
203075,960
203075,960
203128,961
203128,961
203128,961
203174,961
203174,961
203174,961
203174,961
203227,961
203228,961
203274,961
203274,961
203275,961
203275,961
203327,961
203327,960
203328,961
203328,961
203328,961
203374,962
203374,961
203375,961
203375,961
203375,961
203428,960
203428,961
203428,961
203428,961
203474,960
203474,961
203474,962
203474,960
203474,960
203474,961
203527,961
203528,961
203528,962
203528,962
203574,959
203574,961
203574,961
203627,962
203627,961
203628,960
203628,961
203628,962
203674,961
203674,961
203675,962
203675,962
203675,961
203728,961
203728,961
203774,962
203774,961
203774,962
203774,961
203774,961
203827,961
203828,962
203828,962
203828,961
203874,961
203874,962
203874,962
203875,961
203875,961
203927,961
203927,961
203928,962
203928,961
203928,961
203974,961
203974,962
203975,961
203975,961
203975,961
204028,961
204028,962
204028,962
204028,961
204074,961
204074,961
204074,962
204074,961
204074,961
204127,961
204128,961
204128,961
204128,961
204128,961
204174,961
204175,961
204227,962
204227,961
204228,961
204228,961
204274,961
204274,962
204275,960
204275,961
204328,961
204328,961
204328,958
204374,961
204374,962
204374,961
204374,961
204374,961
204427,961
204428,961
204474,961
204474,962
204474,961
204475,962
204475,961
204527,961
204527,961
204528,962
204528,962
204528,962
204574,962
204574,961
204575,961
204575,961
204628,961
204628,961
204628,961
204674,961
204674,961
204674,961
204674,961
204674,961
204727,961
204728,961
204728,961
204728,963
204774,961
204774,961
204775,960
204775,960
204775,961
204827,961
204828,961
204828,961
204828,962
204874,961
204875,963
204875,961
204875,961
204875,961
204928,961
204928,962
204928,961
204928,961
204928,962
204974,961
204974,961
204974,962
204974,961
204974,961
205028,960
205028,961
205028,961
205028,961
205074,961
205074,961
205074,963
205075,961
205127,961
205128,961
205128,961
205128,961
205128,961
205128,961
205128,961
205174,961
205175,961
205175,963
205175,961
205175,961
205228,961
205228,961
205228,961
205228,961
205284,961
205284,974
205284,968
205327,961
205327,961
205328,961
205328,961
205328,961
205374,961
205374,961
205375,962
205427,961
205427,961
205428,961
205428,961
205428,961
205474,961
205475,974
205475,973
205475,971
205475,970
205475,968
205528,961
205528,961
205528,961
205528,961
205528,961
205574,961
205574,961
205574,961
205627,961
205628,961
205674,961
205674,962
205674,961
205675,961
205675,961
205727,961
205727,961
205728,961
205728,961
205728,961
205774,961
205774,961
205775,961
205775,961
205828,960
205828,962
205828,961
205828,962
205874,961
205874,961
205874,960
205927,961
205928,961
205974,961
205974,961
205974,962
205975,961
205975,961
206027,960
206027,961
206028,961
206074,961
206074,961
206075,961
206075,961
206075,961
206128,961
206128,960
206128,961
206128,963
206174,961
206174,961
206174,961
206174,961
206174,961
206227,961
206228,960
206274,961
206274,961
206274,960
206275,961
206275,961
206327,961
206327,961
206328,962
206328,960
206374,961
206374,961
206375,961
206375,961
206375,961
206428,961
206428,962
206428,961
206428,961
206428,960
206474,961
206474,961
206474,961
206474,961
206527,961
206528,961
206528,961
206528,961
206574,962
206574,961
206575,961
206575,962
206627,961
206627,962
206628,962
206628,961
206628,961
206674,961
206674,961
206675,961
206675,961
206675,961
206675,961
206728,961
206728,961
206728,961
206728,961
206774,961
206774,961
206774,961
206774,961
206774,961
206827,961
206828,961
206828,961
206874,961
206875,961
206875,961
206927,961
206927,962
206928,961
206928,961
206928,961
206974,961
206974,961
206975,961
206975,961
206975,961
207028,961
207028,961
207028,961
207074,961
207074,959
207074,961
207074,961
207074,961
207074,961
207127,962
207128,963
207128,962
207128,962
207174,961
207174,961
207174,961
207175,961
207175,961
207227,961
207227,961
207228,961
207228,961
207228,960
207274,961
207274,962
207275,961
207275,961
207328,961
207328,961
207328,961
207328,961
207374,961
207374,961
207374,961
207374,961
207374,960
207427,961
207428,962
207428,961
207474,961
207474,961
207475,961
207475,962
207527,961
207527,962
207528,961
207528,961
207528,961
207574,961
207574,961
207575,961
207575,961
207628,961
207628,961
207628,961
207628,962
207628,961
207674,961
207674,961
207674,961
207674,961
207727,961
207728,961
207728,962
207728,961
207728,961
207774,961
207775,962
207775,962
207827,963
207828,961
207828,961
207828,961
207874,961
207875,961
207875,962
207928,962
207928,962
207928,961
207928,961
207974,961
207974,961
207974,961
207974,962
208027,962
208028,960
208028,961
208028,962
208028,963
208074,961
208074,962
208074,961
208075,961
208075,961
208127,961
208128,961
208174,961
208175,962
208175,961
208175,962
208228,961
208228,961
208228,961
208228,961
208274,961
208274,961
208274,961
208274,961
208334,961
208334,961
208334,961
208334,961
208335,961
208374,961
208374,961
208374,961
208429,961
208429,961
208429,961
208429,961
208474,961
208474,961
208474,961
208474,961
208528,960
208528,960
208528,961
208528,961
208528,961
208574,963
208574,959
208574,959
208574,961
208627,962
208628,961
208628,961
208628,961
208674,961
208674,961
208675,961
208675,961
208727,962
208728,961
208728,961
208774,961
208775,959
208828,962
208828,960
208828,961
208828,961
208828,961
208874,961
208927,961
208928,962
208928,962
208928,961
208928,961
208974,961
208974,961
208974,961
208975,961
208975,961
209027,962
209028,961
209028,961
209028,961
209074,961
209075,961
209075,961
209075,962
209128,961
209128,961
209128,961
209128,961
209128,961
209174,961
209174,961
209174,961
209174,961
209227,961
209228,962
209228,962
209228,962
209228,962
209274,960
209274,961
209275,962
209275,961
209327,961
209328,961
209374,961
209375,961
209375,961
209375,962
209428,961
209428,962
209428,961
209428,961
209474,961
209474,961
209474,961
209474,961
209527,961
209528,961
209528,960
209528,962
209574,961
209574,962
209574,962
209574,961
209575,961
209575,961
209627,961
209628,962
209628,961
209628,961
209674,961
209675,961
209675,961
209675,961
209728,961
209728,962
209728,962
209728,961
209728,961
209774,961
209774,961
209774,961
209774,962
209827,962
209828,961
209828,961
209828,961
209874,961
209874,960
209874,961
209875,961
209875,960
209927,962
209928,962
209928,962
209928,961
209974,961
209975,961
209975,961
209975,961
210028,961
210028,974
210028,974
210028,971
210028,966
210028,968
210074,961
210074,961
210074,961
210127,962
210128,961
210128,961
210128,962
210174,961
210174,961
210174,961
210175,961
210175,961
210175,961
210227,961
210228,962
210274,961
210275,962
210328,961
210328,961
210328,961
210328,961
210328,962
210374,961
210374,962
210374,961
210427,961
210428,961
210428,961
210474,962
210474,962
210474,961
210475,961
210527,961
210528,961
210528,961
210528,961
210574,961
210575,961
210575,961
210628,961
210628,961
210628,961
210628,961
210628,961
210674,961
210674,961
210674,962
210727,962
210728,962
210728,962
210728,962
210728,961
210774,961
210774,961
210774,962
210775,961
210775,961
210827,961
210828,962
210828,961
210828,961
210874,962
210875,961
210875,961
210875,961
210928,961
210928,961
210928,964
210928,961
210928,961
210974,962
210974,961
211027,962
211028,961
211028,960
211028,961
211028,961
211074,961
211075,961
211075,961
211127,961
211128,961
211128,963
211128,962
211174,962
211175,961
211175,961
211228,961
211228,962
211228,961
211228,961
211274,961
211274,961
211274,962
211327,961
211328,961
211328,962
211328,961
211328,961
211374,962
211374,961
211375,960
211375,962
211427,961
211428,962
211428,961
211428,961
211474,961
211475,961
211475,961
211475,961
211528,961
211528,963
211528,961
211528,961
211528,961
211528,961
211574,961
211574,962
211574,961
211628,961
211628,961
211628,962
211628,961
211628,961
211674,961
211674,962
211674,961
211675,962
211675,960
211728,961
211728,962
211728,962
211728,961
211728,961
211774,962
211775,961
211775,961
211775,961
211775,961
211828,961
211828,961
211828,961
211828,961
211874,961
211874,961
211874,961
211928,962
211928,961
211928,961
211928,961
211974,960
211974,962
211974,962
211975,961
211975,961
212037,961
212037,961
212037,961
212038,961
212038,961
212074,961
212074,962
212075,961
212075,961
212128,961
212128,961
212128,962
212128,961
212128,961
212174,962
212174,962
212174,962
212174,962
212174,962
212227,962
212227,961
212228,962
212228,961
212228,962
212274,962
212274,961
212275,961
212275,958
212327,961
212328,961
212374,961
212375,962
212375,962
212375,961
212428,962
212428,962
212428,961
212428,961
212428,961
212474,961
212474,962
212527,961
212528,961
212528,961
212574,962
212574,961
212574,961
212575,961
212575,961
212627,961
212628,961
212628,961
212674,962
212675,962
212675,962
212675,962
212728,961
212728,961
212728,961
212728,961
212728,961
212774,962
212774,962
212774,962
212774,961
212827,963
212828,961
212828,962
212828,961
212828,962
212874,962
212874,962
212874,963
212875,962
212875,962
212875,962
212927,961
212928,962
212928,962
212928,961
212974,962
212975,962
212975,962
212975,961
213028,961
213028,962
213028,959
213074,962
213074,962
213074,962
213127,961
213128,961
213128,961
213128,961
213128,961
213174,962
213174,961
213174,962
213175,962
213175,962
213227,962
213228,961
213228,962
213228,961
213228,962
213274,962
213275,962
213275,962
213275,962
213328,962
213328,962
213328,962
213328,962
213328,961
213374,962
213374,962
213374,961
213374,961
213374,962
213427,961
213428,961
213428,961
213428,961
213428,961
213474,961
213474,961
213474,961
213475,961
213475,961
213527,961
213528,961
213528,961
213528,960
213528,960
213574,960
213575,961
213575,961
213628,961
213628,961
213628,961
213628,961
213674,961
213674,961
213674,961
213727,962
213728,961
213728,962
213728,961
213728,962
213774,962
213774,962
213775,962
213775,961
213827,961
213828,962
213828,962
213828,962
213828,962
213874,961
213875,962
213875,961
213928,961
213928,962
213928,962
213928,961
213928,961
213974,961
213974,961
213974,961
213974,961
214027,961
214028,962
214028,962
214028,962
214028,961
214074,962
214074,962
214074,965
214075,962
214127,961
214128,961
214128,962
214128,961
214128,961
214174,961
214175,974
214175,974
214175,971
214175,970
214175,969
214228,961
214228,961
214228,961
214274,961
214274,962
214274,961
214274,961
214274,961
214327,961
214328,961
214328,961
214328,961
214374,962
214374,962
214375,961
214427,961
214428,962
214428,961
214428,961
214428,961
214474,962
214475,962
214475,961
214475,962
214475,961
214528,962
214528,962
214528,962
214528,961
214528,960
214528,960
214574,960
214628,961
214628,961
214628,961
214628,961
214628,961
214674,962
214674,961
214674,962
214675,961
214675,961
214727,961
214728,961
214728,961
214728,962
214728,961
214774,961
214775,961
214775,961
214828,962
214828,962
214828,964
214828,962
214828,962
214874,961
214874,962
214874,961
214874,962
214874,962
214928,961
214928,962
214928,961
214928,961
214974,962
214974,961
214974,962
214975,961
214975,960
215027,961
215028,961
215028,961
215028,962
215028,961
215074,961
215075,961
215075,961
215075,961
215075,961
215128,961
215128,962
215128,961
215128,961
215174,961
215174,961
215228,961
215228,961
215228,962
215274,961
215274,962
215275,961
215275,962
215327,961
215328,961
215328,962
215328,961
215328,961
215393,961
215394,974
215394,973
215394,971
215394,970
215394,966
215428,962
215428,961
215428,962
215428,961
215428,961
215474,961
215474,961
215474,961
215474,961
215527,961
215527,959
215527,962
215528,961
215528,961
215574,961
215574,961
215574,961
215574,963
215575,961
215575,961
215574,961
215627,962
215627,961
215627,961
215628,961
215628,961
215674,961
215675,962
215675,961
215675,961
215728,961
215728,961
215728,961
215774,961
215774,961
215774,961
215774,961
215827,961
215827,960
215828,962
215828,961
215828,962
215874,962
215874,961
215874,961
215874,961
215927,961
215927,961
215927,960
215928,961
215928,961
215928,962
215974,961
215974,961
215975,961
215975,961
215975,961
216028,962
216028,961
216028,961
216028,961
216028,961
216074,962
216074,962
216074,962
216127,960
216127,961
216128,961
216128,961
216128,961
216174,961
216174,962
216175,961
216175,961
216227,961
216227,961
216227,961
216228,961
216228,961
216274,961
216274,961
216275,961
216275,961
216275,961
216328,961
216328,961
216328,961
216328,961
216374,962
216374,961
216374,962
216374,960
216374,961
216427,962
216427,961
216428,961
216474,962
216474,962
216474,961
216475,962
216527,962
216528,961
216528,961
216528,961
216574,962
216574,962
216575,961
216575,961
216628,962
216628,961
216628,962
216628,962
216674,961
216674,961
216674,961
216674,961
216674,961
216727,961
216727,961
216728,961
216728,961
216728,961
216774,961
216774,961
216775,961
216775,960
216827,961
216827,961
216828,961
216828,961
216874,961
216874,961
216875,961
216875,961
216875,960
216928,963
216928,961
216928,963
216928,961
216928,962
216974,961
216974,962
216974,962
216974,962
216974,962
216974,962
217027,961
217028,961
217028,961
217028,961
217074,961
217074,962
217074,962
217075,961
217075,961
217127,961
217127,961
217128,961
217128,961
217174,961
217174,962
217175,963
217175,961
217175,962
217228,961
217228,961
217228,961
217274,961
217274,961
217274,961
217274,960
217274,961
217327,961
217327,961
217328,961
217328,961
217374,961
217375,960
217375,960
217375,961
217427,961
217427,961
217428,961
217474,962
217474,961
217475,961
217475,962
217528,961
217528,961
217528,961
217528,961
217528,961
217574,962
217574,961
217574,961
217627,962
217627,961
217628,962
217628,963
217628,962
217674,962
217674,962
217674,962
217675,961
217675,961
217727,961
217728,961
217728,961
217728,961
217774,961
217774,961
217775,961
217775,961
217775,962
217828,961
217828,961
217828,961
217828,961
217828,961
217874,961
217874,962
217874,961
217874,961
217874,961
217927,961
217927,961
217928,961
217974,961
217974,961
217975,961
217975,961
218027,961
218028,974
218028,973
218028,971
218028,969
218028,967
218074,961
218074,961
218075,961
218075,961
218075,961
218128,961
218128,962
218128,973
218128,973
218128,971
218128,969
218174,961
218174,962
218174,962
218227,961
218227,961
218228,961
218228,961
218274,961
218274,961
218274,961
218274,961
218275,961
218275,961
218327,961
218328,961
218328,961
218328,961
218374,962
218375,961
218375,962
218375,962
218428,961
218428,961
218428,961
218428,960
218428,961
218474,961
218474,960
218474,961
218474,961
218527,961
218528,959
218528,962
218574,961
218574,961
218574,960
218627,961
218628,961
218628,961
218628,962
218628,961
218674,961
218675,961
218675,961
218675,961
218728,961
218728,962
218728,962
218728,961
218784,961
218784,961
218784,961
218784,961
218827,961
218827,961
218827,961
218828,961
218828,961
218874,961
218874,961
218874,962
218874,961
218875,961
218927,961
218927,961
218927,961
218974,961
218974,962
218975,961
218975,961
218975,961
219027,961
219028,961
219028,961
219028,961
219028,961
219074,961
219074,962
219127,961
219127,961
219128,961
219128,961
219128,961
219174,961
219174,961
219175,961
219227,962
219227,961
219228,961
219228,961
219228,961
219274,962
219274,961
219275,962
219275,962
219328,961
219328,961
219328,961
219328,962
219328,961
219374,961
219374,961
219374,962
219374,961
219427,961
219428,960
219428,961
219474,961
219474,961
219474,961
219475,961
219527,961
219528,962
219574,961
219574,961
219575,961
219575,960
219575,961
219575,961
219628,961
219628,961
219628,961
219628,960
219628,960
219674,961
219674,961
219674,961
219727,961
219728,961
219728,961
219774,964
219774,961
219774,961
219775,961
219827,961
219827,961
219828,961
219828,961
219828,961
219874,961
219874,961
219875,959
219928,961
219928,961
219928,961
219928,961
219974,962
219974,961
219974,959
219974,962
220027,961
220028,961
220074,963
220074,962
220074,961
220075,961
220127,961
220127,961
220128,961
220128,961
220128,962
220174,961
220174,959
220175,961
220175,961
220175,961
220228,962
220228,961
220228,961
220274,961
220274,962
220274,961
220274,961
220274,961
220274,962
220327,962
220327,961
220328,962
220328,961
220328,961
220374,961
220374,961
220374,962
220375,961
220427,962
220427,961
220428,961
220428,961
220428,961
220474,961
220474,961
220475,961
220475,961
220475,961
220528,961
220528,962
220528,963
220528,961
220528,961
220574,961
220574,961
220574,962
220574,962
220574,961
220627,961
220628,961
220628,960
220674,961
220674,961
220675,961
220675,961
220727,962
220728,961
220728,961
220728,961
220774,961
220774,961
220775,961
220775,961
220775,961
220828,962
220828,962
220828,961
220828,961
220874,961
220927,962
220927,961
220928,961
220928,961
220928,961
220974,961
220974,962
220974,961
221027,960
221027,961
221028,961
221028,961
221074,962
221074,961
221075,961
221075,962
221075,961
221133,962
221133,961
221133,961
221133,961
221133,961
221174,962
221174,961
221174,962
221230,961
221230,961
221230,961
221230,961
221274,961
221274,961
221274,961
221274,961
221274,961
221327,961
221328,961
221328,960
221328,961
221374,961
221374,961
221374,961
221375,962
221375,962
221375,961
221427,961
221427,961
221428,961
221428,959
221428,961
221474,961
221474,962
221475,962
221475,961
221475,961
221475,961
221528,961
221528,961
221528,962
221528,962
221574,962
221574,962
221574,961
221574,961
221574,961
221627,961
221627,961
221628,961
221628,961
221628,962
221674,961
221674,961
221674,961
221675,961
221675,961
221727,961
221727,961
221728,961
221728,962
221728,962
221728,962
221774,961
221774,961
221775,961
221775,961
221828,961
221828,961
221828,961
221828,961
221874,961
221874,961
221874,961
221927,961
221927,961
221928,962
221928,961
221928,961
221974,961
221974,961
221974,961
221975,961
222027,961
222027,961
222028,961
222028,961
222028,961
222074,962
222074,961
222075,961
222075,961
222075,961
222128,961
222128,961
222128,961
222128,960
222128,960
222174,961
222174,961
222174,961
222174,961
222174,961
222227,961
222227,961
222228,961
222228,961
222228,961
222274,961
222275,974
222275,973
222275,971
222275,971
222275,969
222275,967
222327,961
222327,961
222328,961
222328,961
222328,961
222374,961
222374,960
222375,961
222375,974
222375,968
222428,961
222428,961
222428,961
222428,961
222428,961
222428,960
222474,961
222474,961
222474,961
222474,960
222474,960
222527,962
222527,961
222528,961
222528,961
222528,961
222574,961
222574,961
222575,961
222575,961
222575,960
222627,961
222627,961
222628,961
222628,961
222628,961
222674,961
222674,961
222675,961
222675,960
222675,961
222728,961
222728,961
222728,961
222728,961
222728,961
222728,961
222774,961
222774,964
222774,961
222774,961
222827,961
222827,961
222828,961
222828,961
222828,961
222874,961
222874,961
222874,961
222874,961
222875,962
222875,961
222927,960
222927,962
222928,961
222928,961
222928,961
222974,961
222974,961
222975,961
222975,961
222975,961
223028,961
223028,961
223028,963
223028,960
223028,961
223074,961
223074,961
223127,961
223127,960
223128,961
223128,961
223128,961
223174,961
223174,961
223174,961
223175,961
223175,961
223227,962
223227,961
223228,961
223228,961
223274,961
223274,961
223275,962
223275,961
223275,961
223328,961
223328,961
223328,961
223328,961
223374,961
223374,961
223427,961
223427,961
223428,960
223428,961
223428,961
223474,961
223474,961
223474,962
223475,961
223475,961
223527,961
223527,961
223528,961
223528,961
223528,961
223574,962
223574,961
223575,961
223575,960
223575,961
223628,961
223628,961
223628,960
223628,961
223628,961
223674,962
223674,962
223674,962
223674,962
223674,962
223727,961
223727,961
223728,961
223728,961
223728,961
223774,961
223774,961
223775,961
223775,961
223827,961
223827,961
223828,962
223828,962
223828,962
223874,963
223874,962
223875,961
223875,962
223875,962
223928,961
223928,961
223928,961
223928,961
223974,961
223974,960
223974,959
224027,962
224027,962
224028,961
224028,961
224028,961
224028,961
224074,962
224074,961
224074,961
224075,961
224127,961
224127,961
224128,960
224128,961
224174,961
224174,962
224175,961
224228,960
224228,960
224228,960
224228,961
224274,961
224274,961
224274,960
224274,961
224274,961
224327,961
224328,961
224328,961
224328,961
224328,961
224374,960
224374,961
224374,960
224427,962
224427,961
224428,960
224428,960
224474,960
224474,961
224475,961
224475,961
224475,961
224528,961
224528,962
224528,961
224528,960
224528,961
224528,961
224574,961
224574,961
224574,961
224574,961
224574,960
224627,962
224628,961
224628,962
224628,962
224674,961
224674,962
224674,961
224675,961
224675,961
224727,961
224727,961
224728,961
224728,961
224728,962
224774,961
224774,961
224775,961
224775,961
224828,961
224828,961
224828,962
224828,961
224828,961
224874,961
224874,962
224874,962
224874,961
224874,961
224927,961
224974,961
224975,961
224975,961
225027,961
225028,960
225028,961
225028,961
225028,960
225074,961
225075,961
225075,962
225128,961
225128,962
225128,961
225128,961
225174,962
225174,961
225174,962
225174,961
225174,961
225228,961
225228,961
225228,961
225228,961
225274,961
225274,961
225275,961
225327,962
225328,962
225328,961
225328,960
225328,961
225374,960
225375,961
225375,961
225375,961
225428,961
225428,961
225428,961
225474,960
225474,962
225537,961
225537,961
225538,961
225574,962
225574,960
225574,961
225575,961
225575,961
225627,961
225627,960
225627,961
225628,960
225628,961
225674,961
225675,961
225675,961
225675,961
225728,960
225728,961
225774,961
225774,960
225774,961
225774,961
225774,960
225827,961
225827,961
225828,961
225828,961
225828,961
225874,962
225875,961
225875,961
225927,961
225928,960
225928,960
225928,961
225928,961
225928,961
225974,961
225974,961
225975,961
225975,961
226028,961
226028,961
226028,961
226028,961
226074,961
226074,961
226074,961
226074,962
226074,961
226127,961
226127,962
226128,961
226128,960
226174,961
226174,962
226174,961
226175,961
226175,961
226175,962
226227,961
226227,961
226228,961
226228,961
226228,961
226274,961
226274,961
226275,961
226275,961
226275,960
226275,961
226328,962
226328,961
226328,961
226328,961
226328,961
226374,961
226374,961
226374,961
226374,961
226374,961
226427,961
226427,961
226428,961
226428,961
226428,961
226474,961
226475,961
226527,962
226527,961
226528,961
226528,961
226528,961
226574,961
226574,961
226575,961
226575,961
226575,961
226628,962
226628,961
226628,962
226628,962
226628,961
226674,961
226674,961
226674,961
226674,961
226674,961
226727,961
226727,962
226728,962
226728,961
226728,961
226774,961
226774,961
226774,961
226775,961
226775,961
226827,961
226827,961
226828,974
226828,974
226828,971
226828,969
226828,968
226874,961
226874,961
226875,961
226875,962
226875,961
226928,961
226928,961
226928,974
226928,974
226928,970
226928,967
226974,961
226974,961
226974,961
227027,962
227027,961
227028,961
227028,961
227074,960
227075,961
227075,959
227075,959
227127,962
227127,962
227128,961
227128,961
227128,961
227174,961
227174,962
227175,961
227175,962
227228,961
227228,961
227228,961
227228,961
227228,961
227228,961
227274,961
227274,961
227274,961
227274,961
227274,961
227327,964
227328,962
227328,962
227328,962
227328,962
227374,962
227374,961
227374,962
227375,961
227375,961
227427,961
227427,961
227428,961
227428,961
227474,959
227474,961
227475,960
227475,961
227528,961
227528,961
227528,960
227574,961
227574,961
227574,961
227574,961
227574,961
227627,961
227628,962
227628,962
227628,961
227674,961
227674,962
227674,961
227675,961
227727,961
227728,962
227728,962
227728,962
227774,961
227774,962
227775,962
227775,962
227775,962
227828,961
227828,961
227828,961
227828,962
227828,961
227874,962
227874,962
227874,962
227874,961
227874,962
227927,961
227928,962
227928,961
227974,961
227974,961
227974,961
227975,961
227975,961
228027,961
228027,961
228028,962
228028,962
228028,962
228074,961
228074,962
228075,961
228075,961
228075,961
228128,961
228128,961
228128,962
228128,961
228174,961
228174,961
228174,961
228174,961
228174,961
228227,961
228228,961
228228,961
228228,961
228228,961
228228,961
228274,962
228274,961
228274,961
228275,961
228327,961
228327,960
228328,962
228374,961
228374,962
228375,961
228375,962
228428,961
228428,961
228428,960
228428,961
228474,961
228474,961
228474,962
228474,961
228527,961
228528,962
228528,961
228528,961
228574,961
228574,961
228574,961
228575,961
228575,961
228627,962
228627,961
228628,962
228628,961
228628,960
228674,961
228674,961
228675,961
228675,961
228675,961
228675,961
228728,961
228728,961
228774,961
228774,961
228774,961
228774,961
228774,961
228827,961
228828,961
228828,961
228874,960
228874,961
228874,961
228927,961
228927,961
228928,961
228974,961
228974,961
228975,961
228975,961
228975,961
229028,961
229028,961
229028,961
229028,961
229074,961
229074,962
229074,961
229074,961
229074,961
229074,961
229127,961
229128,961
229128,961
229174,961
229174,962
229174,961
229175,961
229175,961
229227,962
229227,961
229228,962
229228,961
229274,961
229274,961
229275,961
229328,961
229328,961
229328,961
229328,962
229374,961
229374,961
229374,961
229374,960
229374,960
229427,961
229428,961
229428,962
229428,961
229474,961
229474,961
229474,961
229475,961
229475,962
229527,961
229527,961
229528,961
229528,961
229528,961
229574,961
229575,961
229575,961
229628,961
229628,961
229628,961
229628,961
229674,961
229674,961
229674,961
229674,961
229727,961
229728,961
229728,964
229728,962
229728,961
229774,961
229774,962
229774,961
229775,960
229775,961
229775,961
229827,961
229827,961
229828,961
229828,961
229828,962
229874,961
229875,962
229875,962
229875,961
229928,961
229928,963
229928,963
229928,961
229974,962
229974,959
229974,961
229974,961
230027,961
230028,961
230028,961
230028,961
230028,961
230074,961
230074,961
230074,961
230075,961
230075,961
230127,962
230128,961
230128,961
230128,961
230174,961
230175,961
230175,961
230175,961
230228,961
230228,961
230228,961
230228,961
230274,961
230274,961
230274,961
230274,961
230327,961
230328,959
230328,961
230328,961
230328,961
230374,962
230374,961
230375,961
230427,961
230428,961
230428,961
230428,961
230474,961
230528,961
230528,961
230528,961
230574,962
230574,961
230574,961
230627,961
230628,961
230628,961
230674,961
230674,962
230674,962
230675,961
230675,962
230675,962
230727,961
230728,961
230728,961
230728,961
230728,961
230774,962
230775,962
230775,962
230775,961
230828,961
230828,961
230828,961
230874,961
230874,961
230874,961
230927,961
230928,961
230928,961
230974,961
230974,961
230975,961
230975,961
230975,961
231027,961
231028,961
231028,960
231028,961
231074,961
231075,974
231075,973
231075,970
231075,969
231075,967
231128,961
231128,962
231128,961
231128,961
231128,961
231174,961
231174,962
231174,963
231227,961
231228,961
231228,961
231274,961
231274,961
231275,961
231275,962
231327,961
231328,961
231328,962
231328,962
231374,961
231375,962
231375,961
231375,961
231428,960
231428,962
231428,961
231428,961
231428,961
231474,961
231474,961
231474,961
231474,961
231527,962
231528,961
231528,961
231528,961
231574,962
231574,961
231574,962
231575,962
231575,961
231627,961
231628,961
231628,961
231628,961
231674,962
231675,961
231675,962
231675,962
231728,961
231728,961
231728,961
231728,961
231774,961
231774,961
231828,961
231828,961
231828,961
231874,962
231874,961
231874,961
231875,961
231875,961
231875,962
231928,961
231928,961
231928,961
231928,960
231974,961
231975,961
231975,962
231975,961
231975,961
232028,961
232028,961
232028,962
232028,962
232028,961
232074,961
232074,961
232074,961
232074,961
232128,961
232128,961
232128,961
232128,961
232128,961
232174,961
232174,962
232174,961
232175,961
232175,961
232175,961
232227,961
232228,962
232228,962
232228,961
232228,960
232284,961
232285,974
232285,973
232285,973
232285,970
232285,970
232285,969
232328,961
232328,961
232328,961
232328,962
232374,961
232374,961
232374,962
232374,961
232374,961
232427,961
232427,961
232428,962
232428,961
232428,961
232474,961
232474,961
232474,961
232474,961
232475,961
232475,961
232527,961
232528,962
232528,962
232528,961
232574,961
232574,961
232575,961
232575,961
232575,961
232628,961
232628,962
232628,961
232628,961
232674,961
232674,961
232674,961
232674,961
232727,961
232728,961
232728,961
232728,961
232774,961
232774,961
232774,961
232775,961
232775,961
232827,961
232828,961
232874,961
232875,961
232875,962
232875,962
232928,961
232928,962
232928,961
232928,961
232974,961
232974,962
232974,962
232974,961
233027,961
233028,961
233028,962
233028,962
233028,961
233074,961
233074,961
233074,961
233075,961
233075,962
233127,961
233128,961
233128,961
233174,961
233175,961
233175,961
233175,961
233175,961
233228,961
233228,961
233228,961
233274,961
233274,961
233274,961
233274,960
233327,961
233328,961
233374,961
233374,962
233374,961
233375,962
233375,962
233427,961
233428,961
233428,962
233428,962
233474,961
233475,961
233475,961
233528,961
233528,962
233528,961
233528,961
233574,961
233574,962
233574,962
233574,961
233627,961
233628,961
233628,962
233628,962
233628,962
233674,961
233674,961
233675,962
233675,961
233727,961
233728,961
233728,959
233728,959
233774,961
233775,962
233775,961
233775,961
233828,961
233828,961
233828,961
233828,961
233874,962
233874,961
233874,961
233874,960
233934,961
233934,961
233935,961
233935,961
233935,961
233974,961
233974,961
233975,961
234029,962
234029,963
234029,963
234029,962
234029,962
234030,961
234074,961
234074,962
234074,961
234074,961
234127,962
234128,961
234128,961
234128,962
234174,963
234174,961
234174,961
234174,960
234174,961
234227,962
234228,961
234228,961
234228,961
234228,961
234274,961
234274,961
234274,963
234275,961
234275,961
234327,961
234328,961
234328,962
234374,961
234375,961
234375,961
234375,961
234428,961
234428,961
234428,961
234428,961
234428,961
234474,961
234474,961
234474,961
234474,961
234527,961
234528,961
234528,961
234528,961
234528,961
234574,961
234574,961
234574,961
234575,961
234575,961
234627,962
234628,961
234628,961
234628,961
234628,961
234674,961
234675,963
234675,961
234675,961
234728,961
234728,960
234728,961
234728,961
234728,961
234774,962
234774,961
234774,961
234827,961
234828,961
234828,960
234828,961
234828,961
234828,961
234874,961
234874,961
234875,961
234875,961
234927,961
234928,961
234928,961
234928,961
234928,961
234974,961
234975,961
234975,961
235028,961
235028,961
235028,961
235028,961
235074,961
235074,961
235074,961
235074,961
235127,962
235128,961
235128,962
235128,962
235128,961
235174,961
235174,962
235174,962
235227,961
235228,961
235228,962
235274,961
235275,962
235275,962
235275,962
235328,961
235328,962
235328,962
235328,961
235328,961
235374,961
235374,961
235374,962
235374,962
235374,959
235427,961
235428,962
235428,963
235428,961
235474,962
235474,962
235475,961
235527,961
235528,961
235528,961
235528,961
235528,961
235574,960
235575,962
235575,961
235575,961
235628,961
235628,975
235628,973
235628,971
235628,969
235674,962
235674,962
235674,962
235674,962
235727,961
235728,961
235728,961
235728,961
235728,960
235774,961
235774,961
235774,961
235775,961
235775,961
235827,961
235828,962
235828,962
235874,962
235875,961
235928,962
235928,961
235928,961
235928,961
235928,961
235974,961
235974,961
235974,961
235974,961
236027,961
236028,961
236074,961
236074,962
236074,961
236075,962
236075,962
236127,961
236128,961
236128,961
236128,961
236128,961
236174,962
236175,960
236175,961
236175,961
236228,961
236228,961
236228,961
236228,961
236228,961
236274,961
236274,961
236274,961
236274,961
236274,960
236327,962
236328,962
236328,961
236328,961
236328,961
236374,961
236374,962
236427,961
236428,961
236428,960
236428,961
236428,962
236474,961
236475,961
236475,961
236475,961
236528,961
236528,961
236528,961
236528,960
236528,960
236574,961
236574,961
236574,962
236574,961
236627,961
236628,961
236628,961
236628,961
236628,961
236674,961
236674,962
236674,961
236675,961
236727,962
236728,961
236728,962
236728,962
236774,961
236775,961
236775,961
236775,961
236775,961
236828,960
236828,961
236828,961
236828,961
236828,961
236874,961
236874,961
236874,961
236874,961
236874,961
236928,961
236928,961
236928,960
236928,961
236974,961
236974,961
236974,961
236975,961
236975,961
237027,961
237028,961
237028,961
237028,961
237074,961
237075,959
237075,960
237075,961
237128,961
237128,962
237128,961
237128,961
237128,961
237174,961
237174,961
237174,961
237174,961
237174,961
237174,961
237228,961
237228,961
237228,961
237228,962
237274,961
237274,961
237274,961
237275,961
237275,961
237327,961
237328,961
237328,961
237374,961
237375,961
237375,961
237428,961
237428,961
237428,961
237428,961
237428,961
237474,960
237474,961
237474,961
237528,961
237528,961
237528,961
237528,962
237574,961
237574,961
237574,963
237575,961
237575,961
237627,961
237628,961
237628,961
237628,961
237628,960
237628,960
237674,961
237675,961
237675,963
237675,961
237728,961
237728,959
237728,961
237774,961
237774,961
237774,961
237774,961
237828,962
237828,961
237828,961
237828,961
237874,961
237874,961
237874,961
237875,961
237875,961
237875,961
237927,961
237928,961
237928,961
237928,961
237928,962
237928,961
237974,960
237975,962
237975,962
237975,961
237975,961
238028,962
238028,962
238028,961
238028,962
238074,961
238074,961
238074,961
238074,961
238128,962
238128,961
238128,961
238128,961
238174,960
238174,961
238174,961
238175,961
238227,961
238228,962
238228,961
238228,961
238228,961
238274,961
238275,962
238275,961
238275,961
238275,961
238328,961
238328,961
238328,961
238328,961
238328,961
238427,961
238432,961
238432,961
238432,961
238432,961
238432,961
238478,962
238478,961
238478,961
238478,961
238524,961
238524,961
238524,960
238525,961
238525,961
238577,960
238577,961
238578,961
238578,961
238624,962
238624,962
238625,961
238625,961
238625,961
238678,961
238678,961
238678,961
238678,961
238724,961
238724,962
238724,961
238724,961
238724,961
238777,961
238777,961
238778,962
238778,962
238778,962
238824,961
238824,961
238825,961
238825,961
238877,960
238878,960
238878,960
238878,961
238924,961
238924,961
238925,961
238925,961
238978,961
238978,961
238978,961
238978,962
239024,961
239024,963
239024,961
239024,961
239087,961
239087,974
239088,969
239088,967
239124,962
239124,961
239124,961
239124,960
239125,961
239125,961
239177,961
239177,961
239177,961
239177,961
239178,961
239224,961
239224,961
239225,961
239225,961
239277,961
239278,961
239278,959
239324,961
239324,962
239324,961
239324,961
239377,961
239377,961
239378,961
239378,961
239378,961
239424,961
239424,961
239424,962
239424,962
239425,958
239425,961
239477,961
239477,961
239478,962
239478,961
239524,961
239524,961
239525,961
239525,961
239525,961
239578,961
239578,961
239578,962
239578,962
239578,961
239578,961
239695,961
239700,961
239700,961
239700,974
239700,972
239700,970
239700,968
239701,978
239701,976
239701,971
239701,968
239727,961
239727,961
239727,962
239728,960
239728,961
239774,962
239774,961
239774,962
239775,961
239827,961
239828,961
239828,961
239828,962
239874,961
239874,962
239875,960
239875,961
239875,961
239928,961
239928,962
239928,963
239928,961
239928,961
239974,961
239974,962
239974,962
239974,961
239974,961
240027,961
240027,961
240028,961
240028,961
240028,961
240028,961
240074,962
240074,961
240074,961
240075,961
240127,962
240127,961
240128,961
240128,961
240174,961
240174,961
240175,961
240175,962
240175,961
240228,961
240228,961
240228,961
240228,961
240274,961
240274,961
240274,961
240274,961
240327,961
240327,962
240328,961
240328,961
240374,961
240374,961
240374,961
240427,960
240428,960
240428,961
240428,961
240474,961
240474,961
240475,961
240475,961
240475,961
240475,961
240528,961
240528,959
240528,959
240528,961
240528,961
240528,961
240574,961
240574,961
240574,961
240627,962
240628,961
240628,961
240628,962
240674,962
240674,961
240674,961
240727,961
240727,961
240728,961
240728,961
240774,962
240774,962
240775,963
240828,961
240828,961
240828,962
240945,961
240950,962
240950,974
240950,973
240950,970
240950,970
240951,978
240951,977
240951,972
240951,970
240977,961
240977,962
240977,961
240978,962
240978,961
241024,961
241024,960
241025,961
241025,961
241077,961
241077,961
241078,961
241078,962
241078,962
241124,961
241124,961
241125,961
241125,961
241125,961
241178,961
241178,962
241178,962
241178,961
241178,961
241224,961
241224,961
241224,961
241224,961
241224,961
241277,961
241277,962
241278,962
241278,962
241278,961
241324,961
241324,961
241324,961
241325,962
241325,962
241377,961
241377,961
241378,962
241378,962
241424,961
241424,961
241425,961
241425,962
241425,962
241478,960
241478,961
241478,961
241478,961
241478,961
241524,961
241524,961
241524,961
241524,961
241524,960
241577,961
241578,962
241578,961
241624,961
241624,961
241624,961
241625,960
241625,961
241677,962
241678,962
241678,962
241678,961
241724,961
241724,961
241725,962
241725,961
241725,961
241778,961
241778,961
241778,961
241778,961
241778,960
241824,961
241824,961
241824,961
241824,961
241877,961
241877,961
241878,962
241878,962
241878,961
241878,961
241878,962
241924,961
241924,961
241924,961
241925,962
241925,961
241977,961
241977,962
241978,962
241978,962
241978,961
242024,961
242024,961
242025,961
242025,961
242078,961
242078,961
242078,962
242078,961
242078,961
242195,961
242200,961
242201,974
242201,973
242201,972
242201,970
242201,968
242201,977
242202,970
242202,969
242202,969
242227,962
242227,962
242227,961
242228,961
242228,961
242274,961
242275,961
242275,961
242327,962
242328,962
242374,961
242374,961
242375,962
242375,961
242375,962
242428,962
242428,961
242428,962
242428,961
242474,961
242474,961
242474,961
242474,962
242474,962
242527,961
242527,961
242528,961
242528,961
242528,961
242574,961
242574,961
242574,960
242575,962
242627,962
242628,961
242628,961
242628,961
242674,961
242674,961
242675,961
242675,961
242728,961
242728,961
242728,961
242728,961
242728,961
242774,961
242774,961
242774,961
242774,961
242774,961
242827,961
242827,959
242828,961
242828,961
242828,961
242874,961
242874,961
242874,961
242875,961
242875,961
242927,960
242928,961
242928,961
242928,961
242974,962
242974,961
242975,961
242975,961
243028,961
243028,961
243028,962
243028,961
243028,961
243074,961
243074,961
243074,961
243074,960
243074,961
243127,960
243127,961
243128,962
243128,962
243174,962
243174,962
243174,961
243175,961
243227,961
243227,962
243228,961
243228,962
243274,961
243274,961
243275,961
243275,961
243328,961
243328,962
243328,962
243328,962
243328,962
243445,961
243450,961
243450,974
243450,974
243450,971
243451,970
243451,968
243451,978
243451,975
243451,972
243451,971
243477,961
243477,961
243477,961
243478,961
243478,961
243524,961
243524,962
243524,961
243525,962
243525,962
243577,961
243577,961
243578,962
243578,961
243578,962
243578,962
243624,964
243624,962
243625,961
243625,961
243678,961
243678,962
243678,961
243678,963
243678,962
243724,961
243724,961
243724,961
243777,962
243777,961
243778,961
243778,961
243824,961
243824,961
243824,962
243825,961
243825,961
243877,962
243877,962
243878,961
243878,961
243878,961
243878,961
243924,963
243924,961
243925,962
243925,961
243978,961
243978,961
243978,961
243978,961
243978,960
244024,961
244024,961
244024,961
244024,961
244024,961
244077,962
244077,961
244078,961
244124,961
244124,961
244125,961
244125,962
244177,961
244178,961
244178,962
244178,962
244224,961
244224,961
244225,961
244225,961
244225,961
244278,961
244278,961
244278,961
244278,961
244278,961
244324,961
244324,961
244324,961
244324,961
244377,961
244377,962
244378,961
244378,961
244378,961
244378,961
244424,962
244424,960
244425,961
244425,962
244477,961
244477,959
244478,961
244478,961
244478,961
244478,962
244524,962
244524,961
244525,962
244525,961
244525,961
244578,961
244578,961
244578,960
244694,961
244699,961
244699,961
244700,974
244700,974
244700,970
244700,968
244700,977
244700,977
244700,974
244701,971
244701,969
244726,961
244727,961
244727,961
244727,961
244727,961
244773,961
244773,961
244773,961
244774,962
244774,962
244774,961
244774,961
244826,961
244827,962
244827,961
244873,961
244874,960
244874,961
244874,961
244927,961
244927,961
244927,960
244927,961
244927,961
244973,961
244973,961
244973,961
244973,961
244973,962
245026,961
245027,961
245027,961
245027,961
245073,961
245073,962
245074,961
245074,962
245126,961
245127,961
245127,961
245127,960
245127,961
245173,961
245174,963
245174,961
245174,961
245174,961
245227,961
245227,961
245227,961
245227,961
245227,961
245273,961
245273,961
245326,961
245327,962
245327,961
245327,961
245373,962
245373,961
245373,962
245374,961
245374,961
245374,962
245427,961
245427,961
245427,962
245427,961
245427,961
245474,961
245474,961
245474,961
245474,961
245474,961
245527,961
245527,961
245527,961
245527,961
245527,961
245573,961
245573,961
245573,961
245573,961
245573,961
245627,960
245627,960
245627,961
245627,961
245627,960
245627,960
245673,961
245673,961
245674,961
245674,961
245727,961
245727,961
245727,963
245727,961
245774,961
245827,961
245827,961
245827,961
245827,961
245944,961
245958,961
245958,961
245959,974
245959,972
245959,969
245959,968
245959,979
245959,976
245959,973
245959,971
245960,969
245977,961
245977,964
245977,962
245977,961
245978,961
246024,961
246024,961
246024,961
246024,961
246025,961
246025,961
246077,961
246077,961
246077,962
246124,961
246124,960
246125,961
246125,961
246125,961
246125,961
246125,961
246178,962
246178,961
246178,961
246178,961
246224,961
246224,963
246224,962
246224,961
246277,961
246277,961
246278,961
246278,961
246278,961
246324,961
246324,961
246324,961
246325,961
246325,963
246377,961
246377,961
246378,961
246378,960
246424,961
246424,962
246425,962
246425,961
246425,961
246478,961
246478,961
246478,961
246478,961
246478,961
246524,961
246524,961
246524,962
246524,962
246577,961
246578,961
246578,961
246624,961
246624,961
246624,961
246625,961
246625,961
246625,961
246677,961
246678,961
246678,961
246678,961
246724,961
246725,962
246725,961
246778,961
246778,961
246778,961
246778,961
246824,961
246824,961
246824,962
246824,961
246877,961
246877,961
246878,961
246878,961
246878,961
246924,961
246924,961
246924,962
246924,961
246925,961
246925,961
246925,959
246977,962
246977,961
246978,961
246978,961
246978,960
247024,961
247024,961
247025,960
247025,961
247025,961
247154,961
247159,961
247159,974
247159,973
247159,971
247160,969
247160,968
247160,977
247160,976
247160,973
247160,971
247174,961
247174,961
247175,961
247175,961
247230,962
247230,962
247230,964
247230,964
247274,961
247274,961
247274,962
247274,961
247274,962
247327,961
247328,962
247328,961
247374,961
247374,961
247374,962
247374,961
247375,961
247375,961
247427,961
247427,963
247428,962
247428,962
247428,961
247474,961
247474,961
247475,961
247528,961
247528,961
247528,961
247528,961
247528,961
247574,961
247574,961
247574,961
247627,961
247627,961
247628,961
247628,961
247628,961
247674,961
247674,961
247674,961
247674,961
247675,961
247675,961
247675,961
247727,961
247727,961
247728,961
247728,960
247774,961
247774,961
247775,961
247775,961
247775,961
247828,961
247828,962
247828,961
247828,961
247874,961
247874,962
247927,961
247927,961
247928,961
247928,961
247928,961
247974,961
247974,962
247975,961
248027,961
248027,962
248028,962
248028,961
248028,961
248074,962
248074,961
248075,962
248075,962
248075,959
248128,961
248128,962
248128,961
248174,961
248174,961
248174,974
248174,973
248174,970
248174,968
248227,961
248227,961
248228,962
248228,962
248228,961
248274,961
248274,961
248274,961
248275,959
248275,974
248275,971
248398,961
248403,962
248403,962
248403,975
248403,974
248403,971
248404,972
248404,978
248404,977
248404,971
248404,970
248424,962
248424,961
248424,962
248425,961
248425,961
248478,961
248478,961
248478,961
248478,961
248524,961
248524,961
248524,961
248524,961
248524,961
248577,960
248577,961
248578,961
248578,961
248578,961
248624,961
248624,961
248625,961
248625,961
248677,961
248677,961
248678,961
248678,961
248678,961
248678,961
248724,961
248724,962
248725,961
248725,961
248725,962
248778,961
248778,961
248778,962
248778,962
248778,961
248824,962
248824,961
248824,962
248824,962
248824,961
248877,962
248877,961
248878,961
248878,961
248924,962
248924,961
248925,961
248977,961
248977,961
248978,961
248978,961
248978,961
249024,961
249024,961
249025,962
249025,961
249078,961
249078,959
249078,961
249078,961
249078,961
249124,961
249124,962
249124,962
249124,962
249124,961
249124,961
249177,962
249177,961
249178,961
249178,961
249224,961
249224,961
249224,961
249277,961
249277,961
249278,961
249278,961
249278,961
249324,960
249324,960
249325,961
249325,961
249325,961
249378,962
249378,961
249378,961
249378,961
249378,961
249424,961
249424,961
249424,961
249424,961
249424,960
249424,960
249477,961
249477,961
249478,962
249478,961
249478,961
249524,961
249524,962
249525,961
249634,961
249639,961
249639,961
249639,975
249639,973
249640,971
249640,970
249640,977
249640,976
249640,971
249640,970
249674,962
249674,961
249675,962
249728,961
249728,961
249728,962
249728,961
249774,962
249774,961
249774,962
249774,961
249774,960
249827,961
249827,960
249828,961
249828,960
249828,961
249828,961
249874,962
249874,961
249874,961
249875,961
249927,961
249927,961
249928,961
249928,961
249974,962
249974,962
249975,961
249975,961
249975,961
250028,961
250028,962
250028,961
250028,961
250074,961
250074,961
250074,961
250074,962
250074,961
250127,961
250127,961
250128,961
250128,961
250128,961
250174,962
250174,962
250174,961
250175,961
250227,961
250227,962
250228,961
250228,961
250274,962
250274,962
250275,962
250275,962
250328,961
250328,962
250328,961
250328,962
250328,962
250374,961
250374,962
250374,960
250374,959
250427,960
250427,961
250428,961
250474,961
250474,960
250474,961
250527,961
250527,960
250574,962
250574,961
250575,962
250575,961
250628,962
250628,961
250628,961
250628,961
250674,962
250674,961
250674,961
250674,961
250674,961
250727,961
250727,962
250728,962
250728,961
250728,961
250774,961
250774,961
250827,961
250828,962
250828,961
250828,961
250874,961
250874,961
250875,961
250875,961
250875,961
250928,961
250928,961
250928,961
250928,961
250974,961
250974,961
250974,961
250974,961
251027,961
251027,961
251028,961
251028,961
251028,961
251074,961
251074,961
251074,961
251075,961
251127,961
251127,961
251128,961
251128,961
251128,962
251128,961
251128,961
251174,961
251174,961
251175,961
251175,961
251175,961
251228,961
251228,961
251228,961
251228,961
251274,962
251274,961
251274,961
251274,961
251327,961
251327,961
251328,961
251328,962
251374,961
251374,961
251374,961
251375,961
251427,961
251427,961
251428,961
251428,961
251428,960
251474,961
251474,961
251475,961
251475,961
251528,961
251528,961
251528,961
251528,961
251574,961
251574,961
251574,961
251574,962
251574,961
251627,961
251627,961
251674,961
251674,961
251674,961
251675,961
251727,961
251727,961
251728,961
251774,961
251774,961
251775,961
251775,961
251775,961
251828,961
251828,961
251828,961
251828,961
251874,961
251874,961
251874,962
251874,961
251874,961
251927,962
251927,962
251928,961
251928,961
251928,961
251974,961
251975,962
252027,961
252027,961
252028,961
252028,961
252074,961
252074,962
252075,961
252075,962
252128,961
252128,961
252128,961
252174,962
252174,960
252174,961
252174,961
252227,961
252228,962
252228,962
252228,962
252228,962
252274,960
252274,961
252275,961
252275,961
252327,961
252328,961
252328,962
252328,961
252328,961
252374,962
252375,961
252375,961
252375,961
252428,961
252428,961
252428,961
252428,961
252428,960
252474,961
252474,961
252474,961
252528,961
252528,961
252528,961
252528,961
252528,961
252574,962
252574,962
252574,961
252575,961
252575,961
252627,962
252628,961
252628,962
252628,962
252684,961
252685,974
252685,973
252685,971
252685,969
252685,968
252728,961
252728,961
252728,961
252728,961
252774,961
252774,961
252774,962
252774,961
252827,962
252827,961
252828,961
252828,961
252828,961
252874,961
252874,961
252874,961
252874,961
252927,961
252927,961
252928,962
252928,961
252974,960
252974,961
252975,961
252975,961
252975,961
252975,961
253028,961
253028,960
253028,960
253028,960
253028,960
253074,961
253074,961
253074,961
253074,961
253074,961
253127,961
253127,961
253128,962
253128,961
253174,961
253174,961
253174,961
253175,961
253227,961
253227,961
253228,961
253228,961
253274,961
253274,961
253275,960
253275,961
253275,961
253328,962
253328,962
253328,961
253328,961
253328,960
253374,961
253374,961
253374,961
253374,961
253374,961
253427,961
253427,961
253428,961
253428,961
253428,961
253474,961
253474,960
253474,961
253475,961
253527,961
253527,962
253528,962
253528,961
253528,961
253574,960
253574,961
253575,961
253628,961
253628,961
253628,961
253628,961
253674,961
253674,961
253674,963
253674,960
253674,961
253727,961
253727,961
253728,962
253728,961
253728,961
253774,962
253774,961
253774,961
253827,961
253828,962
253828,962
253828,962
253828,962
253874,960
253874,961
253875,962
253875,961
253875,962
253928,961
253928,961
253928,961
253928,961
253928,961
253974,962
253974,961
253974,961
253974,961
253974,961
254027,961
254027,961
254028,961
254074,962
254074,964
254074,963
254127,961
254127,961
254128,961
254128,961
254174,961
254174,961
254175,962
254175,961
254175,962
254228,961
254228,961
254228,961
254228,961
254274,961
254274,962
254274,961
254274,961
254274,961
254327,961
254328,961
254328,961
254328,961
254374,961
254374,961
254374,961
254427,961
254427,961
254428,961
254428,961
254428,960
254474,961
254474,961
254475,961
254475,961
254528,962
254528,961
254574,961
254574,962
254574,962
254574,961
254627,962
254628,962
254674,961
254674,962
254674,961
254675,961
254675,961
254675,961
254727,961
254727,961
254728,961
254728,961
254728,961
254774,961
254774,961
254775,961
254828,961
254828,961
254828,961
254874,961
254874,961
254874,961
254874,961
254927,961
254928,961
254928,963
254928,961
254974,961
254975,961
254975,961
255027,961
255027,961
255074,961
255074,961
255075,961
255075,962
255128,961
255128,960
255128,961
255128,961
255174,961
255174,961
255174,960
255174,960
255227,961
255228,962
255228,961
255228,961
255274,961
255275,961
255275,962
255327,961
255327,961
255328,961
255374,961
255374,961
255375,961
255375,961
255428,961
255428,960
255428,961
255428,961
255474,961
255474,961
255474,961
255474,961
255527,962
255528,960
255528,960
255528,962
255574,961
255574,961
255575,961
255575,962
255627,961
255627,960
255628,961
255628,961
255628,961
255674,962
255674,961
255675,961
255728,961
255728,961
255728,961
255728,961
255774,961
255774,961
255774,962
255774,961
255827,961
255828,961
255828,961
255828,961
255874,961
255874,961
255874,961
255875,962
255927,961
255927,961
255928,961
255928,961
255928,961
255974,961
255974,961
255975,961
255975,960
255975,961
256028,962
256028,961
256028,962
256074,961
256074,961
256074,961
256127,961
256128,961
256128,961
256128,960
256174,961
256174,960
256174,961
256175,961
256175,962
256227,961
256227,961
256228,974
256228,974
256228,971
256228,968
256228,968
256274,961
256274,961
256275,962
256275,962
256275,961
256275,962
256328,961
256328,974
256328,974
256328,969
256328,967
256328,967
256374,961
256374,962
256374,962
256374,961
256427,961
256428,962
256428,961
256428,961
256474,961
256474,961
256474,959
256475,961
256527,961
256527,961
256528,962
256528,961
256528,961
256574,961
256574,961
256575,962
256575,961
256575,961
256628,961
256628,961
256628,962
256628,961
256674,961
256674,961
256674,961
256727,961
256728,961
256728,961
256774,961
256774,960
256774,961
256775,961
256775,961
256775,961
256827,961
256827,961
256828,961
256874,962
256874,961
256875,961
256875,961
256875,961
256928,962
256928,962
256928,961
256928,961
256928,961
256974,961
256974,961
256974,961
256974,961
257027,961
257028,961
257028,961
257028,961
257074,961
257074,961
257074,961
257075,960
257075,961
257127,961
257128,962
257128,961
257128,961
257174,961
257174,961
257175,962
257175,960
257175,961
257228,961
257228,961
257228,961
257228,963
257274,961
257274,961
257274,960
257327,961
257328,961
257328,961
257374,961
257374,961
257374,961
257375,961
257427,961
257428,961
257428,961
257428,961
257474,961
257474,962
257475,961
257475,961
257528,960
257528,961
257528,961
257528,961
257528,961
257574,961
257574,962
257574,961
257574,961
257627,961
257628,961
257628,961
257628,961
257674,962
257674,961
257674,961
257675,961
257675,961
257727,961
257728,962
257728,962
257774,961
257774,961
257775,961
257775,962
257775,961
257828,960
257828,961
257828,960
257828,961
257828,961
257874,960
257874,961
257874,961
257927,961
257928,961
257928,961
257928,961
257928,960
257974,961
257974,961
257974,961
257975,961
257975,961
258027,962
258028,961
258028,961
258028,961
258074,961
258074,961
258128,961
258128,961
258128,961
258128,962
258174,961
258174,961
258174,963
258174,961
258227,961
258228,961
258228,961
258228,961
258228,961
258274,961
258274,961
258274,961
258275,961
258275,961
258327,960
258328,961
258328,961
258374,961
258374,961
258375,961
258375,960
258375,961
258428,961
258428,961
258428,961
258428,960
258474,960
258474,961
258527,961
258528,961
258528,961
258528,961
258528,961
258574,961
258575,961
258627,961
258628,961
258628,961
258628,961
258674,961
258674,961
258675,961
258675,961
258675,961
258728,961
258728,961
258728,961
258728,961
258774,962
258774,961
258774,961
258827,961
258828,961
258828,961
258828,961
258874,961
258874,961
258874,961
258875,961
258875,961
258927,961
258928,961
258928,961
258928,961
258928,961
258974,961
258975,961
258975,961
258975,961
259028,961
259028,962
259028,961
259028,961
259028,961
259074,961
259074,961
259074,962
259074,961
259128,961
259128,961
259128,962
259128,961
259128,961
259174,961
259174,960
259174,960
259228,961
259228,961
259228,961
259228,960
259274,961
259275,961
259275,961
259275,961
259328,961
259328,961
259328,961
259328,961
259328,961
259374,961
259374,962
259374,961
259374,961
259374,961
259437,961
259437,960
259438,961
259438,961
259438,960
259474,961
259474,961
259474,961
259475,961
259527,961
259527,961
259528,961
259528,961
259574,961
259574,962
259628,960
259628,961
259628,961
259628,961
259628,961
259674,961
259674,961
259674,961
259674,961
259727,960
259727,961
259728,961
259728,961
259774,961
259774,960
259774,961
259775,961
259775,961
259827,961
259828,961
259828,960
259828,961
259874,961
259874,961
259875,961
259875,962
259928,961
259928,961
259928,961
259928,961
259928,961
259974,961
259974,961
259974,961
259974,961
260034,962
260034,962
260034,961
260035,961
260074,961
260075,961
260129,961
260129,961
260129,961
260174,961
260174,961
260174,961
260227,959
260227,961
260228,961
260228,961
260228,961
260274,960
260274,962
260274,961
260274,961
260274,961
260327,962
260327,961
260328,961
260328,961
260374,961
260374,961
260374,961
260375,961
260375,961
260427,961
260427,961
260428,959
260428,962
260474,962
260475,973
260475,969
260475,968
260527,961
260527,961
260528,961
260528,960
260528,961
260574,961
260574,961
260574,961
260574,961
260627,962
260627,961
260628,959
260674,961
260675,960
260675,960
260727,960
260727,961
260727,961
260728,961
260728,961
260728,961
260774,961
260775,962
260775,961
260775,961
260827,961
260827,961
260828,961
260828,961
260828,961
260874,962
260874,962
260874,961
260874,961
260927,961
260927,961
260928,960
260928,961
260974,961
260974,961
260974,961
260975,961
260975,961
261027,961
261027,961
261028,961
261028,962
261074,961
261075,961
261075,961
261075,961
261127,961
261127,961
261127,961
261174,960
261174,961
261174,961
261174,961
261174,962
261227,961
261227,961
261227,961
261228,961
261274,962
261274,961
261274,962
261275,962
261275,961
261327,962
261327,961
261327,961
261328,961
261328,961
261374,961
261375,961
261375,961
261427,961
261427,962
261428,961
261428,960
261474,961
261474,961
261474,961
261474,961
261474,963
261527,961
261527,961
261527,961
261528,961
261528,961
261574,961
261574,961
261574,961
261575,961
261627,961
261627,961
261627,961
261628,961
261628,961
261674,961
261675,961
261675,961
261675,961
261727,960
261727,961
261728,963
261728,961
261774,961
261774,961
261774,961
261774,960
261774,961
261847,961
261847,974
261847,968
261847,968
261874,961
261874,961
261874,961
261927,961
261927,961
261927,961
261927,961
261927,961
261974,961
261974,961
261975,961
261975,961
261975,961
262027,961
262028,961
262028,961
262074,961
262074,960
262074,961
262074,960
262127,961
262127,962
262127,961
262128,961
262174,961
262174,961
262174,961
262174,961
262175,961
262227,962
262227,961
262227,962
262227,961
262227,962
262228,962
262274,962
262274,962
262275,961
262275,961
262275,962
262327,961
262327,961
262328,960
262328,961
262328,961
262374,960
262374,961
262374,961
262374,961
262427,961
262427,961
262427,961
262427,960
262428,961
262474,961
262474,961
262474,961
262474,961
262475,961
262527,961
262527,961
262527,962
262527,962
262527,961
262527,961
262528,961
262574,961
262574,960
262575,961
262575,961
262575,961
262575,961
262627,961
262627,961
262628,961
262628,961
262628,961
262674,961
262674,961
262674,961
262674,961
262674,962
262727,962
262727,961
262727,961
262728,962
262774,961
262774,961
262774,960
262774,962
262775,961
262827,960
262827,961
262827,960
262874,960
262875,961
262875,961
262927,961
262928,962
262928,961
262928,961
262974,961
262974,961
262974,961
262974,961
263027,961
263027,961
263027,962
263027,961
263028,961
263074,961
263074,962
263074,961
263074,961
263075,961
263127,960
263127,961
263127,962
263127,962
263128,961
263174,961
263174,961
263175,961
263175,961
263175,961
263227,961
263228,961
263274,961
263274,961
263274,961
263274,961
263327,962
263327,960
263327,960
263327,961
263327,961
263328,961
263328,961
263374,960
263374,961
263374,961
263374,961
263375,961
263427,961
263427,961
263427,961
263427,961
263428,960
263474,961
263474,961
263475,961
263527,960
263527,961
263528,961
263528,961
263528,961
263528,961
263574,961
263574,961
263574,961
263574,961
263574,961
263627,961
263627,961
263627,961
263627,960
263628,961
263674,961
263674,961
263674,961
263674,963
263675,961
263675,961
263727,958
263727,960
263727,961
263728,961
263728,961
263774,960
263774,960
263775,961
263775,961
263775,960
263827,961
263827,961
263828,961
263828,961
263828,961
263874,960
263874,961
263874,961
263927,961
263927,961
263927,961
263974,960
263974,961
263974,961
263974,961
263974,962
263975,961
264027,961
264027,962
264027,961
264074,961
264074,961
264075,960
264075,961
264075,962
264127,961
264127,961
264128,961
264128,961
264128,961
264174,961
264174,961
264174,961
264174,961
264174,961
264227,961
264227,961
264227,961
264228,962
264274,961
264274,961
264274,961
264274,961
264275,963
264327,961
264327,961
264327,961
264327,961
264328,961
264374,960
264374,963
264375,960
264375,960
264375,961
264427,961
264427,961
264428,961
264428,961
264428,962
264474,960
264474,961
264474,960
264474,961
264527,961
264527,960
264527,961
264528,961
264574,961
264574,961
264574,961
264575,961
264575,961
264627,961
264627,961
264627,961
264628,961
264674,961
264675,961
264675,961
264727,961
264728,961
264728,961
264728,961
264774,961
264774,961
264774,961
264774,960
264774,961
264827,961
264827,961
264827,961
264828,961
264874,960
264874,961
264874,961
264874,961
264875,960
264875,960
264927,961
264927,961
264927,961
264928,961
264974,962
264974,961
264975,961
264975,961
264975,961
265027,961
265028,974
265028,973
265028,971
265028,969
265028,969
265074,961
265074,962
265074,962
265074,961
265074,961
265127,961
265127,961
265127,959
265127,960
265128,961
265128,974
265174,961
265174,959
265174,962
265175,961
265175,961
265227,961
265227,961
265227,961
265228,962
265274,961
265274,962
265275,961
265275,961
265327,963
265327,961
265328,961
265328,961
265328,961
265374,961
265374,961
265374,961
265374,961
265374,961
265427,961
265427,961
265427,961
265427,961
265428,960
265474,961
265474,961
265474,961
265474,961
265474,961
265475,963
265475,961
265527,961
265527,961
265527,962
265527,962
265528,961
265528,961
265574,961
265574,961
265575,962
265575,961
265575,964
265627,961
265627,961
265628,962
265628,961
265628,961
265674,961
265674,962
265674,961
265674,961
265727,962
265727,961
265727,962
265728,961
265728,961
265774,961
265775,961
265827,962
265827,962
265828,961
265874,962
265875,961
265875,961
265875,961
265927,961
265927,961
265928,961
265928,961
265974,961
265974,962
265974,962
265974,960
266027,961
266027,961
266027,961
266028,961
266028,961
266028,961
266074,961
266074,961
266075,961
266075,961
266127,961
266127,961
266127,961
266127,961
266128,960
266128,961
266184,962
266184,960
266184,960
266185,961
266185,961
266185,961
266227,960
266227,961
266227,960
266274,961
266274,961
266274,961
266274,961
266274,961
266274,963
266327,962
266327,961
266327,961
266374,961
266374,961
266374,961
266374,961
266375,960
266427,961
266427,961
266427,961
266427,961
266427,961
266474,961
266475,962
266475,961
266475,961
266527,961
266528,962
266528,962
266574,961
266574,961
266574,961
266574,961
266627,961
266627,961
266628,961
266674,961
266674,961
266675,961
266727,961
266727,961
266727,962
266728,961
266774,961
266774,961
266775,961
266775,961
266775,961
266827,961
266827,961
266828,961
266828,961
266874,962
266874,961
266927,961
266927,961
266928,961
266974,961
266974,961
266974,961
266974,962
266975,961
267027,961
267027,962
267027,962
267027,962
267028,961
267028,961
267074,961
267074,961
267075,962
267075,961
267127,961
267127,961
267128,961
267174,961
267174,961
267174,961
267174,961
267174,961
267174,961
267227,961
267227,961
267227,961
267227,961
267228,961
267228,961
267274,960
267274,959
267274,961
267274,961
267275,961
267327,961
267327,961
267327,961
267327,960
267328,960
267374,962
267374,961
267375,961
267375,961
267375,961
267427,961
267427,961
267428,961
267428,961
267428,961
267474,961
267474,962
267474,962
267474,961
267527,961
267527,963
267527,961
267528,960
267574,961
267574,961
267574,962
267575,961
267627,962
267627,962
267627,962
267627,961
267628,961
267674,961
267674,961
267675,961
267675,961
267675,961
267727,961
267727,962
267728,962
267774,960
267774,961
267774,961
267774,961
267774,961
267827,961
267827,961
267827,961
267828,961
267874,962
267874,961
267874,961
267874,961
267875,960
267927,961
267927,962
267927,961
267928,961
267974,961
267974,961
267975,961
267975,961
268027,961
268027,961
268028,961
268028,960
268028,962
268074,961
268074,961
268074,961
268074,960
268074,961
268127,961
268127,961
268127,961
268127,961
268128,960
268174,960
268174,961
268174,961
268174,961
268175,961
268227,961
268227,961
268227,961
268228,961
268274,961
268274,961
268275,961
268275,961
268275,961
268275,961
268327,961
268327,960
268328,960
268328,961
268374,962
268374,961
268374,961
268374,962
268374,961
268427,961
268427,961
268427,961
268427,961
268428,961
268474,962
268474,962
268474,962
268475,962
268527,962
268527,961
268527,961
268527,961
268528,961
268574,961
268575,961
268627,961
268627,961
268628,961
268628,961
268628,961
268674,961
268674,961
268674,961
268727,960
268727,961
268727,962
268727,962
268728,961
268774,961
268774,960
268774,961
268774,962
268775,961
268775,961
268827,961
268827,961
268827,961
268828,962
268874,961
268874,961
268875,961
268875,961
268875,961
268927,961
268928,962
268928,961
268974,961
268974,962
268974,961
268974,962
268974,960
269027,962
269027,961
269027,961
269027,961
269028,961
269028,961
269074,961
269074,962
269074,962
269074,960
269075,961
269127,961
269127,961
269127,961
269174,961
269174,962
269175,962
269175,962
269227,961
269228,961
269228,961
269228,962
269274,962
269274,962
269274,974
269274,974
269274,971
269274,969
269327,961
269327,961
269327,964
269327,962
269328,961
269374,961
269374,962
269374,962
269374,961
269375,960
269375,975
269375,975
269427,962
269427,962
269427,961
269428,962
269474,961
269474,961
269475,961
269475,962
269475,958
269527,961
269527,961
269528,962
269528,961
269528,962
269574,962
269574,962
269574,962
269574,961
269574,961
269627,959
269627,961
269627,962
269627,961
269628,962
269674,962
269674,962
269674,961
269675,962
269675,962
269727,961
269727,962
269727,962
269728,962
269774,961
269774,961
269775,961
269775,962
269775,962
269827,962
269827,962
269828,963
269828,962
269828,961
269874,961
269874,961
269874,962
269874,962
269874,962
269874,962
269927,962
269927,961
269927,962
269928,961
269974,961
269974,961
269975,964
269975,961
269975,961
270027,961
270027,961
270027,961
270027,962
270028,962
270074,962
270074,962
270075,961
270075,961
270075,961
270075,961
270127,962
270128,962
270128,962
270174,961
270174,961
270174,961
270174,961
270174,961
270227,960
270227,961
270227,961
270228,961
270274,961
270274,961
270274,962
270274,961
270275,961
270327,961
270327,962
270327,961
270327,961
270328,961
270374,962
270374,961
270375,961
270375,961
270375,961
270427,962
270427,961
270428,961
270428,961
270428,961
270474,961
270474,961
270474,960
270474,961
270474,961
270474,961
270527,962
270527,961
270527,961
270527,961
270528,961
270574,961
270574,961
270575,960
270627,961
270627,961
270627,961
270627,961
270628,961
270674,961
270674,962
270675,963
270675,961
270675,961
270727,961
270727,961
270728,961
270728,961
270774,961
270774,961
270774,962
270774,961
270774,960
270827,961
270827,961
270827,962
270827,962
270828,961
270874,962
270874,962
270874,961
270927,961
270927,961
270927,961
270928,961
270974,961
270974,961
270975,961
270975,961
270975,961
271027,961
271027,961
271028,962
271028,962
271074,960
271074,961
271074,961
271127,961
271127,960
271127,961
271174,961
271174,961
271174,961
271175,961
271227,961
271227,961
271227,961
271227,960
271274,961
271274,961
271275,960
271327,961
271328,961
271328,961
271328,961
271374,961
271374,961
271374,961
271374,962
271427,961
271427,961
271427,961
271427,960
271428,961
271428,961
271474,961
271474,961
271474,961
271475,961
271527,961
271527,961
271527,961
271528,961
271574,961
271574,961
271575,961
271575,961
271575,960
271627,963
271627,961
271628,962
271628,962
271628,961
271674,961
271674,961
271674,959
271674,961
271674,961
271727,961
271727,961
271727,961
271727,961
271728,961
271728,961
271774,961
271774,959
271774,961
271775,962
271827,961
271827,962
271828,961
271874,961
271874,961
271875,961
271875,961
271875,961
271875,961
271927,961
271927,961
271928,961
271928,961
271928,961
271974,960
271974,962
271974,961
271974,959
271974,961
272027,961
272027,959
272027,961
272027,961
272028,961
272028,961
272074,961
272074,961
272074,961
272074,962
272075,961
272127,961
272127,961
272127,962
272174,961
272174,961
272175,961
272175,961
272175,962
272227,961
272228,961
272228,960
272274,961
272274,961
272274,961
272274,961
272274,960
272327,960
272327,962
272327,961
272328,960
272374,961
272374,961
272375,962
272427,961
272427,961
272427,961
272427,960
272428,961
272428,961
272474,961
272475,961
272475,961
272475,962
272527,961
272527,961
272528,961
272528,961
272528,961
272528,961
272574,961
272574,961
272574,961
272574,961
272627,960
272627,961
272627,961
272628,960
272674,961
272674,962
272674,961
272675,961
272727,961
272727,0
272727,961
272728,961
272728,961
272774,961
272775,961
272775,961
272833,961
272833,961
272833,961
272833,961
272833,962
272874,961
272874,961
272874,962
272939,961
272939,961
272939,961
272940,961
272940,962
272974,961
272974,961
272974,961
272974,961
272974,961
273027,960
273027,962
273027,961
273028,959
273028,961
273074,961
273074,961
273074,961
273074,961
273075,961
273127,961
273127,961
273127,960
273127,961
273174,961
273174,961
273175,961
273175,961
273175,961
273227,961
273227,961
273228,962
273228,961
273228,962
273274,961
273274,961
273274,961
273274,961
273274,961
273274,961
273327,961
273327,961
273327,962
273327,962
273328,961
273374,961
273374,963
273374,961
273374,961
273375,961
273375,962
273427,960
273427,961
273427,961
273427,961
273428,961
273474,961
273474,961
273475,961
273475,961
273527,961
273527,961
273528,961
273528,961
273528,960
273528,960
273574,961
273574,960
273574,961
273574,961
273574,961
273574,961
273627,961
273627,961
273627,961
273627,961
273628,961
273674,961
273674,961
273674,962
273674,962
273727,961
273727,961
273728,962
273774,961
273774,960
273775,961
273775,961
273775,961
273827,961
273827,961
273828,973
273828,973
273828,970
273828,970
273828,968
273874,961
273874,961
273874,961
273874,961
273874,960
273927,961
273927,961
273927,961
273928,961
273928,974
273928,973
273974,961
273974,961
273974,961
273974,961
273975,960
273975,961
274027,961
274027,962
274074,961
274075,961
274075,961
274127,961
274127,961
274128,961
274128,961
274128,961
274174,961
274174,960
274174,961
274174,961
274174,961
274174,961
274227,961
274227,961
274227,961
274227,961
274228,961
274274,961
274274,961
274274,962
274274,961
274275,961
274275,962
274327,961
274327,961
274327,961
274327,961
274328,961
274374,960
274374,961
274375,961
274375,961
274375,961
274375,961
274427,961
274428,961
274428,962
274428,961
274474,962
274474,961
274474,961
274474,962
274474,961
274527,960
274527,961
274527,961
274527,961
274528,961
274574,961
274574,961
274574,961
274575,961
274627,961
274627,961
274627,962
274627,961
274628,961
274628,961
274674,962
274674,960
274675,962
274675,961
274727,962
274728,961
274774,962
274774,962
274774,961
274774,961
274774,961
274774,961
274827,961
274827,961
274827,961
274827,961
274828,961
274874,962
274874,962
274874,961
274875,961
274927,961
274927,961
274927,961
274927,961
274928,961
274974,961
274974,961
274975,962
274975,961
274975,961
275027,961
275028,961
275028,961
275074,961
275074,961
275074,962
275074,961
275074,961
275127,961
275127,961
275127,961
275128,961
275128,961
275174,961
275174,961
275174,960
275227,962
275227,961
275227,961
275227,961
275228,961
275228,961
275274,961
275274,962
275275,961
275275,960
275327,961
275328,961
275328,961
275328,960
275374,962
275374,962
275374,962
275374,961
275374,961
275427,961
275427,961
275427,961
275427,961
275428,961
275428,961
275428,961
275474,961
275475,961
275527,961
275527,961
275527,961
275527,960
275574,961
275574,961
275575,961
275575,961
275627,961
275628,962
275628,961
275628,961
275674,961
275674,961
275674,961
275674,961
275674,961
275674,961
275727,961
275727,961
275727,963
275727,961
275728,962
275774,962
275774,959
275774,961
275775,961
275827,962
275827,961
275827,961
275874,960
275874,961
275875,961
275875,962
275927,961
275928,961
275928,961
275928,958
275974,961
275974,961
275974,961
275974,960
276027,961
276027,962
276027,962
276027,961
276028,961
276074,961
276074,960
276074,961
276075,961
276075,961
276127,961
276127,961
276127,961
276127,961
276128,961
276128,961
276174,961
276174,961
276175,961
276175,961
276175,961
276175,961
276227,961
276228,961
276228,961
276228,961
276274,961
276274,961
276274,961
276274,959
276274,961
276327,961
276327,961
276327,961
276328,958
276328,961
276374,961
276374,961
276375,960
276427,961
276427,961
276427,960
276428,960
276474,961
276474,961
276475,961
276527,961
276528,961
276528,961
276528,961
276574,961
276574,961
276574,960
276574,960
276574,961
276627,961
276627,961
276627,959
276628,961
276628,961
276674,961
276674,961
276674,961
276675,960
276675,961
276727,960
276727,961
276727,961
276774,961
276774,961
276775,961
276775,961
276775,961
276827,961
276828,961
276874,960
276874,961
276874,961
276874,961
276927,964
276927,961
276927,959
276928,961
276974,961
276974,961
276974,961
277027,961
277027,961
277027,961
277027,961
277028,962
277074,961
277074,961
277075,961
277127,961
277128,961
277128,961
277128,961
277174,962
277174,961
277174,963
277227,961
277227,962
277227,959
277228,960
277228,960
277228,961
277274,961
277274,961
277274,961
277275,961
277275,961
277327,961
277327,961
277327,961
277327,961
277328,960
277374,961
277374,961
277375,961
277375,961
277375,961
277427,961
277428,961
277428,961
277428,961
277428,961
277474,961
277474,962
277474,962
277474,962
277474,961
277527,961
277527,961
277528,960
277528,960
277574,961
277574,960
277574,961
277575,961
277575,958
277627,961
277627,961
277627,962
277627,961
277628,960
277628,961
277674,961
277674,960
277675,962
277675,961
277675,961
277727,961
277728,961
277728,960
277728,961
277774,961
277774,961
277774,961
277827,961
277827,961
277828,961
277828,961
277874,961
277874,961
277874,961
277875,961
277927,961
277927,961
277927,960
277927,961
277928,961
277974,960
277974,960
277975,962
277975,961
278027,961
278028,961
278028,961
278028,960
278028,960
278074,960
278074,974
278127,961
278127,961
278128,961
278128,961
278174,961
278174,961
278174,961
278175,974
278175,971
278227,961
278227,962
278227,961
278227,960
278228,960
278228,960
278274,961
278274,961
278275,960
278275,960
278275,961
278275,961
278327,961
278328,961
278328,961
278328,961
278374,961
278374,962
278374,962
278374,961
278427,961
278427,961
278427,961
278428,961
278428,961
278474,962
278474,961
278474,961
278475,961
278475,962
278527,962
278527,962
278527,962
278527,961
278528,962
278574,961
278574,961
278575,961
278575,961
278627,961
278628,962
278628,961
278628,961
278628,961
278674,961
278674,961
278674,961
278674,961
278727,961
278727,961
278728,962
278728,961
278774,959
278774,961
278774,961
278775,961
278775,961
278827,961
278827,961
278827,961
278828,961
278828,961
278874,961
278874,961
278875,961
278875,961
278927,961
278928,961
278928,961
278928,961
278928,961
278974,961
278974,961
278974,961
278974,961
279027,961
279027,962
279028,960
279074,961
279074,961
279074,961
279075,960
279075,961
279127,961
279127,963
279128,961
279128,961
279174,961
279174,962
279175,961
279175,961
279227,961
279228,961
279228,962
279228,961
279228,961
279274,962
279274,962
279274,962
279274,962
279274,962
279327,961
279327,961
279328,961
279328,961
279328,961
279328,962
279328,962
279374,961
279374,961
279374,961
279375,961
279375,961
279375,961
279427,961
279428,962
279428,961
279428,961
279474,961
279475,961
279475,962
279527,961
279528,961
279528,960
279528,961
279574,961
279574,962
279574,961
279574,962
279574,962
279627,961
279627,961
279628,961
279674,961
279674,961
279674,962
279675,962
279737,961
279737,961
279737,961
279737,961
279774,962
279774,961
279775,962
279775,961
279775,961
279827,961
279827,962
279828,962
279874,961
279874,961
279927,962
279927,961
279927,962
279927,962
279928,961
279974,961
279974,962
279974,961
279975,963
280027,961
280027,962
280027,961
280027,962
280074,961
280074,961
280075,961
280075,962
280127,962
280128,961
280128,962
280128,960
280174,962
280174,961
280174,961
280227,961
280227,961
280227,961
280228,961
280228,961
280274,961
280275,961
280327,961
280327,961
280327,961
280328,961
280374,961
280374,961
280375,961
280375,961
280375,961
280427,960
280428,961
280428,961
280428,961
280474,961
280474,961
280474,961
280474,960
280527,961
280527,961
280527,960
280528,961
280528,961
280574,961
280574,961
280574,961
280575,961
280627,961
280627,961
280627,961
280628,961
280674,961
280674,961
280675,962
280727,961
280728,961
280728,961
280774,961
280774,961
280774,961
280827,960
280827,961
280827,962
280828,961
280828,964
280874,961
280874,961
280874,962
280875,962
280875,962
280875,961
280927,961
280927,961
280927,959
280927,961
280928,961
280928,961
280974,962
280974,961
280975,962
281027,961
281028,961
281028,961
281074,961
281074,961
281127,961
281127,961
281128,961
281128,961
281174,961
281174,961
281175,960
281175,961
281227,961
281227,961
281227,961
281227,961
281228,961
281274,962
281274,961
281275,961
281275,959
281327,961
281328,961
281374,961
281374,962
281374,961
281374,962
281427,961
281427,961
281427,961
281428,961
281474,961
281474,963
281474,961
281475,961
281527,961
281527,961
281527,961
281527,961
281528,961
281528,961
281574,961
281574,961
281575,961
281575,961
281575,961
281627,961
281628,961
281628,960
281628,961
281674,961
281674,962
281674,961
281674,961
281727,961
281727,962
281727,961
281728,961
281728,961
281774,961
281774,961
281774,961
281775,961
281827,962
281827,961
281827,963
281827,961
281828,961
281828,961
281874,961
281874,961
281875,961
281875,961
281875,961
281927,961
281928,961
281928,961
281928,961
281974,961
281974,961
282027,961
282027,961
282028,961
282028,961
282074,961
282075,961
282075,961
282127,961
282127,961
282127,961
282127,961
282128,961
282174,961
282174,961
282175,961
282175,961
282175,959
282175,961
282227,961
282228,962
282228,962
282228,963
282274,961
282274,961
282327,961
282327,961
282328,962
282328,961
282328,961
282374,961
282374,960
282374,961
282375,962
282427,961
282427,961
282428,961
282474,962
282474,961
282475,961
282475,961
282475,961
282527,961
282528,961
282528,962
282528,961
282528,961
282574,961
282574,961
282574,962
282574,961
282627,961
282628,972
282628,973
282628,971
282628,969
282628,967
282628,967
282674,961
282674,960
282674,961
282675,961
282675,961
282727,961
282727,961
282727,961
282728,961
282728,974
282728,972
282774,961
282774,961
282775,961
282775,961
282827,961
282828,961
282828,961
282828,961
282874,959
282874,961
282874,960
282874,961
282927,961
282927,961
282928,960
282928,961
282974,962
282974,962
282975,961
282975,961
283027,962
283027,961
283027,960
283027,961
283028,961
283028,961
283074,961
283074,963
283075,962
283075,962
283075,961
283127,962
283128,962
283128,961
283174,962
283174,962
283174,961
283174,961
283227,961
283227,962
283227,962
283228,961
283228,961
283274,962
283274,962
283274,962
283275,963
283275,963
283275,961
283327,959
283327,962
283328,961
283328,961
283328,961
283374,961
283375,961
283375,962
283427,961
283428,961
283428,961
283428,963
283474,962
283474,961
283474,961
283527,961
283527,961
283527,961
283528,961
283528,960
283574,961
283574,961
283574,961
283575,961
283627,961
283627,961
283627,961
283628,961
283628,961
283674,961
283675,962
283675,961
283675,961
283727,961
283728,961
283728,961
283774,961
283774,962
283774,961
283774,961
283774,961
283827,961
283827,961
283827,961
283828,961
283828,961
283874,962
283874,962
283874,962
283875,961
283875,961
283927,961
283927,962
283927,961
283928,961
283928,961
283928,961
283974,961
283975,961
283975,961
283975,961
284027,961
284028,962
284028,962
284028,962
284074,961
284074,961
284074,961
284074,961
284074,961
284127,961
284127,961
284127,961
284128,961
284128,960
284174,961
284174,961
284174,959
284175,961
284175,961
284227,961
284227,962
284227,961
284228,961
284274,961
284275,961
284275,961
284275,961
284327,961
284328,961
284328,961
284328,961
284374,961
284374,961
284374,961
284374,961
284374,961
284427,961
284427,962
284428,961
284474,961
284474,961
284475,961
284475,961
284527,961
284527,961
284528,961
284574,961
284575,961
284575,961
284575,961
284627,962
284628,961
284628,961
284628,961
284674,961
284674,961
284674,961
284674,962
284674,962
284674,962
284727,961
284727,962
284727,962
284728,961
284728,961
284793,961
284794,962
284794,962
284794,961
284827,962
284828,961
284828,961
284828,961
284828,961
284874,961
284875,961
284927,962
284927,960
284928,961
284928,961
284928,961
284974,961
284974,961
284974,961
284974,961
285027,962
285027,962
285027,961
285027,962
285028,961
285074,961
285074,961
285074,961
285074,961
285075,961
285127,961
285127,961
285127,961
285174,961
285174,962
285175,963
285175,963
285175,962
285175,961
285227,961
285227,962
285228,962
285274,961
285274,961
285274,961
285327,961
285327,962
285327,961
285327,961
285328,961
285374,961
285374,961
285374,961
285375,961
285427,959
285427,961
285427,961
285428,962
285474,961
285475,961
285475,961
285475,962
285527,961
285527,962
285528,961
285528,961
285574,961
285574,962
285574,962
285634,961
285634,962
285634,961
285634,961
285674,961
285674,960
285674,961
285675,961
285729,962
285729,962
285729,962
285774,961
285774,961
285774,961
285774,961
285774,961
285827,961
285828,961
285828,961
285828,961
285828,961
285874,961
285874,961
285874,961
285874,961
285927,962
285927,961
285928,962
285928,962
285928,961
285974,961
285974,961
285975,962
285975,959
286027,961
286027,961
286028,962
286028,962
286028,961
286028,961
286028,961
286074,961
286075,962
286075,961
286075,961
286075,962
286128,961
286128,962
286128,962
286128,961
286128,961
286174,962
286174,961
286174,961
286174,961
286227,962
286228,961
286228,961
286228,962
286228,961
286274,962
286274,961
286274,961
286275,961
286275,961
286327,962
286327,961
286328,961
286328,961
286328,961
286374,961
286374,961
286437,962
286438,961
286438,962
286438,961
286474,961
286474,961
286474,961
286474,961
286527,963
286527,961
286527,961
286528,961
286574,961
286574,961
286574,961
286574,961
286574,961
286575,961
286627,961
286627,961
286627,961
286628,961
286674,962
286674,961
286675,962
286728,961
286728,961
286728,961
286728,961
286728,962
286774,961
286774,962
286774,962
286774,961
286774,961
286827,961
286827,961
286828,961
286828,961
286828,961
286874,961
286874,961
286875,974
286875,972
286875,972
286875,970
286875,970
286875,968
286875,965
286927,961
286927,960
286927,961
286928,961
286928,961
286974,960
286974,961
286975,961
286975,974
286975,972
286975,969
286975,969
287028,962
287028,961
287028,961
287028,961
287074,961
287074,962
287074,961
287127,961
287127,962
287128,961
287128,961
287128,961
287128,961
287174,962
287174,962
287174,962
287174,961
287175,961
287227,961
287227,961
287227,961
287228,963
287228,961
287274,961
287274,961
287275,961
287275,961
287275,961
287275,961
287328,961
287328,963
287328,962
287328,961
287374,961
287374,961
287374,961
287374,961
287374,961
287427,962
287427,964
287428,962
287428,961
287428,962
287474,962
287474,962
287474,962
287474,962
287475,962
287527,962
287527,961
287527,962
287528,962
287528,962
287528,961
287574,961
287574,961
287575,961
287575,959
287628,962
287628,961
287628,962
287628,961
287628,961
287674,961
287674,961
287674,961
287674,961
287674,962
287727,961
287727,961
287728,961
287728,961
287728,961
287774,962
287774,961
287774,961
287774,961
287775,961
287827,961
287827,961
287827,961
287828,961
287828,961
287828,961
287874,960
287874,961
287875,961
287875,961
287928,961
287928,961
287928,961
287928,962
287974,961
287974,961
287974,961
287974,962
288027,962
288027,961
288028,962
288028,961
288028,961
288074,961
288074,962
288074,961
288074,962
288075,962
288127,961
288127,961
288127,961
288128,962
288128,962
288127,961
288174,961
288174,961
288175,961
288175,961
288175,961
288228,961
288228,961
288228,961
288228,961
288228,961
288274,962
288274,961
288274,961
288274,961
288327,961
288327,961
288328,961
288328,961
288328,961
288374,961
288374,961
288374,962
288374,961
288375,961
288427,962
288427,962
288428,961
288474,962
288474,961
288475,961
288475,962
288528,961
288528,962
288528,962
288528,962
288528,961
288574,961
288574,962
288574,962
288574,962
288627,962
288627,961
288628,961
288628,961
288628,962
288628,962
288674,961
288674,962
288674,961
288675,961
288675,961
288727,961
288727,961
288728,961
288728,961
288774,961
288774,961
288775,961
288828,961
288828,961
288828,961
288828,962
288828,961
288874,961
288874,961
288874,961
288874,961
288874,961
288927,959
288928,962
288928,962
288928,961
288974,962
288974,962
288974,961
288974,963
288975,961
289027,961
289027,962
289028,962
289028,961
289028,962
289074,962
289075,962
289075,962
289075,962
289075,962
289128,964
289128,961
289128,962
289128,961
289174,961
289174,961
289174,962
289174,961
289227,961
289227,961
289228,961
289228,961
289228,961
289274,962
289274,961
289274,962
289274,960
289275,961
289275,961
289327,961
289327,961
289328,962
289328,961
289374,961
289375,961
289375,961
289428,962
289428,961
289428,962
289428,962
289428,962
289474,961
289474,961
289474,961
289474,962
289527,961
289527,961
289528,961
289528,961
289528,962
289528,962
289574,961
289574,961
289574,961
289575,961
289627,961
289627,961
289628,961
289628,961
289628,960
289674,962
289674,961
289675,961
289728,961
289728,961
289728,961
289728,961
289774,962
289774,961
289774,961
289774,961
289774,961
289827,960
289828,961
289828,962
289874,961
289874,962
289874,961
289874,961
289875,961
289927,961
289927,962
289928,959
289928,961
289928,962
289974,961
289974,961
289975,961
289975,961
290028,961
290028,961
290028,961
290028,962
290028,962
290074,961
290074,961
290074,961
290074,963
290074,960
290127,961
290127,961
290128,961
290128,961
290128,961
290174,961
290174,961
290174,961
290174,962
290175,961
290227,961
290227,961
290228,961
290228,961
290228,961
290274,961
290274,961
290275,961
290275,961
290328,961
290328,962
290328,961
290328,962
290328,962
290328,961
290374,961
290374,962
290374,961
290374,961
290374,964
290427,961
290427,961
290428,961
290428,961
290474,961
290474,961
290474,962
290474,962
290475,961
290475,962
290527,961
290527,961
290528,961
290528,961
290528,961
290528,961
290574,961
290574,961
290575,961
290575,961
290628,961
290628,961
290628,961
290628,961
290628,961
290674,961
290674,961
290674,961
290674,961
290727,961
290728,959
290728,961
290774,962
290774,962
290774,961
290774,961
290775,961
290827,961
290827,962
290828,962
290828,961
290828,962
290874,962
290874,962
290875,962
290875,961
290928,961
290928,961
290928,961
290928,961
290974,960
290974,961
290974,961
290974,961
290974,961
291027,960
291027,960
291028,961
291028,961
291028,961
291074,961
291074,961
291074,961
291074,961
291075,961
291075,961
291127,961
291127,960
291128,961
291128,961
291128,961
291174,961
291175,961
291175,960
291175,961
291228,961
291228,961
291228,961
291228,961
291274,961
291274,961
291274,961
291274,961
291274,961
291327,962
291328,960
291328,961
291328,961
291374,962
291374,961
291374,961
291374,961
291375,961
291375,961
291427,961
291428,974
291428,973
291428,971
291428,970
291428,969
291474,961
291474,961
291475,961
291475,961
291475,961
291528,961
291528,961
291528,975
291528,972
291528,970
291528,966
291574,961
291574,961
291574,961
291574,960
291574,961
291627,964
291627,959
291628,961
291628,960
291628,961
291674,961
291674,961
291674,964
291727,960
291727,961
291728,961
291728,960
291728,960
291774,961
291774,961
291775,961
291775,961
291775,961
291828,962
291828,961
291828,960
291828,960
291828,960
291874,960
291874,961
291874,962
291874,961
291874,961
291927,961
291927,961
291928,961
291928,961
291928,960
291974,961
291974,961
291974,961
291975,961
291975,961
292027,962
292027,961
292028,961
292074,961
292074,962
292075,961
292075,961
292128,961
292128,961
292128,962
292128,961
292128,961
292174,961
292174,961
292174,961
292174,961
292227,961
292228,961
292228,962
292228,961
292228,963
292274,961
292274,961
292274,962
292274,961
292275,961
292327,961
292328,961
292328,961
292328,961
292374,962
292374,960
292375,961
292375,961
292428,961
292428,961
292428,962
292428,961
292474,961
292474,961
292474,961
292474,961
292527,961
292527,961
292528,961
292528,961
292528,961
292574,961
292574,961
292574,961
292575,961
292627,961
292627,962
292628,962
292628,961
292628,962
292628,962
292674,961
292674,961
292675,961
292675,961
292675,961
292675,961
292675,961
292728,960
292728,961
292728,961
292728,958
292774,962
292774,962
292774,962
292774,961
292827,961
292828,961
292828,962
292828,961
292828,961
292874,962
292875,961
292875,961
292927,962
292928,962
292928,962
292928,962
292928,962
292974,961
292975,961
292975,961
293028,961
293028,961
293028,961
293028,961
293028,961
293074,961
293074,961
293074,961
293074,961
293127,961
293128,961
293128,961
293128,961
293128,961
293174,962
293174,961
293174,961
293175,961
293175,961
293175,962
293175,962
293237,962
293237,962
293237,961
293238,961
293274,961
293274,961
293275,961
293275,961
293275,962
293328,961
293328,962
293328,962
293328,961
293374,962
293374,961
293374,960
293374,960
293427,961
293427,961
293427,961
293428,961
293474,961
293474,961
293474,961
293475,961
293527,961
293527,961
293528,962
293528,961
293528,962
293528,962
293574,961
293574,961
293575,961
293628,961
293628,961
293628,961
293628,961
293674,960
293674,958
293674,961
293674,961
293674,960
293727,961
293727,962
293728,961
293728,962
293728,961
293774,961
293774,962
293774,962
293775,961
293775,962
293827,961
293828,961
293828,961
293874,960
293874,961
293875,961
293875,960
293875,961
293928,961
293928,962
293928,962
293928,963
293928,961
293974,961
293974,961
293974,961
293974,961
293974,961
293974,961
293974,963
294027,961
294027,961
294028,962
294028,962
294028,961
294074,961
294074,961
294074,961
294074,961
294074,961
294075,961
294075,961
294127,961
294128,962
294128,961
294128,962
294174,961
294174,960
294175,961
294175,961
294228,961
294228,961
294228,961
294228,961
294228,961
294274,960
294274,962
294274,961
294274,962
294274,961
294327,962
294327,961
294328,961
294328,961
294328,961
294374,961
294374,961
294374,961
294375,961
294375,961
294375,962
294427,961
294427,961
294428,960
294428,962
294474,961
294474,961
294475,961
294475,961
294475,961
294475,961
294528,961
294528,961
294528,961
294528,960
294574,961
294574,961
294574,961
294574,961
294627,961
294627,961
294628,962
294628,962
294628,962
294674,961
294674,961
294674,961
294674,961
294675,961
294727,961
294727,961
294728,962
294728,961
294774,961
294774,961
294775,961
294775,961
294828,962
294828,962
294828,961
294828,961
294828,960
294874,961
294874,961
294874,961
294874,961
294927,962
294927,961
294928,962
294928,962
294928,962
294974,961
294974,961
294974,962
294974,962
294975,959
294975,961
294975,961
295027,960
295027,961
295028,961
295028,961
295074,961
295074,961
295075,961
295128,961
295128,961
295128,962
295128,961
295128,961
295174,961
295174,961
295174,961
295174,961
295174,961
295227,961
295227,962
295228,961
295228,961
295228,961
295274,961
295274,960
295274,961
295274,961
295275,961
295275,961
295327,961
295327,961
295328,961
295328,961
295328,961
295374,961
295374,961
295375,961
295375,961
295428,961
295428,961
295428,961
295428,961
295428,961
295474,961
295474,960
295474,962
295474,961
295474,961
295527,960
295527,960
295528,961
295528,961
295528,961
295574,960
295575,961
295627,961
295627,961
295628,961
295628,961
295628,962
295628,962
295674,961
295674,961
295675,974
295728,961
295728,960
295728,961
295728,960
295728,960
295774,960
295774,961
295774,961
295774,961
295827,962
295827,961
295828,962
295828,962
295828,962
295874,961
295874,961
295874,962
295875,961
295927,962
295927,961
295928,961
295928,961
295974,961
295974,961
295975,961
295975,961
296028,961
296028,961
296028,962
296028,962
296028,962
296074,961
296074,961
296074,961
296074,961
296074,961
296127,961
296127,961
296128,960
296128,960
296128,961
296128,961
296174,960
296174,961
296174,961
296227,961
296228,960
296274,958
296274,961
296275,961
296275,960
296275,961
296328,961
296328,961
296328,961
296328,961
296328,961
296374,961
296374,961
296374,961
296374,961
296374,961
296427,961
296427,961
296428,962
296428,961
296428,961
296474,961
296474,961
296475,961
296527,961
296527,961
296528,961
296528,961
296528,961
296574,961
296574,962
296575,962
296575,961
296575,961
296628,961
296628,962
296628,961
296628,962
296628,961
296674,961
296674,961
296674,960
296674,961
296727,962
296727,961
296728,961
296728,962
296728,961
296774,963
296774,961
296774,962
296774,962
296775,962
296775,962
296827,961
296827,961
296828,961
296828,961
296828,961
296874,961
296874,961
296875,961
296875,961
296875,961
296928,961
296928,961
296928,961
296928,961
296928,961
296974,961
296974,961
296974,961
296974,962
296974,962
297027,961
297027,962
297028,961
297028,961
297028,961
297074,961
297074,961
297074,962
297075,961
297127,961
297128,961
297174,961
297174,961
297175,961
297175,961
297175,961
297228,962
297228,962
297228,961
297228,962
297228,962
297274,962
297274,961
297274,962
297274,962
297274,962
297327,961
297327,961
297328,961
297328,961
297328,961
297374,961
297374,962
297427,961
297427,961
297428,961
297428,960
297474,961
297474,961
297475,961
297475,961
297475,961
297475,961
297528,961
297528,961
297528,962
297528,962
297574,961
297574,962
297574,961
297574,961
297574,961
297627,961
297627,961
297628,962
297674,961
297674,961
297674,961
297675,961
297727,961
297727,961
297728,961
297728,961
297774,960
297774,961
297775,961
297775,961
297775,961
297828,961
297828,961
297828,961
297874,961
297874,961
297874,962
297874,961
297874,961
297927,961
297927,961
297928,961
297928,961
297928,961
297974,961
297974,962
297974,962
297975,961
298027,961
298027,961
298028,961
298028,961
298028,961
298074,961
298074,961
298075,961
298075,961
298075,961
298128,961
298128,962
298174,961
298174,961
298227,961
298228,962
298228,960
298274,961
298274,961
298274,961
298274,961
298275,961
298275,962
298327,961
298327,961
298328,961
298328,961
298328,961
298374,961
298374,962
298375,961
298375,961
298375,961
298433,962
298433,962
298433,961
298433,962
298433,961
298474,961
298474,961
298474,961
298474,961
298474,962
298530,961
298530,961
298530,961
298530,960
298530,961
298574,961
298574,961
298574,961
298574,961
298628,960
298628,961
298628,961
298674,961
298674,961
298674,961
298675,961
298727,961
298727,961
298728,961
298728,961
298728,961
298728,961
298774,960
298774,961
298775,960
298775,960
298775,960
298775,961
298828,960
298828,961
298828,961
298828,961
298828,961
298874,961
298874,961
298927,962
298928,961
298974,960
298974,960
298974,961
298975,960
299027,960
299027,960
299028,961
299028,961
299028,960
299028,960
299074,962
299074,960
299075,961
299075,961
299075,961
299128,961
299128,961
299128,961
299128,962
299174,961
299174,961
299174,961
299174,961
299227,960
299228,961
299274,961
299274,961
299274,961
299274,961
299275,961
299275,962
299327,962
299327,962
299328,962
299328,961
299328,961
299374,961
299374,961
299375,961
299375,961
299375,962
299375,962
299428,961
299428,961
299428,961
299474,961
299474,961
299474,960
299474,962
299528,961
299528,961
299528,961
299528,961
299574,960
299574,961
299574,960
299575,960
299575,960
299575,960
299627,962
299628,961
299628,961
299628,961
299628,961
299674,962
299675,962
299675,962
299675,962
299675,961
299728,961
299728,961
299728,961
299728,961
299728,961
299774,961
299774,961
299774,961
299774,961
299774,961
299774,961
299774,960
299828,961
299828,961
299828,961
299828,961
299874,961
299874,961
299874,961
299875,961
299875,961
299937,961
299937,961
299938,961
299938,961
299938,962
299974,961
299974,961
299975,961
299975,961
299975,962
300028,961
300028,961
300028,961
300028,961
300028,961
300074,962
300074,962
300074,961
300074,961
300074,961
300127,961
300127,961
300128,960
300128,961
300174,961
300174,961
300174,961
300175,961
300175,961
300227,962
300228,975
300228,973
300228,971
300228,969
300228,968
300274,961
300274,962
300275,962
300275,961
300275,961
300328,961
300328,974
300328,973
300328,968
300328,968
300374,961
300374,961
300427,961
300428,961
300428,961
300428,961
300474,961
300474,961
300474,961
300474,961
300475,961
300475,961
300527,961
300527,961
300528,961
300528,961
300574,960
300574,961
300575,961
300575,961
300575,961
300628,961
300628,961
300628,961
300628,961
300674,961
300674,960
300674,960
300674,961
300727,961
300728,961
300728,961
300728,961
300774,961
300774,961
300774,961
300775,961
300775,961
300827,961
300827,961
300828,961
300828,961
300874,961
300874,961
300875,960
300875,961
300928,961
300928,961
300928,961
300974,962
300974,961
300974,961
301027,961
301028,960
301028,962
301028,961
301074,961
301074,962
301074,961
301075,961
301075,961
301127,962
301127,961
301128,961
301174,961
301174,961
301175,960
301175,961
301175,961
301175,960
301175,960
301228,960
301228,961
301228,960
301228,960
301274,961
301274,961
301274,961
301274,962
301327,961
301328,961
301328,960
301328,961
301374,962
301374,961
301374,961
301375,961
301375,963
301427,962
301427,961
301428,962
301428,961
301428,961
301428,961
301474,961
301474,959
301475,960
301475,960
301475,961
301528,962
301528,961
301528,960
301528,960
301574,961
301574,961
301574,962
301574,961
301627,961
301628,961
301628,961
301674,961
301674,961
301674,961
301675,961
301727,961
301727,961
301728,961
301728,961
301774,961
301774,961
301775,961
301775,961
301828,961
301828,961
301828,961
301828,961
301874,961
301874,961
301874,961
301874,961
301874,961
301927,961
301928,961
301928,962
301928,961
301974,961
301974,961
301974,961
301975,961
301975,961
302027,961
302027,960
302028,961
302028,961
302028,961
302028,961
302074,961
302074,961
302075,961
302075,961
302075,961
302128,961
302128,961
302128,961
302174,961
302227,961
302228,961
302228,961
302228,960
302274,961
302274,961
302274,961
302275,962
302275,961
302275,961
302327,961
302327,962
302328,961
302328,961
302328,960
302374,961
302374,961
302375,961
302375,961
302428,960
302428,961
302428,961
302428,961
302474,961
302474,961
302474,961
302474,961
302474,961
302527,961
302528,961
302528,962
302528,962
302528,961
302574,961
302574,961
302574,961
302574,961
302575,961
302575,960
302627,960
302627,961
302628,961
302628,961
302674,961
302674,961
302675,961
302728,961
302728,961
302728,961
302728,961
302728,961
302728,962
302728,962
302774,961
302774,961
302827,961
302828,961
302828,962
302828,961
302828,961
302874,961
302874,961
302874,961
302875,961
302875,961
302927,959
302928,961
302928,961
302928,961
302928,961
302974,961
302974,962
302975,961
302975,961
302975,962
303028,962
303028,961
303028,961
303028,961
303028,962
303074,961
303074,961
303127,960
303128,961
303128,961
303128,961
303174,961
303174,961
303174,961
303175,960
303227,961
303228,961
303228,961
303228,961
303274,960
303274,961
303275,961
303275,961
303275,961
303328,961
303328,964
303328,961
303328,960
303374,960
303374,961
303374,961
303374,961
303427,961
303428,961
303428,961
303428,960
303474,961
303474,961
303474,961
303527,960
303527,961
303528,961
303528,961
303528,961
303574,962
303574,961
303575,962
303575,962
303628,960
303628,961
303628,961
303628,960
303628,961
303674,961
303674,961
303674,960
303727,961
303728,961
303728,961
303728,961
303728,961
303774,961
303774,961
303775,961
303775,961
303775,961
303827,961
303828,961
303828,962
303828,962
303828,961
303874,961
303874,961
303875,960
303875,961
303928,961
303928,961
303928,960
303928,960
303928,961
303974,962
303974,961
303974,961
303974,961
304027,961
304028,961
304074,961
304074,961
304074,961
304075,961
304075,963
304127,961
304128,961
304128,960
304174,961
304174,961
304175,961
304175,961
304175,961
304175,961
304228,961
304228,961
304228,961
304228,961
304274,961
304274,962
304274,962
304274,961
304327,961
304328,961
304328,961
304328,961
304374,961
304374,961
304374,961
304375,961
304375,961
304427,961
304428,961
304428,961
304428,961
304474,961
304474,960
304475,974
304475,972
304475,970
304475,970
304475,969
304475,969
304528,961
304528,961
304528,961
304528,961
304528,962
304574,961
304574,961
304574,961
304574,961
304627,961
304628,962
304628,961
304674,961
304674,961
304674,960
304675,961
304727,961
304728,961
304728,961
304774,961
304774,962
304775,961
304828,961
304828,961
304828,961
304828,961
304828,961
304874,961
304874,963
304874,961
304874,961
304927,962
304928,961
304974,961
304974,961
304974,962
304975,961
304975,961
305028,961
305028,961
305028,961
305028,960
305028,961
305074,961
305074,961
305075,961
305075,961
305128,961
305128,961
305128,962
305128,961
305128,961
305174,961
305227,961
305228,962
305228,961
305228,961
305228,961
305274,961
305274,961
305274,961
305274,960
305275,961
305275,961
305327,961
305328,961
305328,960
305374,961
305374,961
305375,961
305375,961
305375,961
305428,961
305428,961
305428,963
305428,961
305474,961
305474,961
305474,961
305474,961
305474,961
305474,960
305527,960
305528,962
305528,961
305528,962
305528,961
305574,961
305574,960
305574,960
305574,960
305575,960
305627,961
305628,961
305628,961
305628,961
305674,961
305674,961
305675,961
305675,961
305675,961
305728,962
305728,961
305728,961
305728,961
305728,961
305774,962
305774,961
305774,961
305774,961
305827,961
305828,962
305828,962
305828,961
305828,961
305874,961
305875,961
305875,961
305927,961
305928,961
305928,961
305928,961
305928,961
305974,961
305974,961
305975,961
305975,961
306028,960
306028,961
306028,961
306074,961
306074,961
306074,961
306074,961
306127,961
306128,961
306128,961
306128,961
306128,961
306174,961
306174,961
306175,961
306175,961
306228,961
306228,961
306228,961
306228,961
306274,958
306275,961
306275,961
306275,960
306275,960
306328,961
306328,961
306328,961
306328,960
306374,961
306374,961
306374,961
306374,961
306374,961
306374,961
306428,961
306428,961
306428,961
306428,961
306474,962
306475,961
306528,962
306528,961
306528,961
306528,961
306528,961
306574,961
306575,961
306575,961
306575,961
306575,961
306575,961
306628,961
306628,961
306628,961
306628,961
306628,960
306674,961
306674,961
306674,960
306674,961
306674,961
306674,961
306737,961
306737,962
306738,961
306738,961
306738,961
306774,959
306774,961
306774,961
306774,961
306775,961
306775,961
306827,961
306827,961
306828,961
306828,961
306828,961
306828,961
306874,961
306874,961
306875,961
306875,961
306875,961
306928,961
306928,961
306928,961
306928,960
306928,961
306974,961
306974,961
306974,961
307027,961
307028,961
307028,961
307028,961
307028,961
307074,961
307074,961
307074,961
307075,960
307075,961
307127,961
307128,962
307128,962
307128,961
307174,961
307175,961
307175,961
307175,961
307228,961
307228,962
307228,961
307228,961
307274,961
307274,961
307274,961
307274,961
307274,961
307327,961
307328,960
307328,961
307328,961
307328,961
307374,961
307374,961
307374,961
307375,961
307375,961
307427,961
307428,961
307428,961
307428,961
307428,961
307474,961
307475,960
307475,961
307528,961
307528,959
307528,961
307528,961
307574,961
307574,961
307574,962
307574,962
307574,962
307627,961
307628,961
307628,961
307628,961
307628,961
307674,961
307674,961
307674,962
307675,961
307675,961
307775,961
307780,961
307780,961
307780,960
307780,961
307780,961
307824,961
307824,961
307825,961
307825,961
307825,961
307877,961
307878,962
307878,961
307878,961
307878,961
307924,961
307924,962
307924,961
307924,961
307924,961
307924,962
307977,962
307977,961
307978,961
307978,962
308024,961
308024,961
308024,961
308024,961
308025,961
308077,961
308078,961
308124,961
308124,962
308125,961
308125,961
308177,961
308178,961
308178,962
308178,961
308178,962
308224,960
308224,961
308224,961
308224,961
308277,961
308278,961
308278,962
308324,961
308324,961
308324,961
308324,962
308377,961
308378,961
308378,961
308424,961
308425,962
308425,961
308425,961
308477,961
308478,962
308478,961
308478,961
308478,961
308524,960
308524,961
308524,961
308524,961
308524,961
308577,961
308577,961
308577,962
308578,960
308624,961
308624,962
308624,962
308624,962
308625,961
308677,961
308677,960
308677,960
308677,961
308678,961
308678,961
308724,961
308724,961
308725,961
308725,961
308725,962
308778,961
308778,961
308824,961
308824,961
308824,961
308824,961
308824,961
308877,961
308877,961
308878,961
308878,960
308878,960
308924,962
308924,961
308924,961
308924,961
308924,961
308925,961
309048,961
309053,961
309054,971
309054,972
309054,970
309054,968
309054,977
309055,970
309074,961
309074,960
309074,961
309128,961
309128,961
309128,961
309128,960
309128,961
309174,961
309174,961
309174,961
309174,961
309174,961
309227,961
309227,961
309228,961
309228,960
309228,961
309274,961
309274,961
309274,961
309274,960
309327,961
309327,960
309327,960
309328,960
309328,960
309328,961
309374,961
309374,959
309375,961
309375,961
309375,961
309428,961
309428,961
309428,961
309428,961
309428,960
309474,961
309474,960
309474,961
309474,961
309527,961
309528,961
309528,961
309528,960
309574,961
309574,961
309574,961
309574,961
309575,961
309627,959
309627,961
