Timestamp (ms),INT_STRAIN6
5169,9
5170,10
5170,10
5170,8
5170,10
5170,9
5170,10
5170,10
5170,8
5170,10
5170,9
5171,10
5171,9
5171,8
5171,9
5171,9
5171,10
5171,10
5171,8
5171,9
5172,10
5172,10
5172,9
5172,8
5172,8
5172,10
5172,8
5172,10
5172,11
5172,8
5173,10
5173,10
5173,10
5173,9
5173,10
5173,10
5173,10
5173,10
5173,9
5174,8
5174,10
5174,10
5174,10
5174,10
5174,8
5174,10
5174,10
5174,10
5174,10
5175,8
5175,10
5175,10
5175,10
5175,10
5175,8
5175,10
5175,9
5175,10
5176,9
5176,8
5176,10
5176,9
5176,10
5176,10
5176,8
5176,10
5176,9
5177,10
5177,10
5177,8
5177,9
5177,9
5177,10
5177,10
5177,8
5177,9
5177,8
5178,12
5178,9
5178,8
5178,9
5178,8
5178,10
5178,9
5178,10
5178,9
5179,8
5179,10
5179,10
5179,9
5179,10
5179,8
5179,10
5179,9
5186,8
5186,10
5186,9
5186,10
5186,10
5186,8
5186,10
5187,9
5187,10
5187,10
5187,8
5187,9
5187,9
5187,10
5187,9
5187,8
5188,9
5188,8
5188,10
5188,10
5188,9
5188,9
5188,9
5188,10
5188,10
5188,9
5189,9
5189,8
5189,10
5189,10
5189,10
5189,9
5189,8
5194,10
5194,9
5194,8
5195,11
5195,9
5195,10
5195,9
5195,9
5195,11
5195,9
5195,10
5195,10
5196,8
5196,10
5196,9
5196,10
5196,9
5196,8
5196,10
5196,9
5196,10
5196,10
5197,8
5197,10
5197,9
5197,10
5197,10
5197,8
5197,10
5197,9
5197,10
5198,10
5198,8
5198,9
5198,9
5198,10
5198,10
5198,8
5198,9
5198,9
5199,10
5199,10
5199,8
5199,8
5199,10
5199,11
5199,10
5199,7
5206,10
5206,8
5206,9
5206,8
5206,10
5206,10
5206,9
5206,10
5207,9
5207,10
5207,10
5207,9
5207,10
5207,8
5207,10
5207,10
5207,10
5208,10
5208,8
5208,10
5208,10
5208,10
5208,10
5208,8
5208,10
5208,10
5208,10
5209,10
5209,8
5209,10
5209,10
5209,10
5209,10
5209,8
5216,11
5216,9
5216,8
5216,10
5216,9
5216,10
5216,10
5216,8
5217,9
5217,9
5217,10
5217,9
5217,8
5217,10
5217,9
5217,10
5217,10
5218,8
5218,9
5218,9
5218,10
5218,10
5218,8
5218,9
5218,8
5218,10
5218,10
5219,9
5219,9
5219,8
5219,11
5219,10
5219,9
5219,10
5235,8
5239,8
5239,10
5239,10
5239,10
5239,10
5245,10
5245,8
5245,10
5245,10
5245,10
5245,9
5245,8
5245,10
5245,10
5246,10
5246,10
5246,8
5246,9
5246,10
5246,10
5246,10
5246,8
5246,9
5247,10
5247,9
5247,10
5247,9
5247,9
5247,10
5247,9
5247,9
5247,9
5248,9
5248,11
5248,9
5248,10
5248,9
5248,8
5248,11
5248,9
5248,10
5248,9
5249,8
5249,11
5249,10
5249,10
5249,9
5249,8
5249,11
5256,9
5256,10
5256,8
5256,10
5256,10
5256,10
5256,10
5257,8
5257,10
5257,10
5257,10
5257,10
5257,8
5257,9
5257,10
5257,9
5257,10
5258,8
5258,9
5258,10
5258,10
5258,10
5258,9
5258,8
5258,11
5258,9
5259,10
5259,10
5259,8
5259,10
5259,9
5259,10
5259,7
5259,8
5266,9
5266,10
5266,8
5266,9
5266,10
5266,10
5267,10
5267,8
5267,9
5267,10
5267,9
5267,10
5267,9
5267,9
5267,11
5267,9
5268,10
5268,9
5268,8
5268,10
5268,9
5268,10
5268,10
5268,8
5268,10
5269,9
5269,10
5269,10
5269,8
5269,10
5269,9
5269,10
5269,10
5281,10
5287,9
5287,9
5287,10
5287,10
5287,8
5287,9
5287,8
5287,10
5287,10
5288,8
5288,9
5288,8
5288,10
5288,10
5288,8
5288,9
5288,9
5288,10
5289,10
5289,8
5289,9
5289,8
5289,11
5289,10
5289,8
5289,9
5293,8
5293,10
5294,9
5294,10
5294,10
5294,8
5294,10
5294,9
5294,10
5294,10
5294,8
5295,10
5295,9
5295,10
5295,10
5295,7
5295,10
5295,9
5295,10
5295,10
5295,8
5296,9
5296,9
5296,10
5296,10
5296,8
5296,9
5296,9
5296,10
5296,10
5297,8
5297,9
5297,10
5297,10
5297,10
5297,8
5297,9
5297,10
5297,10
5297,9
5298,9
5298,9
5298,10
5298,10
5298,10
5298,8
5298,9
5298,10
5298,10
5299,10
5299,10
5299,9
5299,10
5299,9
5299,10
5299,9
5299,8
5306,10
5306,10
5306,8
5306,10
5306,10
5306,10
5306,10
5307,8
5307,10
5307,9
5307,10
5307,9
5307,8
5307,10
5307,9
5307,11
5308,10
5308,8
5308,10
5308,9
5308,10
5308,10
5308,8
5308,10
5308,9
5309,10
5309,10
5309,8
5309,10
5309,9
5309,10
5309,10
5309,8
5316,9
5316,9
5316,11
5316,10
5316,10
5317,8
5317,9
5317,10
5317,9
5317,9
5317,9
5317,9
5317,11
5317,9
5318,9
5318,9
5318,8
5318,9
5318,9
5318,10
5318,10
5318,9
5318,11
5318,9
5319,9
5319,9
5319,8
5319,10
5319,9
5319,10
5319,9
5331,7
5337,10
5337,10
5337,10
5337,8
5337,9
5338,10
5338,10
5338,10
5338,8
5338,9
5338,10
5338,10
5338,10
5338,8
5339,9
5339,10
5339,9
5339,9
5339,9
5339,9
5339,11
5339,9
5345,10
5345,10
5345,8
5345,9
5346,9
5346,10
5346,10
5346,8
5346,9
5346,8
5346,10
5346,9
5346,8
5346,9
5347,8
5347,10
5347,10
5347,9
5347,9
5347,8
5347,10
5347,10
5347,9
5348,9
5348,8
5348,10
5348,10
5348,9
5348,10
5348,8
5348,10
5348,10
5348,10
5349,10
5349,8
5349,10
5349,10
5349,9
5349,10
5349,8
5356,9
5356,9
5356,10
5356,10
5356,8
5357,9
5357,9
5357,10
5357,9
5357,8
5357,9
5357,9
5357,10
5357,10
5357,8
5358,9
5358,9
5358,10
5358,9
5358,8
5358,9
5358,9
5358,10
5358,9
5359,8
5359,10
5359,9
5359,10
5359,10
5359,8
5359,9
5359,8
5366,9
5366,8
5366,10
5366,9
5367,11
5367,10
5367,8
5367,9
5367,9
5367,10
5367,10
5367,8
5367,9
5367,9
5368,10
5368,10
5368,8
5368,9
5368,9
5368,10
5368,9
5368,8
5368,9
5369,8
5369,10
5369,10
5369,9
5369,9
5369,8
5369,10
5369,9
5381,9
5387,10
5387,10
5387,8
5387,8
5387,8
5387,10
5388,10
5388,9
5388,9
5388,8
5388,10
5388,10
5388,9
5388,10
5388,9
5389,10
5389,10
5389,9
5389,10
5389,8
5389,10
5389,10
5389,10
5395,9
5395,10
5395,10
5395,9
5395,9
5395,10
5395,10
5395,9
5396,9
5396,9
5396,10
5396,10
5396,10
5396,9
5396,8
5396,10
5396,10
5396,10
5397,9
5397,8
5397,10
5397,10
5397,10
5397,9
5397,8
5397,10
5397,10
5398,10
5398,10
5398,8
5398,10
5398,10
5398,10
5398,9
5398,8
5398,10
5398,9
5399,10
5399,9
5399,8
5399,9
5399,8
5399,10
5399,10
5406,6
5406,10
5406,10
5406,11
5406,10
5407,7
5407,10
5407,10
5407,10
5407,9
5407,8
5407,9
5407,9
5407,10
5408,10
5408,8
5408,9
5408,9
5408,10
5408,9
5408,9
5408,9
5408,9
5408,10
5409,9
5409,8
5409,9
5409,8
5409,10
5409,9
5409,8
5416,8
5416,11
5416,9
5416,10
5416,9
5417,8
5417,10
5417,9
5417,10
5417,9
5417,8
5417,10
5417,9
5417,10
5418,10
5418,8
5418,10
5418,9
5418,10
5418,10
5418,8
5418,10
5418,9
5418,10
5419,10
5419,8
5419,10
5419,9
5419,10
5419,9
5419,8
5434,6
5439,8
5439,10
5439,10
5439,10
5439,9
5439,8
5439,10
5439,10
5445,9
5445,9
5445,10
5445,10
5445,8
5446,9
5446,9
5446,10
5446,10
5446,8
5446,9
5446,10
5446,8
5446,10
5446,6
5447,10
5447,7
5447,10
5447,12
5447,7
5447,8
5447,10
5447,10
5447,10
5448,9
5448,8
5448,10
5448,10
5448,10
5448,9
5448,8
5448,10
5448,10
5449,10
5449,10
5449,7
5449,10
5449,10
5449,10
5449,10
5449,8
5456,10
5456,9
5456,9
5457,10
5457,10
5457,10
5457,9
5457,8
5457,11
5457,9
5457,10
5457,9
5457,8
5458,10
5458,9
5458,10
5458,10
5458,8
5458,10
5458,9
5458,10
5458,10
5459,8
5459,10
5459,9
5459,10
5459,10
5459,9
5459,10
5459,9
5466,8
5466,9
5466,9
5467,10
5467,10
5467,8
5467,10
5467,9
5467,10
5467,10
5467,8
5467,10
5468,9
5468,10
5468,9
5468,9
5468,10
5468,9
5468,10
5468,10
5468,8
5468,9
5469,9
5469,10
5469,10
5469,8
5469,9
5469,8
5469,10
5481,8
5487,10
5487,9
5487,10
5488,10
5488,8
5488,9
5488,9
5488,10
5488,10
5488,8
5488,9
5488,8
5488,10
5489,10
5489,9
5489,9
5489,8
5489,10
5489,9
5489,9
5494,9
5494,9
5495,10
5495,10
5495,10
5495,9
5495,8
5495,10
5495,10
5495,10
5495,9
5496,8
5496,10
5496,10
5496,10
5496,9
5496,8
5496,10
5496,10
5496,10
5496,10
5497,8
5497,10
5497,9
5497,10
5497,9
5497,8
5497,10
5497,10
5497,10
5498,10
5498,8
5498,10
5498,9
5498,10
5498,9
5498,8
5498,10
5498,9
5499,10
5499,9
5499,8
5499,9
5499,9
5499,10
5499,9
5499,8
5506,10
5506,10
5507,10
5507,8
5507,10
5507,10
5507,10
5507,9
5507,8
5507,10
5507,10
5507,10
5508,10
5508,8
5508,9
5508,9
5508,10
5508,10
5508,8
5508,10
5508,9
5509,10
5509,10
5509,8
5509,9
5509,9
5509,10
5509,9
5509,8
5516,9
5516,10
5516,10
5517,8
5517,10
5517,9
5517,10
5517,10
5517,8
5517,10
5517,9
5517,10
5518,9
5518,8
5518,9
5518,9
5518,10
5518,9
5518,8
5518,8
5518,9
5519,10
5519,9
5519,9
5519,9
5519,10
5519,10
5519,10
5519,9
5531,9
5537,9
5537,10
5538,10
5538,8
5538,10
5538,9
5538,11
5538,9
5538,8
5538,9
5538,9
5538,10
5539,10
5539,8
5539,9
5539,8
5539,10
5539,10
5539,9
5545,10
5545,10
5545,8
5545,9
5545,10
5545,9
5546,10
5546,8
5546,10
5546,9
5546,10
5546,10
5546,8
5546,10
5546,9
5547,10
5547,9
5547,8
5547,9
5547,9
5547,10
5547,8
5547,8
5547,9
5547,9
5548,11
5548,9
5548,8
5548,9
5548,8
5548,10
5548,10
5548,8
5548,9
5549,8
5549,10
5549,9
5549,9
5549,9
5549,8
5549,11
5549,10
5556,9
5556,10
5557,10
5557,8
5557,10
5557,9
5557,10
5557,9
5557,8
5557,10
5557,9
5557,10
5558,9
5558,8
5558,10
5558,9
5558,10
5558,9
5558,8
5558,9
5558,9
5559,10
5559,10
5559,9
5559,9
5559,10
5559,10
5559,9
5559,8
5566,10
5567,8
5567,10
5567,9
5567,10
5567,10
5567,8
5567,10
5567,9
5567,10
5567,9
5568,8
5568,10
5568,9
5568,10
5568,10
5568,8
5568,10
5568,9
5568,10
5569,10
5569,8
5569,10
5569,9
5569,10
5569,10
5569,8
5569,10
5582,10
5588,10
5588,9
5588,10
5588,8
5588,10
5588,10
5588,9
5588,10
5589,8
5589,10
5589,10
5589,9
5589,10
5589,8
5589,10
5589,10
5594,10
5594,9
5594,8
5594,9
5594,9
5594,10
5595,9
5595,8
5595,9
5595,9
5595,10
5595,9
5595,8
5595,9
5595,9
5596,10
5596,10
5596,8
5596,9
5596,10
5596,10
5596,9
5596,8
5596,9
5596,8
5597,10
5597,10
5597,9
5597,10
5597,8
5597,10
5597,10
5597,9
5597,10
5598,8
5598,10
5598,10
5598,9
5598,10
5598,9
5598,10
5598,10
5598,9
5599,10
5599,8
5599,10
5599,10
5599,10
5599,10
5599,8
5599,10
5606,10
5607,8
5607,9
5607,10
5607,10
5607,10
5607,8
5607,8
5607,10
5607,10
5607,10
5608,9
5608,8
5608,10
5608,10
5608,10
5608,9
5608,8
5608,10
5608,10
5609,10
5609,9
5609,8
5609,10
5609,10
5609,10
5609,10
5609,8
5616,9
5617,10
5617,10
5617,8
5617,10
5617,9
5617,10
5617,10
5617,8
5617,10
5618,9
5618,10
5618,10
5618,8
5618,10
5618,9
5618,10
5618,11
5618,8
5618,10
5619,9
5619,10
5619,10
5619,8
5619,9
5619,10
5619,10
5632,8
5638,8
5638,10
5638,9
5638,10
5638,9
5638,8
5638,10
5639,9
5639,10
5639,10
5639,8
5639,9
5639,10
5639,10
5645,10
5645,8
5645,9
5645,10
5645,9
5645,10
5645,8
5645,9
5645,11
5645,9
5646,10
5646,8
5646,8
5646,10
5646,10
5646,9
5646,9
5646,10
5646,10
5647,9
5647,10
5647,9
5647,8
5647,11
5647,9
5647,10
5647,9
5647,8
5647,11
5648,9
5648,10
5648,10
5648,8
5648,10
5648,9
5648,10
5648,10
5648,8
5649,10
5649,9
5649,10
5649,10
5649,8
5649,10
5649,9
5649,10
5657,8
5657,10
5657,10
5657,10
5657,10
5657,8
5657,10
5657,10
5657,10
5658,8
5658,8
5658,10
5658,10
5658,10
5658,9
5658,8
5658,10
5658,10
5659,10
5659,9
5659,8
5659,10
5659,10
5659,10
5659,9
5659,7
5667,8
5667,9
5667,10
5667,9
5667,10
5667,8
5667,9
5667,10
5667,9
5668,9
5668,9
5668,8
5668,11
5668,9
5668,10
5668,9
5668,8
5668,11
5668,9
5669,10
5669,8
5669,8
5669,11
5669,9
5669,10
5669,9
5684,10
5689,11
5693,8
5693,10
5693,9
5694,10
5694,10
5694,8
5694,9
5694,10
5694,10
5694,9
5694,8
5694,9
5695,10
5695,10
5695,10
5695,9
5695,9
5695,10
5695,10
5695,10
5695,9
5696,8
5696,10
5696,10
5696,10
5696,9
5696,8
5696,9
5696,10
5696,9
5696,9
5697,8
5697,10
5697,10
5697,10
5697,9
5697,8
5697,10
5697,9
5697,10
5698,10
5698,8
5698,10
5698,9
5698,10
5698,10
5698,8
5698,9
5698,9
5698,10
5699,9
5699,8
5699,9
5699,9
5699,10
5699,10
5699,8
5707,9
5707,9
5707,10
5707,10
5707,9
5707,9
5707,10
5707,10
5707,10
5708,8
5708,8
5708,10
5708,10
5708,10
5708,9
5708,8
5708,10
5708,10
5709,10
5709,9
5709,8
5709,10
5709,10
5709,10
5709,10
5709,8
5717,8
5717,10
5717,9
5717,10
5717,10
5717,8
5717,10
5717,7
5718,11
5718,10
5718,8
5718,10
5718,9
5718,11
5718,9
5718,8
5718,10
5719,9
5719,10
5719,9
5719,8
5719,9
5719,10
5719,10
5719,10
5732,8
5738,10
5738,10
5738,10
5738,9
5739,8
5739,10
5739,10
5739,10
5739,9
5739,8
5739,9
5745,10
5745,8
5745,10
5745,10
5745,9
5745,10
5745,8
5745,10
5746,10
5746,10
5746,10
5746,8
5746,10
5746,9
5746,9
5746,10
5746,8
5746,10
5747,10
5747,9
5747,10
5747,8
5747,9
5747,10
5747,9
5747,9
5747,9
5748,9
5748,10
5748,9
5748,10
5748,8
5748,9
5748,10
5748,10
5748,10
5748,8
5749,9
5749,10
5749,9
5749,10
5749,9
5749,9
5749,10
5757,10
5757,10
5757,10
5757,8
5757,10
5757,10
5757,9
5758,9
5758,8
5758,10
5758,10
5758,9
5758,10
5758,8
5758,9
5758,10
5758,10
5759,10
5759,8
5759,10
5759,9
5759,10
5759,9
5759,8
5767,8
5767,9
5767,9
5767,10
5767,10
5767,8
5767,9
5768,9
5768,10
5768,9
5768,8
5768,9
5768,10
5768,10
5768,10
5768,9
5768,8
5769,10
5769,10
5769,10
5769,9
5769,8
5769,10
5769,10
5781,10
5788,10
5788,10
5788,9
5788,9
5788,9
5788,10
5788,10
5789,8
5789,8
5789,10
5789,10
5789,10
5789,9
5789,8
5794,10
5794,10
5794,8
5794,9
5794,9
5794,10
5794,10
5794,9
5795,9
5795,10
5795,10
5795,10
5795,9
5795,9
5795,10
5795,10
5795,10
5795,9
5796,8
5796,10
5796,10
5796,10
5796,9
5796,8
5796,10
5796,10
5796,10
5797,9
5797,8
5797,10
5797,10
5797,10
5797,10
5797,8
5797,10
5797,10
5797,10
5798,10
5798,8
5798,10
5798,10
5798,10
5798,10
5798,8
5798,10
5798,9
5799,10
5799,10
5799,8
5799,9
5799,9
5799,10
5799,10
5799,8
5807,8
5807,9
5807,8
5807,10
5807,10
5807,9
5807,9
5808,8
5808,10
5808,10
5808,9
5808,10
5808,8
5808,10
5808,10
5808,10
5809,9
5809,8
5809,10
5809,10
5809,8
5809,10
5809,8
5809,10
5817,9
5817,8
5817,10
5817,10
5817,10
5817,9
5818,8
5818,10
5818,10
5818,10
5818,10
5818,8
5818,10
5818,9
5818,10
5819,9
5819,8
5819,10
5819,10
5819,10
5819,9
5819,9
5819,9
5832,11
5838,8
5839,9
5839,9
5839,10
5839,10
5839,8
5839,9
5839,8
5843,10
5844,9
5844,9
5844,11
5844,9
5844,10
5844,9
5844,9
5844,11
5844,9
5844,10
5845,9
5845,7
5845,10
5845,9
5845,10
5845,9
5845,8
5845,10
5845,9
5846,10
5846,10
5846,8
5846,10
5846,10
5846,10
5846,9
5846,8
5846,10
5847,9
5847,10
5847,9
5847,8
5847,10
5847,9
5847,10
5847,10
5847,8
5847,10
5848,9
5848,10
5848,9
5848,8
5848,10
5848,9
5848,10
5848,10
5848,8
5849,9
5849,10
5849,10
5849,8
5849,9
5849,9
5849,9
5849,10
5857,10
5857,10
5857,10
5857,8
5857,10
5857,10
5857,10
5857,10
5858,8
5858,9
5858,10
5858,9
5858,10
5858,8
5858,9
5858,10
5858,9
5859,10
5859,9
5859,8
5859,10
5859,9
5859,9
5859,9
5859,9
5867,10
5867,10
5867,10
5867,8
5867,10
5867,9
5867,10
5867,9
5868,8
5868,10
5868,10
5868,11
5868,10
5868,8
5868,10
5868,9
5868,10
5869,9
5869,8
5869,9
5869,9
5869,10
5869,10
5869,8
5869,9
5882,10
5888,9
5888,10
5888,10
5889,10
5889,9
5889,8
5889,11
5889,9
5889,10
5889,9
5893,8
5893,10
5894,10
5894,10
5894,10
5894,8
5894,10
5894,9
5894,10
5894,10
5894,8
5894,10
5895,9
5895,10
5895,9
5895,8
5895,9
5895,9
5895,11
5895,10
5895,8
5896,9
5896,8
5896,10
5896,10
5896,9
5896,10
5896,8
5896,10
5896,10
5896,9
5897,10
5897,8
5897,10
5897,9
5897,9
5897,9
5897,8
5897,10
5897,10
5898,9
5898,10
5898,7
5898,10
5898,10
5898,9
5898,10
5898,8
5898,10
5898,11
5899,10
5899,10
5899,8
5899,9
5899,10
5899,9
5899,10
5907,10
5907,10
5907,9
5907,9
5907,8
5907,10
5907,9
5907,9
5908,11
5908,8
5908,10
5908,10
5908,9
5908,10
5908,8
5908,10
5908,10
5908,9
5909,10
5909,8
5909,10
5909,10
5909,9
5909,11
5909,8
5917,8
5917,11
5917,9
5917,10
5917,9
5918,9
5918,11
5918,9
5918,10
5918,9
5918,9
5918,11
5918,9
5918,10
5918,9
5919,8
5919,11
5919,9
5919,10
5919,9
5919,8
5919,10
5935,9
5940,10
5945,10
5945,8
5945,9
5945,8
5945,10
5945,9
5945,8
5946,9
5946,8
5946,10
5946,10
5946,8
5946,9
5946,8
5946,9
5946,10
5947,8
5947,10
5947,8
5947,10
5947,10
5947,9
5947,9
5947,8
5947,10
5947,10
5948,10
5948,9
5948,8
5948,10
5948,10
5948,10
5948,9
5948,8
5948,10
5949,11
5949,9
5949,9
5949,8
5949,10
5949,10
5949,10
5949,10
5957,9
5957,8
5957,10
5957,10
5958,9
5958,9
5958,10
5958,10
5958,10
5958,10
5958,9
5958,8
5958,10
5958,10
5959,10
5959,10
5959,8
5959,9
5959,10
5959,10
5959,9
5967,10
5967,9
5967,10
5967,9
5967,8
5967,10
5968,9
5968,10
5968,9
5968,8
5968,11
5968,9
5968,9
5968,9
5968,8
5969,11
5969,9
5969,10
5969,9
5969,8
5969,10
5969,9
5969,10
5983,10
5989,10
5989,10
5989,10
5989,10
5989,8
5993,9
5993,8
5994,10
5994,9
5994,10
5994,10
5994,8
5994,9
5994,9
5994,10
5994,9
5995,8
5995,9
5995,9
5995,10
5995,10
5995,8
5995,9
5995,9
5995,10
5995,9
5996,8
5996,10
5996,8
5996,10
5996,10
5996,8
5996,9
5996,8
5996,10
5997,10
5997,9
5997,9
5997,8
5997,10
5997,10
5997,8
5997,10
5997,8
5997,10
5998,10
5998,9
5998,10
5998,8
5998,10
5998,10
5998,9
5998,9
5998,8
5999,10
5999,10
5999,9
5999,10
5999,8
5999,10
5999,10
5999,9
6007,10
6007,10
6007,9
6007,8
6007,10
6008,10
6008,10
6008,10
6008,8
6008,10
6008,10
6008,10
6008,9
6008,9
6009,10
6009,9
6009,10
6009,9
6009,8
6009,9
6009,10
6009,9
6017,9
6017,10
6017,8
6017,9
6017,10
6017,10
6017,10
6017,8
6018,10
6018,10
6018,9
6018,10
6018,8
6018,9
6018,10
6018,9
6018,10
6019,8
6019,10
6019,10
6019,10
6019,10
6019,8
6019,10
6019,10
6031,10
6038,10
6038,9
6038,9
6039,11
6039,9
6039,10
6039,9
6039,9
6039,11
6039,10
6039,10
6043,9
6043,8
6044,10
6044,10
6044,10
6044,10
6044,8
6044,10
6044,10
6044,10
6044,10
6044,8
6045,10
6045,9
6045,10
6045,10
6045,8
6045,10
6045,9
6045,10
6045,9
6046,8
6046,10
6046,9
6046,10
6046,9
6046,8
6046,9
6046,9
6046,10
6046,10
6047,8
6047,9
6047,9
6047,10
6047,9
6047,8
6047,10
6047,8
6047,10
6048,9
6048,9
6048,10
6048,8
6048,11
6048,10
6048,8
6048,9
6048,8
6049,10
6049,10
6049,8
6049,9
6049,8
6049,10
6049,10
6049,9
6057,9
6057,10
6057,8
6057,10
6057,10
6057,9
6057,9
6058,8
6058,10
6058,10
6058,10
6058,10
6058,8
6058,10
6058,10
6058,9
6058,10
6059,8
6059,10
6059,10
6059,10
6059,10
6059,8
6059,9
6067,10
6067,9
6067,10
6067,8
6067,10
6067,10
6067,10
6067,10
6067,8
6068,10
6068,10
6068,9
6068,10
6068,8
6068,9
6068,10
6068,10
6068,10
6068,9
6069,10
6069,10
6069,10
6069,10
6069,8
6069,9
6069,10
6082,10
6089,8
6089,9
6089,8
6089,10
6089,10
6089,8
6089,9
6093,9
6093,9
6093,10
6094,9
6094,10
6094,9
6094,8
6094,10
6094,9
6094,10
6094,9
6094,8
6095,9
6095,9
6095,10
6095,10
6095,8
6095,11
6095,9
6095,10
6095,10
6096,8
6096,10
6096,9
6096,10
6096,10
6096,8
6096,10
6096,9
6096,10
6096,10
6097,8
6097,10
6097,8
6097,10
6097,10
6097,8
6097,10
6097,9
6097,10
6098,9
6098,8
6098,11
6098,9
6098,11
6098,10
6098,8
6098,10
6098,9
6098,10
6099,10
6099,8
6099,10
6099,10
6099,10
6099,10
6099,8
6106,9
6106,10
6107,9
6107,8
6107,10
6107,9
6107,10
6107,10
6107,8
6107,10
6107,9
6108,10
6108,9
6108,8
6108,10
6108,9
6108,10
6108,10
6108,8
6108,10
6109,9
6109,10
6109,10
6109,8
6109,10
6109,9
6109,10
6109,10
6116,9
6116,10
6117,10
6117,8
6117,10
6117,9
6117,10
6117,10
6117,8
6117,10
6117,9
6117,10
6118,9
6118,8
6118,10
6118,9
6118,11
6118,9
6118,8
6118,10
6118,9
6119,10
6119,10
6119,8
6119,9
6119,9
6119,10
6119,10
6119,8
6131,10
6138,8
6139,9
6139,10
6139,10
6139,10
6139,9
6139,9
6139,9
6143,10
6143,8
6143,8
6144,10
6144,10
6144,10
6144,9
6144,8
6144,10
6144,10
6144,9
6144,9
6145,8
6145,10
6145,10
6145,10
6145,10
6145,8
6145,10
6145,10
6145,10
6145,9
6146,8
6146,10
6146,10
6146,11
6146,9
6146,8
6146,10
6146,10
6146,10
6147,10
6147,8
6147,10
6147,9
6147,10
6147,10
6147,8
6147,10
6147,9
6148,11
6148,10
6148,8
6148,9
6148,9
6148,11
6148,10
6148,8
6148,9
6148,9
6149,10
6149,10
6149,8
6149,9
6149,8
6149,10
6149,9
6156,8
6156,10
6156,10
6156,9
6157,9
6157,9
6157,10
6157,10
6157,10
6157,10
6157,8
6157,9
6157,10
6158,9
6158,9
6158,8
6158,9
6158,10
6158,10
6158,10
6158,8
6158,9
6158,10
6159,10
6159,10
6159,8
6159,9
6159,10
6159,9
6159,10
6166,10
6166,8
6166,9
6166,10
6166,10
6167,10
6167,9
6167,9
6167,10
6167,10
6167,10
6167,8
6167,9
6167,10
6167,9
6168,10
6168,8
6168,9
6168,11
6168,9
6168,9
6168,8
6168,9
6168,11
6169,9
6169,10
6169,9
6169,8
6169,11
6169,9
6169,10
6169,9
6181,9
6189,8
6189,10
6189,10
6189,10
6189,9
6189,8
6189,10
6193,10
6193,10
6193,9
6194,9
6194,8
6194,11
6194,10
6194,9
6194,9
6194,8
6194,10
6194,10
6195,8
6195,10
6195,8
6195,10
6195,10
6195,9
6195,10
6195,8
6195,10
6195,10
6196,9
6196,9
6196,8
6196,10
6196,10
6196,9
6196,10
6196,8
6196,10
6197,10
6197,10
6197,10
6197,8
6197,10
6197,10
6197,10
6197,10
6197,9
6197,10
6198,10
6198,10
6198,10
6198,9
6198,10
6198,11
6198,9
6198,10
6198,8
6199,9
6199,10
6199,10
6199,10
6199,8
6199,9
6199,11
6199,9
6206,9
6206,10
6206,9
6206,9
6207,8
6207,10
6207,10
6207,10
6207,9
6207,8
6207,9
6207,10
6207,10
6207,9
6208,8
6208,9
6208,10
6208,10
6208,9
6208,8
6208,10
6208,10
6208,10
6209,9
6209,8
6209,10
6209,10
6209,10
6209,10
6209,8
6209,10
6216,10
6216,8
6216,10
6216,10
6216,9
6216,10
6217,8
6217,10
6217,10
6217,9
6217,10
6217,8
6217,10
6217,10
6217,10
6218,9
6218,8
6218,10
6218,10
6218,10
6218,10
6218,8
6218,10
6218,10
6219,9
6219,9
6219,8
6219,9
6219,10
6219,10
6219,10
6219,8
6234,8
6240,10
6244,10
6244,10
6244,9
6245,9
6245,8
6245,10
6245,9
6245,9
6245,9
6245,8
6245,10
6245,10
6246,8
6246,10
6246,8
6246,10
6246,10
6246,10
6246,10
6246,8
6246,10
6246,10
6247,9
6247,9
6247,8
6247,9
6247,10
6247,10
6247,10
6247,8
6247,9
6248,10
6248,10
6248,10
6248,8
6248,9
6248,10
6248,10
6248,10
6248,8
6248,9
6249,10
6249,9
6249,10
6249,8
6249,9
6249,10
6249,9
6256,10
6256,9
6256,10
6256,8
6256,10
6256,10
6256,10
6256,10
6256,9
6257,9
6257,10
6257,9
6257,10
6257,8
6257,10
6257,11
6257,9
6257,10
6258,8
6258,9
6258,10
6258,9
6258,10
6258,9
6258,8
6258,11
6258,9
6259,10
6259,9
6259,8
6259,10
6259,9
6259,10
6259,10
6259,8
6266,9
6266,9
6266,8
6266,10
6266,10
6266,9
6266,10
6266,8
6267,10
6267,10
6267,10
6267,10
6267,8
6267,9
6267,10
6267,9
6267,9
6267,9
6268,9
6268,10
6268,10
6268,10
6268,9
6268,9
6268,10
6268,8
6268,10
6269,9
6269,9
6269,11
6269,9
6269,10
6269,9
6269,8
6269,11
6281,10
6289,9
6289,10
6289,10
6289,9
6289,9
6293,10
6293,8
6294,9
6294,8
6294,10
6294,10
6294,8
6294,9
6294,10
6294,10
6294,10
6294,9
6295,8
6295,10
6295,10
6295,10
6295,9
6295,8
6295,10
6295,10
6295,10
6296,9
6296,8
6296,10
6296,10
6296,10
6296,9
6296,8
6296,10
6296,10
6297,10
6297,9
6297,8
6297,10
6297,9
6297,10
6297,9
6297,8
6297,10
6297,9
6298,11
6298,9
6298,8
6298,9
6298,8
6298,11
6298,10
6298,8
6298,9
6299,8
6299,10
6299,10
6299,8
6299,9
6299,8
6299,10
6299,10
6306,8
6306,9
6306,10
6306,10
6306,10
6306,8
6306,9
6306,9
6306,10
6307,10
6307,8
6307,9
6307,10
6307,10
6307,10
6307,9
6307,9
6307,10
6308,10
6308,10
6308,8
6308,9
6308,10
6308,10
6308,10
6308,9
6308,9
6308,10
6309,10
6309,10
6309,9
6309,8
6309,10
6309,10
6309,10
6315,9
6316,10
6316,11
6316,10
6316,9
6316,8
6316,10
6316,10
6316,10
6316,9
6317,8
6317,10
6317,10
6317,10
6317,9
6317,8
6317,10
6317,10
6317,10
6317,9
6318,8
6318,10
6318,10
6318,10
6318,10
6318,8
6318,10
6318,10
6318,10
6319,10
6319,8
6319,10
6319,10
6319,10
6319,10
6319,8
6319,10
6331,10
6338,10
6338,9
6338,10
6339,10
6339,8
6339,10
6339,10
6339,10
6339,10
6339,8
6343,9
6343,10
6343,8
6344,10
6344,10
6344,9
6344,10
6344,8
6344,10
6344,10
6344,8
6344,9
6345,8
6345,10
6345,10
6345,9
6345,10
6345,8
6345,11
6345,10
6345,9
6346,10
6346,8
6346,10
6346,10
6346,9
6346,10
6346,8
6346,10
6346,10
6346,10
6347,10
6347,8
6347,10
6347,10
6347,10
6347,10
6347,8
6347,10
6347,10
6348,10
6348,10
6348,8
6348,9
6348,10
6348,10
6348,10
6348,8
6348,9
6348,10
6349,9
6349,10
6349,8
6349,9
6349,10
6349,10
6349,9
6355,10
6355,8
6356,10
6356,10
6356,9
6356,10
6356,8
6356,10
6356,10
6356,9
6356,10
6356,8
6357,9
6357,11
6357,9
6357,10
6357,8
6357,9
6357,10
6357,9
6357,10
6358,9
6358,9
6358,10
6358,9
6358,10
6358,9
6358,9
6358,10
6358,9
6359,10
6359,8
6359,8
6359,11
6359,9
6359,10
6359,9
6359,8
6365,9
6366,8
6366,11
6366,9
6366,10
6366,10
6366,8
6366,10
6366,9
6366,10
6366,10
6367,8
6367,10
6367,9
6367,10
6367,10
6367,8
6367,10
6367,9
6367,10
6368,9
6368,8
6368,10
6368,9
6368,10
6368,10
6368,8
6368,10
6368,8
6368,10
6369,10
6369,8
6369,9
6369,9
6369,10
6369,10
6369,8
6381,8
6388,8
6388,9
6389,9
6389,10
6389,10
6389,9
6389,9
6389,9
6389,10
6389,10
6393,10
6393,9
6394,8
6394,10
6394,8
6394,10
6394,9
6394,11
6394,8
6394,9
6394,9
6395,9
6395,10
6395,10
6395,8
6395,9
6395,9
6395,10
6395,10
6395,8
6395,9
6396,10
6396,10
6396,10
6396,9
6396,9
6396,10
6396,10
6396,10
6396,9
6397,9
6397,9
6397,10
6397,10
6397,8
6397,8
6397,9
6397,10
6397,10
6397,9
6398,8
6398,11
6398,9
6398,10
6398,10
6398,8
6398,10
6398,10
6398,11
6399,9
6399,7
6399,10
6399,9
6399,10
6399,10
6399,8
6399,10
6405,10
6405,8
6405,9
6405,8
6406,10
6406,9
6406,8
6406,9
6406,8
6406,10
6406,10
6406,9
6406,9
6406,8
6407,9
6407,9
6407,9
6407,10
6407,8
6407,9
6407,10
6407,10
6407,10
6408,8
6408,10
6408,10
6408,8
6408,9
6408,8
6408,10
6408,10
6408,10
6409,10
6409,8
6409,9
6409,10
6409,10
6409,8
6409,9
6409,11
6415,10
6415,9
6415,10
6415,10
6415,8
6416,9
6416,9
6416,10
6416,9
6416,8
6416,9
6416,9
6416,10
6416,9
6416,8
6417,9
6417,9
6417,10
6417,10
6417,8
6417,9
6417,11
6417,10
6417,9
6418,8
6418,10
6418,8
6418,11
6418,10
6418,8
6418,9
6418,8
6418,11
6418,10
6419,8
6419,10
6419,8
6419,10
6419,10
6419,9
6419,10
6433,10
6440,10
6444,10
6444,10
6444,10
6444,8
6444,10
6444,10
6445,9
6445,9
6445,9
6445,9
6445,9
6445,10
6445,10
6445,8
6445,9
6445,9
6446,10
6446,9
6446,8
6446,9
6446,9
6446,10
6446,9
6446,8
6446,9
6447,9
6447,10
6447,9
6447,8
6447,9
6447,9
6447,10
6447,10
6447,8
6447,10
6448,8
6448,10
6448,10
6448,9
6448,9
6448,8
6448,10
6448,9
6448,9
6449,9
6449,8
6449,10
6449,10
6449,8
6449,9
6449,8
6449,10
6455,10
6455,8
6455,9
6455,10
6456,10
6456,9
6456,9
6456,9
6456,10
6456,10
6456,10
6456,9
6456,8
6456,10
6457,10
6457,10
6457,9
6457,8
6457,10
6457,10
6457,10
6457,10
6457,8
6458,10
6458,9
6458,10
6458,10
6458,8
6458,10
6458,10
6458,10
6458,9
6458,8
6459,9
6459,9
6459,10
6459,10
6459,8
6459,10
6459,9
6465,10
6465,8
6465,10
6465,10
6465,10
6465,9
6465,8
6465,10
6466,9
6466,10
6466,9
6466,8
6466,10
6466,9
6466,10
6466,10
6466,8
6467,10
6467,9
6467,10
6467,9
6467,8
6467,10
6467,9
6467,10
6467,10
6467,8
6468,10
6468,9
6468,10
6468,9
6468,8
6468,9
6468,8
6468,10
6468,9
6469,8
6469,10
6469,8
6469,10
6469,10
6469,9
6469,9
6469,8
6480,9
6485,10
6486,9
6486,10
6486,8
6486,10
6486,10
6486,9
6486,10
6486,8
6486,10
6487,10
6487,10
6487,9
6487,9
6487,9
6487,10
6487,10
6487,10
6487,8
6487,10
6488,10
6488,10
6488,10
6488,8
6488,10
6488,10
6488,9
6488,10
6488,8
6489,9
6489,10
6489,9
6489,10
6489,8
6489,9
6489,10
6489,9
6493,10
6493,9
6494,9
6494,10
6494,10
6494,10
6494,8
6494,9
6494,10
6494,10
6494,10
6494,9
6495,9
6495,10
6495,10
6495,10
6495,9
6495,8
6495,10
6495,9
6495,10
6496,9
6496,8
6496,9
6496,10
6496,10
6496,9
6496,8
6496,10
6496,10
6496,10
6497,9
6497,8
6497,10
6497,10
6497,10
6497,9
6497,8
6497,10
6497,10
6498,10
6498,10
6498,8
6498,10
6498,10
6498,10
6498,10
6498,8
6498,10
6499,10
6499,10
6499,9
6499,8
6499,10
6499,10
6499,10
6499,10
6505,10
6505,10
6505,8
6505,9
6505,10
6505,10
6505,9
6505,8
6505,9
6506,9
6506,10
6506,10
6506,9
6506,9
6506,10
6506,10
6506,10
6506,9
6507,9
6507,10
6507,10
6507,10
6507,8
6507,9
6507,9
6507,10
6507,9
6507,9
6508,8
6508,10
6508,10
6508,10
6508,9
6508,8
6508,10
6508,10
6508,10
6509,9
6509,8
6509,10
6509,10
6509,10
6509,10
6509,8
6509,10
6515,10
6515,9
6515,8
6515,10
6515,10
6515,10
6515,9
6515,8
6515,10
6516,10
6516,9
6516,9
6516,9
6516,10
6516,10
6516,10
6516,7
6516,8
6516,10
6517,10
6517,10
6517,10
6517,8
6517,10
6517,10
6517,10
6517,10
6517,8
6518,10
6518,9
6518,10
6518,9
6518,8
6518,10
6518,10
6518,10
6518,9
6519,8
6519,10
6519,9
6519,10
6519,10
6519,8
6519,10
6519,10
6529,10
6535,11
6535,10
6535,10
6535,8
6535,8
6535,10
6535,10
6536,10
6536,9
6536,8
6536,10
6536,10
6536,10
6536,9
6536,8
6536,10
6536,10
6537,10
6537,9
6537,8
6537,10
6537,10
6537,10
6537,9
6537,8
6537,10
6538,11
6538,10
6538,9
6538,8
6538,9
6538,10
6538,10
6538,9
6538,8
6539,10
6539,10
6539,11
6539,9
6539,8
6539,10
6539,10
6539,10
6543,11
6543,8
6544,9
6544,9
6544,10
6544,10
6544,9
6544,10
6544,8
6544,10
6544,10
6544,9
6545,10
6545,8
6545,10
6545,10
6545,9
6545,10
6545,8
6545,10
6545,10
6546,9
6546,10
6546,8
6546,10
6546,10
6546,9
6546,10
6546,8
6546,10
6546,10
6547,9
6547,10
6547,8
6547,10
6547,10
6547,10
6547,10
6547,8
6547,10
6548,10
6548,10
6548,9
6548,8
6548,10
6548,10
6548,9
6548,10
6548,8
6549,10
6549,10
6549,10
6549,10
6549,8
6549,9
6549,10
6549,10
6554,10
6555,10
6555,10
6555,8
6555,10
6555,9
6555,10
6555,10
6555,8
6555,10
6555,9
6556,10
6556,10
6556,8
6556,10
6556,9
6556,10
6556,10
6556,7
6556,9
6557,9
6557,10
6557,10
6557,8
6557,9
6557,9
6557,10
6557,10
6557,8
6557,9
6558,9
6558,10
6558,9
6558,8
6558,9
6558,8
6558,10
6558,9
6558,8
6559,9
6559,8
6559,10
6559,10
6559,8
6559,9
6559,8
6559,10
6564,8
6565,10
6565,10
6565,10
6565,9
6565,8
6565,10
6565,10
6565,10
6565,9
6566,8
6566,10
6566,10
6566,10
6566,9
6566,8
6566,9
6566,9
6566,10
6566,9
6567,8
6567,9
6567,10
6567,10
6567,10
6567,8
6567,10
6567,10
6567,10
6568,9
6568,8
6568,10
6568,10
6568,10
6568,9
6568,9
6568,9
6568,9
6569,10
6569,9
6569,8
6569,9
6569,9
6569,10
6569,9
6569,8
6580,9
6585,10
6585,10
6585,8
6585,9
6585,8
6585,10
6585,10
6585,8
6586,9
6586,8
6586,11
6586,10
6586,9
6586,9
6586,8
6586,10
6586,10
6587,9
6587,10
6587,8
6587,10
6587,9
6587,9
6587,10
6587,8
6587,10
6587,10
6588,9
6588,10
6588,8
6588,10
6588,10
6588,9
6588,9
6588,8
6588,10
6589,10
6589,10
6589,10
6589,8
6589,10
6589,10
6589,9
6589,10
6593,10
6593,10
6594,8
6594,9
6594,9
6594,10
6594,10
6594,8
6594,10
6594,9
6594,11
6595,10
6595,8
6595,10
6595,9
6595,10
6595,10
6595,8
6595,10
6595,9
6595,10
6596,9
6596,8
6596,8
6596,9
6596,10
6596,9
6596,8
6596,9
6596,9
6597,10
6597,9
6597,10
6597,9
6597,10
6597,10
6597,10
6597,9
6597,9
6597,9
6598,10
6598,10
6598,9
6598,9
6598,9
6598,10
6598,10
6598,8
6598,9
6599,10
6599,10
6599,10
6599,9
6599,8
6599,10
6599,10
6599,10
6604,9
6604,9
6605,10
6605,10
6605,8
6605,9
6605,8
6605,10
6605,10
6605,8
6605,9
6606,10
6606,10
6606,9
6606,8
6606,9
6606,8
6606,10
6606,10
6606,8
6606,9
6607,8
6607,10
6607,10
6607,9
6607,9
6607,8
6607,10
6607,9
6607,9
6608,11
6608,8
6608,10
6608,10
6608,9
6608,9
6608,8
6608,10
6608,10
6608,9
6609,10
6609,8
6609,10
6609,9
6609,9
6609,10
6609,8
6614,10
6614,8
6614,9
6614,9
6614,10
6615,9
6615,8
6615,9
6615,9
6615,10
6615,10
6615,8
6615,9
6615,9
6616,10
6616,9
6616,8
6616,9
6616,8
6616,10
6616,10
6616,7
6616,9
6616,8
6617,10
6617,10
6617,8
6617,9
6617,8
6617,10
6617,10
6617,8
6617,9
6618,8
6618,10
6618,10
6618,9
6618,9
6618,8
6618,10
6618,10
6618,9
6618,10
6619,7
6619,10
6619,10
6619,10
6619,9
6619,7
6619,10
6632,10
6639,10
6643,10
6644,9
6644,10
6644,10
6644,8
6644,10
6644,9
6644,10
6644,9
6644,8
6644,10
6645,9
6645,10
6645,10
6645,8
6645,10
6645,9
6645,10
6645,9
6645,8
6646,10
6646,9
6646,10
6646,10
6646,7
6646,9
6646,10
6646,10
6646,10
6646,8
6647,9
6647,9
6647,10
6647,10
6647,9
6647,9
6647,10
6647,10
6647,10
6648,9
6648,8
6648,10
6648,10
6648,10
6648,9
6648,9
6648,10
6648,10
6648,10
6649,9
6649,8
6649,10
6649,10
6649,10
6649,9
6649,8
6654,10
6654,10
6654,10
6654,9
6654,10
6654,10
6655,9
6655,10
6655,8
6655,10
6655,10
6655,10
6655,9
6655,8
6655,9
6655,10
6656,9
6656,10
6656,8
6656,10
6656,9
6656,9
6656,10
6656,8
6656,9
6657,10
6657,10
6657,10
6657,8
6657,9
6657,10
6657,9
6657,10
6657,9
6658,9
6658,11
6658,9
6658,10
6658,9
6658,8
6658,10
6658,10
6658,10
6658,8
6659,8
6659,10
6659,9
6659,10
6659,10
6659,8
6659,10
6664,9
6664,9
6664,10
6664,10
6664,8
6664,9
6664,10
6665,10
6665,9
6665,9
6665,9
6665,9
6665,10
6665,10
6665,9
6665,8
6665,10
6666,10
6666,10
6666,8
6666,8
6666,10
6666,10
6666,10
6666,9
6666,8
6667,10
6667,10
6667,10
6667,10
6667,8
6667,10
6667,10
6667,10
6667,9
6667,8
6668,10
6668,10
6668,12
6668,9
6668,8
6668,9
6668,9
6668,10
6668,10
6669,8
6669,9
6669,9
6669,10
6669,10
6669,8
6669,9
6669,9
6679,9
6684,9
6684,9
6684,9
6684,8
6684,10
6685,10
6685,9
6685,10
6685,8
6685,10
6685,10
6685,9
6685,10
6685,8
6685,10
6686,11
6686,9
6686,10
6686,8
6686,10
6686,10
6686,10
6686,10
6686,8
6687,10
6687,10
6687,9
6687,10
6687,8
6687,9
6687,10
6687,10
6687,10
6688,8
6688,9
6688,10
6688,9
6688,10
6688,9
6688,9
6688,11
6688,9
6688,10
6689,9
6689,8
6689,11
6689,9
6689,10
6689,9
6689,8
6693,10
6693,10
6693,10
6694,9
6694,8
6694,9
6694,10
6694,10
6694,9
6694,8
6694,10
6694,10
6695,10
6695,9
6695,8
6695,10
6695,10
6695,10
6695,10
6695,8
6695,10
6695,10
6696,10
6696,9
6696,8
6696,10
6696,9
6696,10
6696,9
6696,8
6696,9
6697,9
6697,10
6697,10
6697,8
6697,9
6697,9
6697,10
6697,9
6697,8
6698,10
6698,8
6698,10
6698,9
6698,8
6698,9
6698,8
6698,10
6698,9
6698,8
6699,9
6699,8
6699,10
6699,9
6699,8
6699,9
6699,8
6704,10
6704,9
6704,8
6704,10
6704,9
6704,10
6704,9
6704,8
6705,10
6705,9
6705,10
6705,10
6705,8
6705,10
6705,9
6705,10
6705,10
6705,8
6706,10
6706,9
6706,10
6706,9
6706,8
6706,9
6706,9
6706,10
6706,10
6707,8
6707,9
6707,9
6707,10
6707,10
6707,7
6707,9
6707,9
6707,10
6707,10
6708,8
6708,10
6708,10
6708,10
6708,10
6708,8
6708,9
6708,10
6708,10
6709,10
6709,9
6709,9
6709,10
6709,10
6709,10
6709,9
6709,8
6714,9
6714,10
6714,8
6714,10
6714,9
6714,10
6715,9
6715,8
6715,10
6715,9
6715,10
6715,10
6715,8
6715,10
6715,9
6715,10
6716,10
6716,8
6716,9
6716,10
6716,10
6716,10
6716,8
6716,9
6716,10
6717,10
6717,10
6717,9
6717,8
6717,10
6717,10
6717,9
6717,8
6717,8
6718,9
6718,10
6718,10
6718,8
6718,7
6718,10
6718,10
6718,10
6718,9
6718,8
6719,10
6719,10
6719,10
6719,9
6719,8
6719,10
6719,10
6719,10
6730,10
6734,9
6734,10
6734,9
6735,10
6735,8
6735,9
6735,10
6735,9
6735,10
6735,9
6735,9
6735,10
6735,9
6736,10
6736,9
6736,8
6736,11
6736,9
6736,10
6736,9
6736,8
6736,10
6737,9
6737,10
6737,9
6737,8
6737,10
6737,9
6737,10
6737,10
6737,8
6737,10
6738,9
6738,10
6738,9
6738,8
6738,10
6738,9
6738,9
6738,10
6738,8
6739,10
6739,9
6739,10
6739,9
6739,8
6739,10
6739,9
6739,10
6743,9
6743,8
6744,9
6744,8
6744,10
6744,9
6744,9
6744,10
6744,8
6744,10
6744,10
6745,10
6745,10
6745,8
6745,10
6745,10
6745,9
6745,10
6745,8
6745,10
6745,10
6746,10
6746,9
6746,8
6746,9
6746,10
6746,9
6746,10
6746,8
6746,9
6747,10
6747,9
6747,10
6747,9
6747,9
6747,11
6747,9
6747,10
6747,9
6747,9
6748,10
6748,9
6748,10
6748,9
6748,8
6748,11
6748,9
6748,10
6748,9
6749,8
6749,10
6749,9
6749,10
6749,10
6749,8
6749,10
6749,9
6754,10
6754,8
6754,10
6754,9
6754,10
6754,9
6754,8
6754,10
6754,9
6755,9
6755,10
6755,8
6755,10
6755,10
6755,10
6755,9
6755,8
6755,10
6756,9
6756,10
6756,10
6756,8
6756,10
6756,10
6756,10
6756,10
6756,8
6756,10
6757,9
6757,10
6757,9
6757,8
6757,9
6757,9
6757,10
6757,10
6757,8
6758,9
6758,9
6758,10
6758,10
6758,8
6758,9
6758,10
6758,10
6758,10
6758,9
6759,8
6759,10
6759,10
6759,10
6759,9
6759,8
6759,9
6763,10
6763,10
6763,9
6764,9
6764,8
6764,10
6764,10
6764,9
6764,10
6764,8
6764,10
6764,10
6765,9
6765,9
6765,8
6765,10
6765,10
6765,9
6765,10
6765,8
6765,10
6765,9
6766,10
6766,10
6766,8
6766,10
6766,10
6766,9
6766,9
6766,9
6766,10
6767,10
6767,10
6767,10
6767,8
6767,9
6767,10
6767,10
6767,9
6767,8
6768,10
6768,10
6768,9
6768,10
6768,8
6768,10
6768,11
6768,9
6768,10
6768,8
6769,9
6769,11
6769,9
6769,10
6769,9
6769,10
6769,11
6782,8
6790,10
6794,9
6794,8
6794,10
6794,10
6795,10
6795,10
6795,8
6795,10
6795,9
6795,10
6795,10
6795,8
6795,10
6795,9
6796,10
6796,10
6796,8
6796,10
6796,8
6796,10
6796,10
6796,8
6796,10
6797,9
6797,10
6797,10
6797,8
6797,10
6797,9
6797,10
6797,10
6797,8
6797,10
6798,9
6798,10
6798,9
6798,7
6798,9
6798,9
6798,10
6798,10
6798,8
6799,9
6799,10
6799,10
6799,10
6799,7
6799,9
6799,10
6799,10
6803,9
6803,8
6804,10
6804,9
6804,10
6804,9
6804,8
6804,10
6804,9
6804,11
6804,9
6804,8
6805,9
6805,9
6805,10
6805,10
6805,8
6805,10
6805,8
6805,10
6805,9
6806,8
6806,9
6806,9
6806,10
6806,10
6806,8
6806,9
6806,8
6806,10
6807,10
6807,9
6807,9
6807,8
6807,10
6807,10
6807,9
6807,9
6807,8
6807,10
6808,10
6808,9
6808,10
6808,8
6808,10
6808,10
6808,9
6808,10
6808,8
6809,10
6809,9
6809,9
6809,10
6809,8
6809,10
6809,10
6809,9
6813,9
6813,8
6814,10
6814,10
6814,10
6814,9
6814,8
6814,11
6814,9
6814,9
6814,9
6814,8
6815,10
6815,9
6815,10
6815,9
6815,8
6815,11
6815,9
6815,10
6815,9
6816,8
6816,10
6816,10
6816,10
6816,9
6816,8
6816,10
6816,9
6816,10
6817,9
6817,8
6817,10
6817,9
6817,10
6817,9
6817,8
6817,10
6817,9
6817,10
6818,10
6818,8
6818,10
6818,9
6818,9
6818,10
6818,8
6818,10
6818,9
6819,10
6819,10
6819,8
6819,10
6819,9
6819,10
6819,10
6819,8
6829,9
6829,8
6829,10
6829,10
6833,9
6833,10
6834,10
6834,8
6834,10
6834,9
6834,10
6834,10
6834,8
6834,10
6834,9
6834,10
6835,10
6835,8
6835,9
6835,9
6835,10
6835,10
6835,8
6835,9
6835,9
6836,10
6836,10
6836,9
6836,9
6836,10
6836,10
6836,9
6836,9
6836,8
6837,10
6837,10
6837,9
6837,9
6837,8
6837,10
6837,10
6837,9
6837,9
6837,9
6838,9
6838,9
6838,9
6838,8
6838,8
6838,9
6838,10
6838,10
6838,9
6839,8
6839,10
6839,10
6839,10
6839,9
6839,8
6839,10
6839,10
6843,9
6843,10
6844,10
6844,10
6844,10
6844,8
6844,10
6844,10
6844,9
6844,10
6844,8
6845,9
6845,10
6845,9
6845,10
6845,8
6845,9
6845,10
6845,9
6845,10
6845,8
6846,9
6846,11
6846,9
6846,10
6846,9
6846,8
6846,10
6846,9
6846,10
6847,9
6847,8
6847,10
6847,9
6847,9
6847,9
6847,9
6847,10
6847,9
6848,10
6848,8
6848,8
6848,11
6848,9
6848,10
6848,9
6848,8
6848,11
6848,10
6849,10
6849,8
6849,8
6849,11
6849,9
6849,10
6849,9
6853,10
6853,8
6853,10
6854,10
6854,9
6854,9
6854,8
6854,10
6854,10
6854,9
6854,10
6854,8
6855,11
6855,10
6855,9
6855,9
6855,8
6855,10
6855,10
6855,8
6855,10
6856,9
6856,10
6856,10
6856,10
6856,9
6856,8
6856,9
6856,10
6856,9
6856,10
6857,8
6857,9
6857,11
6857,9
6857,10
6857,8
6857,9
6857,10
6857,10
6858,10
6858,8
6858,9
6858,11
6858,9
6858,10
6858,9
6858,9
6858,10
6858,9
6859,10
6859,9
6859,8
6859,11
6859,9
6859,10
6859,9
6863,9
6863,8
6863,10
6864,10
6864,10
6864,10
6864,9
6864,10
6864,10
6864,9
6864,10
6864,8
6865,10
6865,10
6865,10
6865,10
6865,8
6865,10
6865,10
6865,10
6865,10
6866,8
6866,10
6866,10
6866,9
6866,11
6866,8
6866,10
6866,10
6866,10
6866,10
6867,8
6867,10
6867,10
6867,10
6867,10
6867,8
6867,9
6867,10
6867,10
6868,10
6868,8
6868,9
6868,11
6868,9
6868,10
6868,8
6868,9
6868,10
6868,9
6869,9
6869,9
6869,8
6869,10
6869,9
6869,10
6869,9
6879,9
6879,10
6879,8
6879,9
6879,11
6883,10
6883,10
6884,8
6884,10
6884,9
6884,10
6884,10
6884,8
6884,9
6884,9
6884,10
6885,10
6885,8
6885,9
6885,10
6885,11
6885,10
6885,9
6885,9
6885,9
6885,10
6886,10
6886,9
6886,8
6886,10
6886,10
6886,10
6886,9
6886,8
6886,10
6887,10
6887,10
6887,9
6887,8
6887,10
6887,10
6887,10
6887,9
6887,8
6887,10
6888,10
6888,10
6888,9
6888,8
6888,10
6888,10
6888,10
6888,8
6888,8
6889,9
6889,10
6889,9
6889,10
6889,8
6889,10
6889,10
6889,10
6894,8
6894,11
6894,10
6894,10
6894,9
6894,9
6894,10
6894,9
6894,9
6895,9
6895,7
6895,10
6895,9
6895,10
6895,9
6895,8
6895,10
6895,9
6895,10
6896,9
6896,8
6896,11
6896,9
6896,10
6896,9
6896,8
6896,10
6896,9
6897,10
6897,10
6897,8
6897,10
6897,9
6897,10
6897,10
6897,8
6897,10
6897,9
6898,10
6898,10
6898,8
6898,10
6898,9
6898,10
6898,10
6898,9
6898,10
6899,9
6899,10
6899,9
6899,8
6899,10
6899,9
6899,10
6899,9
6903,9
6904,8
6904,10
6904,10
6904,10
6904,10
6904,8
6904,10
6904,10
6904,10
6904,10
6905,9
6905,10
6905,10
6905,10
6905,10
6905,8
6905,10
6905,10
6905,9
6906,10
6906,8
6906,10
6906,10
6906,10
6906,9
6906,8
6906,9
6906,10
6906,10
6907,10
6907,8
6907,10
6907,10
6907,9
6907,9
6907,8
6907,9
6907,10
6908,9
6908,10
6908,8
6908,10
6908,10
6908,9
6908,9
6908,8
6908,9
6908,10
6909,10
6909,10
6909,8
6909,9
6909,10
6909,10
6909,9
6913,9
6914,10
6914,8
6914,10
6914,10
6914,9
6914,10
6914,8
6914,10
6914,10
6914,9
6915,10
6915,8
6915,10
6915,10
6915,9
6915,10
6915,8
6915,10
6915,10
6916,9
6916,10
6916,8
6916,10
6916,10
6916,10
6916,10
6916,8
6916,10
6917,10
6917,10
6917,10
6917,8
6917,10
6917,10
6917,10
6917,10
6917,8
6917,9
6918,10
6918,10
6918,10
6918,8
6918,9
6918,10
6918,9
6918,10
6918,8
6919,9
6919,10
6919,9
6919,10
6919,8
6919,9
6919,10
6919,9
6932,9
6940,9
6944,10
6944,10
6944,9
6944,8
6944,10
6945,10
6945,10
6945,10
6945,8
6945,10
6945,10
6945,10
6945,9
6945,8
6946,10
6946,10
6946,10
6946,9
6946,8
6946,9
6946,10
6946,10
6946,10
6946,8
6947,9
6947,9
6947,10
6947,9
6947,8
6947,10
6947,10
6947,10
6947,10
6948,8
6948,9
6948,8
6948,10
6948,10
6948,8
6948,9
6948,8
6948,10
6948,9
6949,8
6949,9
6949,8
6949,10
6949,9
6949,9
6949,9
6953,9
6954,10
6954,8
6954,9
6954,10
6954,9
6954,10
6954,8
6954,9
6954,10
6955,9
6955,9
6955,8
6955,9
6955,10
6955,9
6955,10
6955,8
6955,9
6955,10
6956,10
6956,9
6956,8
6956,9
6956,10
6956,9
6956,9
6956,9
6956,9
6957,11
6957,9
6957,9
6957,9
6957,8
6957,11
6957,9
6957,10
6957,9
6958,9
6958,11
6958,10
6958,10
6958,9
6958,8
6958,11
6958,10
6958,10
6958,10
6959,8
6959,10
6959,9
6959,11
6959,9
6959,8
6959,10
6964,10
6964,10
6964,9
6964,10
6964,8
6964,10
6964,10
6964,9
6964,9
6964,8
6965,10
6965,10
6965,9
6965,10
6965,8
6965,10
6965,10
6965,9
6965,9
6966,8
6966,10
6966,10
6966,9
6966,9
6966,8
6966,10
6966,10
6966,10
6966,10
6967,8
6967,10
6967,10
6967,9
6967,10
6967,8
6967,10
6967,10
6967,10
6968,10
6968,8
6968,9
6968,10
6968,9
6968,9
6968,8
6968,10
6968,10
6969,10
6969,10
6969,8
6969,9
6969,10
6969,9
6969,10
6969,8
6978,10
6979,9
6979,8
6979,10
6979,10
6979,10
6979,9
6979,8
6979,10
6984,10
6984,9
6984,10
6984,9
6984,8
6984,10
6984,9
6984,10
6984,10
6985,8
6985,9
6985,9
6985,10
6985,10
6985,8
6985,10
6985,10
6985,10
6985,10
6986,8
6986,9
6986,10
6986,10
6986,9
6986,8
6986,9
6986,10
6986,10
6987,9
6987,8
6987,8
6987,10
6987,10
6987,10
6987,9
6987,8
6987,10
6988,10
6988,9
6988,9
6988,8
6988,10
6988,10
6988,10
6988,9
6988,8
6988,10
6989,10
6989,10
6989,9
6989,8
6989,10
6989,10
6989,10
6994,9
6994,8
6994,9
6994,9
6994,10
6994,9
6994,8
6994,9
6995,8
6995,10
6995,9
6995,8
6995,9
6995,8
6995,10
6995,10
6995,9
6996,9
6996,8
6996,10
6996,10
6996,9
6996,10
6996,7
6996,10
6996,10
6996,9
6997,10
6997,8
6997,10
6997,9
6997,9
6997,10
6997,8
6997,10
6997,10
6998,9
6998,10
6998,8
6998,10
6998,10
6998,9
6998,10
6998,8
6998,10
6999,9
6999,10
6999,10
6999,8
6999,9
6999,10
6999,9
6999,10
7004,10
7004,9
7004,8
7004,9
7004,9
7004,10
7004,10
7004,8
7004,10
7005,9
7005,10
7005,9
7005,8
7005,10
7005,9
7005,10
7005,9
7005,8
7005,10
7006,9
7006,10
7006,9
7006,8
7006,9
7006,9
7006,10
7006,10
7006,8
7007,9
7007,9
7007,10
7007,9
7007,8
7007,9
7007,9
7007,10
7007,10
7008,8
7008,9
7008,8
7008,10
7008,10
7008,8
7008,9
7008,8
7008,10
7008,10
7009,8
7009,9
7009,8
7009,10
7009,9
7009,9
7009,9
7014,9
7014,8
7014,9
7014,9
7014,10
7014,10
7014,9
7014,9
7014,10
7015,10
7015,10
7015,8
7015,9
7015,10
7015,10
7015,10
7015,8
7015,8
7016,9
7016,10
7016,10
7016,9
7016,8
7016,10
7016,10
7016,9
7016,9
7016,8
7017,10
7017,10
7017,10
7017,9
7017,8
7017,10
7017,10
7017,10
7017,9
7018,8
7018,10
7018,10
7018,10
7018,10
7018,8
7018,10
7018,10
7018,10
7019,10
7019,8
7019,10
7019,10
7019,10
7019,10
7019,8
7019,10
7029,8
7029,9
7029,9
7029,10
7034,9
7034,8
7034,11
7034,9
7034,10
7034,9
7034,9
7034,11
7035,9
7035,10
7035,9
7035,8
7035,9
7035,10
7035,10
7035,8
7035,8
7036,10
7036,9
7036,10
7036,10
7036,8
7036,10
7036,9
7036,10
7036,10
7036,8
7037,10
7037,9
7037,10
7037,9
7037,8
7037,10
7037,9
7037,10
7037,9
7038,8
7038,9
7038,9
7038,10
7038,10
7038,8
7038,9
7038,9
7038,10
7039,10
7039,8
7039,9
7039,10
7039,10
7039,10
7039,8
7039,9
7044,10
7044,8
7044,10
7044,10
7044,10
7044,10
7045,9
7045,10
7045,10
7045,9
7045,10
7045,9
7045,10
7045,10
7045,10
7045,10
7046,8
7046,9
7046,10
7046,10
7046,10
7046,8
7046,9
7046,10
7046,9
7047,10
7047,8
7047,9
7047,10
7047,9
7047,10
7047,8
7047,9
7047,11
7047,9
7048,10
7048,9
7048,8
7048,11
7048,9
7048,11
7048,9
7048,8
7048,11
7049,9
7049,10
7049,9
7049,8
7049,10
7049,9
7049,10
7049,9
7054,10
7054,11
7054,10
7054,10
7054,8
7054,8
7054,11
7054,8
7055,10
7055,9
7055,8
7055,11
7055,9
7055,10
7055,9
7055,8
7055,10
7056,10
7056,10
7056,10
7056,8
7056,10
7056,10
7056,10
7056,9
7056,8
7056,10
7057,10
7057,10
7057,10
7057,8
7057,10
7057,9
7057,10
7057,10
7057,7
7058,10
7058,9
7058,11
7058,9
7058,8
7058,10
7058,9
7058,10
7058,10
7059,8
7059,9
7059,10
7059,10
7059,9
7059,8
7059,8
7059,10
7064,10
7064,9
7064,10
7064,10
7064,8
7064,10
7064,9
7064,10
7065,9
7065,8
7065,10
7065,9
7065,10
7065,9
7065,8
7065,9
7065,9
7066,10
7066,10
7066,8
7066,9
7066,8
7066,10
7066,10
7066,8
7066,9
7066,8
7067,10
7067,10
7067,9
7067,9
7067,8
7067,10
7067,10
7067,8
7067,10
7068,8
7068,10
7068,10
7068,9
7068,9
7068,8
7068,10
7068,10
7068,10
7068,10
7069,8
7069,10
7069,10
7069,9
7069,10
7069,8
7069,10
7079,11
7079,9
7079,10
7079,8
7079,9
7079,10
7079,10
7084,10
7084,10
7084,10
7084,8
7084,10
7084,10
7084,10
7085,10
7085,8
7085,10
7085,10
7085,10
7085,9
7085,8
7085,10
7085,9
7085,10
7086,10
7086,8
7086,9
7086,9
7086,9
7086,10
7086,8
7086,9
7086,9
7087,10
7087,10
7087,8
7087,9
7087,8
7087,10
7087,9
7087,8
7087,9
7087,8
7088,10
7088,10
7088,9
7088,9
7088,8
7088,10
7088,10
7088,9
7088,9
7089,8
7089,10
7089,10
7089,9
7089,10
7089,8
7089,10
7089,8
7094,10
7094,8
7094,10
7094,10
7094,9
7095,10
7095,8
7095,10
7095,10
7095,10
7095,10
7095,8
7095,9
7095,10
7096,9
7096,10
7096,9
7096,9
7096,10
7096,10
7096,10
7096,8
7096,9
7096,11
7097,10
7097,10
7097,8
7097,9
7097,10
7097,10
7097,10
7097,8
7097,9
7098,10
7098,9
7098,10
7098,8
7098,9
7098,11
7098,9
7098,10
7098,9
7099,8
7099,11
7099,9
7099,10
7099,9
7099,8
7099,10
7099,10
7104,9
7104,8
7104,10
7104,11
7104,11
7104,9
7105,8
7105,10
7105,10
7105,10
7105,9
7105,8
7105,10
7105,10
7105,10
7105,9
7106,8
7106,10
7106,10
7106,10
7106,9
7106,8
7106,10
7106,10
7106,10
7107,10
7107,8
7107,9
7107,10
7107,10
7107,9
7107,8
7107,10
7107,10
7108,10
7108,9
7108,8
7108,10
7108,9
7108,10
7108,9
7108,8
7108,10
7108,9
7109,10
7109,10
7109,8
7109,10
7109,9
7109,10
7109,9
7114,8
7114,10
7114,10
7114,8
7114,9
7114,8
7114,10
7115,10
7115,7
7115,10
7115,8
7115,10
7115,10
7115,9
7115,10
7115,8
7116,10
7116,9
7116,10
7116,9
7116,8
7116,10
7116,11
7116,10
7116,10
7116,8
7117,9
7117,10
7117,10
7117,10
7117,8
7117,10
7117,10
7117,10
7117,10
7118,9
7118,10
7118,10
7118,10
7118,10
7118,8
7118,9
7118,10
7118,10
7119,10
7119,8
7119,9
7119,10
7119,9
7119,10
7119,8
7119,9
7132,9
7139,10
7139,8
7139,10
7139,9
7144,9
7144,9
7144,10
7144,8
7145,10
7145,10
7145,9
7145,9
7145,8
7145,10
7145,10
7145,10
7145,9
7146,8
7146,10
7146,10
7146,10
7146,10
7146,8
7146,9
7146,10
7146,10
7146,9
7147,8
7147,10
7147,10
7147,10
7147,10
7147,8
7147,9
7147,10
7147,9
7148,10
7148,8
7148,9
7148,11
7148,9
7148,9
7148,8
7148,9
7148,10
7149,9
7149,10
7149,9
7149,8
7149,10
7149,9
7149,10
7149,9
7154,10
7154,10
7154,10
7154,10
7154,8
7154,10
7155,10
7155,10
7155,10
7155,8
7155,10
7155,10
7155,10
7155,9
7155,8
7156,10
7156,10
7156,10
7156,10
7156,8
7156,10
7156,10
7156,10
7156,9
7156,8
7157,9
7157,9
7157,10
7157,9
7157,8
7157,9
7157,9
7157,10
7157,10
7158,8
7158,10
7158,9
7158,10
7158,9
7158,8
7158,9
7158,9
7158,10
7159,9
7159,8
7159,9
7159,8
7159,10
7159,9
7159,8
7159,9
7164,9
7164,8
7164,10
7164,10
7164,11
7164,9
7165,8
7165,10
7165,10
7165,10
7165,10
7165,8
7165,10
7165,9
7165,11
7166,9
7166,8
7166,10
7166,10
7166,10
7166,9
7166,8
7166,10
7166,10
7166,10
7167,9
7167,8
7167,9
7167,9
7167,10
7167,10
7167,8
7167,10
7167,9
7168,10
7168,10
7168,8
7168,9
7168,9
7168,10
7168,9
7168,8
7168,10
7168,9
7169,10
7169,10
7169,8
7169,9
7169,9
7169,10
7169,9
7180,8
7184,10
7184,10
7184,10
7185,9
7185,8
7185,10
7185,10
7185,11
7185,9
7185,8
7185,10
7185,10
7186,11
7186,10
7186,8
7186,10
7186,9
7186,11
7186,10
7186,8
7186,10
7186,9
7187,10
7187,10
7187,8
7187,10
7187,9
7187,10
7187,9
7187,8
7187,9
7188,9
7188,10
7188,9
7188,8
7188,9
7188,8
7188,10
7188,9
7188,8
7188,9
7189,8
7189,10
7189,10
7189,9
7189,10
7189,8
7189,10
7194,10
7194,10
7194,8
7194,10
7195,10
7195,10
7195,10
7195,8
7195,10
7195,9
7195,10
7195,10
7195,8
7195,9
7196,10
7196,10
7196,10
7196,8
7196,10
7196,9
7196,10
7196,9
7196,8
7197,9
7197,9
7197,10
7197,10
7197,8
7197,10
7197,9
7197,10
7197,10
7197,8
7198,9
7198,9
7198,10
7198,9
7198,8
7198,9
7198,8
7198,10
7198,9
7199,7
7199,9
7199,9
7199,10
7199,10
7199,8
7199,9
7199,8
7204,10
7204,9
7204,10
7204,9
7204,8
7205,9
7205,9
7205,10
7205,9
7205,8
7205,9
7205,10
7205,10
7205,10
7205,9
7206,9
7206,10
7206,11
7206,10
7206,9
7206,9
7206,10
7206,11
7206,9
7207,9
7207,9
7207,10
7207,10
7207,10
7207,9
7207,8
7207,10
7207,10
7207,10
7208,9
7208,8
7208,10
7208,10
7208,10
7208,9
7208,8
7208,10
7208,10
7209,10
7209,9
7209,8
7209,10
7209,10
7209,10
7209,9
7209,8
7214,9
7214,8
7214,9
7214,9
7214,10
7215,9
7215,8
7215,10
7215,9
7215,10
7215,10
7215,8
7215,9
7215,9
7215,10
7216,10
7216,8
7216,9
7216,8
7216,10
7216,10
7216,8
7216,9
7216,9
7217,10
7217,10
7217,9
7217,9
7217,8
7217,10
7217,10
7217,9
7217,9
7217,8
7218,10
7218,10
7218,9
7218,10
7218,8
7218,10
7218,10
7218,9
7218,10
7219,8
7219,10
7219,10
7219,10
7219,9
7219,8
7219,10
7219,10
7229,10
7234,10
7234,10
7234,10
7234,10
7235,8
7235,10
7235,9
7235,10
7235,9
7235,8
7235,10
7235,9
7235,10
7235,9
7236,8
7236,10
7236,9
7236,10
7236,10
7236,8
7236,9
7236,10
7236,11
7237,9
7237,8
7237,10
7237,9
7237,10
7237,10
7237,8
7237,10
7237,10
7238,10
7238,9
7238,8
7238,10
7238,10
7238,10
7238,10
7238,8
7238,10
7238,10
7239,10
7239,10
7239,8
7239,10
7239,10
7239,9
7239,10
7244,9
7244,10
7244,9
7245,10
7245,8
7245,9
7245,10
7245,9
7245,10
7245,9
7245,9
7245,10
7245,9
7246,10
7246,9
7246,9
7246,10
7246,10
7246,10
7246,9
7246,8
7246,11
7247,9
7247,10
7247,9
7247,8
7247,11
7247,10
7247,10
7247,9
7247,8
7247,11
7248,9
7248,10
7248,9
7248,9
7248,11
7248,9
7248,10
7248,9
7248,8
7249,10
7249,9
7249,10
7249,10
7249,8
7249,10
7249,9
7249,10
7254,10
7254,10
7254,8
7254,10
7255,9
7255,10
7255,10
7255,8
7255,10
7255,9
7255,10
7255,10
7255,8
7255,10
7256,9
7256,10
7256,10
7256,8
7256,9
7256,10
7256,10
7256,10
7256,8
7257,9
7257,9
7257,10
7257,10
7257,8
7257,9
7257,10
7257,10
7257,10
7258,9
7258,9
7258,10
7258,10
7258,10
7258,8
7258,9
7258,9
7258,10
7258,10
7259,9
7259,8
7259,9
7259,10
7259,10
7259,9
7259,8
7264,10
7264,10
7264,10
7264,10
7265,8
7265,10
7265,10
7265,10
7265,10
7265,8
7265,10
7265,10
7265,10
7266,10
7266,8
7266,9
7266,10
7266,10
7266,10
7266,8
7266,10
7266,10
7266,10
7267,10
7267,8
7267,9
7267,10
7267,10
7267,10
7267,9
7267,9
7267,10
7268,10
7268,10
7268,8
7268,9
7268,10
7268,9
7268,10
7268,8
7268,9
7268,10
7269,10
7269,10
7269,8
7269,9
7269,10
7269,9
7269,10
7283,10
7290,10
7295,9
7295,9
7295,10
7295,9
7295,9
7295,9
7295,8
7295,10
7295,9
7296,10
7296,9
7296,8
7296,10
7296,9
7296,10
7296,9
7296,8
7296,10
7296,9
7297,10
7297,10
7297,8
7297,10
7297,11
7297,10
7297,9
7297,8
7297,10
7298,9
7298,10
7298,9
7298,8
7298,10
7298,9
7298,10
7298,10
7298,8
7298,10
7299,9
7299,10
7299,10
7299,8
7299,10
7299,9
7299,10
7304,8
7304,9
7304,11
7305,9
7305,10
7305,8
7305,9
7305,11
7305,9
7305,10
7305,9
7305,9
7305,10
7306,9
7306,10
7306,9
7306,9
7306,11
7306,9
7306,10
7306,9
7306,9
7307,11
7307,9
7307,10
7307,9
7307,10
7307,10
7307,9
7307,10
7307,9
7307,9
7308,11
7308,9
7308,10
7308,9
7308,8
7308,11
7308,9
7308,10
7308,9
7309,8
7309,10
7309,9
7309,10
7309,9
7309,8
7309,10
7309,9
7314,10
7314,9
7314,8
7315,10
7315,9
7315,10
7315,10
7315,8
7315,9
7315,9
7315,10
7315,9
7315,8
7316,10
7316,9
7316,10
7316,10
7316,8
7316,9
7316,9
7316,10
7316,9
7317,8
7317,10
7317,9
7317,10
7317,10
7317,8
7317,10
7317,9
7317,10
7318,10
7318,8
7318,9
7318,9
7318,10
7318,9
7318,8
7318,9
7318,8
7318,10
7319,10
7319,8
7319,9
7319,8
7319,11
7319,10
7319,9
7330,9
7334,9
7335,10
7335,10
7335,8
7335,9
7335,10
7335,11
7335,9
7335,8
7335,10
7336,10
7336,10
7336,10
7336,8
7336,8
7336,9
7336,11
7336,10
7336,9
7336,9
7337,9
7337,10
7337,10
7337,9
7337,9
7337,10
7337,10
7337,9
7337,9
7338,9
7338,10
7338,10
7338,10
7338,9
7338,8
7338,10
7338,10
7338,10
7338,9
7339,8
7339,10
7339,10
7339,10
7339,9
7339,8
7339,9
7344,10
7345,10
7345,8
7345,10
7345,9
7345,10
7345,10
7345,8
7345,10
7345,9
7346,10
7346,9
7346,8
7346,10
7346,9
7346,10
7346,10
7346,8
7346,10
7346,9
7347,10
7347,9
7347,8
7347,9
7347,9
7347,10
7347,10
7347,8
7347,9
7348,10
7348,10
7348,10
7348,9
7348,9
7348,10
7348,9
7348,10
7348,9
7349,9
7349,10
7349,10
7349,10
7349,9
7349,8
7349,10
7349,10
7354,9
7354,8
7355,10
7355,10
7355,9
7355,9
7355,8
7355,10
7355,10
7355,9
7355,10
7355,8
7356,10
7356,10
7356,9
7356,10
7356,8
7356,9
7356,10
7356,9
7356,9
7357,8
7357,10
7357,10
7357,10
7357,10
7357,8
7357,10
7357,10
7357,9
7357,9
7358,8
7358,10
7358,10
7358,10
7358,10
7358,8
7358,9
7358,10
7358,10
7359,10
7359,8
7359,9
7359,10
7359,10
7359,10
7359,8
7359,9
7364,10
7364,8
7365,9
7365,10
7365,9
7365,10
7365,9
7365,9
7365,11
7365,10
7365,10
7366,9
7366,8
7366,11
7366,9
7366,9
7366,9
7366,8
7366,11
7366,10
7366,10
7367,9
7367,8
7367,10
7367,9
7367,10
7367,10
7367,9
7367,10
7367,9
7368,10
7368,9
7368,8
7368,10
7368,9
7368,10
7368,10
7368,8
7368,10
7369,9
7369,10
7369,9
7369,8
7369,9
7369,9
7369,11
7369,10
7380,10
7385,10
7385,8
7385,9
7385,9
7385,10
7385,9
7385,8
7385,9
7386,10
7386,10
7386,10
7386,9
7386,9
7386,10
7386,10
7386,10
7386,8
7386,9
7387,10
7387,10
7387,10
7387,9
7387,8
7387,10
7387,10
7387,10
7387,9
7388,8
7388,10
7388,10
7388,11
7388,9
7388,8
7388,10
7388,10
7388,10
7389,8
7389,8
7389,10
7389,10
7389,10
7389,9
7389,8
7389,10
7395,10
7395,10
7395,8
7395,10
7395,9
7395,10
7395,10
7395,8
7395,10
7395,9
7396,10
7396,9
7396,8
7396,10
7396,9
7396,10
7396,10
7396,8
7396,10
7397,9
7397,10
7397,9
7397,8
7397,10
7397,9
7397,10
7397,10
7397,8
7398,10
7398,9
7398,10
7398,9
7398,8
7398,10
7398,10
7398,10
7398,10
7398,8
7399,10
7399,9
7399,10
7399,9
7399,8
7399,9
7399,10
7404,8
7404,10
7405,9
7405,10
7405,9
7405,8
7405,10
7405,10
7405,10
7405,9
7405,8
7406,10
7406,10
7406,10
7406,10
7406,8
7406,10
7406,10
7406,10
7406,10
7406,8
7407,10
7407,10
7407,10
7407,9
7407,8
7407,10
7407,10
7407,10
7407,10
7408,8
7408,10
7408,9
7408,10
7408,9
7408,8
7408,10
7408,8
7408,10
7409,10
7409,8
7409,10
7409,9
7409,10
7409,10
7409,8
7409,10
7414,8
7415,9
7415,10
7415,10
7415,9
7415,9
7415,9
7415,10
7415,11
7415,10
7415,9
7416,7
7416,10
7416,8
7416,10
7416,11
7416,8
7416,10
7416,9
7416,10
7417,9
7417,8
7417,10
7417,10
7417,9
7417,9
7417,8
7417,10
7417,10
7417,10
7418,9
7418,8
7418,9
7418,10
7418,10
7418,9
7418,8
7418,10
7418,10
7419,10
7419,10
7419,8
7419,10
7419,10
7419,11
7419,10
7419,8
7430,10
7435,9
7435,7
7435,11
7435,9
7435,11
7435,9
7435,7
7435,11
7435,8
7436,10
7436,10
7436,8
7436,10
7436,9
7436,10
7436,9
7436,8
7436,10
7436,9
7437,10
7437,10
7437,8
7437,10
7437,9
7437,10
7437,10
7437,8
7437,10
7438,9
7438,10
7438,10
7438,8
7438,10
7438,9
7438,10
7438,10
7438,8
7439,9
7439,10
7439,10
7439,10
7439,9
7439,9
7439,9
7439,10
7445,10
7445,9
7445,9
7445,9
7445,9
7445,11
7445,9
7445,10
7445,9
7446,8
7446,11
7446,9
7446,10
7446,9
7446,8
7446,11
7446,9
7446,10
7447,10
7447,8
7447,11
7447,9
7447,10
7447,10
7447,8
7447,10
7447,9
7447,12
7448,9
7448,10
7448,10
7448,7
7448,10
7448,12
7448,7
7448,10
7448,9
7449,10
7449,10
7449,8
7449,9
7449,9
7449,10
7449,10
7449,8
7454,10
7455,10
7455,9
7455,9
7455,10
7455,10
7455,10
7455,7
7455,9
7455,10
7456,10
7456,10
7456,9
7456,8
7456,10
7456,10
7456,10
7456,8
7456,9
7457,10
7457,10
7457,10
7457,8
7457,8
7457,9
7457,10
7457,10
7457,10
7457,8
7458,10
7458,9
7458,10
7458,9
7458,8
7458,10
7458,11
7458,10
7458,9
7459,8
7459,10
7459,10
7459,10
7459,9
7459,8
7459,10
7459,10
7465,10
7465,9
7465,9
7465,8
7465,10
7465,10
7465,9
7465,10
7465,8
7465,10
7466,10
7466,10
7466,10
7466,8
7466,10
7466,10
7466,9
7466,9
7466,8
7467,10
7467,10
7467,10
7467,10
7467,8
7467,10
7467,10
7467,10
7467,10
7467,8
7468,10
7468,10
7468,9
7468,10
7468,8
7468,10
7468,10
7468,9
7468,10
7469,8
7469,9
7469,9
7469,9
7469,10
7469,8
7469,9
7469,10
7482,9
7487,10
7487,9
7487,9
7488,10
7488,9
7488,10
7488,9
7488,9
7488,11
7488,9
7488,10
7488,9
7489,8
7489,10
7489,10
7489,10
7489,10
7489,8
7489,10
7489,9
7495,10
7495,9
7495,8
7495,11
7495,9
7495,10
7495,9
7496,8
7496,10
7496,9
7496,10
7496,9
7496,8
7496,10
7496,9
7496,10
7496,9
7497,8
7497,10
7497,9
7497,10
7497,10
7497,8
7497,10
7497,9
7497,10
7498,9
7498,8
7498,10
7498,9
7498,10
7498,10
7498,8
7498,10
7498,9
7498,10
7499,9
7499,8
7499,10
7499,9
7499,10
7499,10
7499,8
7505,9
7505,9
7505,8
7505,9
7505,10
7505,10
7505,9
7505,8
7505,9
7505,11
7506,8
7506,10
7506,8
7506,9
7506,10
7506,9
7506,10
7506,9
7506,9
7507,10
7507,9
7507,10
7507,9
7507,8
7507,11
7507,9
7507,9
7507,9
7507,8
7508,11
7508,10
7508,10
7508,9
7508,8
7508,11
7508,9
7508,10
7508,9
7509,8
7509,10
7509,9
7509,11
7509,10
7509,8
7509,10
7509,9
7515,10
7515,8
7515,10
7515,10
7515,10
7515,10
7515,8
7515,10
7515,10
7516,9
7516,9
7516,8
7516,9
7516,10
7516,10
7516,10
7516,8
7516,9
7516,10
7517,9
7517,10
7517,8
7517,9
7517,10
7517,9
7517,10
7517,8
7517,9
7518,11
7518,9
7518,10
7518,8
7518,9
7518,10
7518,9
7518,10
7518,8
7518,9
7519,11
7519,10
7519,9
7519,9
7519,8
7519,11
7519,9
7530,9
7535,10
7535,9
7535,8
7535,9
7535,8
7535,10
7536,10
7536,8
7536,9
7536,8
7536,10
7536,9
7536,8
7536,10
7536,8
7537,10
7537,9
7537,8
7537,9
7537,8
7537,10
7537,10
7537,8
7537,9
7537,8
7538,10
7538,10
7538,8
7538,9
7538,8
7538,10
7538,9
7538,9
7538,9
7539,9
7539,11
7539,10
7539,8
7539,9
7539,8
7539,10
7539,10
7545,10
7545,8
7545,10
7545,10
7545,9
7545,10
7545,8
7546,10
7546,10
7546,10
7546,10
7546,8
7546,9
7546,10
7546,10
7546,9
7547,8
7547,10
7547,10
7547,9
7547,10
7547,9
7547,9
7547,11
7547,10
7548,10
7548,8
7548,9
7548,10
7548,10
7548,10
7548,8
7548,10
7548,10
7548,10
7549,10
7549,8
7549,9
7549,9
7549,9
7549,10
7549,8
7555,8
7555,10
7555,10
7555,9
7555,10
7555,8
7555,10
7555,10
7555,9
7556,10
7556,8
7556,10
7556,10
7556,10
7556,9
7556,8
7556,10
7556,10
7557,10
7557,10
7557,8
7557,10
7557,10
7557,9
7557,9
7557,8
7557,10
7557,10
7558,10
7558,10
7558,8
7558,10
7558,10
7558,10
7558,10
7558,9
7558,10
7559,10
7559,9
7559,10
7559,8
7559,9
7559,10
7559,10
7559,10
7565,10
7565,8
7565,10
7565,10
7565,9
7565,10
7565,8
7565,10
7566,10
7566,10
7566,9
7566,8
7566,10
7566,10
7566,10
7566,9
7566,8
7566,10
7567,10
7567,10
7567,10
7567,8
7567,9
7567,10
7567,9
7567,10
7567,9
7568,10
7568,10
7568,9
7568,10
7568,8
7568,10
7568,10
7568,10
7568,10
7569,8
7569,10
7569,10
7569,10
7569,10
7569,8
7569,10
7569,10
7580,9
7585,8
7585,10
7585,9
7585,11
7586,10
7586,8
7586,9
7586,9
7586,10
7586,10
7586,8
7586,10
7586,9
7587,10
7587,10
7587,8
7587,10
7587,9
7587,10
7587,9
7587,8
7587,10
7588,9
7588,10
7588,10
7588,8
7588,10
7588,9
7588,10
7588,10
7588,8
7588,10
7589,9
7589,10
7589,9
7589,8
7589,10
7589,9
7589,10
7595,10
7595,8
7595,10
7595,10
7595,9
7595,10
7596,8
7596,10
7596,10
7596,9
7596,10
7596,8
7596,10
7596,10
7596,9
7596,10
7597,8
7597,10
7597,10
7597,9
7597,10
7597,7
7597,10
7597,10
7597,9
7598,10
7598,8
7598,10
7598,10
7598,9
7598,10
7598,9
7598,10
7598,10
7599,9
7599,9
7599,8
7599,10
7599,11
7599,9
7599,10
7599,8
7605,10
7605,9
7605,10
7605,9
7605,8
7605,10
7605,9
7606,10
7606,10
7606,8
7606,9
7606,8
7606,10
7606,10
7606,8
7606,9
7606,8
7607,10
7607,9
7607,8
7607,9
7607,8
7607,10
7607,10
7607,8
7607,9
7608,8
7608,11
7608,10
7608,9
7608,9
7608,9
7608,10
7608,10
7608,9
7608,9
7609,8
7609,10
7609,9
7609,9
7609,10
7609,7
7609,10
7615,10
7615,8
7615,9
7615,10
7615,9
7615,9
7615,8
7615,10
7616,10
7616,10
7616,10
7616,9
7616,9
7616,11
7616,10
7616,10
7616,8
7617,9
7617,10
7617,10
7617,10
7617,8
7617,9
7617,11
7617,9
7617,10
7617,8
7618,9
7618,10
7618,10
7618,10
7618,8
7618,9
7618,10
7618,10
7618,10
7619,8
7619,8
7619,11
7619,9
7619,10
7619,9
7619,9
7619,11
7633,9
7638,8
7638,10
7639,9
7639,10
7639,10
7639,8
7639,10
7639,9
7639,10
7645,8
7645,10
7645,9
7645,10
7645,10
7646,8
7646,9
7646,9
7646,10
7646,9
7646,8
7646,9
7646,9
7646,10
7647,10
7647,8
7647,9
7647,9
7647,10
7647,9
7647,8
7647,9
7647,9
7648,10
7648,9
7648,8
7648,9
7648,8
7648,11
7648,9
7648,8
7648,9
7648,8
7649,10
7649,10
7649,8
7649,9
7649,8
7649,10
7649,9
7655,9
7655,8
7655,11
7655,10
7655,10
7655,9
7656,8
7656,11
7656,9
7656,10
7656,9
7656,8
7656,10
7656,10
7656,10
7657,10
7657,8
7657,11
7657,9
7657,10
7657,9
7657,8
7657,11
7657,9
7657,10
7658,9
7658,8
7658,10
7658,9
7658,10
7658,9
7658,9
7658,10
7658,9
7659,10
7659,9
7659,8
7659,10
7659,9
7659,10
7659,10
7659,8
7665,8
7665,10
7665,10
7665,10
7665,10
7665,8
7666,10
7666,10
7666,10
7666,10
7666,8
7666,10
7666,10
7666,9
7666,10
7667,8
7667,10
7667,10
7667,10
7667,10
7667,8
7667,10
7667,10
7667,9
7667,10
7668,8
7668,10
7668,10
7668,10
7668,10
7668,8
7668,10
7668,10
7668,10
7669,10
7669,8
7669,10
7669,10
7669,10
7669,10
7669,9
7669,9
7681,9
7686,8
7686,10
7686,10
7686,10
7686,9
7686,8
7686,10
7686,10
7686,10
7687,8
7687,8
7687,10
7687,10
7687,10
7687,9
7687,8
7687,10
7687,10
7688,10
7688,9
7688,8
7688,10
7688,10
7688,10
7688,10
7688,8
7688,10
7688,9
7689,10
7689,9
7689,8
7689,9
7689,9
7689,10
7689,9
7695,9
7695,9
7695,10
7695,10
7696,9
7696,9
7696,10
7696,10
7696,9
7696,9
7696,9
7696,10
7696,10
7696,10
7697,8
7697,9
7697,10
7697,10
7697,9
7697,9
7697,8
7697,10
7697,10
7698,9
7698,9
7698,9
7698,10
7698,10
7698,10
7698,9
7698,8
7698,10
7699,10
7699,10
7699,9
7699,8
7699,10
7699,10
7699,10
7699,9
7705,9
7705,10
7705,8
7705,11
7705,10
7705,8
7705,9
7706,8
7706,10
7706,10
7706,9
7706,10
7706,8
7706,10
7706,9
7706,9
7707,9
7707,8
7707,10
7707,10
7707,9
7707,10
7707,8
7707,10
7707,10
7707,9
7708,10
7708,8
7708,10
7708,10
7708,9
7708,9
7708,8
7708,10
7708,10
7709,9
7709,10
7709,8
7709,10
7709,10
7709,8
7709,10
7709,8
7715,9
7715,9
7715,11
7715,9
7715,10
7716,9
7716,9
7716,11
7716,9
7716,10
7716,8
7716,9
7716,11
7716,9
7716,10
7717,9
7717,9
7717,11
7717,9
7717,10
7717,9
7717,9
7717,10
7717,9
7718,9
7718,9
7718,9
7718,10
7718,9
7718,10
7718,8
7718,9
7718,10
7718,9
7719,10
7719,9
7719,8
7719,11
7719,9
7719,10
7719,9
7730,10
7735,10
7735,9
7736,9
7736,11
7736,9
7736,10
7736,9
7736,8
7736,11
7736,9
7736,10
7736,9
7737,8
7737,11
7737,9
7737,10
7737,9
7737,9
7737,11
7737,10
7737,10
7738,9
7738,9
7738,11
7738,9
7738,10
7738,9
7738,9
7738,10
7738,9
7738,10
7739,9
7739,8
7739,11
7739,9
7739,10
7739,9
7739,8
7745,10
7745,8
7745,10
7746,9
7746,10
7746,10
7746,8
7746,10
7746,9
7746,10
7746,9
7746,8
7746,10
7747,9
7747,10
7747,10
7747,8
7747,10
7747,9
7747,10
7747,10
7747,8
7748,9
7748,9
7748,10
7748,10
7748,8
7748,9
7748,9
7748,10
7748,9
7748,8
7749,9
7749,9
7749,9
7749,10
7749,8
7749,9
7749,9
7755,10
7755,9
7755,8
7755,9
7755,9
7756,11
7756,10
7756,8
7756,9
7756,9
7756,10
7756,10
7756,8
7756,9
7756,9
7757,10
7757,10
7757,8
7757,9
7757,9
7757,10
7757,10
7757,8
7757,9
7758,9
7758,10
7758,9
7758,8
7758,9
7758,9
7758,10
7758,10
7758,8
7758,9
7759,8
7759,10
7759,10
7759,8
7759,9
7759,8
7759,10
7765,10
7765,8
7765,9
7765,9
7765,9
7766,9
7766,8
7766,9
7766,10
7766,9
7766,10
7766,8
7766,9
7766,10
7766,9
7767,10
7767,8
7767,9
7767,10
7767,9
7767,10
7767,9
7767,9
7767,10
7768,9
7768,10
7768,9
7768,9
7768,10
7768,10
7768,9
7768,9
7768,8
7768,10
7769,10
7769,10
7769,9
7769,8
7769,10
7769,9
7769,10
7780,10
7786,8
7786,10
7786,10
7786,10
7786,10
7786,8
7786,10
7786,10
7786,9
7787,10
7787,8
7787,9
7787,10
7787,10
7787,9
7787,8
7787,9
7787,10
7787,10
7788,10
7788,8
7788,9
7788,10
7788,9
7788,10
7788,9
7788,10
7788,10
7789,10
7789,9
7789,8
7789,10
7789,10
7789,9
7789,9
7789,8
7795,10
7795,9
7796,10
7796,9
7796,8
7796,9
7796,9
7796,10
7796,10
7796,8
7796,9
7797,10
7797,10
7797,10
7797,8
7797,9
7797,9
7797,10
7797,9
7797,7
7797,10
7798,9
7798,10
7798,10
7798,8
7798,9
7798,9
7798,10
7798,10
7798,8
7799,9
7799,10
7799,10
7799,9
7799,8
7799,9
7799,10
7799,10
7805,9
7805,10
7805,9
7805,8
7805,10
7805,9
7805,10
7805,10
7806,8
7806,9
7806,9
7806,10
7806,10
7806,8
7806,9
7806,9
7806,10
7807,9
7807,8
7807,10
7807,9
7807,10
7807,9
7807,8
7807,9
7807,9
7808,10
7808,9
7808,8
7808,10
7808,9
7808,10
7808,10
7808,8
7808,9
7808,9
7809,10
7809,9
7809,8
7809,9
7809,8
7809,10
7809,10
7815,9
7815,9
7815,11
7815,10
7816,7
7816,9
7816,9
7816,11
7816,9
7816,8
7816,10
7816,9
7816,10
7816,9
7817,8
7817,10
7817,9
7817,10
7817,9
7817,8
7817,10
7817,9
7817,10
7818,10
7818,8
7818,9
7818,9
7818,10
7818,10
7818,8
7818,10
7818,9
7818,10
7819,9
7819,8
7819,9
7819,9
7819,10
7819,9
7819,8
7834,8
7839,11
7845,10
7845,10
7846,8
7846,9
7846,9
7846,9
7846,9
7846,8
7846,9
7846,10
7846,10
7846,10
7847,8
7847,9
7847,10
7847,8
7847,10
7847,8
7847,9
7847,10
7847,9
7848,10
7848,9
7848,9
7848,10
7848,9
7848,9
7848,9
7848,8
7848,10
7849,9
7849,10
7849,8
7849,9
7849,11
7849,9
7849,10
7849,9
7855,9
7855,9
7855,8
7855,10
7856,10
7856,9
7856,10
7856,8
7856,9
7856,10
7856,9
7856,10
7856,8
7857,10
7857,10
7857,9
7857,10
7857,8
7857,10
7857,10
7857,9
7857,10
7857,8
7858,10
7858,10
7858,10
7858,10
7858,8
7858,10
7858,10
7858,9
7858,9
7859,8
7859,10
7859,10
7859,10
7859,10
7859,8
7859,10
7859,10
7865,9
7865,9
7865,8
7866,10
7866,9
7866,9
7866,9
7866,8
7866,10
7866,10
7866,9
7866,10
7867,8
7867,10
7867,10
7867,9
7867,10
7867,8
7867,10
7867,10
7867,9
7868,9
7868,8
7868,10
7868,10
7868,9
7868,10
7868,8
7868,10
7868,10
7868,10
7869,10
7869,8
7869,10
7869,10
7869,10
7869,9
7869,8
7880,9
7886,10
7886,8
7886,10
7886,9
7886,9
7886,10
7886,8
7887,10
7887,9
7887,10
7887,10
7887,8
7887,9
7887,9
7887,10
7887,10
7888,8
7888,10
7888,9
7888,10
7888,10
7888,8
7888,10
7888,9
7888,10
7888,9
7889,8
7889,9
7889,9
7889,10
7889,9
7889,9
7889,9
7895,10
7896,10
7896,10
7896,8
7896,10
7896,10
7896,10
7896,9
7896,8
7896,10
7896,10
7897,10
7897,10
7897,8
7897,10
7897,9
7897,10
7897,10
7897,8
7897,10
7898,10
7898,11
7898,9
7898,8
7898,10
7898,10
7898,10
7898,10
7898,8
7898,10
7899,10
7899,10
7899,10
7899,8
7899,10
7899,10
7899,10
7905,9
7905,10
7905,8
7905,10
7905,10
7905,10
7906,10
7906,8
7906,10
7906,9
7906,10
7906,10
7906,8
7906,10
7906,10
7906,9
7907,9
7907,8
7907,9
7907,9
7907,10
7907,10
7907,8
7907,10
7907,10
7908,10
7908,10
7908,8
7908,10
7908,10
7908,9
7908,10
7908,8
7908,10
7909,9
7909,10
7909,10
7909,8
7909,10
7909,10
7909,9
7909,10
7915,9
7915,10
7916,8
7916,10
7916,10
7916,8
7916,10
7916,8
7916,10
7916,10
7916,9
7917,10
7917,8
7917,11
7917,10
7917,9
7917,10
7917,8
7917,9
7917,11
7917,9
7918,10
7918,9
7918,10
7918,10
7918,9
7918,10
7918,8
7918,10
7918,10
7919,9
7919,9
7919,8
7919,10
7919,10
7919,10
7919,9
7919,8
7930,10
7936,8
7936,10
7936,9
7936,10
7936,10
7936,8
7936,10
7937,9
7937,10
7937,9
7937,8
7937,10
7937,9
7937,10
7937,9
7937,8
7937,10
7938,9
7938,10
7938,10
7938,8
7938,10
7938,9
7938,10
7938,9
7938,8
7939,10
7939,9
7939,10
7939,10
7939,9
7939,9
7939,9
7939,10
7946,9
7946,9
7946,8
7946,9
7946,10
7946,9
7946,10
7946,8
7946,11
7947,10
7947,9
7947,10
7947,8
7947,10
7947,10
7947,9
7947,10
7947,8
7947,11
7948,10
7948,9
7948,9
7948,7
7948,10
7948,10
7948,9
7948,10
7948,8
7949,10
7949,10
7949,9
7949,10
7949,8
7949,10
7949,10
7949,9
7955,8
7955,9
7955,9
7955,10
7956,10
7956,8
7956,9
7956,10
7956,10
7956,10
7956,8
7956,9
7956,10
7957,10
7957,10
7957,8
7957,9
7957,9
7957,10
7957,10
7957,8
7957,9
7957,10
7958,10
7958,10
7958,9
7958,9
7958,10
7958,10
7958,10
7958,9
7958,8
7959,10
7959,10
7959,9
7959,8
7959,8
7959,10
7959,10
7959,10
7965,10
7965,10
7966,10
7966,8
7966,10
7966,11
7966,10
7966,9
7966,8
7966,10
7966,10
7967,10
7967,9
7967,8
7967,10
7967,10
7967,10
7967,9
7967,8
7967,10
7967,10
7968,10
7968,9
7968,8
7968,10
7968,10
7968,10
7968,10
7968,8
7968,9
7969,9
7969,10
7969,10
7969,8
7969,10
7969,9
7969,10
7969,8
7980,8
7986,9
7986,10
7986,10
7986,8
7986,8
7987,10
7987,10
7987,10
7987,8
7987,9
7987,9
7987,10
7987,9
7987,8
7987,9
7988,10
7988,10
7988,10
7988,8
7988,9
7988,9
7988,10
7988,10
7988,7
7989,9
7989,9
7989,11
7989,10
7989,8
7989,9
7989,10
7989,10
7996,9
7996,11
7996,9
7996,10
7996,9
7996,10
7996,11
7996,9
7997,9
7997,8
7997,9
7997,11
7997,9
7997,10
7997,9
7997,9
7997,11
7998,9
7998,10
7998,9
7998,8
7998,11
7998,9
7998,9
7998,9
7998,8
7998,11
7999,9
7999,10
7999,9
7999,8
7999,10
7999,9
7999,10
8005,10
8005,8
8005,8
8005,10
8005,10
8005,10
8005,10
8005,8
8005,9
8006,9
8006,10
8006,10
8006,8
8006,9
8006,10
8006,10
8006,10
8006,8
8007,9
8007,9
8007,10
8007,10
8007,9
8007,8
8007,10
8007,10
8007,9
8008,9
8008,9
8008,10
8008,10
8008,9
8008,9
8008,8
8008,11
8008,10
8008,10
8009,9
8009,8
8009,10
8009,10
8009,10
8009,9
8009,8
8015,9
8016,8
8016,10
8016,9
8016,10
8016,10
8016,8
8016,10
8016,9
8016,9
8017,9
8017,8
8017,10
8017,9
8017,10
8017,9
8017,8
8017,10
8017,9
8017,10
8018,9
8018,8
8018,10
8018,9
8018,10
8018,9
8018,8
8018,10
8018,9
8019,10
8019,10
8019,8
8019,10
8019,9
8019,10
8019,9
8019,8
8031,8
8036,10
8036,10
8037,9
8037,10
8037,8
8037,10
8037,10
8037,9
8037,10
8037,8
8037,10
8038,10
8038,10
8038,9
8038,8
8038,10
8038,10
8038,9
8038,10
8038,8
8038,10
8039,10
8039,9
8039,10
8039,8
8039,10
8039,9
8039,9
8046,9
8046,10
8046,8
8046,9
8046,10
8046,9
8046,10
8046,8
8047,8
8047,10
8047,9
8047,10
8047,9
8047,9
8047,10
8047,9
8047,10
8048,9
8048,9
8048,10
8048,9
8048,10
8048,9
8048,8
8048,10
8048,9
8048,10
8049,9
8049,8
8049,11
8049,9
8049,10
8049,9
8049,8
8055,10
8055,10
8055,10
8055,10
8055,8
8056,9
8056,10
8056,10
8056,9
8056,8
8056,9
8056,9
8056,10
8056,10
8056,9
8057,8
8057,9
8057,10
8057,10
8057,9
8057,9
8057,10
8057,10
8057,8
8058,9
8058,8
8058,9
8058,10
8058,10
8058,9
8058,8
8058,10
8058,10
8059,10
8059,8
8059,8
8059,10
8059,10
8059,10
8059,9
8059,8
8066,10
8066,9
8066,10
8066,9
8066,8
8066,10
8066,9
8066,10
8066,9
8067,8
8067,10
8067,9
8067,11
8067,10
8067,8
8067,10
8067,9
8067,10
8068,10
8068,8
8068,10
8068,9
8068,10
8068,10
8068,8
8068,10
8068,9
8068,10
8069,9
8069,8
8069,9
8069,9
8069,10
8069,9
8069,8
8069,10
8084,8
8089,10
8096,9
8096,8
8096,11
8096,9
8096,10
8097,9
8097,9
8097,11
8097,9
8097,10
8097,8
8097,8
8097,10
8097,9
8097,10
8098,9
8098,8
8098,10
8098,9
8098,10
8098,9
8098,8
8098,10
8098,9
8099,11
8099,9
8099,8
8099,11
8099,9
8099,10
8099,9
8099,8
8105,8
8105,9
8105,8
8105,10
8105,9
8105,8
8105,9
8105,8
8105,10
8106,10
8106,8
8106,9
8106,8
8106,10
8106,10
8106,7
8106,9
8106,8
8106,10
8107,10
8107,9
8107,9
8107,8
8107,10
8107,10
8107,9
8107,9
8107,8
8108,10
8108,10
8108,9
8108,10
8108,8
8108,10
8108,10
8108,9
8108,11
8108,8
8109,10
8109,10
8109,9
8109,10
8109,8
8109,10
8109,10
8116,10
8116,8
8116,10
8116,9
8116,10
8116,10
8116,8
8116,10
8117,9
8117,10
8117,10
8117,8
8117,11
8117,9
8117,10
8117,9
8117,9
8118,10
8118,9
8118,10
8118,10
8118,8
8118,10
8118,9
8118,10
8118,9
8118,8
8119,9
8119,9
8119,10
8119,10
8119,8
8119,9
8119,9
8131,9
8137,8
8137,9
8137,10
8137,10
8137,10
8137,8
8137,9
8137,10
8137,10
8138,10
8138,8
8138,9
8138,10
8138,10
8138,10
8138,8
8138,9
8138,10
8138,10
8139,10
8139,9
8139,9
8139,10
8139,10
8139,10
8139,8
8146,10
8146,9
8146,8
8146,10
8146,8
8146,10
8147,10
8147,8
8147,10
8147,9
8147,10
8147,9
8147,8
8147,10
8147,9
8147,10
8148,9
8148,8
8148,10
8148,9
8148,10
8148,9
8148,8
8148,10
8148,9
8149,10
8149,10
8149,8
8149,10
8149,10
8149,10
8149,10
8149,8
8155,9
8155,8
8155,10
8155,10
8156,10
8156,9
8156,9
8156,10
8156,11
8156,10
8156,8
8156,9
8156,10
8157,10
8157,10
8157,9
8157,8
8157,10
8157,10
8157,10
8157,9
8157,8
8157,9
8158,11
8158,9
8158,9
8158,8
8158,10
8158,10
8158,10
8158,9
8158,9
8159,10
8159,10
8159,9
8159,8
8159,9
8159,10
8159,10
8159,10
8166,9
8166,8
8166,10
8166,10
8166,10
8166,10
8166,8
8167,9
8167,10
8167,9
8167,10
8167,8
8167,9
8167,10
8167,9
8167,10
8167,7
8168,10
8168,10
8168,10
8168,10
8168,8
8168,10
8168,10
8168,10
8168,10
8169,9
8169,10
8169,10
8169,9
8169,10
8169,8
8169,10
8169,10
8181,10
8186,8
8187,10
8187,9
8187,10
8187,9
8187,8
8187,10
8187,9
8187,10
8187,10
8188,8
8188,10
8188,9
8188,10
8188,9
8188,8
8188,10
8188,9
8188,9
8188,9
8189,8
8189,10
8189,9
8189,10
8189,10
8189,8
8189,9
8196,9
8196,11
8196,10
8196,8
8196,9
8197,9
8197,10
8197,9
8197,8
8197,10
8197,9
8197,10
8197,10
8197,8
8197,10
8198,9
8198,10
8198,10
8198,8
8198,10
8198,9
8198,10
8198,9
8198,8
8199,10
8199,9
8199,10
8199,10
8199,8
8199,10
8199,9
8199,10
8205,9
8205,8
8205,10
8205,10
8205,9
8205,9
8205,8
8205,10
8206,10
8206,10
8206,9
8206,8
8206,10
8206,10
8206,10
8206,10
8206,8
8207,10
8207,10
8207,9
8207,10
8207,8
8207,10
8207,10
8207,10
8207,9
8207,8
8208,10
8208,10
8208,10
8208,10
8208,8
8208,10
8208,10
8208,9
8208,10
8209,8
8209,10
8209,10
8209,9
8209,10
8209,8
8209,11
8209,10
8216,10
8216,10
8216,10
8216,9
8216,8
8216,11
8217,9
8217,10
8217,9
8217,9
8217,11
8217,9
8217,10
8217,9
8217,8
8217,11
8218,9
8218,10
8218,9
8218,8
8218,11
8218,9
8218,10
8218,9
8218,8
8219,11
8219,9
8219,10
8219,9
8219,8
8219,10
8219,9
8219,10
8231,10
8237,10
8237,9
8237,8
8237,10
8237,10
8237,10
8237,9
8237,8
8237,10
8238,10
8238,10
8238,10
8238,8
8238,11
8238,10
8238,10
8238,9
8238,8
8238,10
8239,10
8239,10
8239,10
8239,8
8239,10
8239,10
8239,10
8246,10
8246,9
8246,10
8247,10
8247,8
8247,10
8247,9
8247,10
8247,10
8247,8
8247,11
8247,9
8247,10
8248,9
8248,8
8248,10
8248,9
8248,11
8248,10
8248,8
8248,10
8248,9
8249,10
8249,9
8249,8
8249,9
8249,9
8249,10
8249,10
8249,8
8255,10
8255,9
8255,10
8256,10
8256,8
8256,10
8256,9
8256,11
8256,10
8256,8
8256,10
8256,9
8257,10
8257,9
8257,8
8257,9
8257,9
8257,10
8257,10
8257,8
8257,10
8257,9
8258,10
8258,8
8258,8
8258,9
8258,9
8258,10
8258,10
8258,7
8258,10
8259,9
8259,10
8259,10
8259,8
8259,10
8259,9
8259,10
8259,10
8266,9
8266,8
8266,9
8266,11
8266,9
8267,9
8267,8
8267,9
8267,10
8267,10
8267,10
8267,8
8267,9
8267,10
8268,9
8268,10
8268,8
8268,9
8268,10
8268,9
8268,10
8268,8
8268,9
8268,10
8269,10
8269,9
8269,8
8269,9
8269,10
8269,9
8269,10
8281,9
8287,9
8287,8
8287,10
8287,10
8287,8
8288,9
8288,8
8288,10
8288,10
8288,8
8288,9
8288,8
8288,10
8288,10
8289,8
8289,10
8289,8
8289,10
8289,10
8289,8
8289,9
8289,8
8296,10
8296,9
8296,8
8297,11
8297,9
8297,10
8297,9
8297,8
8297,10
8297,9
8297,10
8297,9
8297,8
8298,10
8298,9
8298,10
8298,9
8298,9
8298,10
8298,8
8298,9
8298,9
8299,8
8299,10
8299,9
8299,10
8299,9
8299,9
8299,11
8299,9
8305,9
8305,10
8305,9
8305,8
8305,10
8305,9
8305,10
8305,9
8306,8
8306,11
8306,9
8306,10
8306,9
8306,8
8306,11
8306,9
8306,10
8307,9
8307,8
8307,11
8307,9
8307,10
8307,9
8307,9
8307,11
8307,9
8307,10
8308,9
8308,7
8308,10
8308,9
8308,10
8308,9
8308,8
8308,10
8308,9
8309,10
8309,9
8309,9
8309,11
8309,9
8309,10
8309,9
8309,9
8316,9
8316,8
8316,10
8316,9
8317,8
8317,9
8317,9
8317,10
8317,9
8317,8
8317,10
8317,10
8317,10
8318,9
8318,8
8318,10
8318,9
8318,10
8318,9
8318,8
8318,10
8318,9
8318,10
8319,10
8319,8
8319,9
8319,9
8319,10
8319,9
8319,8
8334,10
8338,8
8338,11
8338,10
8338,10
8339,9
8339,9
8339,10
8339,9
8339,10
8339,9
8339,8
8346,10
8346,8
8346,10
8347,10
8347,9
8347,10
8347,8
8347,10
8347,10
8347,9
8347,9
8347,8
8348,10
8348,10
8348,10
8348,10
8348,8
8348,10
8348,10
8348,10
8348,10
8348,8
8349,10
8349,10
8349,10
8349,9
8349,8
8349,10
8349,10
8355,10
8355,9
8355,10
8355,10
8355,8
8356,10
8356,9
8356,10
8356,9
8356,8
8356,10
8356,9
8356,10
8356,9
8357,8
8357,10
8357,9
8357,10
8357,10
8357,8
8357,10
8357,9
8357,10
8357,9
8358,8
8358,10
8358,9
8358,10
8358,9
8358,8
8358,10
8358,9
8358,10
8359,9
8359,8
8359,11
8359,9
8359,10
8359,9
8359,8
8359,10
8366,9
8366,10
8366,8
8366,9
8367,10
8367,9
8367,10
8367,8
8367,10
8367,10
8367,9
8367,10
8367,8
8368,10
8368,10
8368,9
8368,10
8368,8
8368,10
8368,10
8368,9
8368,9
8368,8
8369,10
8369,10
8369,9
8369,9
8369,8
8369,10
8369,10
8381,10
8387,10
8387,9
8387,10
8387,8
8388,9
8388,10
8388,9
8388,10
8388,8
8388,10
8388,10
8388,9
8388,10
8388,8
8389,10
8389,10
8389,9
8389,9
8389,8
8389,10
8389,10
8396,10
8396,8
8397,10
8397,9
8397,10
8397,9
8397,8
8397,10
8397,9
8397,10
8397,9
8397,8
8398,9
8398,9
8398,10
8398,10
8398,8
8398,10
8398,9
8398,10
8398,10
8399,8
8399,10
8399,9
8399,10
8399,10
8399,8
8399,10
8399,9
8405,10
8405,10
8405,8
8405,10
8405,9
8405,11
8405,9
8406,8
8406,10
8406,9
8406,10
8406,10
8406,8
8406,10
8406,9
8406,9
8406,9
8407,8
8407,10
8407,9
8407,10
8407,10
8407,8
8407,10
8407,9
8407,10
8408,10
8408,8
8408,10
8408,9
8408,10
8408,9
8408,8
8408,9
8408,9
8408,10
8409,10
8409,8
8409,10
8409,9
8409,10
8409,9
8409,8
8416,9
8416,10
8416,10
8417,8
8417,10
8417,9
8417,11
8417,9
8417,8
8417,10
8417,9
8417,10
8418,10
8418,8
8418,9
8418,9
8418,10
8418,10
8418,8
8418,10
8418,9
8419,10
8419,9
8419,8
8419,10
8419,9
8419,10
8419,10
8419,8
8431,9
8437,10
8437,10
8437,9
8437,10
8438,8
8438,10
8438,10
8438,10
8438,10
8438,8
8438,10
8438,10
8438,9
8439,10
8439,8
8439,10
8439,10
8439,10
8439,10
8439,8
8439,9
8447,10
8447,8
8447,10
8447,10
8447,9
8447,9
8447,8
8447,10
8447,10
8447,10
8448,10
8448,8
8448,10
8448,10
8448,9
8448,10
8448,8
8448,9
8448,10
8449,10
8449,9
8449,8
8449,9
8449,10
8449,10
8449,9
8449,8
8455,10
8455,10
8455,10
8455,9
8455,9
8456,9
8456,9
8456,10
8456,10
8456,9
8456,8
8456,10
8456,10
8456,10
8457,9
8457,8
8457,10
8457,11
8457,10
8457,9
8457,8
8457,10
8457,10
8457,11
8458,9
8458,8
8458,10
8458,10
8458,10
8458,8
8458,8
8458,10
8458,10
8459,10
8459,9
8459,8
8459,10
8459,10
8459,10
8459,9
8459,8
8466,9
8466,8
8467,10
8467,10
8467,10
8467,9
8467,8
8467,10
8467,9
8467,9
8467,9
8468,8
8468,10
8468,9
8468,10
8468,10
8468,8
8468,10
8468,9
8468,10
8468,10
8469,8
8469,10
8469,9
8469,10
8469,10
8469,8
8469,10
8481,9
8487,10
8487,9
8487,10
8488,9
8488,8
8488,9
8488,9
8488,10
8488,9
8488,8
8488,10
8488,9
8489,10
8489,9
8489,8
8489,9
8489,9
8489,10
8489,10
8489,8
8497,11
8497,9
8497,10
8497,9
8497,9
8497,11
8497,9
8497,10
8497,9
8498,9
8498,10
8498,9
8498,10
8498,9
8498,8
8498,10
8498,9
8498,10
8498,9
8499,9
8499,10
8499,10
8499,10
8499,8
8499,9
8499,10
8504,10
8504,10
8504,9
8504,8
8505,10
8505,10
8505,10
8505,10
8505,8
8505,10
8505,10
8505,10
8505,9
8506,8
8506,10
8506,10
8506,10
8506,10
8506,8
8506,10
8506,10
8506,10
8506,10
8507,8
8507,10
8507,10
8507,10
8507,10
8507,8
8507,10
8507,10
8507,10
8508,8
8508,8
8508,10
8508,10
8508,10
8508,9
8508,8
8508,10
8508,10
8508,10
8509,8
8509,8
8509,10
8509,10
8509,10
8509,9
8509,8
8516,9
8517,10
8517,9
8517,8
8517,10
8517,9
8517,10
8517,10
8517,8
8517,10
8517,9
8518,10
8518,10
8518,8
8518,10
8518,10
8518,10
8518,10
8518,8
8518,10
8519,9
8519,10
8519,10
8519,8
8519,10
8519,9
8519,10
8519,10
8532,8
8538,10
8538,8
8538,9
8538,8
8538,10
8538,10
8538,8
8538,9
8538,9
8538,10
8539,11
8539,8
8539,9
8539,8
8539,11
8539,9
8539,9
8547,9
8547,8
8547,9
8547,9
8547,10
8547,10
8547,8
8547,9
8547,9
8548,10
8548,9
8548,8
8548,9
8548,9
8548,10
8548,9
8548,8
8548,9
8549,8
8549,10
8549,10
8549,8
8549,9
8549,9
8549,10
8549,9
8555,10
8555,9
8555,7
8555,11
8555,9
8555,10
8556,9
8556,8
8556,10
8556,9
8556,10
8556,9
8556,8
8556,10
8556,9
8557,10
8557,9
8557,8
8557,10
8557,9
8557,10
8557,9
8557,8
8557,11
8557,9
8558,10
8558,9
8558,8
8558,11
8558,9
8558,10
8558,9
8558,8
8558,11
8559,9
8559,10
8559,9
8559,8
8559,11
8559,9
8559,10
8559,9
8567,10
8567,9
8567,8
8567,10
8567,9
8567,10
8567,10
8567,8
8567,10
8568,9
8568,10
8568,10
8568,8
8568,10
8568,9
8568,10
8568,9
8568,8
8568,10
8569,9
8569,10
8569,10
8569,8
8569,10
8569,9
8569,10
8585,8
8589,9
8589,8
8597,8
8597,10
8597,9
8597,10
8597,10
8597,7
8597,10
8597,9
8598,10
8598,10
8598,8
8598,9
8598,9
8598,10
8598,10
8598,8
8598,10
8598,9
8599,10
8599,10
8599,8
8599,10
8599,9
8599,10
8599,10
8599,8
8604,10
8604,10
8604,8
8604,10
8604,9
8605,10
8605,9
8605,8
8605,9
8605,9
8605,10
8605,10
8605,8
8605,9
8605,9
8606,10
8606,10
8606,8
8606,9
8606,9
8606,9
8606,9
8606,8
8606,10
8607,9
8607,10
8607,10
8607,8
8607,10
8607,9
8607,10
8607,9
8607,8
8607,10
8608,9
8608,10
8608,10
8608,8
8608,10
8608,9
8608,10
8608,10
8608,8
8609,11
8609,9
8609,10
8609,10
8609,8
8609,10
8609,9
8609,11
8617,10
8617,8
8617,10
8617,10
8617,10
8617,10
8617,8
8617,10
8617,10
8618,9
8618,10
8618,8
8618,10
8618,10
8618,10
8618,10
8618,8
8618,10
8618,10
8619,10
8619,10
8619,8
8619,10
8619,10
8619,10
8619,10
8630,10
8637,8
8637,9
8637,8
8637,10
8638,9
8638,8
8638,9
8638,9
8638,10
8638,9
8638,8
8638,9
8638,9
8639,10
8639,9
8639,8
8639,9
8639,9
8639,10
8639,9
8639,8
8647,10
8647,10
8647,9
8647,8
8647,8
8647,10
8647,10
8648,9
8648,9
8648,8
8648,10
8648,10
8648,9
8648,9
8648,8
8648,10
8649,10
8649,9
8649,10
8649,8
8649,9
8649,10
8649,9
8649,10
8654,10
8655,8
8655,10
8655,10
8655,9
8655,9
8655,8
8655,10
8655,10
8655,10
8655,10
8656,8
8656,10
8656,10
8656,10
8656,10
8656,8
8656,10
8656,10
8656,10
8657,10
8657,8
8657,10
8657,10
8657,10
8657,9
8657,8
8657,10
8657,10
8658,9
8658,10
8658,8
8658,10
8658,10
8658,9
8658,10
8658,8
8658,10
8658,10
8659,9
8659,10
8659,8
8659,10
8659,10
8659,10
8659,9
8667,9
8667,10
8667,8
8667,10
8667,7
8667,9
8667,10
8667,9
8667,10
8668,9
8668,9
8668,10
8668,9
8668,10
8668,8
8668,9
8668,10
8668,9
8669,9
8669,8
8669,9
8669,10
8669,9
8669,10
8669,9
8669,9
8681,8
8688,9
8688,10
8688,10
8688,10
8688,8
8688,9
8688,10
8688,10
8688,10
8689,8
8689,9
8689,10
8689,9
8689,10
8689,8
8689,9
8689,10
8697,8
8697,10
8697,10
8697,10
8697,10
8697,8
8697,10
8698,10
8698,10
8698,10
8698,8
8698,10
8698,10
8698,9
8698,10
8698,8
8698,10
8699,10
8699,10
8699,9
8699,8
8699,10
8699,10
8699,9
8703,9
8703,10
8704,9
8704,8
8704,10
8704,9
8704,10
8704,9
8704,8
8704,11
8704,9
8704,10
8705,9
8705,8
8705,11
8705,10
8705,10
8705,9
8705,8
8705,10
8705,9
8706,10
8706,9
8706,9
8706,11
8706,10
8706,10
8706,8
8706,8
8706,10
8706,9
8707,10
8707,9
8707,9
8707,11
8707,9
8707,10
8707,9
8707,9
8707,11
8708,10
8708,10
8708,8
8708,9
8708,11
8708,9
8708,10
8708,10
8708,9
8708,10
8709,9
8709,10
8709,9
8709,9
8709,11
8709,9
8709,10
8717,10
8717,9
8717,10
8717,8
8717,9
8717,10
8717,10
8717,10
8718,8
8718,9
8718,10
8718,9
8718,10
8718,8
8718,9
8718,10
8718,10
8719,10
8719,8
8719,9
8719,10
8719,9
8719,10
8719,9
8719,9
8732,8
8738,10
8738,9
8738,10
8738,10
8738,8
8738,10
8739,9
8739,10
8739,10
8739,8
8739,10
8739,9
8739,10
8739,9
8747,10
8747,8
8747,9
8747,8
8747,12
8747,10
8747,8
8748,9
8748,8
8748,10
8748,10
8748,8
8748,9
8748,8
8748,10
8748,10
8748,8
8749,10
8749,7
8749,10
8749,10
8749,9
8749,9
8749,8
8754,8
8754,9
8754,9
8754,10
8754,9
8754,9
8755,9
8755,10
8755,10
8755,10
8755,8
8755,9
8755,9
8755,11
8755,9
8756,8
8756,9
8756,10
8756,10
8756,10
8756,8
8756,9
8756,10
8756,10
8756,10
8757,9
8757,9
8757,10
8757,10
8757,10
8757,8
8757,9
8757,9
8757,10
8758,9
8758,8
8758,9
8758,10
8758,11
8758,10
8758,8
8758,9
8758,9
8758,10
8759,9
8759,8
8759,9
8759,10
8759,10
8759,9
8759,8
8767,10
8767,9
8767,10
8767,9
8767,9
8767,10
8767,10
8768,10
8768,9
8768,9
8768,10
8768,10
8768,9
8768,8
8768,8
8768,10
8768,10
8769,10
8769,9
8769,9
8769,10
8769,10
8769,10
8769,9
8782,8
8788,9
8788,10
8788,8
8788,9
8788,9
8789,10
8789,10
8789,8
8789,9
8789,10
8789,9
8789,10
8789,8
8797,8
8797,10
8797,10
8797,10
8797,9
8797,8
8797,10
8798,10
8798,9
8798,9
8798,8
8798,10
8798,10
8798,10
8798,8
8798,9
8799,10
8799,10
8799,10
8799,10
8799,8
8799,11
8799,10
8799,10
8803,8
8803,10
8804,9
8804,10
8804,10
8804,8
8804,10
8804,10
8804,9
8804,9
8804,8
8804,9
8805,9
8805,10
8805,9
8805,7
8805,10
8805,9
8805,10
8805,10
8805,8
8806,10
8806,9
8806,10
8806,9
8806,8
8806,10
8806,9
8806,10
8806,10
8807,8
8807,10
8807,9
8807,10
8807,9
8807,8
8807,10
8807,9
8807,10
8807,10
8808,8
8808,11
8808,9
8808,10
8808,10
8808,8
8808,9
8808,9
8808,10
8809,9
8809,8
8809,10
8809,9
8809,10
8809,9
8809,8
8809,10
8817,10
8817,9
8817,8
8817,9
8817,9
8817,10
8817,10
8818,7
8818,9
8818,9
8818,10
8818,9
8818,9
8818,9
8818,8
8818,10
8818,10
8819,8
8819,9
8819,9
8819,10
8819,9
8819,8
8819,10
8835,10
8840,9
8847,10
8847,9
8848,10
8848,10
8848,8
8848,10
8848,9
8848,10
8848,10
8848,8
8848,9
8849,9
8849,10
8849,10
8849,8
8849,10
8849,9
8849,10
8849,10
8853,9
8854,9
8854,10
8854,9
8854,8
8854,9
8854,10
8854,10
8854,9
8854,8
8854,9
8855,10
8855,10
8855,9
8855,8
8855,8
8855,10
8855,10
8855,9
8855,9
8856,9
8856,10
8856,10
8856,10
8856,8
8856,9
8856,10
8856,10
8856,10
8857,8
8857,9
8857,10
8857,10
8857,10
8857,8
8857,9
8857,10
8857,10
8857,10
8858,8
8858,9
8858,10
8858,10
8858,10
8858,8
8858,9
8858,9
8858,10
8859,10
8859,8
8859,10
8859,9
8859,10
8859,10
8859,8
8859,10
8867,8
8867,10
8867,10
8867,10
8867,9
8867,8
8867,10
8867,10
8868,9
8868,10
8868,8
8868,10
8868,10
8868,8
8868,10
8868,8
8868,10
8869,10
8869,10
8869,10
8869,9
8869,9
8869,10
8869,9
8869,10
8882,8
8889,8
8889,9
8889,10
8889,9
8889,9
8889,8
8889,10
8897,10
8897,9
8897,8
8897,10
8897,9
8897,10
8897,9
8897,8
8898,10
8898,9
8898,10
8898,9
8898,8
8898,10
8898,9
8898,10
8898,10
8899,8
8899,10
8899,9
8899,10
8899,10
8899,8
8899,10
8899,9
8903,10
8903,9
8904,8
8904,10
8904,9
8904,10
8904,9
8904,8
8904,10
8904,9
8904,10
8904,10
8905,8
8905,10
8905,9
8905,10
8905,10
8905,9
8905,10
8905,9
8905,10
8906,10
8906,9
8906,10
8906,9
8906,10
8906,10
8906,8
8906,10
8906,9
8907,9
8907,10
8907,8
8907,11
8907,9
8907,10
8907,9
8907,8
8907,10
8907,9
8908,10
8908,9
8908,8
8908,10
8908,10
8908,10
8908,9
8908,8
8908,11
8909,10
8909,10
8909,9
8909,8
8909,10
8909,9
8909,10
8909,8
8917,9
8917,10
8917,8
8917,9
8917,10
8917,9
8917,10
8917,9
8918,9
8918,10
8918,9
8918,10
8918,8
8918,9
8918,10
8918,9
8918,10
8919,8
8919,9
8919,10
8919,10
8919,10
8919,8
8919,9
8919,10
8932,9
8938,10
8939,9
8939,9
8939,8
8939,10
8939,10
8939,9
8939,10
8939,8
8947,7
8947,10
8947,9
8947,10
8947,9
8947,9
8947,10
8948,9
8948,10
8948,10
8948,7
8948,11
8948,9
8948,10
8948,10
8948,8
8949,10
8949,9
8949,10
8949,10
8949,8
8949,10
8949,9
8949,10
8953,8
8953,10
8954,10
8954,10
8954,10
8954,8
8954,10
8954,10
8954,9
8954,9
8954,8
8954,10
8955,10
8955,10
8955,10
8955,8
8955,10
8955,10
8955,9
8955,9
8955,8
8956,10
8956,10
8956,9
8956,10
8956,8
8956,10
8956,11
8956,9
8956,9
8957,8
8957,10
8957,10
8957,9
8957,10
8957,8
8957,10
8957,10
8957,9
8957,10
8958,8
8958,10
8958,10
8958,9
8958,9
8958,8
8958,11
8958,10
8958,9
8959,10
8959,8
8959,9
8959,10
8959,9
8959,9
8959,8
8959,10
8967,10
8967,10
8967,10
8967,9
8967,9
8967,9
8967,10
8967,10
8968,9
8968,9
8968,9
8968,10
8968,9
8968,8
8968,9
8968,10
8968,10
8969,10
8969,8
8969,9
8969,10
8969,10
8969,10
8969,8
8969,10
8982,8
8988,8
8989,10
8989,9
8989,8
8989,9
8989,8
8989,10
8989,10
8989,8
8997,9
8997,8
8997,10
8997,10
8997,10
8997,9
8998,8
8998,10
8998,10
8998,10
8998,9
8998,8
8998,10
8998,9
8998,10
8998,9
8999,8
8999,10
8999,10
8999,10
8999,9
8999,8
8999,10
9003,10
9003,9
9003,8
9004,9
9004,8
9004,10
9004,10
9004,8
9004,9
9004,8
9004,10
9004,10
9005,9
9005,10
9005,9
9005,10
9005,10
9005,8
9005,10
9005,8
9005,10
9005,9
9006,8
9006,9
9006,8
9006,10
9006,10
9006,8
9006,9
9006,8
9006,10
9007,10
9007,9
9007,9
9007,8
9007,10
9007,9
9007,8
9007,9
9007,9
9008,11
9008,10
9008,8
9008,9
9008,8
9008,10
9008,10
9008,8
9008,9
9008,8
9009,10
9009,10
9009,8
9009,8
9009,8
9009,10
9009,10
9017,10
9017,9
9017,9
9017,9
9017,8
9017,11
9017,10
9018,8
9018,9
9018,8
9018,10
9018,9
9018,9
9018,9
9018,8
9018,10
9018,10
9019,8
9019,9
9019,8
9019,10
9019,9
9019,8
9019,9
9032,9
9039,10
9039,9
9039,9
9039,9
9039,8
9039,10
9039,9
9039,9
9046,10
9047,10
9047,8
9047,10
9047,10
9047,10
9047,10
9047,8
9047,10
9047,10
9048,10
9048,9
9048,8
9048,10
9048,9
9048,10
9048,9
9048,8
9048,10
9048,9
9049,10
9049,10
9049,8
9049,10
9049,9
9049,10
9049,9
9053,10
9053,10
9053,10
9054,9
9054,8
9054,10
9054,10
9054,10
9054,10
9054,8
9054,9
9054,10
9055,9
9055,9
9055,8
9055,9
9055,10
9055,10
9055,9
9055,9
9055,10
9056,10
9056,10
9056,9
9056,8
9056,10
9056,10
9056,10
9056,9
9056,8
9056,10
9057,10
9057,10
9057,9
9057,9
9057,9
9057,10
9057,10
9057,9
9057,9
9058,9
9058,10
9058,10
9058,9
9058,9
9058,10
9058,11
9058,10
9058,9
9058,9
9059,9
9059,9
9059,10
9059,8
9059,9
9059,9
9059,10
9066,10
9067,8
9067,10
9067,9
9067,10
9067,10
9067,8
9067,10
9067,9
9067,10
9067,9
9068,8
9068,10
9068,9
9068,10
9068,9
9068,8
9068,10
9068,9
9068,10
9069,9
9069,8
9069,10
9069,9
9069,10
9069,9
9069,8
9069,10
9081,9
9088,8
9088,10
9088,9
9089,10
9089,10
9089,8
9089,10
9089,8
9089,10
9089,10
9089,8
9096,10
9096,10
9096,9
9097,8
9097,10
9097,10
9097,10
9097,10
9097,8
9097,10
9097,10
9097,10
9097,9
9098,8
9098,10
9098,9
9098,10
9098,9
9098,8
9098,10
9098,9
9098,10
9099,10
9099,8
9099,10
9099,9
9099,10
9099,10
9099,8
9099,10
9103,8
9103,10
9104,10
9104,8
9104,9
9104,8
9104,10
9104,10
9104,9
9104,9
9104,8
9104,10
9105,10
9105,9
9105,9
9105,8
9105,10
9105,10
9105,9
9105,9
9105,8
9106,10
9106,9
9106,9
9106,10
9106,8
9106,10
9106,10
9106,8
9106,10
9107,8
9107,10
9107,9
9107,9
9107,9
9107,8
9107,10
9107,10
9107,9
9107,9
9108,8
9108,10
9108,10
9108,9
9108,10
9108,8
9108,10
9108,10
9108,8
9109,9
9109,8
9109,10
9109,10
9109,9
9109,9
9109,8
9109,10
9116,10
9116,9
9116,10
9116,9
9117,8
9117,10
9117,9
9117,10
9117,10
9117,8
9117,10
9117,9
9117,11
9118,9
9118,8
9118,9
9118,9
9118,11
9118,9
9118,8
9118,10
9118,9
9118,10
9119,9
9119,7
9119,10
9119,9
9119,10
9119,10
9119,8
9135,9
9140,9
9147,10
9148,9
9148,8
9148,9
9148,10
9148,10
9148,9
9148,8
9148,9
9148,9
9148,10
9149,9
9149,8
9149,10
9149,9
9149,10
9149,8
9149,8
9153,9
9153,10
9153,9
9154,8
9154,10
9154,9
9154,10
9154,10
9154,8
9154,10
9154,9
9154,10
9155,10
9155,9
9155,10
9155,9
9155,10
9155,10
9155,8
9155,9
9155,9
9156,10
9156,9
9156,8
9156,9
9156,9
9156,10
9156,9
9156,8
9156,10
9156,9
9157,10
9157,10
9157,8
9157,10
9157,9
9157,10
9157,10
9157,8
9157,9
9158,9
9158,10
9158,10
9158,8
9158,10
9158,9
9158,10
9158,10
9158,8
9158,10
9159,9
9159,10
9159,10
9159,8
9159,10
9159,9
9159,10
9166,10
9166,9
9166,8
9166,10
9166,10
9166,10
9167,9
9167,8
9167,10
9167,9
9167,10
9167,9
9167,8
9167,10
9167,10
9167,10
9168,9
9168,8
9168,10
9168,9
9168,10
9168,10
9168,8
9168,10
9168,10
9169,11
9169,9
9169,8
9169,10
9169,9
9169,10
9169,10
9169,9
9182,9
9189,10
9189,10
9189,10
9189,9
9189,8
9189,10
9196,10
9196,10
9196,10
9196,8
9196,9
9196,10
9196,10
9196,10
9196,8
9197,9
9197,10
9197,9
9197,10
9197,8
9197,10
9197,10
9197,10
9197,10
9198,8
9198,9
9198,10
9198,9
9198,10
9198,8
9198,9
9198,11
9198,10
9198,10
9199,8
9199,9
9199,10
9199,9
9199,10
9199,8
9199,9
9203,8
9203,10
9203,10
9204,10
9204,9
9204,7
9204,10
9204,10
9204,10
9204,9
9204,9
9204,9
9205,10
9205,10
9205,9
9205,8
9205,10
9205,10
9205,10
9205,9
9205,8
9206,10
9206,10
9206,10
9206,9
9206,8
9206,10
9206,10
9206,10
9206,9
9206,8
9207,10
9207,10
9207,10
9207,9
9207,8
9207,10
9207,10
9207,10
9207,9
9208,8
9208,10
9208,10
9208,10
9208,9
9208,8
9208,10
9208,10
9208,10
9208,9
9209,8
9209,10
9209,10
9209,10
9209,9
9209,8
9209,10
9216,10
9216,9
9216,8
9216,10
9216,10
9216,10
9216,9
9216,9
9217,10
9217,10
9217,10
9217,9
9217,8
9217,10
9217,10
9217,10
9217,9
9217,8
9218,10
9218,10
9218,10
9218,9
9218,8
9218,10
9218,10
9218,9
9218,9
9219,8
9219,10
9219,10
9219,10
9219,9
9219,8
9219,10
9219,10
9230,9
9238,10
9238,9
9238,8
9238,10
9238,9
9238,10
9238,9
9238,8
9238,10
9238,10
9239,10
9239,9
9239,9
9239,10
9239,10
9239,10
9239,9
9246,10
9246,9
9246,8
9246,10
9246,10
9246,9
9246,10
9246,8
9246,10
9247,10
9247,9
9247,10
9247,9
9247,10
9247,10
9247,10
9247,10
9247,8
9247,10
9248,10
9248,10
9248,10
9248,9
9248,10
9248,10
9248,9
9248,10
9248,9
9249,10
9249,10
9249,9
9249,10
9249,8
9249,10
9249,10
9249,10
9253,8
9253,9
9254,10
9254,9
9254,10
9254,8
9254,9
9254,10
9254,10
9254,10
9254,8
9254,8
9255,10
9255,9
9255,10
9255,9
9255,9
9255,10
9255,9
9255,10
9255,8
9256,9
9256,11
9256,9
9256,10
9256,8
9256,9
9256,10
9256,9
9256,9
9257,9
9257,9
9257,10
9257,9
9257,10
9257,9
9257,9
9257,10
9257,9
9257,10
9258,8
9258,9
9258,10
9258,9
9258,10
9258,8
9258,9
9258,10
9258,8
9259,10
9259,9
9259,9
9259,9
9259,9
9259,10
9259,8
9259,9
9266,8
9266,10
9266,9
9266,10
9266,10
9266,8
9266,9
9266,9
9266,10
9267,9
9267,7
9267,10
9267,9
9267,10
9267,9
9267,8
9267,9
9267,9
9268,9
9268,9
9268,8
9268,10
9268,9
9268,10
9268,10
9268,8
9268,10
9268,9
9269,9
9269,10
9269,8
9269,10
9269,9
9269,10
9269,10
9281,8
9288,8
9288,10
9288,10
9289,9
9289,10
9289,8
9289,8
9289,11
9289,10
9289,10
9295,10
9295,10
9296,10
9296,8
9296,10
9296,10
9296,10
9296,10
9296,8
9296,10
9296,10
9296,10
9297,10
9297,8
9297,10
9297,10
9297,10
9297,10
9297,8
9297,10
9297,10
9298,10
9298,10
9298,8
9298,10
9298,9
9298,10
9298,9
9298,8
9298,9
9298,10
9299,10
9299,10
9299,8
9299,10
9299,10
9299,10
9299,9
9303,9
9303,9
9304,11
9304,10
9304,8
9304,9
9304,8
9304,10
9304,9
9304,8
9304,10
9304,9
9305,10
9305,9
9305,8
9305,10
9305,9
9305,10
9305,9
9305,8
9305,9
9306,9
9306,10
9306,9
9306,8
9306,9
9306,9
9306,10
9306,9
9306,8
9306,10
9307,9
9307,10
9307,10
9307,8
9307,9
9307,9
9307,10
9307,10
9307,8
9308,9
9308,10
9308,10
9308,9
9308,8
9308,10
9308,10
9308,10
9308,10
9308,8
9309,10
9309,10
9309,10
9309,10
9309,9
9309,10
9309,9
9315,9
9315,10
9316,10
9316,10
9316,8
9316,9
9316,10
9316,9
9316,10
9316,8
9316,8
9317,10
9317,10
9317,9
9317,9
9317,9
9317,10
9317,9
9317,10
9317,8
9317,10
9318,10
9318,9
9318,10
9318,8
9318,10
9318,10
9318,10
9318,10
9318,8
9319,10
9319,10
9319,9
9319,10
9319,8
9319,10
9319,10
9319,9
9340,10
9347,10
9347,9
9347,9
9347,8
9348,10
9348,10
9348,10
9348,10
9348,8
9348,10
9348,10
9348,9
9348,10
9349,8
9349,10
9349,10
9349,9
9349,9
9349,8
9349,10
9349,10
9353,11
9353,10
9354,8
9354,10
9354,10
9354,10
9354,9
9354,8
9354,9
9354,9
9354,10
9354,10
9355,8
9355,9
9355,9
9355,10
9355,10
9355,8
9355,10
9355,9
9355,10
9356,9
9356,8
9356,9
9356,9
9356,10
9356,9
9356,8
9356,9
9356,9
9356,10
9357,10
9357,8
9357,9
9357,9
9357,10
9357,10
9357,8
9357,9
9357,9
9358,10
9358,9
9358,9
9358,9
9358,10
9358,11
9358,10
9358,8
9358,9
9359,9
9359,10
9359,9
9359,8
9359,9
9359,10
9359,10
9359,9
9365,9
9365,9
9365,9
9365,10
9366,9
9366,8
9366,9
9366,7
9366,10
9366,10
9366,8
9366,9
9366,8
9366,10
9367,10
9367,9
9367,9
9367,8
9367,10
9367,10
9367,9
9367,9
9367,8
9368,10
9368,10
9368,9
9368,9
9368,8
9368,10
9368,10
9368,9
9368,10
9368,8
9369,10
9369,10
9369,9
9369,10
9369,8
9369,11
9369,10
9382,9
9389,8
9389,10
9395,11
9395,10
9395,8
9395,9
9395,10
9395,10
9395,9
9396,8
9396,9
9396,10
9396,10
9396,10
9396,8
9396,9
9396,10
9396,10
9396,10
9397,9
9397,9
9397,10
9397,10
9397,10
9397,9
9397,10
9397,9
9397,10
9398,10
9398,9
9398,8
9398,10
9398,10
9398,10
9398,9
9398,8
9398,10
9398,10
9399,10
9399,10
9399,8
9399,10
9399,10
9399,10
9399,9
9403,8
9403,10
9403,10
9404,9
9404,9
9404,8
9404,10
9404,10
9404,11
9404,9
9404,8
9404,10
9405,9
9405,10
9405,10
9405,8
9405,9
9405,9
9405,10
9405,9
9405,10
9406,9
9406,12
9406,9
9406,10
9406,8
9406,9
9406,9
9406,10
9406,10
9406,8
9407,9
9407,9
9407,10
9407,10
9407,8
9407,9
9407,8
9407,10
9407,9
9408,8
9408,9
9408,9
9408,10
9408,10
9408,8
9408,9
9408,9
9408,10
9408,10
9409,8
9409,9
9409,9
9409,10
9409,10
9409,8
9409,9
9415,10
9415,10
9415,8
9415,10
9415,9
9415,10
9415,10
9416,8
9416,10
9416,9
9416,10
9416,10
9416,8
9416,10
9416,9
9416,11
9417,9
9417,8
9417,10
9417,9
9417,10
9417,9
9417,8
9417,10
9417,9
9417,10
9418,10
9418,8
9418,9
9418,9
9418,10
9418,10
9418,8
9418,10
9418,9
9419,10
9419,10
9419,8
9419,9
9419,10
9419,10
9419,10
9419,8
9429,10
9429,10
9429,8
9429,11
9429,10
9435,10
9435,10
9435,7
9435,10
9435,9
9435,10
9435,9
9436,8
9436,10
9436,9
9436,10
9436,9
9436,8
9436,10
9436,9
9436,10
9436,10
9437,8
9437,10
9437,9
9437,10
9437,10
9437,8
9437,10
9437,9
9437,10
9438,9
9438,9
9438,9
9438,11
9438,10
9438,8
9438,8
9438,11
9438,8
9438,12
9439,8
9439,8
9439,9
9439,9
9439,10
9439,9
9439,8
9445,8
9445,10
9445,9
9445,10
9445,10
9445,8
9445,10
9445,9
9445,10
9446,10
9446,7
9446,10
9446,10
9446,9
9446,12
9446,7
9446,12
9446,9
9447,10
9447,10
9447,8
9447,10
9447,9
9447,10
9447,9
9447,8
9447,10
9447,9
9448,10
9448,10
9448,8
9448,10
9448,9
9448,10
9448,10
9448,8
9448,10
9449,9
9449,10
9449,9
9449,8
9449,10
9449,9
9449,10
9449,10
9453,8
9453,10
9454,10
9454,10
9454,9
9454,8
9454,9
9454,10
9454,10
9454,10
9454,7
9454,10
9455,9
9455,10
9455,10
9455,8
9455,10
9455,10
9455,10
9455,9
9455,8
9456,10
9456,10
9456,10
9456,9
9456,8
9456,10
9456,8
9456,10
9456,10
9456,8
9457,10
9457,9
9457,10
9457,10
9457,8
9457,10
9457,9
9457,10
9457,10
9458,8
9458,10
9458,9
9458,10
9458,10
9458,8
9458,10
9458,9
9458,10
9459,9
9459,8
9459,9
9459,9
9459,10
9459,10
9459,8
9459,9
9465,9
9465,8
9465,9
9465,9
9465,10
9465,9
9465,8
9465,10
9465,9
9466,10
9466,10
9466,8
9466,10
9466,10
9466,10
9466,10
9466,8
9466,10
9466,9
9467,10
9467,10
9467,8
9467,9
9467,9
9467,10
9467,10
9467,8
9467,9
9468,9
9468,10
9468,10
9468,8
9468,9
9468,8
9468,10
9468,9
9468,8
9469,9
9469,8
9469,10
9469,10
9469,9
9469,9
9469,8
9469,10
9480,10
9486,10
9486,9
9486,10
9486,8
9486,10
9486,10
9486,9
9486,10
9486,8
9486,9
9487,10
9487,9
9487,10
9487,8
9487,10
9487,10
9487,9
9487,9
9487,9
9488,9
9488,10
9488,9
9488,9
9488,8
9488,10
9488,10
9488,10
9488,10
9488,8
9489,9
9489,10
9489,10
9489,10
9489,8
9489,9
9489,10
9495,10
9495,9
9495,8
9495,11
9495,9
9495,10
9495,9
9495,8
9495,10
9495,9
9496,9
9496,9
9496,8
9496,10
9496,9
9496,10
9496,9
9496,8
9496,10
9497,9
9497,10
9497,10
9497,8
9497,10
9497,9
9497,10
9497,10
9497,8
9497,10
9498,9
9498,10
9498,10
9498,8
9498,10
9498,9
9498,10
9498,10
9498,8
9499,10
9499,9
9499,10
9499,10
9499,8
9499,10
9499,10
9499,10
9503,10
9503,7
9504,10
9504,10
9504,10
9504,9
9504,8
9504,9
9504,9
9504,10
9504,9
9505,8
9505,10
9505,9
9505,10
9505,10
9505,8
9505,10
9505,9
9505,10
9505,10
9506,8
9506,9
9506,9
9506,10
9506,9
9506,8
9506,10
9506,9
9506,10
9507,9
9507,8
9507,9
9507,9
9507,10
9507,9
9507,8
9507,9
9507,8
9507,10
9508,9
9508,8
9508,9
9508,8
9508,10
9508,10
9508,8
9508,9
9508,8
9509,10
9509,9
9509,8
9509,9
9509,8
9509,10
9509,10
9509,9
9515,10
9515,10
9515,8
9515,10
9515,9
9515,10
9515,9
9515,8
9515,10
9516,9
9516,10
9516,10
9516,8
9516,10
9516,9
9516,10
9516,10
9516,8
9516,10
9517,9
9517,10
9517,10
9517,8
9517,10
9517,9
9517,10
9517,9
9517,8
9518,10
9518,10
9518,10
9518,10
9518,8
9518,10
9518,9
9518,10
9518,9
9518,8
9519,9
9519,9
9519,10
9519,10
9519,8
9519,9
9519,9
9532,8
9540,9
9545,9
9545,9
9545,9
9545,8
9545,10
9545,9
9546,9
9546,9
9546,8
9546,11
9546,9
9546,10
9546,10
9546,8
9546,10
9547,9
9547,11
9547,10
9547,8
9547,10
9547,9
9547,10
9547,10
9547,8
9547,10
9548,9
9548,10
9548,10
9548,8
9548,10
9548,9
9548,10
9548,10
9548,8
9549,10
9549,9
9549,10
9549,10
9549,8
9549,10
9549,9
9549,10
9553,10
9553,8
9554,10
9554,10
9554,9
9554,9
9554,9
9554,10
9554,10
9554,9
9554,10
9555,8
9555,10
9555,10
9555,10
9555,9
9555,8
9555,10
9555,10
9555,10
9555,9
9556,8
9556,9
9556,10
9556,10
9556,9
9556,8
9556,9
9556,10
9556,10
9557,9
9557,8
9557,9
9557,10
9557,9
9557,10
9557,8
9557,9
9557,10
9557,9
9558,10
9558,8
9558,8
9558,10
9558,9
9558,10
9558,8
9558,8
9558,10
9559,9
9559,10
9559,9
9559,9
9559,11
9559,10
9559,10
9559,8
9564,10
9564,10
9565,9
9565,8
9565,10
9565,9
9565,10
9565,9
9565,8
9565,10
9565,8
9565,10
9566,9
9566,8
9566,9
9566,8
9566,10
9566,9
9566,8
9566,9
9566,8
9567,10
9567,10
9567,8
9567,9
9567,8
9567,11
9567,10
9567,8
9567,10
9567,8
9568,10
9568,10
9568,9
9568,9
9568,8
9568,10
9568,10
9568,9
9568,10
9569,8
9569,10
9569,10
9569,9
9569,9
9569,8
9569,10
9569,10
9579,9
9584,10
9584,8
9584,8
9584,10
9584,10
9585,9
9585,9
9585,8
9585,10
9585,10
9585,10
9585,9
9585,8
9585,10
9586,10
9586,10
9586,9
9586,8
9586,10
9586,10
9586,11
9586,9
9586,8
9586,10
9587,10
9587,10
9587,9
9587,8
9587,10
9587,10
9587,10
9587,10
9587,8
9588,10
9588,10
9588,10
9588,10
9588,8
9588,10
9588,10
9588,10
9588,10
9588,8
9589,10
9589,9
9589,10
9589,9
9589,8
9589,9
9589,9
9594,9
9594,8
9594,9
9594,10
9594,9
9595,10
9595,8
9595,10
9595,9
9595,9
9595,9
9595,8
9595,10
9595,10
9596,9
9596,10
9596,8
9596,10
9596,10
9596,10
9596,10
9596,8
9596,10
9596,10
9597,9
9597,9
9597,8
9597,10
9597,10
9597,10
9597,10
9597,8
9597,10
9598,10
9598,9
9598,9
9598,8
9598,10
9598,10
9598,10
9598,10
9598,8
9599,10
9599,10
9599,9
9599,10
9599,8
9599,9
9599,10
9599,10
9603,10
9603,9
9604,8
9604,10
9604,10
9604,10
9604,9
9604,9
9604,10
9604,10
9604,10
9604,10
9605,8
9605,10
9605,10
9605,10
9605,10
9605,8
9605,10
9605,10
9605,10
9606,9
9606,8
9606,9
9606,10
9606,10
9606,10
9606,8
9606,10
9606,9
9606,10
9607,9
9607,8
9607,9
9607,9
9607,10
9607,9
9607,8
9607,10
9607,9
9608,10
9608,10
9608,8
9608,10
9608,9
9608,10
9608,9
9608,8
9608,9
9609,9
9609,10
9609,10
9609,8
9609,9
9609,9
9609,10
9609,10
9614,8
9614,10
9614,10
9614,10
9614,10
9615,8
9615,10
9615,10
9615,10
9615,10
9615,8
9615,10
9615,9
9615,9
9616,9
9616,8
9616,10
9616,9
9616,10
9616,10
9616,8
9616,9
9616,9
9617,10
9617,9
9617,8
9617,10
9617,9
9617,10
9617,10
9617,8
9617,10
9617,8
9618,10
9618,9
9618,8
9618,9
9618,8
9618,10
9618,9
9618,8
9618,9
9619,8
9619,10
9619,10
9619,8
9619,9
9619,8
9619,11
9619,10
9630,10
9635,10
9635,8
9635,10
9635,10
9635,9
9636,9
9636,8
9636,10
9636,10
9636,9
9636,10
9636,8
9636,10
9636,10
9636,10
9637,10
9637,8
9637,10
9637,10
9637,9
9637,9
9637,9
9637,9
9637,10
9638,10
9638,9
9638,8
9638,9
9638,10
9638,10
9638,10
9638,8
9638,9
9638,10
9639,10
9639,10
9639,8
9639,9
9639,10
9639,9
9639,10
9644,9
9644,9
9644,10
9644,9
9644,10
9644,9
9644,9
9645,11
9645,9
9645,10
9645,9
9645,10
9645,10
9645,9
9645,10
9645,10
9645,8
9646,11
9646,9
9646,10
9646,9
9646,8
9646,11
9646,10
9646,10
9646,9
9647,8
9647,10
9647,9
9647,10
9647,10
9647,8
9647,10
9647,9
9647,10
9647,10
9648,8
9648,10
9648,9
9648,9
9648,10
9648,8
9648,10
9648,9
9648,10
9649,10
9649,7
9649,10
9649,9
9649,10
9649,10
9649,8
9649,10
9653,10
9653,10
9654,10
9654,8
9654,10
9654,9
9654,10
9654,9
9654,8
9654,10
9654,10
9654,10
9655,10
9655,8
9655,10
9655,10
9655,10
9655,10
9655,8
9655,10
9655,9
9656,10
9656,10
9656,8
9656,10
9656,9
9656,10
9656,9
9656,8
9656,9
9657,9
9657,10
9657,10
9657,8
9657,10
9657,9
9657,10
9657,9
9657,8
9657,9
9658,9
9658,10
9658,10
9658,8
9658,9
9658,9
9658,10
9658,9
9658,8
9659,9
9659,9
9659,10
9659,9
9659,8
9659,9
9659,9
9659,10
9664,9
9664,8
9664,10
9664,10
9664,10
9664,10
9664,8
9665,10
9665,10
9665,10
9665,10
9665,8
9665,10
9665,10
9665,10
9665,10
9666,8
9666,10
9666,9
9666,10
9666,10
9666,8
9666,10
9666,9
9666,10
9666,9
9667,8
9667,10
9667,10
9667,10
9667,9
9667,8
9667,9
9667,10
9667,10
9668,9
9668,8
9668,9
9668,10
9668,10
9668,9
9668,8
9668,10
9668,10
9668,10
9669,9
9669,8
9669,10
9669,9
9669,11
9669,10
9669,8
9679,9
9679,8
9679,10
9684,9
9684,9
9684,10
9684,10
9684,10
9684,8
9684,9
9684,9
9685,10
9685,9
9685,8
9685,9
9685,10
9685,10
9685,10
9685,9
9685,9
9685,10
9686,9
9686,10
9686,9
9686,9
9686,10
9686,10
9686,10
9686,8
9686,8
9687,10
9687,10
9687,10
9687,9
9687,8
9687,10
9687,10
9687,10
9687,9
9688,8
9688,10
9688,10
9688,10
9688,9
9688,8
9688,10
9688,10
9688,10
9688,9
9689,8
9689,10
9689,10
9689,10
9689,10
9689,8
9689,10
9693,10
9694,9
9694,8
9694,10
9694,10
9694,9
9694,9
9694,8
9694,10
9694,9
9695,10
9695,9
9695,9
9695,10
9695,10
9695,10
9695,9
9695,8
9695,10
9696,10
9696,10
9696,10
9696,8
9696,10
9696,10
9696,10
9696,9
9696,8
9696,10
9697,10
9697,10
9697,9
9697,8
9697,10
9697,10
9697,10
9697,9
9697,8
9698,10
9698,10
9698,10
9698,9
9698,8
9698,10
9698,10
9698,10
9698,9
9698,8
9699,9
9699,10
9699,10
9699,10
9699,8
9699,10
9699,9
9703,8
9703,11
9703,9
9704,10
9704,10
9704,8
9704,10
9704,9
9704,10
9704,9
9704,8
9704,10
9705,9
9705,10
9705,10
9705,8
9705,10
9705,9
9705,10
9705,10
9705,8
9706,10
9706,9
9706,10
9706,9
9706,8
9706,9
9706,9
9706,10
9706,8
9706,8
9707,10
9707,9
9707,10
9707,10
9707,8
9707,10
9707,9
9707,10
9707,9
9708,8
9708,10
9708,9
9708,10
9708,10
9708,8
9708,10
9708,9
9708,10
9708,10
9709,8
9709,10
9709,10
9709,10
9709,10
9709,8
9709,10
9714,9
9714,10
9714,10
9714,8
9714,9
9714,9
9714,10
9714,10
9714,8
9715,9
9715,8
9715,10
9715,9
9715,8
9715,9
9715,9
9715,10
9715,10
9715,8
9716,9
9716,8
9716,10
9716,10
9716,8
9716,9
9716,8
9716,10
9716,9
9717,9
9717,9
9717,8
9717,10
9717,10
9717,8
9717,9
9717,8
9717,10
9718,10
9718,9
9718,9
9718,8
9718,10
9718,9
9718,8
9718,10
9718,8
9718,10
9719,10
9719,9
9719,9
9719,8
9719,11
9719,10
9719,8
9731,10
9738,9
9738,8
9738,10
9738,9
9738,10
9739,9
9739,8
9739,10
9739,9
9739,10
9739,9
9739,8
9739,10
9744,9
9744,7
9744,10
9744,9
9744,10
9744,9
9744,8
9744,10
9744,9
9744,10
9745,10
9745,8
9745,10
9745,9
9745,10
9745,9
9745,8
9745,10
9745,9
9746,10
9746,10
9746,8
9746,10
9746,9
9746,10
9746,10
9746,8
9746,9
9746,9
9747,10
9747,9
9747,8
9747,10
9747,10
9747,10
9747,10
9747,8
9747,10
9748,9
9748,10
9748,9
9748,8
9748,9
9748,9
9748,10
9748,9
9748,8
9748,9
9749,9
9749,10
9749,9
9749,8
9749,9
9749,9
9749,10
9753,10
9753,7
9753,10
9754,10
9754,10
9754,10
9754,8
9754,10
9754,9
9754,10
9754,10
9754,8
9755,10
9755,9
9755,10
9755,10
9755,8
9755,10
9755,9
9755,10
9755,9
9756,8
9756,10
9756,9
9756,10
9756,10
9756,8
9756,9
9756,9
9756,10
9756,10
9757,8
9757,9
9757,9
9757,10
9757,10
9757,8
9757,10
9757,9
9757,10
9758,10
9758,8
9758,9
9758,9
9758,10
9758,10
9758,8
9758,10
9758,9
9758,10
9759,10
9759,8
9759,9
9759,9
9759,10
9759,10
9759,8
9763,8
9763,9
9763,10
9764,9
9764,10
9764,8
9764,10
9764,10
9764,9
9764,10
9764,8
9764,10
9765,10
9765,10
9765,9
9765,8
9765,10
9765,10
9765,10
9765,10
9765,8
9766,10
9766,10
9766,9
9766,10
9766,8
9766,10
9766,10
9766,9
9766,10
9766,8
9767,10
9767,11
9767,9
9767,10
9767,8
9767,10
9767,10
9767,9
9767,10
9768,8
9768,10
9768,10
9768,9
9768,10
9768,8
9768,10
9768,10
9768,9
9768,10
9769,8
9769,10
9769,11
9769,9
9769,10
9769,8
9769,10
9778,10
9779,8
9779,10
9779,10
9779,9
9779,10
9779,8
9779,10
9783,9
9783,10
9783,8
9784,9
9784,10
9784,9
9784,9
9784,8
9784,9
9784,10
9784,9
9784,10
9785,8
9785,9
9785,10
9785,9
9785,10
9785,9
9785,9
9785,10
9785,10
9786,10
9786,9
9786,8
9786,10
9786,9
9786,10
9786,9
9786,8
9786,10
9786,9
9787,9
9787,8
9787,9
9787,11
9787,9
9787,10
9787,9
9787,8
9787,10
9788,9
9788,10
9788,9
9788,9
9788,10
9788,9
9788,10
9788,9
9788,8
9788,11
9789,9
9789,10
9789,10
9789,8
9789,10
9789,9
9789,10
9793,9
9793,8
9793,9
9794,10
9794,10
9794,10
9794,8
9794,10
9794,10
9794,9
9794,9
9794,8
9795,10
9795,10
9795,10
9795,10
9795,8
9795,10
9795,10
9795,10
9795,10
9796,9
9796,10
9796,9
9796,10
9796,10
9796,8
9796,10
9796,10
9796,10
9796,10
9797,8
9797,10
9797,10
9797,10
9797,10
9797,8
9797,10
9797,10
9797,10
9798,9
9798,9
9798,9
9798,10
9798,10
9798,10
9798,8
9798,10
9798,10
9798,11
9799,10
9799,8
9799,10
9799,10
9799,10
9799,9
9799,8
9803,9
9803,10
9804,10
9804,8
9804,9
9804,8
9804,10
9804,9
9804,8
9804,10
9804,9
9804,10
9805,9
9805,8
9805,10
9805,9
9805,10
9805,10
9805,8
9805,10
9805,9
9806,10
9806,9
9806,7
9806,10
9806,9
9806,10
9806,9
9806,8
9806,9
9806,10
9807,10
9807,9
9807,8
9807,9
9807,9
9807,10
9807,9
9807,8
9807,9
9808,9
9808,10
9808,10
9808,8
9808,10
9808,9
9808,9
9808,9
9808,8
9809,9
9809,8
9809,10
9809,9
9809,8
9809,9
9809,9
9809,10
9813,9
9813,10
9814,8
9814,9
9814,11
9814,9
9814,10
9814,8
9814,9
9814,11
9814,10
9814,10
9815,8
9815,9
9815,10
9815,9
9815,10
9815,8
9815,9
9815,10
9815,10
9816,10
9816,8
9816,10
9816,10
9816,9
9816,10
9816,7
9816,9
9816,10
9816,10
9817,8
9817,8
9817,10
9817,10
9817,9
9817,10
9817,8
9817,10
9817,10
9818,10
9818,10
9818,8
9818,9
9818,10
9818,10
9818,10
9818,8
9818,10
9819,10
9819,9
9819,10
9819,8
9819,10
9819,10
9819,10
9819,10
9828,9
9828,9
9828,10
9828,9
9829,10
9829,9
9829,8
9829,10
9829,9
9829,10
9829,9
9829,8
9833,9
9833,10
9834,10
9834,9
9834,8
9834,10
9834,10
9834,10
9834,8
9834,9
9834,10
9834,10
9835,10
9835,9
9835,8
9835,10
9835,10
9835,10
9835,8
9835,9
9835,9
9836,10
9836,10
9836,9
9836,8
9836,10
9836,10
9836,9
9836,8
9836,9
9836,10
9837,10
9837,10
9837,9
9837,8
9837,10
9837,10
9837,10
9837,9
9837,9
9838,9
9838,10
9838,9
9838,9
9838,9
9838,10
9838,10
9838,10
9838,9
9839,9
9839,10
9839,10
9839,10
9839,8
9839,9
9839,9
9839,10
9843,8
9843,10
9844,8
9844,10
9844,10
9844,9
9844,10
9844,8
9844,10
9844,10
9844,7
9844,9
9845,8
9845,10
9845,10
9845,9
9845,9
9845,8
9845,10
9845,8
9845,9
9846,10
9846,8
9846,10
9846,10
9846,9
9846,9
9846,9
9846,10
9846,10
9846,9
9847,9
9847,8
9847,10
9847,10
9847,9
9847,10
9847,8
9847,10
9847,10
9848,10
9848,10
9848,8
9848,10
9848,10
9848,9
9848,10
9848,8
9848,10
9849,10
9849,10
9849,10
9849,8
9849,10
9849,10
9849,9
9849,10
9853,10
9854,10
9854,8
9854,8
9854,8
9854,10
9854,9
9854,8
9854,9
9854,9
9855,10
9855,9
9855,8
9855,9
9855,8
9855,10
9855,9
9855,8
9855,9
9855,8
9856,11
9856,9
9856,8
9856,8
9856,8
9856,10
9856,10
9856,8
9856,9
9857,8
9857,11
9857,10
9857,9
9857,9
9857,8
9857,11
9857,10
9857,8
9858,10
9858,8
9858,10
9858,10
9858,9
9858,9
9858,8
9858,11
9858,10
9858,9
9859,9
9859,8
9859,10
9859,10
9859,8
9859,9
9859,8
9863,10
9863,9
9864,10
9864,9
9864,9
9864,11
9864,9
9864,10
9864,9
9864,9
9864,11
9864,9
9865,10
9865,9
9865,8
9865,10
9865,9
9865,10
9865,8
9865,8
9865,10
9866,9
9866,10
9866,9
9866,8
9866,11
9866,9
9866,10
9866,9
9866,8
9867,10
9867,9
9867,10
9867,9
9867,8
9867,10
9867,9
9867,10
9867,9
9867,9
9868,11
9868,10
9868,10
9868,9
9868,9
9868,10
9868,9
9868,10
9868,9
9869,8
9869,10
9869,10
9869,10
9869,9
9869,8
9869,10
9869,9
9881,9
9887,10
9887,9
9887,9
9887,11
9888,9
9888,9
9888,9
9888,9
9888,10
9888,9
9888,10
9888,9
9888,9
9888,11
9889,9
9889,10
9889,9
9889,8
9889,10
9889,9
9889,10
9893,9
9894,9
9894,10
9894,10
9894,9
9894,9
9894,8
9894,10
9894,10
9894,9
9894,8
9895,8
9895,9
9895,10
9895,11
9895,8
9895,8
9895,10
9895,10
9895,10
9896,9
9896,9
9896,10
9896,10
9896,10
9896,8
9896,9
9896,9
9896,10
9896,10
9897,8
9897,9
9897,9
9897,10
9897,10
9897,8
9897,9
9897,9
9897,10
9898,10
9898,9
9898,9
9898,9
9898,10
9898,10
9898,8
9898,9
9898,10
9899,10
9899,10
9899,9
9899,9
9899,9
9899,10
9899,10
9899,8
9904,8
9904,10
9904,10
9904,9
9904,9
9904,8
9904,11
9904,10
9904,9
9905,10
9905,9
9905,11
9905,10
9905,9
9905,10
9905,8
9905,10
9905,10
9906,9
9906,10
9906,8
9906,10
9906,10
9906,9
9906,9
9906,8
9906,10
9907,10
9907,9
9907,10
9907,8
9907,10
9907,10
9907,9
9907,10
9907,8
9907,10
9908,10
9908,9
9908,9
9908,8
9908,10
9908,10
9908,9
9908,9
9908,8
9909,10
9909,10
9909,9
9909,10
9909,8
9909,10
9909,10
9909,9
9913,9
9914,10
9914,10
9914,10
9914,8
9914,8
9914,10
9914,10
9914,10
9914,9
9915,9
9915,10
9915,10
9915,10
9915,9
9915,9
9915,10
9915,10
9915,10
9916,8
9916,9
9916,10
9916,11
9916,9
9916,8
9916,9
9916,10
9916,10
9916,10
9917,9
9917,9
9917,10
9917,10
9917,10
9917,8
9917,9
9917,10
9917,11
9918,10
9918,8
9918,9
9918,9
9918,10
9918,10
9918,8
9918,9
9918,10
9918,10
9919,10
9919,9
9919,9
9919,9
9919,10
9919,10
9919,8
9929,10
9929,9
9929,8
9929,10
9929,9
9929,9
9934,9
9934,9
9934,10
9934,8
9934,9
9934,10
9934,8
9934,10
9934,8
9935,9
9935,10
9935,10
9935,10
9935,8
9935,9
9935,10
9935,9
9935,10
9935,9
9936,9
9936,11
9936,9
9936,10
9936,9
9936,9
9936,11
9936,9
9936,10
9937,9
9937,8
9937,11
9937,9
9937,10
9937,9
9937,8
9937,11
9937,9
9937,10
9938,9
9938,8
9938,10
9938,9
9938,10
9938,9
9938,8
9938,10
9938,10
9939,10
9939,9
9939,8
9939,10
9939,9
9939,10
9939,9
9939,8
9944,8
9944,9
9944,9
9944,9
9944,10
9944,8
9944,10
9944,9
9944,10
9945,9
9945,8
9945,10
9945,9
9945,10
9945,9
9945,8
9945,10
9945,9
9945,10
9946,10
9946,8
9946,9
9946,9
9946,10
9946,9
9946,8
9946,10
9946,9
9947,10
9947,10
9947,8
9947,9
9947,9
9947,10
9947,9
9947,8
9947,10
9948,9
9948,10
9948,10
9948,9
9948,10
9948,9
9948,10
9948,9
9948,8
9948,10
9949,9
9949,10
9949,9
9949,8
9949,10
9949,10
9949,10
9954,9
9954,8
9954,10
9954,9
9954,10
9954,10
9954,8
9954,10
9955,9
9955,10
9955,10
9955,8
9955,10
9955,9
9955,10
9955,10
9955,8
9956,10
9956,10
9956,10
9956,9
9956,8
9956,10
9956,9
9956,10
9956,9
9956,8
9957,11
9957,9
9957,10
9957,9
9957,8
9957,10
9957,9
9957,10
9957,9
9958,8
9958,10
9958,9
9958,10
9958,10
9958,8
9958,10
9958,9
9958,10
9958,9
9959,8
9959,10
9959,9
9959,10
9959,9
9959,8
9959,10
9964,10
9964,9
9964,8
9964,9
9964,8
9964,10
9964,9
9964,8
9964,9
9965,8
9965,11
9965,10
9965,9
9965,9
9965,8
9965,10
9965,9
9965,8
9965,9
9966,8
9966,10
9966,10
9966,8
9966,9
9966,8
9966,10
9966,9
9966,8
9967,9
9967,8
9967,10
9967,10
9967,8
9967,9
9967,8
9967,10
9967,9
9967,8
9968,9
9968,9
9968,10
9968,10
9968,8
9968,9
9968,8
9968,10
9968,10
9969,9
9969,9
9969,9
9969,10
9969,10
9969,8
9969,10
9969,8
9978,9
9979,10
9979,8
9979,11
9979,9
9979,9
9979,9
9979,8
9984,9
9984,8
9984,9
9984,10
9984,9
9984,9
9984,8
9984,10
9984,10
9985,9
9985,9
9985,9
9985,10
9985,10
9985,9
9985,10
9985,8
9985,10
9985,10
9986,10
9986,10
9986,8
9986,10
9986,10
9986,9
9986,10
9986,8
9986,10
9987,10
9987,10
9987,10
9987,8
9987,10
9987,10
9987,10
9987,9
9987,8
9987,10
9988,10
9988,9
9988,10
9988,8
9988,10
9988,10
9988,10
9988,10
9988,8
9989,10
9989,10
9989,9
9989,10
9989,8
9989,10
9989,10
9989,10
9994,10
9994,10
9994,9
9994,8
9994,10
9994,9
9994,10
9994,9
9994,8
9995,10
9995,10
9995,10
9995,9
9995,8
9995,10
9995,10
9995,9
9995,10
9996,8
9996,10
9996,10
9996,10
9996,9
9996,8
9996,10
9996,10
9996,10
9996,9
9997,8
9997,10
9997,10
9997,10
9997,9
9997,8
9997,10
9997,10
9997,10
9998,9
9998,8
9998,10
9998,10
9998,10
9998,9
9998,8
9998,10
9998,9
9999,10
9999,10
9999,8
9999,10
9999,10
9999,10
9999,10
9999,8
10004,9
10004,10
10004,9
10004,8
10004,10
10004,9
10004,10
10005,9
10005,8
10005,10
10005,9
10005,9
10005,9
10005,8
10005,11
10005,9
10005,10
10006,9
10006,8
10006,11
10006,9
10006,9
10006,9
10006,8
10006,11
10006,9
10007,10
10007,9
10007,8
10007,11
10007,10
10007,10
10007,9
10007,8
10007,11
10007,9
10008,10
10008,9
10008,9
10008,11
10008,9
10008,10
10008,9
10008,7
10008,10
10009,9
10009,10
10009,9
10009,8
10009,10
10009,9
10009,10
10009,9
10014,8
10014,9
10014,10
10014,10
10014,10
10014,8
10014,9
10014,9
10014,10
10015,10
10015,9
10015,10
10015,9
10015,10
10015,10
10015,8
10015,9
10015,9
10016,10
10016,9
10016,8
10016,9
10016,9
10016,10
10016,10
10016,8
10016,9
10016,9
10017,10
10017,10
10017,8
10017,10
10017,9
10017,10
10017,10
10017,8
10017,10
10018,9
10018,10
10018,10
10018,8
10018,10
10018,9
10018,10
10018,10
10018,8
10019,10
10019,9
10019,10
10019,10
10019,8
10019,10
10019,9
10019,10
10031,10
10037,10
10037,9
10038,8
10038,9
10038,9
10038,10
10038,9
10038,8
10038,9
10038,9
10038,10
10039,10
10039,8
10039,9
10039,9
10039,11
10039,10
10039,8
10039,10
10044,9
10044,9
10044,9
10044,10
10044,10
10044,10
10044,8
10044,9
10045,9
10045,10
10045,9
10045,8
10045,9
10045,10
10045,10
10045,10
10045,8
10046,9
10046,10
10046,10
10046,8
10046,9
10046,9
10046,10
10046,10
10046,9
10046,9
10047,9
10047,10
10047,10
10047,10
10047,8
10047,9
10047,10
10047,10
10047,9
10048,9
10048,9
10048,9
10048,10
10048,10
10048,8
10048,9
10048,10
10048,10
10049,10
10049,8
10049,9
10049,10
10049,10
10049,10
10049,8
10049,9
10054,9
10054,10
10054,10
10054,8
10054,10
10054,9
10055,10
10055,9
10055,8
10055,10
10055,9
10055,10
10055,10
10055,8
10055,11
10055,9
10056,10
10056,10
10056,8
10056,10
10056,9
10056,10
10056,10
10056,8
10056,10
10057,9
10057,11
10057,10
10057,8
10057,10
10057,9
10057,10
10057,10
10057,8
10057,10
10058,9
10058,10
10058,10
10058,8
10058,10
10058,9
10058,10
10058,9
10058,8
10059,10
10059,10
10059,10
10059,9
10059,8
10059,10
10059,9
10059,10
10064,10
10064,9
10064,7
10064,9
10064,9
10064,10
10064,10
10064,8
10065,10
10065,9
10065,10
10065,10
10065,8
10065,10
10065,9
10065,10
10065,10
10066,8
10066,10
10066,9
10066,10
10066,9
10066,8
10066,9
10066,10
10066,10
10067,10
10067,7
10067,10
10067,10
10067,10
10067,10
10067,8
10067,10
10067,9
10067,10
10068,9
10068,8
10068,10
10068,10
10068,10
10068,10
10068,8
10068,10
10068,9
10069,10
10069,9
10069,8
10069,10
10069,10
10069,9
10069,10
10069,8
10079,9
10084,9
10084,10
10084,9
10084,8
10084,10
10084,9
10085,10
10085,10
10085,8
10085,10
10085,9
10085,10
10085,10
10085,8
10085,11
10086,9
10086,10
10086,9
10086,8
10086,10
10086,9
10086,10
10086,10
10086,8
10086,10
10087,9
10087,10
10087,10
10087,8
10087,10
10087,9
10087,10
10087,10
10087,8
10088,10
10088,9
10088,10
10088,10
10088,8
10088,10
10088,9
10088,10
10088,9
10088,8
10089,10
10089,10
10089,10
10089,9
10089,8
10089,10
10089,9
10094,10
10094,8
10094,10
10094,9
10094,10
10094,10
10094,8
10095,10
10095,9
10095,10
10095,10
10095,8
10095,10
10095,9
10095,10
10095,10
10096,8
10096,10
10096,9
10096,10
10096,9
10096,8
10096,10
10096,10
10096,10
10097,10
10097,8
10097,10
10097,9
10097,10
10097,10
10097,8
10097,10
10097,9
10097,10
10098,9
10098,8
10098,10
10098,9
10098,10
10098,10
10098,8
10098,10
10098,9
10099,10
10099,10
10099,8
10099,10
10099,9
10099,10
10099,10
10099,8
10104,9
10104,8
10104,10
10104,9
10105,7
10105,9
10105,9
10105,10
10105,10
10105,8
10105,9
10105,9
10105,10
10105,10
10106,8
10106,10
10106,9
10106,11
10106,10
10106,8
10106,9
10106,9
10106,10
10107,10
10107,8
10107,9
10107,9
10107,10
10107,9
10107,8
10107,9
10107,9
10107,10
10108,10
10108,8
10108,9
10108,9
10108,10
10108,9
10108,8
10108,10
10108,10
10109,10
10109,9
10109,8
10109,9
10109,9
10109,10
10109,10
10109,8
10114,10
10114,10
10114,8
10114,10
10114,10
10114,9
10115,9
10115,8
10115,10
10115,10
10115,10
10115,9
10115,8
10115,10
10115,10
10116,10
10116,9
10116,8
10116,10
10116,10
10116,10
10116,9
10116,8
10116,10
10116,10
10117,10
10117,9
10117,8
10117,10
10117,10
10117,10
10117,9
10117,8
10117,10
10118,10
10118,10
10118,9
10118,8
10118,10
10118,10
10118,10
10118,9
10118,8
10118,10
10119,10
10119,10
10119,9
10119,8
10119,10
10119,10
10119,10
10130,9
10134,10
10134,9
10134,8
10134,11
10135,9
10135,10
10135,9
10135,8
10135,11
10135,9
10135,10
10135,9
10135,8
10135,11
10136,9
10136,10
10136,9
10136,8
10136,10
10136,9
10136,10
10136,8
10136,8
10137,10
10137,9
10137,10
10137,9
10137,8
10137,11
10137,9
10137,10
10137,9
10137,9
10138,10
10138,9
10138,10
10138,9
10138,8
10138,10
10138,9
10138,10
10138,9
10139,8
10139,10
10139,9
10139,9
10139,9
10139,9
10139,11
10139,9
10144,8
10144,10
10144,9
10144,10
10144,9
10144,8
10145,10
10145,9
10145,10
10145,9
10145,8
10145,10
10145,9
10145,10
10145,9
10146,8
10146,10
10146,9
10146,10
10146,9
10146,7
10146,10
10146,9
10146,10
10146,10
10147,8
10147,10
10147,9
10147,10
10147,10
10147,8
10147,10
10147,9
10147,10
10148,9
10148,8
10148,10
10148,9
10148,10
10148,10
10148,8
10148,10
10148,10
10149,10
10149,9
10149,9
10149,9
10149,9
10149,10
10149,9
10149,8
10154,9
10154,8
10154,10
10154,9
10155,10
10155,10
10155,8
10155,10
10155,10
10155,10
10155,9
10155,8
10155,10
10156,9
10156,10
10156,10
10156,8
10156,9
10156,10
10156,10
10156,10
10156,8
10156,10
10157,10
10157,10
10157,9
10157,8
10157,10
10157,10
10157,10
10157,10
10157,8
10158,10
10158,10
10158,10
10158,10
10158,8
10158,10
10158,10
10158,10
10158,10
10158,8
10159,10
10159,10
10159,10
10159,9
10159,8
10159,10
10159,10
10164,9
10164,8
10164,8
10164,11
10164,9
10164,10
10165,9
10165,8
10165,10
10165,9
10165,10
10165,9
10165,9
10165,11
10165,9
10165,10
10166,9
10166,8
10166,10
10166,9
10166,10
10166,8
10166,9
10166,10
10166,9
10167,10
10167,9
10167,8
10167,11
10167,9
10167,10
10167,9
10167,9
10167,10
10168,9
10168,10
10168,9
10168,8
10168,10
10168,9
10168,10
10168,9
10168,8
10168,10
10169,9
10169,10
10169,9
10169,9
10169,11
10169,9
10169,10
10183,8
10189,10
10189,9
10189,8
10189,10
10194,10
10194,10
10194,9
10194,8
10194,10
10194,10
10195,10
10195,9
10195,8
10195,10
10195,10
10195,10
10195,9
10195,9
10195,10
10196,10
10196,10
10196,9
10196,8
10196,10
10196,10
10196,10
10196,10
10196,9
10197,10
10197,9
10197,10
10197,9
10197,8
10197,9
10197,10
10197,10
10197,9
10197,8
10198,10
10198,9
10198,10
10198,9
10198,9
10198,10
10198,10
10198,10
10198,9
10199,8
10199,10
10199,10
10199,10
10199,9
10199,8
10199,10
10199,10
10204,9
10204,9
10204,9
10205,10
10205,10
10205,9
10205,8
10205,10
10205,10
10205,10
10205,9
10205,9
10206,10
10206,10
10206,10
10206,9
10206,8
10206,10
10206,10
10206,11
10206,9
10206,8
10207,10
10207,11
10207,10
10207,9
10207,8
10207,10
10207,10
10207,10
10207,9
10208,8
10208,10
10208,10
10208,10
10208,9
10208,8
10208,10
10208,10
10208,10
10208,9
10209,8
10209,10
10209,10
10209,10
10209,9
10209,8
10209,10
10214,10
10214,10
10214,8
10214,9
10214,8
10215,10
10215,9
10215,8
10215,9
10215,8
10215,11
10215,9
10215,8
10215,9
10216,8
10216,10
10216,9
10216,8
10216,9
10216,8
10216,11
10216,10
10216,8
10216,9
10217,10
10217,10
10217,10
10217,8
10217,9
10217,10
10217,10
10217,10
10217,8
10218,9
10218,9
10218,10
10218,10
10218,8
10218,9
10218,8
10218,10
10218,9
10218,8
10219,9
10219,9
10219,10
10219,10
10219,8
10219,9
10219,8
10230,8
10234,10
10234,10
10235,9
10235,8
10235,10
10235,11
10235,10
10235,9
10235,8
10235,10
10235,10
10235,10
10236,9
10236,8
10236,10
10236,10
10236,10
10236,9
10236,8
10236,10
10236,9
10237,10
10237,10
10237,8
10237,10
10237,10
10237,10
10237,9
10237,8
10237,10
10237,10
10238,10
10238,9
10238,8
10238,10
10238,9
10238,10
10238,10
10238,8
10238,10
10239,10
10239,10
10239,9
10239,8
10239,10
10239,10
10239,9
10239,10
10244,10
10244,9
10244,10
10244,8
10245,10
10245,10
10245,9
10245,10
10245,8
10245,10
10245,10
10245,9
10245,9
10245,8
10246,10
10246,10
10246,9
10246,10
10246,8
10246,10
10246,10
10246,9
10246,9
10247,8
10247,10
10247,10
10247,10
10247,10
10247,8
10247,10
10247,10
10247,7
10248,10
10248,8
10248,10
10248,10
10248,10
10248,10
10248,8
10248,10
10248,10
10248,9
10249,9
10249,8
10249,10
10249,10
10249,10
10249,9
10249,8
10254,8
10254,9
10255,8
10255,11
10255,9
10255,8
10255,9
10255,8
10255,10
10255,9
10255,8
10255,9
10256,9
10256,10
10256,10
10256,8
10256,9
10256,8
10256,10
10256,10
10256,8
10257,9
10257,8
10257,11
10257,9
10257,8
10257,9
10257,8
10257,10
10257,9
10258,8
10258,10
10258,8
10258,10
10258,8
10258,9
10258,9
10258,8
10258,10
10258,9
10259,9
10259,9
10259,8
10259,12
10259,11
10259,8
10259,9
10264,10
10264,9
10264,10
10264,9
10265,9
10265,11
10265,9
10265,10
10265,9
10265,9
10265,10
10265,9
10265,10
10265,9
10266,7
10266,11
10266,9
10266,9
10266,8
10266,9
10266,10
10266,10
10266,10
10267,8
10267,9
10267,10
10267,9
10267,10
10267,8
10267,9
10267,10
10267,9
10268,10
10268,9
10268,9
10268,10
10268,9
10268,10
10268,8
10268,9
10268,10
10268,9
10269,10
10269,8
10269,9
10269,10
10269,9
10269,9
10269,8
10280,9
10284,10
10284,10
10285,10
10285,10
10285,8
10285,10
10285,9
10285,10
10285,10
10285,8
10285,10
10285,9
10286,10
10286,9
10286,8
10286,10
10286,9
10286,10
10286,9
10286,8
10286,11
10287,9
10287,9
10287,10
10287,8
10287,10
10287,9
10287,10
10287,10
10287,8
10288,10
10288,9
10288,11
10288,10
10288,8
10288,10
10288,9
10288,10
10288,10
10288,8
10289,10
10289,9
10289,10
10289,10
10289,7
10289,10
10289,9
10294,10
10294,9
10294,9
10294,10
10295,11
10295,10
10295,8
10295,9
10295,10
10295,10
10295,10
10295,8
10295,9
10296,9
10296,10
10296,10
10296,8
10296,9
10296,9
10296,10
10296,10
10296,8
10296,9
10297,9
10297,10
10297,10
10297,8
10297,9
10297,9
10297,10
10297,10
10297,8
10298,9
10298,10
10298,10
10298,10
10298,9
10298,10
10298,10
10298,10
10298,10
10298,8
10299,9
10299,10
10299,10
10299,10
10299,8
10299,9
10299,10
10304,8
10304,10
10305,10
10305,9
10305,9
10305,8
10305,10
10305,10
10305,9
10305,10
10305,8
10306,9
10306,10
10306,9
10306,10
10306,9
10306,10
10306,10
10306,9
10306,10
10306,8
10307,10
10307,10
10307,9
10307,10
10307,8
10307,9
10307,10
10307,10
10307,9
10308,8
10308,9
10308,10
10308,9
10308,10
10308,8
10308,9
10308,10
10308,9
10308,10
10309,8
10309,9
10309,10
10309,9
10309,10
10309,8
10309,9
10314,10
10314,10
10314,8
10314,9
10315,10
10315,9
10315,10
10315,8
10315,10
10315,10
10315,9
10315,10
10315,8
10316,10
10316,10
10316,10
10316,10
10316,7
10316,9
10316,10
10316,9
10316,9
10317,8
10317,9
10317,11
10317,9
10317,9
10317,9
10317,9
10317,10
10317,10
10317,9
10318,8
10318,9
10318,10
10318,9
10318,10
10318,7
10318,9
10318,10
10318,9
10319,10
10319,8
10319,10
10319,10
10319,9
10319,9
10319,9
10319,10
10330,10
10335,10
10335,10
10335,10
10335,9
10335,8
10335,10
10335,9
10335,10
10336,10
10336,8
10336,9
10336,10
10336,10
10336,10
10336,8
10336,10
10336,10
10336,10
10337,9
10337,8
10337,10
10337,9
10337,10
10337,9
10337,8
10337,10
10337,10
10338,10
10338,9
10338,8
10338,10
10338,10
10338,9
10338,9
10338,8
10338,10
10338,10
10339,10
10339,9
10339,8
10339,10
10339,10
10339,10
10339,9
10344,8
10344,9
10344,9
10345,10
10345,9
10345,7
10345,9
10345,9
10345,10
10345,9
10345,8
10345,10
10346,9
10346,10
10346,9
10346,8
10346,9
10346,9
10346,10
10346,9
10346,8
10347,9
10347,9
10347,10
10347,9
10347,8
10347,10
10347,9
10347,10
10347,9
10347,9
10348,10
10348,9
10348,11
10348,9
10348,8
10348,10
10348,10
10348,10
10348,10
10349,8
10349,10
10349,10
10349,10
10349,10
10349,8
10349,9
10349,9
10354,10
10355,9
10355,10
10355,8
10355,9
10355,11
10355,10
10355,10
10355,8
10355,9
10356,10
10356,10
10356,10
10356,8
10356,10
10356,10
10356,9
10356,10
10356,8
10357,10
10357,10
10357,9
10357,9
10357,8
10357,10
10357,10
10357,10
10357,9
10357,7
10358,10
10358,10
10358,9
10358,10
10358,8
10358,10
10358,10
10358,9
10358,10
10359,8
10359,10
10359,10
10359,9
10359,10
10359,8
10359,10
10359,10
10364,10
10364,8
10365,10
10365,8
10365,10
10365,10
10365,10
10365,10
10365,8
10365,10
10365,10
10365,9
10366,10
10366,8
10366,10
10366,10
10366,9
10366,10
10366,8
10366,10
10366,10
10367,9
10367,10
10367,8
10367,10
10367,10
10367,9
10367,10
10367,8
10367,10
10367,9
10368,9
10368,10
10368,8
10368,10
10368,9
10368,9
10368,9
10368,8
10368,10
10369,10
10369,8
10369,9
10369,8
10369,10
10369,10
10369,8
10369,9
10383,10
10389,8
10394,9
10395,8
10395,10
10395,10
10395,10
10395,10
10395,8
10395,10
10395,10
10395,10
10395,9
10396,8
10396,9
10396,10
10396,10
10396,9
10396,8
10396,10
10396,10
10396,10
10397,9
10397,8
10397,10
10397,10
10397,10
10397,9
10397,8
10397,10
10397,10
10397,10
10398,9
10398,8
10398,10
10398,10
10398,10
10398,9
10398,8
10398,10
10398,10
10399,10
10399,9
10399,8
10399,9
10399,10
10399,10
10399,9
10399,8
10405,9
10405,10
10405,8
10405,9
10405,10
10405,9
10405,10
10405,8
10405,9
10406,10
10406,10
10406,10
10406,8
10406,9
10406,10
10406,9
10406,10
10406,8
10407,9
10407,11
10407,9
10407,10
10407,8
10407,10
10407,10
10407,9
10407,10
10408,8
10408,9
10408,10
10408,9
10408,9
10408,8
10408,9
10408,11
10408,9
10408,10
10409,8
10409,9
10409,10
10409,9
10409,10
10409,8
10409,9
10414,9
10414,9
10415,10
10415,10
10415,6
10415,10
10415,9
10415,10
10415,11
10415,7
10415,11
10416,8
10416,10
10416,9
10416,8
10416,9
10416,8
10416,10
10416,10
10416,8
10416,9
10417,9
10417,10
10417,10
10417,8
10417,10
10417,9
10417,10
10417,10
10417,8
10418,9
10418,8
10418,11
10418,9
10418,8
10418,9
10418,9
10418,10
10418,10
10418,8
10419,10
10419,9
10419,10
10419,10
10419,8
10419,9
10419,9
10430,8
10435,10
10435,10
10435,10
10435,8
10435,8
10435,9
10435,10
10436,10
10436,9
10436,8
10436,10
10436,10
10436,10
10436,8
10436,9
10436,9
10436,10
10437,10
10437,9
10437,9
10437,10
10437,11
10437,10
10437,9
10437,8
10437,10
10438,10
10438,10
10438,9
10438,8
10438,10
10438,10
10438,10
10438,9
10438,9
10438,9
10439,10
10439,10
10439,9
10439,10
10439,9
10439,9
10439,10
10444,9
10445,7
10445,11
10445,10
10445,9
10445,10
10445,8
10445,10
10445,10
10445,8
10445,10
10446,8
10446,10
10446,10
10446,9
10446,10
10446,8
10446,10
10446,10
10446,8
10447,10
10447,8
10447,10
10447,10
10447,9
10447,9
10447,9
10447,10
10447,10
10448,9
10448,10
10448,8
10448,10
10448,9
10448,9
10448,10
10448,8
10448,10
10448,10
10449,10
10449,10
10449,8
10449,10
10449,11
10449,9
10449,9
10455,10
10455,9
10455,8
10455,9
10455,9
10455,10
10455,10
10455,8
10456,9
10456,10
10456,10
10456,9
10456,8
10456,9
10456,10
10456,10
10456,9
10456,9
10457,9
10457,10
10457,10
10457,10
10457,9
10457,8
10457,8
10457,10
10457,11
10458,9
10458,8
10458,10
10458,10
10458,10
10458,9
10458,7
10458,9
10458,10
10458,10
10459,9
10459,8
10459,9
10459,10
10459,10
10459,9
10459,8
10465,8
10465,9
10465,10
10465,9
10465,10
10465,8
10465,9
10465,10
10465,10
10465,10
10466,9
10466,9
10466,10
10466,9
10466,10
10466,9
10466,9
10466,11
10466,9
10467,10
10467,9
10467,8
10467,11
10467,9
10467,10
10467,8
10467,10
10467,10
10467,9
10468,9
10468,9
10468,8
10468,10
10468,9
10468,10
10468,8
10468,8
10468,11
10469,10
10469,10
10469,9
10469,8
10469,11
10469,9
10469,10
10469,9
10480,10
10485,10
10485,9
10485,10
10485,8
10485,10
10485,10
10485,9
10486,9
10486,8
10486,10
10486,10
10486,9
10486,9
10486,8
10486,10
10486,10
10487,9
10487,9
10487,8
10487,11
10487,10
10487,9
10487,10
10487,8
10487,10
10488,10
10488,9
10488,10
10488,8
10488,10
10488,10
10488,9
10488,9
10488,8
10488,10
10489,9
10489,9
10489,9
10489,8
10489,10
10489,10
10489,9
10489,10
10495,10
10495,9
10495,8
10495,9
10495,8
10495,10
10495,10
10495,8
10495,9
10496,8
10496,10
10496,9
10496,8
10496,9
10496,8
10496,10
10496,10
10496,8
10496,9
10497,9
10497,11
10497,9
10497,8
10497,9
10497,9
10497,10
10497,10
10497,8
10498,9
10498,8
10498,10
10498,10
10498,7
10498,9
10498,8
10498,10
10498,9
10498,9
10499,10
10499,9
10499,10
10499,9
10499,8
10499,9
10499,9
10505,8
10505,9
10505,8
10505,10
10505,10
10505,8
10505,10
10505,8
10506,10
10506,10
10506,8
10506,9
10506,8
10506,10
10506,10
10506,8
10506,9
10507,8
10507,10
10507,10
10507,8
10507,9
10507,8
10507,10
10507,10
10507,8
10507,9
10508,8
10508,11
10508,10
10508,9
10508,9
10508,8
10508,11
10508,10
10508,9
10509,9
10509,8
10509,10
10509,10
10509,9
10509,9
10509,8
10509,10
10515,9
10515,8
10515,10
10515,9
10515,10
10515,9
10515,8
10515,11
10515,9
10516,10
10516,9
10516,8
10516,11
10516,10
10516,10
10516,9
10516,9
10516,11
10517,9
10517,10
10517,9
10517,8
10517,10
10517,9
10517,11
10517,9
10517,9
10517,11
10518,9
10518,10
10518,9
10518,8
10518,10
10518,9
10518,10
10518,8
10518,9
10519,10
10519,9
10519,10
10519,8
10519,9
10519,10
10519,9
10519,10
10532,10
10537,8
10537,10
10537,9
10537,10
10537,9
10538,9
10538,11
10538,9
10538,9
10538,9
10538,8
10538,10
10538,9
10538,10
10538,9
10539,9
10539,11
10539,9
10539,10
10539,9
10539,9
10539,10
10545,8
10545,10
10545,10
10545,9
10545,10
10545,8
10545,10
10545,10
10545,9
10546,10
10546,8
10546,10
10546,10
10546,7
10546,10
10546,8
10546,10
10546,10
10547,9
10547,10
10547,8
10547,10
10547,10
10547,9
10547,10
10547,8
10547,10
10547,10
10548,9
10548,10
10548,8
10548,10
10548,9
10548,9
10548,9
10548,8
10548,10
10549,10
10549,9
10549,10
10549,8
10549,10
10549,10
10549,10
10549,9
10555,10
10555,10
10555,8
10555,9
10555,10
10555,10
10556,10
10556,8
10556,9
10556,10
10556,9
10556,10
10556,9
10556,10
10556,10
10556,9
10557,10
10557,8
10557,10
10557,10
10557,10
10557,10
10557,8
10557,10
10557,10
10558,10
10558,10
10558,7
10558,10
10558,10
10558,10
10558,10
10558,8
10558,10
10558,10
10559,9
10559,10
10559,8
10559,10
10559,10
10559,9
10559,10
10565,11
10565,9
10565,10
10565,9
10565,8
10565,11
10565,9
10565,10
10566,9
10566,8
10566,11
10566,9
10566,10
10566,9
10566,8
10566,10
10566,9
10566,10
10567,9
10567,8
10567,10
10567,9
10567,10
10567,9
10567,8
10567,10
10567,9
10568,10
10568,9
10568,9
10568,11
10568,10
10568,10
10568,9
10568,8
10568,10
10568,9
10569,10
10569,9
10569,8
10569,10
10569,9
10569,10
10569,9
10580,10
10585,10
10585,9
10585,10
10585,8
10585,8
10586,10
10586,10
10586,9
10586,7
10586,9
10586,10
10586,9
10586,10
10586,9
10586,9
10587,10
10587,9
10587,9
10587,8
10587,10
10587,10
10587,9
10587,10
10587,8
10588,9
10588,10
10588,10
10588,10
10588,8
10588,10
10588,10
10588,9
10588,10
10588,8
10589,9
10589,10
10589,9
10589,9
10589,9
10589,9
10589,10
10595,9
10595,8
10595,9
10595,9
10595,10
10595,9
10595,8
10595,10
10596,9
10596,10
10596,10
10596,8
10596,10
10596,9
10596,10
10596,9
10596,8
10597,10
10597,9
10597,11
10597,10
10597,8
10597,10
10597,9
10597,10
10597,10
10597,8
10598,10
10598,9
10598,10
10598,9
10598,8
10598,10
10598,9
10598,10
10598,9
10599,8
10599,10
10599,9
10599,10
10599,9
10599,8
10599,9
10599,9
10605,10
10605,8
10605,8
10605,10
10605,10
10606,10
10606,9
10606,8
10606,10
10606,10
10606,9
10606,9
10606,8
10606,11
10606,9
10607,10
10607,9
10607,8
10607,10
10607,9
10607,10
10607,9
10607,8
10607,10
10608,9
10608,10
10608,9
10608,8
10608,10
10608,9
10608,9
10608,9
10608,8
10608,11
10609,9
10609,10
10609,8
10609,8
10609,11
10609,9
10609,9
10615,9
10615,10
10615,8
10615,9
10615,10
10615,9
10615,9
10615,8
10616,10
10616,11
10616,9
10616,10
10616,8
10616,9
10616,11
10616,10
10616,10
10617,8
10617,10
10617,10
10617,10
10617,10
10617,8
10617,10
10617,10
10617,9
10617,9
10618,8
10618,10
10618,10
10618,10
10618,9
10618,8
10618,10
10618,10
10618,9
10619,10
10619,8
10619,10
10619,10
10619,10
10619,10
10619,8
10619,10
10631,8
10635,10
10636,8
10636,10
10636,10
10636,9
10636,10
10636,8
10636,10
10636,10
10636,9
10636,10
10637,8
10637,11
10637,9
10637,9
10637,9
10637,9
10637,10
10637,10
10637,8
10638,9
10638,8
10638,10
10638,10
10638,9
10638,9
10638,8
10638,10
10638,10
10638,9
10639,9
10639,8
10639,10
10639,10
10639,9
10639,9
10639,8
10645,10
10645,10
10645,9
10645,10
10645,8
10645,10
10646,10
10646,10
10646,10
10646,8
10646,9
10646,10
10646,9
10646,10
10646,8
10647,10
10647,10
10647,10
10647,10
10647,8
10647,10
10647,10
10647,10
10647,10
10647,8
10648,10
10648,10
10648,9
10648,10
10648,8
10648,10
10648,9
10648,8
10648,9
10649,9
10649,10
10649,10
10649,9
10649,9
10649,8
10649,10
10649,10
10655,9
10655,8
10655,10
10655,9
10656,8
10656,9
10656,9
10656,10
10656,10
10656,8
10656,10
10656,9
10656,10
10657,9
10657,8
10657,9
10657,8
10657,11
10657,10
10657,8
10657,9
10657,8
10657,10
10658,10
10658,8
10658,10
10658,9
10658,10
10658,10
10658,8
10658,9
10658,9
10659,10
10659,10
10659,8
10659,9
10659,9
10659,11
10659,9
10659,8
10665,9
10665,9
10665,8
10665,10
10665,10
10665,10
10666,9
10666,8
10666,11
10666,10
10666,9
10666,9
10666,8
10666,10
10666,10
10666,10
10667,8
10667,9
10667,10
10667,10
10667,9
10667,8
10667,9
10667,10
10667,10
10668,10
10668,9
10668,8
10668,10
10668,10
10668,10
10668,8
10668,9
10668,9
10668,10
10669,10
10669,8
10669,9
10669,9
10669,9
10669,10
10669,8
10679,10
10679,10
10685,11
10685,9
10685,10
10685,8
10685,10
10686,10
10686,9
10686,10
10686,8
10686,10
10686,10
10686,9
10686,9
10686,8
10686,10
10687,10
10687,9
10687,10
10687,8
10687,10
10687,10
10687,9
10687,9
10687,9
10688,10
10688,10
10688,9
10688,10
10688,8
10688,10
10688,10
10688,9
10688,10
10689,8
10689,10
10689,10
10689,9
10689,10
10689,8
10689,10
10689,10
10695,11
10695,10
10695,9
10695,8
10695,10
10695,9
10696,10
10696,9
10696,8
10696,11
10696,9
10696,10
10696,8
10696,8
10696,11
10697,9
10697,10
10697,9
10697,8
10697,11
10697,9
10697,10
10697,9
10697,7
10698,10
10698,9
10698,10
10698,9
10698,8
10698,10
10698,10
10698,10
10698,9
10698,8
10699,10
10699,9
10699,10
10699,9
10699,8
10699,10
10699,10
10705,10
10705,9
10705,10
10705,10
10706,8
10706,8
10706,9
10706,10
10706,9
10706,8
10706,9
10706,9
10706,10
10707,10
10707,8
10707,10
10707,10
10707,10
10707,9
10707,8
10707,10
10707,10
10707,10
10708,10
10708,8
10708,10
10708,10
10708,10
10708,9
10708,8
10708,10
10708,9
10709,10
10709,10
10709,8
10709,9
10709,10
10709,10
10709,9
10709,8
10715,10
10715,10
10715,10
10715,9
10715,8
10715,9
10715,10
10715,9
10715,10
10716,8
10716,9
10716,10
10716,9
10716,10
10716,8
10716,10
10716,10
10716,10
10716,9
10717,8
10717,9
10717,10
10717,10
10717,10
10717,9
10717,9
10717,10
10717,10
10718,9
10718,8
10718,10
10718,10
10718,9
10718,10
10718,8
10718,9
10718,10
10718,10
10719,10
10719,8
10719,9
10719,10
10719,10
10719,10
10719,8
10734,10
10739,10
10739,9
10745,8
10745,10
10745,10
10745,10
10745,8
10746,9
10746,10
10746,10
10746,9
10746,9
10746,8
10746,10
10746,10
10746,10
10746,9
10747,9
10747,10
10747,10
10747,10
10747,8
10747,9
10747,10
10747,10
10747,10
10748,8
10748,9
10748,10
10748,11
10748,10
10748,8
10748,9
10748,10
10748,10
10749,10
10749,8
10749,9
10749,10
10749,10
10749,10
10749,8
10749,9
10755,10
10755,8
10755,10
10756,9
10756,10
10756,10
10756,8
10756,10
10756,9
10756,10
10756,10
10756,8
10756,10
10757,9
10757,10
10757,10
10757,7
10757,10
10757,9
10757,10
10757,10
10757,8
10758,11
10758,9
10758,10
10758,10
10758,7
10758,10
10758,9
10758,10
10758,10
10758,9
10759,10
10759,9
10759,10
10759,10
10759,8
10759,10
10759,9
10765,9
10765,10
10765,10
10765,10
10765,7
10765,9
10766,10
10766,10
10766,10
10766,8
10766,9
10766,9
10766,10
10766,10
10766,8
10767,9
10767,9
10767,10
10767,10
10767,8
10767,10
10767,9
10767,10
10767,10
10767,8
10768,9
10768,9
10768,10
10768,9
10768,8
10768,10
10768,9
10768,10
10768,10
10769,8
10769,10
10769,9
10769,10
10769,10
10769,8
10769,10
10769,9
10780,9
10785,10
10785,10
10785,8
10786,10
10786,9
10786,10
10786,9
10786,8
10786,10
10786,9
10786,10
10786,10
10787,7
10787,10
10787,9
10787,10
10787,10
10787,8
10787,10
10787,9
10787,10
10788,9
10788,8
10788,10
10788,10
10788,10
10788,9
10788,8
10788,10
10788,9
10788,10
10789,9
10789,8
10789,10
10789,10
10789,10
10789,9
10789,8
10795,9
10795,9
10795,11
10795,9
10795,10
10796,9
10796,8
10796,10
10796,10
10796,9
10796,9
10796,9
10796,11
10796,10
10797,10
10797,9
10797,9
10797,11
10797,9
10797,10
10797,8
10797,9
10797,10
10798,10
10798,10
10798,8
10798,10
10798,10
10798,10
10798,10
10798,8
10798,10
10798,10
10799,9
10799,9
10799,8
10799,9
10799,10
10799,10
10799,10
10805,10
10805,10
10805,9
10806,9
10806,10
10806,9
10806,10
10806,9
10806,8
10806,10
10806,9
10806,10
10807,8
10807,8
10807,10
10807,9
10807,10
10807,9
10807,8
10807,10
10807,9
10807,10
10808,8
10808,9
10808,11
10808,9
10808,10
10808,8
10808,9
10808,10
10808,10
10809,10
10809,9
10809,8
10809,10
10809,9
10809,10
10809,9
10809,9
10815,10
10815,9
10815,8
10815,10
10815,10
10815,10
10815,9
10815,9
10815,10
10816,10
10816,10
10816,9
10816,8
10816,9
10816,10
10816,10
10816,8
10816,9
10816,10
10817,10
10817,10
10817,9
10817,9
10817,10
10817,10
10817,9
10817,9
10817,9
10818,10
10818,10
10818,10
10818,8
10818,9
10818,9
10818,10
10818,10
10818,8
10819,9
10819,10
10819,10
10819,10
10819,9
10819,9
10819,10
10819,10
10830,10
10836,10
10836,9
10836,10
10836,8
10836,10
10836,10
10836,9
10836,10
10836,8
10837,10
10837,10
10837,9
10837,9
10837,8
10837,10
10837,10
10837,9
10837,9
10838,8
10838,10
10838,10
10838,9
10838,10
10838,8
10838,10
10838,10
10838,9
10839,10
10839,8
10839,10
10839,10
10839,10
10839,9
10839,8
10839,10
10845,8
10845,10
10845,10
10846,10
10846,9
10846,8
10846,10
10846,10
10846,10
10846,9
10846,8
10846,10
10847,10
10847,11
10847,10
10847,9
10847,10
10847,10
10847,10
10847,9
10847,8
10847,10
10848,10
10848,10
10848,9
10848,8
10848,10
10848,10
10848,10
10848,9
10848,9
10849,9
10849,11
10849,10
10849,9
10849,9
10849,10
10849,10
10849,10
10855,10
10856,9
10856,8
10856,10
10856,10
10856,10
10856,10
10856,8
10856,10
10856,10
10857,10
10857,9
10857,8
10857,10
10857,10
10857,10
10857,9
10857,9
10857,10
10857,9
10858,10
10858,9
10858,8
10858,10
10858,9
10858,10
10858,10
10858,8
10858,10
10859,9
10859,10
10859,9
10859,8
10859,9
10859,10
10859,10
10859,9
10865,8
10865,10
10865,9
10865,10
10865,8
10865,9
10865,10
10866,10
10866,10
10866,8
10866,10
10866,10
10866,10
10866,9
10866,8
10866,9
10867,10
10867,10
10867,9
10867,8
10867,10
10867,10
10867,10
10867,9
10867,8
10867,10
10868,10
10868,10
10868,10
10868,9
10868,10
10868,10
10868,10
10868,9
10868,8
10869,10
10869,10
10869,10
10869,10
10869,7
10869,10
10869,9
10869,9
10881,9
10886,10
10886,10
10886,8
10886,10
10887,9
10887,10
10887,9
10887,7
10887,10
10887,9
10887,10
10887,9
10887,8
10887,10
10888,9
10888,10
10888,9
10888,8
10888,10
10888,9
10888,10
10888,10
10888,8
10889,9
10889,9
10889,10
10889,9
10889,8
10889,10
10889,9
10889,10
10895,10
10895,10
10895,8
10896,10
10896,10
10896,10
10896,10
10896,8
10896,10
10896,10
10896,9
10896,9
10897,8
10897,9
10897,10
10897,10
10897,10
10897,8
10897,9
10897,10
10897,10
10897,10
10898,8
10898,9
10898,10
10898,9
10898,10
10898,8
10898,9
10898,10
10898,9
10899,10
10899,8
10899,8
10899,10
10899,9
10899,9
10899,8
10899,9
10905,8
10906,10
10906,9
10906,10
10906,9
10906,8
10906,9
10906,9
10906,11
10906,10
10907,8
10907,9
10907,9
10907,11
10907,9
10907,8
10907,9
10907,9
10907,10
10907,10
10908,8
10908,10
10908,9
10908,10
10908,10
10908,8
10908,9
10908,9
10908,10
10909,10
10909,8
10909,9
10909,9
10909,10
10909,9
10909,8
10909,10
10915,9
10915,9
10915,10
10915,9
10915,8
10915,9
10915,8
10915,10
10915,10
10916,8
10916,9
10916,8
10916,10
10916,9
10916,8
10916,9
10916,8
10916,10
10917,9
10917,8
10917,9
10917,9
10917,11
10917,10
10917,8
10917,9
10917,7
10917,10
10918,10
10918,8
10918,9
10918,8
10918,10
10918,10
10918,8
10918,9
10918,8
10919,10
10919,10
10919,8
10919,9
10919,8
10919,10
10919,10
10919,8
10934,8
10938,10
10938,9
10938,8
10938,9
10939,10
10939,10
10939,9
10939,8
10939,10
10939,9
10939,10
10939,9
10945,9
10946,10
10946,9
10946,8
10946,10
10946,10
10946,10
10946,9
10946,8
10946,10
10947,9
10947,10
10947,9
10947,8
10947,10
10947,10
10947,10
10947,10
10947,8
10947,10
10948,9
10948,10
10948,9
10948,8
10948,9
10948,9
10948,10
10948,10
10948,8
10949,10
10949,9
10949,10
10949,10
10949,8
10949,9
10949,9
10949,10
10956,9
10956,8
10956,10
10956,10
10956,10
10956,9
10956,9
10956,10
10956,10
10957,10
10957,9
10957,8
10957,10
10957,10
10957,10
10957,9
10957,8
10957,10
10957,10
10958,10
10958,9
10958,8
10958,10
10958,10
10958,10
10958,9
10958,8
10958,10
10959,10
10959,10
10959,9
10959,7
10959,10
10959,10
10959,10
10959,10
10965,8
10966,10
10966,10
10966,10
10966,9
10966,8
10966,10
10966,10
10966,10
10966,9
10966,8
10967,10
10967,10
10967,10
10967,10
10967,8
10967,10
10967,10
10967,10
10967,10
10968,8
10968,9
10968,10
10968,10
10968,10
10968,8
10968,9
10968,10
10968,10
10968,9
10969,7
10969,9
10969,10
10969,10
10969,9
10969,8
10969,10
10980,11
10986,10
10986,8
10986,11
10986,10
10986,8
10986,9
10987,9
10987,10
10987,9
10987,8
10987,9
10987,9
10987,10
10987,10
10987,8
10987,9
10988,8
10988,10
10988,10
10988,8
10988,9
10988,8
10988,10
10988,9
10988,8
10989,9
10989,8
10989,10
10989,10
10989,9
10989,9
10989,8
10989,10
10996,10
10996,10
10996,8
10996,9
10996,8
10996,10
10996,10
10996,8
10996,9
10996,8
10997,10
10997,9
10997,8
10997,9
10997,8
10997,10
10997,10
10997,8
10997,10
10998,8
10998,11
10998,9
10998,9
10998,9
10998,9
10998,10
10998,9
10998,8
10998,9
10999,9
10999,10
10999,10
10999,8
10999,9
10999,8
10999,10
11006,10
11006,8
11006,10
11006,10
11006,10
11006,8
11006,8
11006,10
11007,9
11007,10
11007,9
11007,8
11007,9
11007,9
11007,11
11007,9
11007,9
11007,10
11008,9
11008,10
11008,9
11008,8
11008,9
11008,10
11008,10
11008,10
11008,8
11009,9
11009,10
11009,10
11009,10
11009,8
11009,9
11009,9
11009,10
11015,9
11015,10
11015,9
11015,8
11015,10
11015,9
11015,10
11015,10
11016,8
11016,10
11016,9
11016,10
11016,10
11016,8
11016,10
11016,9
11016,10
11017,10
11017,8
11017,10
11017,9
11017,10
11017,10
11017,8
11017,10
11017,9
11017,10
11018,10
11018,8
11018,10
11018,9
11018,10
11018,9
11018,8
11018,10
11018,9
11019,10
11019,10
11019,8
11019,10
11019,9
11019,10
11019,10
11019,8
11031,8
11036,8
11036,10
11036,9
11036,10
11036,10
11037,8
11037,9
11037,9
11037,10
11037,10
11037,8
11037,10
11037,9
11037,10
11038,9
11038,8
11038,9
11038,9
11038,10
11038,9
11038,8
11038,10
11038,9
11038,10
11039,9
11039,8
11039,10
11039,9
11039,10
11039,9
11039,8
11046,11
11046,9
11046,10
11046,8
11046,9
11046,10
11046,10
11046,10
11046,8
11046,10
11047,10
11047,9
11047,9
11047,7
11047,10
11047,10
11047,10
11047,10
11047,8
11048,9
11048,10
11048,10
11048,10
11048,9
11048,10
11048,10
11048,10
11048,10
11048,8
11049,10
11049,10
11049,10
11049,10
11049,8
11049,10
11049,10
11056,10
11056,8
11056,10
11056,10
11056,10
11056,10
11056,8
11057,10
11057,9
11057,10
11057,9
11057,8
11057,10
11057,9
11057,10
11057,10
11057,8
11058,10
11058,9
11058,10
11058,8
11058,8
11058,10
11058,10
11058,10
11058,10
11059,8
11059,10
11059,10
11059,10
11059,10
11059,8
11059,10
11059,10
11065,9
11065,8
11065,9
11065,10
11065,10
11066,10
11066,8
11066,9
11066,10
11066,9
11066,10
11066,8
11066,9
11066,10
11067,10
11067,10
11067,9
11067,9
11067,10
11067,10
11067,10
11067,8
11067,9
11068,11
11068,9
11068,9
11068,8
11068,10
11068,10
11068,9
11068,10
11068,8
11068,10
11069,10
11069,11
11069,10
11069,8
11069,10
11069,10
11069,9
11069,10
11081,10
11086,10
11087,10
11087,10
11087,9
11087,9
11087,10
11087,10
11087,8
11087,9
11087,8
11087,10
11088,10
11088,9
11088,9
11088,9
11088,10
11088,10
11088,9
11088,8
11088,9
11089,10
11089,10
11089,10
11089,8
11089,9
11089,9
11089,10
11089,10
11096,10
11096,8
11096,10
11096,9
11096,10
11096,10
11096,8
11096,10
11097,9
11097,10
11097,10
11097,8
11097,10
11097,9
11097,10
11097,9
11097,8
11097,10
11098,9
11098,10
11098,10
11098,8
11098,10
11098,9
11098,10
11098,9
11098,9
11099,10
11099,9
11099,10
11099,10
11099,8
11099,10
11099,9
11099,10
11106,10
11106,10
11106,8
11106,10
11106,10
11106,9
11106,10
11107,8
11107,10
11107,10
11107,10
11107,10
11107,8
11107,10
11107,10
11107,10
11108,9
11108,8
11108,10
11108,10
11108,10
11108,10
11108,8
11108,10
11108,10
11108,9
11109,10
11109,8
11109,10
11109,10
11109,10
11109,10
11109,8
11115,8
11115,10
11115,10
11115,9
11115,10
11115,8
11115,10
11115,10
11116,9
11116,10
11116,8
11116,10
11116,10
11116,9
11116,10
11116,8
11116,10
11117,10
11117,9
11117,9
11117,9
11117,10
11117,10
11117,9
11117,10
11117,8
11117,10
11118,10
11118,9
11118,10
11118,8
11118,10
11118,10
11118,9
11118,10
11118,8
11119,10
11119,10
11119,10
11119,10
11119,8
11119,10
11119,10
11119,9
11132,9
11137,10
11137,10
11137,7
11137,9
11137,8
11137,10
11137,10
11137,9
11138,10
11138,8
11138,9
11138,10
11138,10
11138,10
11138,8
11138,10
11138,10
11139,9
11139,9
11139,8
11139,10
11139,10
11139,10
11139,10
11139,8
11146,9
11146,10
11146,10
11146,8
11146,9
11146,9
11146,10
11146,9
11147,8
11147,9
11147,9
11147,10
11147,9
11147,8
11147,9
11147,9
11147,10
11148,9
11148,8
11148,9
11148,9
11148,10
11148,9
11148,8
11148,9
11148,9
11148,10
11149,10
11149,8
11149,9
11149,9
11149,10
11149,9
11149,8
11156,9
11156,10
11156,9
11156,9
11156,11
11156,9
11157,10
11157,9
11157,8
11157,11
11157,9
11157,10
11157,9
11157,9
11157,10
11157,9
11158,10
11158,9
11158,8
11158,11
11158,9
11158,10
11158,9
11158,8
11158,11
11159,9
11159,9
11159,9
11159,9
11159,10
11159,9
11159,10
11159,9
11165,10
11165,9
11165,8
11166,10
11166,9
11166,10
11166,10
11166,8
11166,10
11166,9
11166,10
11166,9
11167,8
11167,10
11167,10
11167,10
11167,10
11167,8
11167,10
11167,9
11167,9
11167,10
11168,8
11168,9
11168,9
11168,10
11168,10
11168,8
11168,10
11168,10
11168,10
11169,9
11169,8
11169,10
11169,9
11169,10
11169,9
11169,8
11169,10
11184,8
11188,10
11188,10
11188,8
11188,9
11188,9
11188,10
11188,9
11189,8
11189,9
11189,9
11189,10
11189,10
11189,8
11189,10
11189,9
11196,10
11196,9
11196,8
11196,10
11196,9
11196,10
11196,10
11197,8
11197,9
11197,9
11197,10
11197,9
11197,8
11197,9
11197,9
11197,10
11198,9
11198,8
11198,10
11198,8
11198,10
11198,10
11198,8
11198,9
11198,9
11199,10
11199,9
11199,8
11199,10
11199,10
11199,10
11199,9
11199,7
11206,8
11206,10
11206,9
11206,10
11206,10
11207,8
11207,10
11207,10
11207,10
11207,10
11207,8
11207,10
11207,9
11207,10
11208,9
11208,8
11208,10
11208,9
11208,10
11208,10
11208,8
11208,10
11208,9
11208,10
11209,9
11209,8
11209,10
11209,10
11209,10
11209,9
11209,8
11215,10
11215,9
11215,10
11215,10
11215,8
11215,10
11215,10
11215,10
11215,9
11216,8
11216,9
11216,9
11216,10
11216,10
11216,8
11216,10
11216,10
11216,10
11217,9
11217,8
11217,9
11217,9
11217,10
11217,10
11217,9
11217,9
11217,10
11218,10
11218,10
11218,8
11218,10
11218,9
11218,10
11218,10
11218,8
11218,10
11218,10
11219,10
11219,10
11219,9
11219,10
11219,9
11219,10
11219,9
11231,10
11237,8
11237,9
11237,10
11237,10
11237,10
11237,8
11237,9
11237,10
11237,10
11237,10
11238,9
11238,9
11238,10
11238,10
11238,10
11238,9
11238,9
11238,9
11238,10
11239,9
11239,9
11239,9
11239,10
11239,10
11239,10
11239,9
11239,9
11246,9
11246,10
11246,8
11246,10
11246,9
11247,10
11247,10
11247,8
11247,10
11247,9
11247,11
11247,10
11247,8
11247,10
11248,9
11248,9
11248,10
11248,8
11248,10
11248,9
11248,10
11248,9
11248,8
11249,10
11249,9
11249,10
11249,10
11249,8
11249,10
11249,9
11249,10
11256,8
11256,10
11256,9
11257,10
11257,10
11257,8
11257,10
11257,9
11257,10
11257,10
11257,8
11257,10
11258,9
11258,10
11258,10
11258,8
11258,10
11258,9
11258,10
11258,10
11258,8
11258,9
11259,9
11259,10
11259,10
11259,8
11259,9
11259,10
11259,10
11265,10
11265,9
11265,8
11265,10
11265,10
11265,10
11266,9
11266,8
11266,10
11266,10
11266,10
11266,9
11266,8
11266,10
11266,10
11266,10
11267,9
11267,8
11267,10
11267,10
11267,10
11267,9
11267,8
11267,10
11267,10
11268,10
11268,9
11268,8
11268,10
11268,10
11268,10
11268,9
11268,8
11268,10
11268,10
11269,10
11269,9
11269,9
11269,10
11269,10
11269,10
11269,9
11281,8
11287,9
11287,10
11287,9
11287,8
11287,10
11287,9
11287,10
11287,9
11288,8
11288,10
11288,9
11288,10
11288,9
11288,8
11288,10
11288,9
11288,9
11289,9
11289,8
11289,10
11289,9
11289,10
11289,9
11289,9
11289,10
11296,10
11296,8
11296,10
11296,10
11297,10
11297,9
11297,8
11297,10
11297,10
11297,10
11297,9
11297,8
11297,10
11297,10
11298,10
11298,10
11298,9
11298,10
11298,10
11298,10
11298,10
11298,8
11298,10
11299,10
11299,10
11299,9
11299,8
11299,10
11299,9
11299,10
11299,9
11306,10
11306,8
11306,9
11306,11
11307,9
11307,10
11307,8
11307,9
11307,10
11307,10
11307,10
11307,8
11307,9
11308,10
11308,10
11308,10
11308,8
11308,9
11308,10
11308,9
11308,10
11308,8
11308,9
11309,11
11309,10
11309,10
11309,8
11309,9
11309,10
11309,9
11315,9
11315,8
11315,10
11315,10
11315,10
11315,10
11315,8
11315,10
11316,10
11316,10
11316,10
11316,8
11316,10
11316,10
11316,10
11316,10
11316,8
11316,10
11317,10
11317,9
11317,10
11317,8
11317,10
11317,10
11317,9
11317,10
11317,8
11318,10
11318,10
11318,9
11318,9
11318,8
11318,9
11318,10
11318,9
11318,9
11318,8
11319,10
11319,9
11319,10
11319,10
11319,8
11319,9
11319,10
11331,8
11337,9
11337,11
11337,10
11337,10
11337,8
11337,9
11338,10
11338,9
11338,10
11338,8
11338,9
11338,10
11338,9
11338,10
11338,8
11338,9
11339,10
11339,9
11339,10
11339,8
11339,9
11339,11
11339,9
11346,10
11346,9
11346,9
11346,9
11346,10
11347,10
11347,8
11347,9
11347,10
11347,10
11347,10
11347,9
11347,8
11347,10
11348,10
11348,10
11348,9
11348,8
11348,10
11348,10
11348,10
11348,9
11348,8
11348,10
11349,10
11349,10
11349,9
11349,8
11349,10
11349,10
11349,10
11356,9
11356,10
11356,10
11357,9
11357,9
11357,10
11357,11
11357,10
11357,8
11357,9
11357,9
11357,10
11358,10
11358,9
11358,9
11358,9
11358,10
11358,10
11358,8
11358,9
11358,10
11358,10
11359,10
11359,8
11359,9
11359,10
11359,10
11359,9
11359,8
11365,8
11365,9
11365,8
11365,10
11365,10
11366,8
11366,10
11366,8
11366,10
11366,10
11366,8
11366,9
11366,8
11366,10
11366,9
11367,9
11367,9
11367,8
11367,10
11367,10
11367,8
11367,10
11367,8
11367,10
11368,10
11368,8
11368,9
11368,9
11368,10
11368,9
11368,8
11368,9
11368,9
11368,10
11369,10
11369,8
11369,9
11369,8
11369,10
11369,10
11369,8
11381,10
11387,9
11387,10
11387,10
11387,8
11387,10
11388,9
11388,10
11388,9
11388,8
11388,10
11388,9
11388,10
11388,10
11388,8
11389,10
11389,9
11389,10
11389,10
11389,8
11389,9
11389,9
11389,10
11396,8
11396,10
11396,9
11397,10
11397,9
11397,8
11397,10
11397,9
11397,10
11397,10
11397,7
11397,10
11397,9
11398,10
11398,10
11398,8
11398,10
11398,10
11398,10
11398,10
11398,8
11398,10
11399,10
11399,10
11399,10
11399,8
11399,10
11399,9
11399,10
11399,9
11406,10
11407,9
11407,8
11407,10
11407,10
11407,10
11407,8
11407,8
11407,10
11407,10
11407,10
11408,9
11408,8
11408,10
11408,10
11408,10
11408,9
11408,8
11408,10
11408,10
11409,9
11409,9
11409,8
11409,10
11409,10
11409,10
11409,9
11409,8
11415,10
11415,9
11415,8
11415,10
11415,10
11415,10
11415,9
11416,8
11416,10
11416,10
11416,10
11416,10
11416,8
11416,10
11416,10
11416,9
11416,10
11417,8
11417,10
11417,10
11417,10
11417,9
11417,8
11417,10
11417,10
11417,10
11418,9
11418,8
11418,10
11418,10
11418,10
11418,9
11418,8
11418,10
11418,10
11419,10
11419,10
11419,8
11419,10
11419,10
11419,10
11419,10
11419,8
11434,9
11439,9
11439,8
11439,12
11439,8
11439,9
11439,8
11439,9
11439,10
11446,9
11446,10
11447,9
11447,9
11447,8
11447,10
11447,9
11447,10
11447,10
11447,10
11447,8
11447,11
11448,10
11448,10
11448,9
11448,8
11448,11
11448,9
11448,10
11448,8
11448,9
11449,10
11449,9
11449,10
11449,9
11449,9
11449,10
11449,9
11449,10
11457,9
11457,10
11457,10
11457,8
11457,10
11457,9
11457,10
11457,10
11457,8
11458,10
11458,9
11458,10
11458,10
11458,8
11458,9
11458,9
11458,10
11458,10
11458,8
11459,10
11459,9
11459,10
11459,10
11459,8
11459,9
11459,10
11465,9
11465,8
11465,10
11465,10
11465,11
11465,10
11466,8
11466,9
11466,9
11466,10
11466,9
11466,8
11466,10
11466,9
11466,10
11466,10
11467,8
11467,10
11467,9
11467,10
11467,9
11467,8
11467,10
11467,10
11467,10
11468,10
11468,8
11468,10
11468,9
11468,10
11468,9
11468,8
11468,10
11468,10
11468,10
11469,9
11469,8
11469,10
11469,10
11469,10
11469,9
11469,6
11480,10
11487,8
11487,9
11487,8
11487,10
11487,9
11487,8
11487,9
11488,8
11488,10
11488,10
11488,8
11488,9
11488,8
11488,10
11488,10
11488,8
11488,9
11489,8
11489,10
11489,10
11489,8
11489,9
11489,8
11489,10
11496,10
11497,9
11497,10
11497,9
11497,9
11497,11
11497,9
11497,10
11497,9
11497,7
11497,10
11498,9
11498,10
11498,9
11498,8
11498,11
11498,9
11498,10
11498,9
11498,8
11499,11
11499,9
11499,10
11499,10
11499,8
11499,10
11499,9
11499,10
11507,10
11507,10
11507,9
11507,9
11507,10
11507,9
11507,10
11507,8
11507,9
11508,10
11508,9
11508,10
11508,8
11508,8
11508,11
11508,9
11508,10
11508,9
11509,8
11509,11
11509,9
11509,9
11509,9
11509,8
11509,10
11509,9
11514,10
11514,10
11514,10
11515,9
11515,8
11515,10
11515,10
11515,9
11515,9
11515,8
11515,10
11515,10
11515,10
11516,10
11516,8
11516,10
11516,10
11516,10
11516,10
11516,8
11516,10
11516,10
11517,10
11517,10
11517,8
11517,10
11517,10
11517,10
11517,10
11517,8
11517,10
11518,10
11518,9
11518,10
11518,8
11518,10
11518,9
11518,10
11518,9
11518,7
11518,10
11519,9
11519,10
11519,10
11519,8
11519,10
11519,9
11519,10
11519,10
11530,10
11537,10
11537,10
11537,9
11537,10
11537,8
11537,10
11538,10
11538,9
11538,10
11538,9
11538,10
11538,9
11538,10
11538,10
11538,8
11539,10
11539,10
11539,10
11539,9
11539,8
11539,10
11539,10
11539,9
11546,8
11547,10
11547,9
11547,10
11547,9
11547,9
11547,10
11547,9
11547,10
11547,9
11548,8
11548,11
11548,9
11548,10
11548,9
11548,8
11548,11
11548,9
11548,10
11548,9
11549,8
11549,11
11549,9
11549,9
11549,9
11549,8
11549,11
11557,9
11557,8
11557,10
11557,9
11557,10
11557,10
11557,8
11557,10
11558,9
11558,10
11558,10
11558,8
11558,10
11558,9
11558,10
11558,9
11558,8
11559,10
11559,10
11559,10
11559,9
11559,8
11559,10
11559,9
11559,10
11565,10
11565,9
11565,8
11565,9
11565,8
11565,10
11565,10
11565,8
11565,9
11566,8
11566,10
11566,10
11566,9
11566,9
11566,8
11566,10
11566,10
11566,9
11567,9
11567,8
11567,10
11567,9
11567,8
11567,9
11567,8
11567,10
11567,10
11568,8
11568,9
11568,8
11568,10
11568,10
11568,9
11568,9
11568,8
11568,10
11568,9
11569,9
11569,10
11569,8
11569,10
11569,10
11569,8
11569,10
11582,9
11588,10
11588,10
11588,10
11588,10
11588,8
11588,10
11588,10
11588,9
11589,10
11589,8
11589,10
11589,10
11589,10
11589,9
11589,8
11597,8
11597,10
11597,10
11597,9
11597,10
11597,8
11597,9
11597,10
11597,9
11598,10
11598,8
11598,10
11598,10
11598,9
11598,10
11598,8
11598,10
11598,10
11599,9
11599,9
11599,8
11599,10
11599,10
11599,9
11599,10
11599,8
11607,9
11607,8
11607,10
11607,9
11607,9
11607,10
11607,8
11608,10
11608,9
11608,10
11608,10
11608,8
11608,10
11608,9
11608,10
11608,10
11609,8
11609,10
11609,9
11609,10
11609,10
11609,8
11609,10
11609,9
11614,9
11614,8
11614,10
11614,9
11614,10
11614,9
11614,8
11614,10
11614,9
11614,10
11615,10
11615,8
11615,10
11615,9
11615,10
11615,10
11615,8
11615,10
11615,9
11616,10
11616,10
11616,7
11616,10
11616,9
11616,10
11616,10
11616,9
11616,10
11617,9
11617,10
11617,10
11617,8
11617,10
11617,9
11617,10
11617,10
11617,8
11617,10
11618,9
11618,10
11618,10
11618,8
11618,9
11618,10
11618,10
11618,9
11618,8
11619,9
11619,10
11619,10
11619,10
11619,8
11619,10
11619,9
11619,10
11632,10
11638,8
11638,9
11638,10
11638,9
11638,9
11638,9
11639,9
11639,10
11639,10
11639,10
11639,8
11639,9
11639,9
11639,10
11647,10
11647,9
11647,10
11647,9
11647,9
11647,10
11647,9
11647,10
11647,9
11648,9
11648,10
11648,9
11648,9
11648,9
11648,9
11648,10
11648,9
11648,9
11648,9
11649,9
11649,11
11649,9
11649,10
11649,9
11649,8
11649,11
11657,10
11657,9
11657,8
11657,10
11657,9
11657,10
11657,9
11658,8
11658,10
11658,9
11658,10
11658,10
11658,8
11658,11
11658,9
11658,10
11659,9
11659,8
11659,10
11659,9
11659,10
11659,9
11659,8
11659,10
11664,10
11664,10
11665,9
11665,10
11665,8
11665,10
11665,10
11665,10
11665,10
11665,8
11665,10
11666,11
11666,10
11666,10
11666,8
11666,10
11666,10
11666,9
11666,10
11666,8
11666,10
11667,10
11667,10
11667,10
11667,8
11667,10
11667,10
11667,10
11667,10
11667,8
11668,10
11668,10
11668,10
11668,10
11668,8
11668,9
11668,10
11668,9
11668,9
11668,8
11669,10
11669,10
11669,10
11669,10
11669,8
11669,9
11669,10
11685,10
11689,8
11697,10
11697,9
11697,8
11697,9
11697,10
11697,10
11697,8
11698,8
11698,10
11698,9
11698,11
11698,9
11698,8
11698,9
11698,10
11698,10
11699,9
11699,8
11699,10
11699,10
11699,10
11699,9
11699,8
11699,10
11707,11
11707,9
11707,8
11707,10
11707,9
11707,10
11707,9
11708,8
11708,10
11708,9
11708,10
11708,9
11708,8
11708,10
11708,9
11708,10
11709,9
11709,8
11709,10
11709,9
11709,10
11709,10
11709,8
11709,10
11713,10
11713,9
11714,10
11714,10
11714,8
11714,9
11714,9
11714,10
11714,10
11714,8
11714,9
11714,9
11715,10
11715,9
11715,8
11715,9
11715,10
11715,10
11715,9
11715,8
11715,9
11716,8
11716,10
11716,10
11716,8
11716,9
11716,9
11716,10
11716,10
11716,8
11716,9
11717,9
11717,10
11717,9
11717,8
11717,10
11717,9
11717,10
11717,9
11717,8
11718,9
11718,9
11718,10
11718,10
11718,9
11718,10
11718,9
11718,10
11718,10
11718,8
11719,9
11719,8
11719,11
11719,10
11719,9
11719,9
11719,9
11732,10
11738,9
11738,9
11738,9
11738,8
11739,11
11739,10
11739,10
11739,9
11739,8
11739,11
11739,9
11739,10
11747,8
11747,10
11747,9
11747,10
11747,9
11747,8
11747,10
11747,9
11748,10
11748,9
11748,8
11748,10
11748,9
11748,10
11748,10
11748,8
11748,10
11749,9
11749,11
11749,10
11749,8
11749,10
11749,9
11749,10
11749,10
11757,10
11757,9
11757,9
11757,11
11757,10
11757,10
11757,9
11758,8
11758,11
11758,9
11758,10
11758,9
11758,9
11758,11
11758,8
11758,10
11759,9
11759,8
11759,11
11759,9
11759,10
11759,9
11759,8
11759,11
11764,9
11764,10
11764,9
11764,8
11765,10
11765,9
11765,10
11765,9
11765,8
11765,9
11765,9
11765,10
11765,10
11765,8
11766,9
11766,9
11766,10
11766,10
11766,8
11766,10
11766,9
11766,10
11766,9
11767,8
11767,10
11767,9
11767,10
11767,9
11767,8
11767,10
11767,9
11767,10
11767,10
11768,8
11768,10
11768,9
11768,10
11768,10
11768,9
11768,10
11768,9
11768,11
11769,9
11769,8
11769,10
11769,9
11769,10
11769,10
11769,8
11769,10
11782,8
11788,10
11788,10
11788,8
11788,10
11788,10
11788,10
11789,9
11789,8
11789,10
11789,10
11789,10
11789,9
11789,8
11797,10
11797,8
11797,9
11797,10
11797,9
11797,10
11797,8
11797,10
11797,10
11798,10
11798,10
11798,9
11798,10
11798,10
11798,9
11798,10
11798,8
11798,10
11798,10
11799,10
11799,10
11799,8
11799,10
11799,10
11799,10
11799,10
11807,10
11807,9
11807,9
11807,10
11807,9
11807,10
11808,10
11808,8
11808,10
11808,9
11808,10
11808,10
11808,8
11808,10
11808,9
11808,10
11809,10
11809,8
11809,11
11809,9
11809,10
11809,10
11809,8
11813,9
11813,10
11813,10
11814,8
11814,8
11814,10
11814,10
11814,10
11814,9
11814,8
11814,10
11814,10
11815,10
11815,9
11815,8
11815,10
11815,10
11815,10
11815,9
11815,8
11815,10
11815,9
11816,10
11816,9
11816,8
11816,10
11816,10
11816,10
11816,9
11816,8
11816,10
11817,10
11817,10
11817,10
11817,8
11817,10
11817,10
11817,10
11817,10
11817,8
11818,10
11818,9
11818,10
11818,10
11818,8
11818,10
11818,10
11818,10
11818,10
11818,8
11819,10
11819,10
11819,10
11819,10
11819,8
11819,10
11819,9
11832,10
11838,10
11838,9
11838,9
11838,8
11838,10
11839,10
11839,9
11839,10
11839,8
11839,10
11839,10
11839,10
11839,10
11847,9
11847,8
11847,10
11847,9
11847,10
11847,10
11847,8
11847,11
11847,9
11848,10
11848,10
11848,8
11848,10
11848,9
11848,11
11848,10
11848,8
11848,10
11849,9
11849,10
11849,9
11849,8
11849,10
11849,9
11849,10
11849,9
11857,8
11857,10
11857,10
11857,10
11857,8
11857,8
11858,10
11858,10
11858,10
11858,9
11858,8
11858,10
11858,10
11858,10
11858,9
11859,8
11859,10
11859,10
11859,10
11859,9
11859,8
11859,10
11859,10
11864,8
11864,8
11864,9
11864,10
11864,10
11864,9
11864,8
11864,10
11864,10
11865,10
11865,9
11865,9
11865,9
11865,10
11865,10
11865,8
11865,9
11865,10
11866,11
11866,10
11866,9
11866,9
11866,9
11866,10
11866,10
11866,9
11866,9
11866,10
11867,10
11867,9
11867,9
11867,9
11867,10
11867,10
11867,9
11867,8
11867,9
11868,10
11868,10
11868,9
11868,8
11868,9
11868,10
11868,10
11868,10
11868,8
11869,9
11869,9
11869,10
11869,10
11869,8
11869,9
11869,10
11869,10
11882,10
11888,10
11888,9
11888,10
11889,8
11889,10
11889,10
11889,8
11889,9
11889,8
11889,10
11897,8
11897,10
11897,9
11897,10
11897,9
11897,8
11897,10
11897,9
11897,10
11897,10
11898,8
11898,10
11898,9
11898,10
11898,10
11898,8
11898,10
11898,9
11898,10
11899,10
11899,8
11899,10
11899,9
11899,10
11899,10
11899,9
11899,10
11907,10
11907,9
11907,10
11907,10
11907,8
11907,10
11908,9
11908,10
11908,10
11908,8
11908,10
11908,9
11908,10
11908,10
11908,8
11909,10
11909,10
11909,10
11909,9
11909,8
11909,10
11909,9
11909,10
11913,10
11913,10
11914,8
11914,9
11914,10
11914,9
11914,9
11914,8
11914,9
11914,10
11914,10
11915,10
11915,9
11915,9
11915,11
11915,9
11915,10
11915,8
11915,9
11915,10
11915,9
11916,10
11916,9
11916,9
11916,10
11916,9
11916,9
11916,8
11916,9
11916,10
11917,10
11917,10
11917,8
11917,9
11917,10
11917,10
11917,10
11917,8
11917,9
11917,10
11918,10
11918,10
11918,8
11918,9
11918,10
11918,9
11918,10
11918,8
11918,10
11919,10
11919,9
11919,10
11919,8
11919,9
11919,11
11919,9
11919,10
11932,8
11938,9
11939,9
11939,10
11939,10
11939,10
11939,8
11939,8
11939,10
11947,10
11947,8
11947,11
11947,10
11947,9
11947,10
11947,8
11947,11
11947,10
11948,9
11948,10
11948,8
11948,9
11948,10
11948,9
11948,10
11948,8
11948,10
11949,10
11949,9
11949,10
11949,8
11949,11
11949,10
11949,9
11949,9
11957,10
11957,8
11957,10
11957,10
11957,9
11957,9
11957,8
11958,10
11958,10
11958,9
11958,10
11958,8
11958,10
11958,10
11958,9
11958,10
11958,8
11959,10
11959,10
11959,9
11959,9
11959,8
11959,10
11959,10
11963,9
11963,9
11964,10
11964,10
11964,9
11964,8
11964,10
11964,10
11964,10
11964,9
11964,8
11964,10
11965,10
11965,10
11965,8
11965,8
11965,10
11965,10
11965,10
11965,10
11965,8
11966,10
11966,10
11966,10
11966,10
11966,8
11966,10
11966,10
11966,10
11966,9
11966,8
11967,10
11967,10
11967,10
11967,9
11967,8
11967,10
11967,10
11967,9
11967,9
11968,8
11968,9
11968,10
11968,10
11968,9
11968,8
11968,10
11968,10
11968,10
11968,9
11969,8
11969,10
11969,10
11969,10
11969,9
11969,8
11969,9
11985,9
11990,8
11997,10
11997,9
11998,9
11998,10
11998,10
11998,10
11998,9
11998,8
11998,10
11998,10
11998,10
11998,8
11999,9
11999,10
11999,10
11999,8
11999,8
11999,9
11999,10
12007,10
12007,9
12007,10
12007,8
12007,10
12007,10
12008,9
12008,9
12008,7
12008,10
12008,10
12008,9
12008,10
12008,8
12008,10
12009,10
12009,9
12009,9
12009,8
12009,10
12009,10
12009,9
12009,9
12013,10
12013,10
12014,8
12014,10
12014,9
12014,10
12014,9
12014,8
12014,9
12014,9
12014,10
12014,9
12015,8
12015,9
12015,9
12015,10
12015,10
12015,8
12015,9
12015,9
12015,10
12016,9
12016,8
12016,9
12016,8
12016,10
12016,9
12016,8
12016,9
12016,9
12016,11
12017,9
12017,8
12017,9
12017,8
12017,10
12017,10
12017,8
12017,9
12017,8
12018,10
12018,9
12018,8
12018,9
12018,9
12018,10
12018,10
12018,8
12018,9
12019,9
12019,10
12019,10
12019,8
12019,9
12019,8
12019,10
12019,9
12032,10
12039,10
12039,9
12039,10
12039,9
12039,8
12039,10
12039,10
12046,9
12046,9
12047,10
12047,9
12047,8
12047,9
12047,9
12047,10
12047,9
12047,8
12047,10
12047,9
12048,11
12048,9
12048,8
12048,10
12048,9
12048,10
12048,10
12048,8
12048,9
12049,9
12049,10
12049,9
12049,8
12049,9
12049,9
12049,10
12049,9
12057,10
12057,8
12057,10
12057,10
12057,10
12057,9
12057,8
12057,10
12057,10
12058,10
12058,10
12058,8
12058,10
12058,10
12058,10
12058,9
12058,8
12058,10
12059,10
12059,10
12059,9
12059,8
12059,10
12059,10
12059,10
12059,10
12063,10
12063,10
12064,10
12064,10
12064,8
12064,9
12064,10
12064,10
12064,10
12064,9
12064,9
12064,10
12065,10
12065,9
12065,8
12065,9
12065,9
12065,10
12065,10
12065,8
12065,9
12066,10
12066,10
12066,10
12066,8
12066,9
12066,10
12066,10
12066,9
12066,8
12066,9
12067,10
12067,10
12067,10
12067,8
12067,8
12067,10
12067,10
12067,9
12067,9
12068,8
12068,10
12068,10
12068,10
12068,8
12068,9
12068,9
12068,10
12068,10
12069,9
12069,9
12069,9
12069,10
12069,10
12069,9
12069,8
12069,9
12081,10
12088,9
12088,8
12089,9
12089,9
12089,10
12089,10
12089,8
12089,9
12089,9
12089,10
12096,9
12096,10
12096,9
12096,8
12097,11
12097,9
12097,10
12097,10
12097,8
12097,11
12097,9
12097,10
12097,9
12098,9
12098,10
12098,9
12098,10
12098,8
12098,9
12098,10
12098,9
12098,9
12098,8
12099,9
12099,10
12099,9
12099,10
12099,8
12099,9
12099,10
12106,9
12106,10
12106,10
12106,8
12107,10
12107,9
12107,10
12107,10
12107,8
12107,10
12107,9
12107,10
12107,10
12108,8
12108,10
12108,9
12108,10
12108,8
12108,8
12108,10
12108,9
12108,10
12108,10
12109,8
12109,10
12109,9
12109,10
12109,9
12109,8
12109,10
12113,10
12113,10
12114,8
12114,9
12114,9
12114,10
12114,10
12114,8
12114,10
12114,10
12114,10
12114,10
12115,8
12115,10
12115,9
12115,10
12115,10
12115,8
12115,10
12115,9
12115,10
12116,10
12116,7
12116,10
12116,10
12116,11
12116,10
12116,7
12116,10
12116,10
12116,10
12117,10
12117,8
12117,10
12117,9
12117,10
12117,10
12117,8
12117,10
12117,9
12118,10
12118,9
12118,8
12118,10
12118,10
12118,10
12118,9
12118,8
12118,10
12118,9
12119,10
12119,9
12119,8
12119,10
12119,9
12119,10
12119,10
12131,10
12138,10
12138,9
12139,10
12139,10
12139,8
12139,10
12139,10
12139,10
12139,9
12146,10
12146,8
12146,10
12146,10
12146,10
12146,10
12146,9
12147,10
12147,9
12147,10
12147,10
12147,8
12147,10
12147,8
12147,10
12147,10
12147,8
12148,9
12148,9
12148,10
12148,9
12148,8
12148,9
12148,9
12148,10
12148,9
12149,8
12149,10
12149,9
12149,10
12149,10
12149,9
12149,9
12149,9
12156,10
12156,10
12156,10
12156,8
12157,10
12157,9
12157,10
12157,9
12157,8
12157,10
12157,10
12157,10
12157,9
12157,8
12158,10
12158,10
12158,10
12158,10
12158,8
12158,10
12158,10
12158,10
12158,10
12159,8
12159,10
12159,10
12159,10
12159,10
12159,9
12159,10
12159,10
12163,10
12163,9
12164,10
12164,8
12164,10
12164,10
12164,9
12164,9
12164,8
12164,10
12164,10
12164,10
12165,9
12165,8
12165,10
12165,10
12165,10
12165,10
12165,8
12165,10
12165,10
12166,9
12166,10
12166,8
12166,10
12166,10
12166,10
12166,10
12166,8
12166,10
12167,10
12167,10
12167,10
12167,8
12167,9
12167,11
12167,10
12167,9
12167,8
12167,9
12168,10
12168,9
12168,10
12168,8
12168,9
12168,10
12168,10
12168,10
12168,8
12169,9
12169,10
12169,9
12169,10
12169,8
12169,10
12169,12
12169,9
12181,8
12189,9
12189,10
12189,10
12189,9
12189,9
12189,8
12189,10
12195,9
12196,9
12196,10
12196,10
12196,8
12196,9
12196,9
12196,10
12196,9
12196,8
12197,9
12197,10
12197,10
12197,10
12197,9
12197,9
12197,10
12197,10
12197,9
12197,8
12198,9
12198,9
12198,10
12198,9
12198,8
12198,9
12198,10
12198,10
12198,10
12199,8
12199,9
12199,10
12199,11
12199,9
12199,8
12199,9
12199,10
12206,10
12206,10
12206,8
12206,10
12206,10
12206,10
12207,10
12207,8
12207,10
12207,9
12207,10
12207,10
12207,8
12207,10
12207,10
12207,10
12208,10
12208,8
12208,10
12208,10
12208,10
12208,9
12208,8
12208,10
12208,10
12209,10
12209,10
12209,8
12209,9
12209,10
12209,10
12209,9
12209,8
12213,8
12213,10
12214,10
12214,8
12214,9
12214,8
12214,10
12214,10
12214,8
12214,9
12214,9
12214,10
12215,10
12215,9
12215,9
12215,8
12215,10
12215,10
12215,9
12215,9
12215,8
12216,10
12216,10
12216,9
12216,9
12216,8
12216,10
12216,9
12216,8
12216,9
12217,8
12217,10
12217,10
12217,9
12217,9
12217,8
12217,10
12217,10
12217,8
12217,9
12218,8
12218,10
12218,9
12218,8
12218,9
12218,8
12218,10
12218,10
12218,8
12219,10
12219,8
12219,10
12219,9
12219,8
12219,9
12219,8
12219,10
12234,10
12240,8
12246,10
12246,9
12246,10
12247,9
12247,8
12247,10
12247,9
12247,10
12247,9
12247,9
12247,10
12247,9
12248,9
12248,10
12248,8
12248,10
12248,9
12248,10
12248,10
12248,8
12248,10
12248,9
12249,10
12249,9
12249,8
12249,10
12249,9
12249,10
12249,10
12256,9
12256,10
12256,9
12256,10
12256,10
12256,9
12256,9
12256,7
12256,10
12257,10
12257,9
12257,9
12257,8
12257,10
12257,10
12257,8
12257,9
12257,8
12257,10
12258,10
12258,8
12258,9
12258,8
12258,11
12258,10
12258,8
12258,9
12258,8
12259,10
12259,9
12259,9
12259,9
12259,8
12259,10
12259,9
12259,8
12263,10
12263,10
12264,10
12264,7
12264,10
12264,9
12264,10
12264,9
12264,8
12264,10
12264,9
12265,10
12265,10
12265,8
12265,10
12265,9
12265,10
12265,10
12265,8
12265,10
12265,9
12266,10
12266,10
12266,8
12266,10
12266,9
12266,10
12266,9
12266,8
12266,10
12267,9
12267,10
12267,10
12267,8
12267,10
12267,10
12267,10
12267,9
12267,8
12267,10
12268,9
12268,10
12268,10
12268,8
12268,10
12268,10
12268,10
12268,10
12268,8
12269,10
12269,9
12269,10
12269,10
12269,8
12269,10
12269,9
12269,10
12280,10
12287,9
12287,10
12287,10
12287,10
12287,8
12287,9
12288,10
12288,10
12288,9
12288,8
12288,10
12288,10
12288,9
12288,10
12288,9
12289,10
12289,10
12289,10
12289,10
12289,8
12289,10
12289,10
12289,9
12295,10
12295,9
12296,10
12296,9
12296,8
12296,9
12296,10
12296,10
12296,10
12296,8
12296,10
12297,9
12297,10
12297,10
12297,8
12297,9
12297,9
12297,10
12297,9
12297,8
12297,10
12298,10
12298,10
12298,9
12298,8
12298,9
12298,10
12298,10
12298,10
12298,8
12299,10
12299,10
12299,10
12299,10
12299,8
12299,10
12299,10
12299,10
12306,10
12306,9
12306,10
12306,10
12306,8
12306,10
12306,9
12306,10
12306,8
12306,8
12307,10
12307,9
12307,10
12307,9
12307,8
12307,11
12307,9
12307,10
12307,8
12308,9
12308,11
12308,9
12308,10
12308,9
12308,8
12308,10
12308,9
12308,10
12308,8
12309,9
12309,10
12309,9
12309,10
12309,8
12309,9
12309,10
12313,11
12313,9
12313,8
12314,9
12314,9
12314,10
12314,10
12314,9
12314,9
12314,9
12314,10
12314,10
12315,8
12315,9
12315,10
12315,11
12315,10
12315,8
12315,9
12315,9
12315,10
12315,10
12316,8
12316,9
12316,10
12316,10
12316,10
12316,8
12316,9
12316,9
12316,10
12317,10
12317,8
12317,9
12317,9
12317,10
12317,10
12317,8
12317,9
12317,10
12318,10
12318,9
12318,8
12318,9
12318,9
12318,10
12318,10
12318,8
12318,10
12318,9
12319,10
12319,10
12319,8
12319,9
12319,10
12319,10
12319,10
12330,10
12337,9
12337,10
12337,9
12337,10
12338,8
12338,9
12338,9
12338,9
12338,10
12338,8
12338,9
12338,10
12338,9
12339,10
12339,8
12339,9
12339,11
12339,10
12339,10
12339,8
12339,9
12345,10
12345,10
12345,10
12346,10
12346,8
12346,10
12346,10
12346,9
12346,10
12346,8
12346,10
12346,10
12346,10
12347,10
12347,8
12347,10
12347,10
12347,10
12347,9
12347,8
12347,10
12347,10
12348,8
12348,10
12348,9
12348,9
12348,10
12348,9
12348,10
12348,8
12348,9
12348,10
12349,9
12349,10
12349,8
12349,9
12349,10
12349,9
12349,9
12355,10
12355,9
12355,10
12355,10
12356,8
12356,9
12356,9
12356,10
12356,9
12356,8
12356,10
12356,8
12356,10
12356,9
12357,8
12357,10
12357,9
12357,10
12357,10
12357,8
12357,9
12357,9
12357,10
12358,10
12358,8
12358,9
12358,9
12358,10
12358,10
12358,8
12358,9
12358,8
12358,10
12359,10
12359,8
12359,9
12359,8
12359,10
12359,10
12359,8
12363,8
12363,9
12363,10
12364,9
12364,10
12364,8
12364,9
12364,10
12364,9
12364,10
12364,8
12364,9
12365,9
12365,10
12365,10
12365,9
12365,9
12365,10
12365,9
12365,9
12365,8
12366,9
12366,10
12366,9
12366,10
12366,9
12366,9
12366,10
12366,9
12366,10
12366,9
12367,9
12367,10
12367,9
12367,10
12367,9
12367,9
12367,11
12367,9
12367,10
12368,9
12368,9
12368,10
12368,9
12368,10
12368,10
12368,9
12368,10
12368,9
12368,11
12369,9
12369,8
12369,10
12369,9
12369,10
12369,8
12369,9
12380,11
12387,9
12387,9
12387,10
12387,8
12387,10
12387,9
12387,10
12387,9
12387,8
12388,10
12388,9
12388,10
12388,9
12388,7
12388,10
12388,10
12388,10
12388,9
12389,8
12389,10
12389,9
12389,10
12389,9
12389,8
12389,10
12389,9
12395,11
12395,9
12395,10
12395,9
12395,8
12396,10
12396,9
12396,10
12396,10
12396,8
12396,10
12396,9
12396,10
12396,7
12397,8
12397,10
12397,10
12397,10
12397,10
12397,8
12397,10
12397,9
12397,10
12397,9
12398,8
12398,10
12398,9
12398,10
12398,10
12398,8
12398,10
12398,9
12398,10
12399,9
12399,8
12399,10
12399,9
12399,10
12399,10
12399,8
12399,10
12405,10
12405,9
12405,9
12405,10
12405,10
12405,10
12405,9
12406,9
12406,10
12406,10
12406,9
12406,9
12406,9
12406,9
12406,10
12406,10
12407,9
12407,8
12407,10
12407,10
12407,10
12407,9
12407,9
12407,10
12407,10
12407,10
12408,9
12408,8
12408,10
12408,10
12408,10
12408,9
12408,8
12408,10
12408,10
12409,10
12409,8
12409,9
12409,10
12409,9
12409,10
12409,9
12409,8
12413,9
12413,9
12414,10
12414,6
12414,10
12414,7
12414,11
12414,10
12414,7
12414,9
12414,9
12415,10
12415,10
12415,10
12415,9
12415,8
12415,11
12415,10
12415,8
12415,9
12415,9
12416,10
12416,9
12416,7
12416,9
12416,8
12416,10
12416,9
12416,8
12416,9
12417,9
12417,11
12417,9
12417,8
12417,9
12417,8
12417,11
12417,10
12417,8
12417,9
12418,9
12418,10
12418,10
12418,8
12418,9
12418,8
12418,11
12418,10
12418,7
12419,9
12419,9
12419,10
12419,10
12419,8
12419,9
12419,8
12419,10
12434,8
12440,9
12447,8
12447,10
12447,10
12447,10
12447,8
12447,8
12447,10
12447,10
12447,10
12447,8
12448,8
12448,10
12448,9
12448,11
12448,9
12448,7
12448,10
12448,11
12448,9
12449,11
12449,7
12449,10
12449,10
12449,10
12449,9
12449,8
12449,10
12455,8
12455,10
12455,10
12455,10
12455,10
12455,8
12455,10
12455,10
12455,10
12456,9
12456,8
12456,10
12456,10
12456,10
12456,9
12456,8
12456,12
12456,9
12457,10
12457,10
12457,8
12457,10
12457,9
12457,11
12457,9
12457,8
12457,10
12457,10
12458,10
12458,10
12458,8
12458,10
12458,10
12458,10
12458,10
12458,8
12458,10
12459,10
12459,10
12459,9
12459,8
12459,10
12459,10
12459,10
12459,10
12463,10
12463,10
12464,10
12464,9
12464,8
12464,10
12464,10
12464,10
12464,9
12464,8
12464,10
12465,10
12465,10
12465,9
12465,8
12465,10
12465,10
12465,10
12465,9
12465,8
12465,10
12466,10
12466,10
12466,9
12466,8
12466,10
12466,10
12466,10
12466,9
12466,8
12467,10
12467,10
12467,10
12467,10
12467,8
12467,10
12467,10
12467,10
12467,10
12467,8
12468,9
12468,10
12468,10
12468,10
12468,8
12468,10
12468,10
12468,10
12468,9
12469,9
12469,10
12469,9
12469,10
12469,10
12469,8
12469,10
12469,10
12479,9
12485,8
12485,9
12485,8
12485,10
12485,10
12485,8
12486,9
12486,9
12486,10
12486,9
12486,8
12486,10
12486,9
12486,10
12486,9
12487,8
12487,9
12487,9
12487,10
12487,10
12487,8
12487,9
12487,9
12487,10
12487,10
12488,7
12488,9
12488,8
12488,10
12488,10
12488,8
12488,9
12488,9
12488,10
12489,9
12489,8
12489,9
12489,9
12489,10
12489,9
12489,8
12489,9
12495,10
12495,10
12495,10
12495,9
12495,8
12495,10
12495,10
12495,10
12495,8
12495,9
12496,9
12496,10
12496,10
12496,9
12496,8
12496,10
12496,10
12496,10
12496,9
12497,8
12497,10
12497,10
12497,10
12497,9
12497,8
12497,10
12497,9
12497,10
12498,9
12498,8
12498,10
12498,10
12498,10
12498,9
12498,8
12498,10
12498,10
12498,10
12499,9
12499,8
12499,10
12499,10
12499,10
12499,10
12499,8
12504,10
12504,9
12505,10
12505,8
12505,10
12505,10
12505,9
12505,9
12505,8
12505,10
12505,10
12506,8
12506,10
12506,8
12506,10
12506,10
12506,10
12506,10
12506,8
12506,10
12506,10
12507,10
12507,10
12507,8
12507,10
12507,10
12507,9
12507,9
12507,8
12507,10
12508,10
12508,9
12508,10
12508,8
12508,10
12508,10
12508,9
12508,10
12508,9
12508,10
12509,10
12509,10
12509,10
12509,8
12509,10
12509,10
12509,10
12513,9
12513,8
12513,10
12514,9
12514,10
12514,9
12514,8
12514,10
12514,9
12514,10
12514,10
12514,8
12515,10
12515,9
12515,9
12515,10
12515,8
12515,10
12515,9
12515,10
12515,9
12516,8
12516,10
12516,9
12516,10
12516,9
12516,8
12516,10
12516,9
12516,10
12516,10
12517,8
12517,10
12517,10
12517,10
12517,9
12517,8
12517,10
12517,9
12517,10
12518,10
12518,8
12518,10
12518,9
12518,10
12518,10
12518,8
12518,10
12518,9
12518,10
12519,10
12519,8
12519,10
12519,9
12519,10
12519,9
12519,8
12530,10
12535,10
12536,9
12536,10
12536,8
12536,11
12536,10
12536,9
12536,10
12536,8
12536,10
12536,10
12537,9
12537,10
12537,8
12537,10
12537,10
12537,10
12537,10
12537,8
12537,11
12538,10
12538,10
12538,10
12538,8
12538,10
12538,10
12538,10
12538,9
12538,8
12539,10
12539,10
12539,10
12539,9
12539,8
12539,10
12539,10
12539,10
12544,10
12544,8
12544,9
12545,10
12545,9
12545,9
12545,8
12545,9
12545,10
12545,10
12545,10
12545,9
12546,10
12546,10
12546,9
12546,10
12546,8
12546,10
12546,10
12546,10
12546,9
12547,8
12547,9
12547,11
12547,10
12547,10
12547,8
12547,10
12547,10
12547,10
12547,10
12548,9
12548,9
12548,10
12548,10
12548,10
12548,8
12548,10
12548,10
12548,10
12549,10
12549,8
12549,9
12549,10
12549,9
12549,10
12549,8
12549,10
12554,10
12554,9
12554,10
12554,8
12555,10
12555,10
12555,9
12555,9
12555,8
12555,10
12555,10
12555,9
12555,10
12556,8
12556,10
12556,10
12556,10
12556,10
12556,8
12556,10
12556,10
12556,10
12556,10
12557,8
12557,10
12557,10
12557,10
12557,10
12557,8
12557,10
12557,10
12557,10
12558,10
12558,8
12558,10
12558,10
12558,9
12558,10
12558,8
12558,10
12558,10
12558,9
12559,9
12559,8
12559,10
12559,10
12559,10
12559,10
12559,8
12563,10
12563,9
12563,10
12564,10
12564,8
12564,10
12564,9
12564,10
12564,10
12564,7
12564,10
12564,9
12565,10
12565,10
12565,8
12565,10
12565,9
12565,10
12565,10
12565,8
12565,10
12565,9
12566,10
12566,10
12566,8
12566,10
12566,9
12566,10
12566,10
12566,8
12566,10
12567,9
12567,10
12567,10
12567,8
12567,10
12567,8
12567,10
12567,10
12567,8
12568,10
12568,9
12568,10
12568,10
12568,8
12568,10
12568,9
12568,10
12568,10
12568,9
12569,10
12569,9
12569,10
12569,10
12569,8
12569,10
12569,9
12580,10
12586,10
12586,10
12586,8
12586,8
12586,10
12586,10
12586,10
12586,9
12587,9
12587,10
12587,10
12587,10
12587,9
12587,8
12587,10
12587,10
12587,10
12588,8
12588,8
12588,9
12588,10
12588,10
12588,9
12588,8
12588,10
12588,10
12588,10
12589,9
12589,8
12589,10
12589,10
12589,10
12589,9
12589,7
12594,10
12594,10
12594,10
12594,9
12594,8
12595,10
12595,10
12595,10
12595,9
12595,8
12595,10
12595,10
12595,10
12595,9
12596,8
12596,10
12596,10
12596,10
12596,9
12596,8
12596,10
12596,10
12596,10
12596,9
12597,8
12597,10
12597,10
12597,10
12597,9
12597,8
12597,10
12597,10
12597,10
12598,9
12598,8
12598,10
12598,10
12598,9
12598,9
12598,8
12598,10
12598,10
12598,10
12599,9
12599,8
12599,10
12599,10
12599,10
12599,9
12599,8
12604,10
12604,8
12604,10
12604,9
12604,10
12604,10
12605,8
12605,10
12605,9
12605,10
12605,10
12605,8
12605,10
12605,9
12605,10
12605,10
12606,8
12606,10
12606,9
12606,10
12606,9
12606,8
12606,9
12606,9
12606,10
12607,10
12607,8
12607,10
12607,9
12607,10
12607,10
12607,7
12607,10
12607,9
12607,10
12608,10
12608,8
12608,10
12608,9
12608,10
12608,9
12608,8
12608,10
12608,9
12609,10
12609,10
12609,8
12609,10
12609,9
12609,11
12609,9
12609,8
12613,8
12613,10
12614,9
12614,10
12614,10
12614,8
12614,9
12614,9
12614,11
12614,10
12614,8
12615,9
12615,9
12615,10
12615,10
12615,8
12615,10
12615,9
12615,10
12615,10
12615,8
12616,10
12616,9
12616,10
12616,9
12616,8
12616,9
12616,9
12616,10
12616,10
12617,7
12617,9
12617,9
12617,10
12617,10
12617,8
12617,10
12617,9
12617,10
12617,10
12618,8
12618,10
12618,9
12618,10
12618,10
12618,8
12618,10
12618,8
12618,10
12619,10
12619,8
12619,10
12619,9
12619,10
12619,10
12619,8
12619,10
12633,9
12640,10
12645,10
12645,8
12646,10
12646,10
12646,9
12646,10
12646,8
12646,10
12646,10
12646,9
12646,9
12647,8
12647,10
12647,10
12647,9
12647,10
12647,8
12647,10
12647,9
12647,9
12647,10
12648,9
12648,10
12648,10
12648,9
12648,10
12648,9
12648,10
12648,10
12648,9
12649,9
12649,8
12649,10
12649,10
12649,8
12649,8
12649,9
12649,10
12654,10
12654,10
12654,8
12654,9
12654,9
12654,10
12654,10
12655,8
12655,9
12655,9
12655,10
12655,10
12655,8
12655,9
12655,9
12655,10
12656,10
12656,8
12656,9
12656,10
12656,10
12656,10
12656,8
12656,9
12656,9
12656,10
12657,10
12657,9
12657,9
12657,10
12657,10
12657,10
12657,8
12657,9
12657,10
12658,10
12658,9
12658,8
12658,9
12658,10
12658,10
12658,9
12658,8
12658,9
12659,10
12659,10
12659,10
12659,8
12659,9
12659,9
12659,10
12659,10
12663,8
12663,10
12664,9
12664,10
12664,9
12664,9
12664,9
12664,9
12664,10
12664,10
12664,8
12664,9
12665,9
12665,10
12665,9
12665,8
12665,9
12665,9
12665,10
12665,9
12665,7
12666,10
12666,10
12666,10
12666,9
12666,8
12666,10
12666,9
12666,10
12666,9
12666,8
12667,10
12667,9
12667,10
12667,10
12667,9
12667,10
12667,10
12667,10
12667,10
12668,8
12668,9
12668,9
12668,10
12668,9
12668,8
12668,10
12668,9
12668,10
12669,10
12669,8
12669,10
12669,9
12669,10
12669,10
12669,8
12669,10
12678,9
12679,10
12679,9
12679,8
12679,11
12679,10
12679,10
12679,9
12679,9
12684,9
12684,10
12684,9
12684,10
12684,8
12684,9
12684,11
12684,9
12685,9
12685,8
12685,9
12685,10
12685,10
12685,10
12685,8
12685,9
12685,10
12686,9
12686,10
12686,8
12686,9
12686,10
12686,9
12686,9
12686,8
12686,9
12686,10
12687,10
12687,10
12687,8
12687,9
12687,10
12687,9
12687,10
12687,8
12687,9
12688,10
12688,9
12688,10
12688,9
12688,10
12688,10
12688,10
12688,10
12688,8
12688,9
12689,10
12689,9
12689,10
12689,9
12689,9
12689,11
12689,9
12694,10
12694,9
12694,8
12694,9
12694,9
12694,10
12694,10
12694,8
12694,9
12695,9
12695,10
12695,10
12695,9
12695,9
12695,10
12695,10
12695,9
12695,8
12695,9
12696,9
12696,10
12696,9
12696,8
12696,9
12696,10
12696,10
12696,10
12696,8
12697,9
12697,9
12697,10
12697,10
12697,8
12697,9
12697,9
12697,10
12697,10
12697,8
12698,9
12698,9
12698,10
12698,9
12698,8
12698,9
12698,9
12698,10
12698,9
12699,8
12699,9
12699,9
12699,11
12699,10
12699,8
12699,9
12699,10
12704,7
12704,8
12704,10
12704,10
12704,10
12704,9
12704,8
12704,10
12705,10
12705,10
12705,10
12705,8
12705,10
12705,10
12705,10
12705,9
12705,9
12706,10
12706,10
12706,10
12706,9
12706,8
12706,10
12706,10
12706,10
12706,9
12706,9
12707,10
12707,10
12707,10
12707,8
12707,9
12707,10
12707,10
12707,9
12707,9
12708,9
12708,10
12708,10
12708,10
12708,8
12708,9
12708,10
12708,10
12708,9
12709,8
12709,8
12709,10
12709,10
12709,10
12709,8
12709,9
12709,9
12713,10
12713,9
12714,10
12714,9
12714,8
12714,9
12714,9
12714,10
12714,10
12714,8
12714,9
12714,9
12715,10
12715,8
12715,8
12715,9
12715,9
12715,10
12715,10
12715,8
12715,10
12716,9
12716,10
12716,9
12716,8
12716,9
12716,9
12716,10
12716,9
12716,8
12716,10
12717,9
12717,10
12717,10
12717,8
12717,10
12717,9
12717,10
12717,10
12717,8
12718,10
12718,9
12718,10
12718,10
12718,8
12718,10
12718,10
12718,10
12718,10
12719,8
12719,10
12719,9
12719,10
12719,9
12719,8
12719,10
12719,10
12728,10
12728,9
12728,9
12729,10
12729,10
12729,9
12729,8
12729,9
12729,10
12729,10
12733,10
12733,8
12733,10
12734,9
12734,10
12734,9
12734,8
12734,11
12734,9
12734,10
12734,9
12734,8
12735,10
12735,9
12735,10
12735,10
12735,8
12735,10
12735,9
12735,10
12735,10
12735,8
12736,10
12736,9
12736,10
12736,10
12736,8
12736,10
12736,10
12736,10
12736,9
12737,8
12737,10
12737,9
12737,10
12737,10
12737,8
12737,10
12737,9
12737,10
12738,9
12738,7
12738,10
12738,9
12738,10
12738,9
12738,9
12738,10
12738,9
12738,10
12739,10
12739,8
12739,10
12739,9
12739,10
12739,9
12739,8
12743,9
12743,9
12743,10
12744,10
12744,8
12744,9
12744,10
12744,10
12744,9
12744,8
12744,9
12744,10
12745,10
12745,10
12745,8
12745,9
12745,10
12745,10
12745,9
12745,8
12745,9
12745,10
12746,10
12746,9
12746,9
12746,9
12746,9
12746,9
12746,10
12746,8
12746,9
12747,9
12747,11
12747,10
12747,9
12747,9
12747,9
12747,10
12747,10
12747,8
12748,9
12748,9
12748,10
12748,10
12748,8
12748,9
12748,10
12748,10
12748,10
12748,8
12749,9
12749,10
12749,10
12749,10
12749,9
12749,9
12749,10
12749,10
12754,10
12754,10
12754,9
12754,8
12754,9
12754,10
12754,10
12754,9
12754,8
12754,9
12755,10
12755,10
12755,10
12755,8
12755,9
12755,10
12755,10
12755,10
12755,7
12756,9
12756,10
12756,10
12756,10
12756,8
12756,9
12756,10
12756,10
12756,8
12756,8
12757,9
12757,9
12757,10
12757,10
12757,9
12757,9
12757,9
12757,10
12757,10
12758,8
12758,9
12758,10
12758,10
12758,9
12758,9
12758,8
12758,10
12758,10
12759,10
12759,9
12759,8
12759,10
12759,10
12759,10
12759,9
12759,8
12763,9
12763,10
12764,10
12764,8
12764,10
12764,9
12764,10
12764,10
12764,8
12764,10
12764,9
12764,10
12765,10
12765,8
12765,10
12765,9
12765,10
12765,10
12765,8
12765,10
12765,9
12766,10
12766,9
12766,8
12766,10
12766,9
12766,10
12766,9
12766,8
12766,10
12766,9
12767,10
12767,10
12767,8
12767,9
12767,9
12767,10
12767,10
12767,8
12767,10
12768,9
12768,10
12768,9
12768,8
12768,10
12768,9
12768,10
12768,9
12768,8
12769,10
12769,9
12769,10
12769,9
12769,9
12769,11
12769,9
12769,9
12782,10
12790,10
12794,10
12794,10
12794,9
12794,9
12795,8
12795,10
12795,10
12795,9
12795,10
12795,8
12795,10
12795,10
12795,9
12795,10
12796,8
12796,10
12796,10
12796,10
12796,10
12796,8
12796,10
12796,10
12796,9
12797,9
12797,8
12797,10
12797,10
12797,10
12797,10
12797,9
12797,10
12797,11
12797,10
12798,10
12798,8
12798,10
12798,10
12798,10
12798,10
12798,8
12798,10
12798,10
12799,10
12799,9
12799,9
12799,9
12799,10
12799,9
12799,10
12799,8
12803,9
12803,8
12804,10
12804,10
12804,10
12804,9
12804,8
12804,9
12804,10
12804,10
12804,9
12805,8
12805,9
12805,10
12805,10
12805,9
12805,8
12805,10
12805,10
12805,10
12805,9
12806,8
12806,10
12806,10
12806,10
12806,10
12806,8
12806,10
12806,10
12806,10
12807,9
12807,8
12807,10
12807,10
12807,10
12807,9
12807,8
12807,10
12807,10
12807,10
12808,9
12808,8
12808,10
12808,10
12808,10
12808,10
12808,8
12808,10
12808,10
12809,10
12809,7
12809,8
12809,10
12809,10
12809,10
12809,9
12809,8
12813,10
12813,9
12814,10
12814,9
12814,8
12814,10
12814,10
12814,10
12814,10
12814,8
12814,10
12815,10
12815,9
12815,9
12815,8
12815,9
12815,9
12815,10
12815,9
12815,8
12816,10
12816,10
12816,10
12816,10
12816,8
12816,10
12816,9
12816,10
12816,10
12816,8
12817,10
12817,9
12817,10
12817,10
12817,8
12817,10
12817,9
12817,10
12817,10
12818,8
12818,10
12818,9
12818,10
12818,10
12818,8
12818,10
12818,9
12818,10
12818,10
12819,8
12819,10
12819,9
12819,10
12819,9
12819,8
12819,10
12828,8
12828,10
12828,10
12828,9
12829,10
12829,9
12829,9
12829,10
12829,10
12829,10
12829,9
12833,10
12833,10
12833,8
12834,9
12834,8
12834,10
12834,10
12834,8
12834,9
12834,8
12834,11
12834,9
12835,8
12835,9
12835,8
12835,10
12835,9
12835,8
12835,9
12835,8
12835,10
12835,10
12836,8
12836,9
12836,8
12836,10
12836,10
12836,8
12836,9
12836,8
12836,10
12837,10
12837,9
12837,10
12837,8
12837,10
12837,10
12837,9
12837,9
12837,9
12838,10
12838,10
12838,8
12838,9
12838,8
12838,10
12838,9
12838,8
12838,9
12838,8
12839,11
12839,10
12839,8
12839,9
12839,8
12839,10
12839,9
12843,8
12843,9
12843,9
12844,10
12844,9
12844,8
12844,9
12844,8
12844,10
12844,9
12844,8
12844,9
12845,8
12845,10
12845,9
12845,8
12845,9
12845,8
12845,10
12845,9
12845,7
12846,9
12846,8
12846,10
12846,9
12846,9
12846,9
12846,8
12846,11
12846,10
12846,9
12847,9
12847,9
12847,10
12847,10
12847,9
12847,9
12847,8
12847,10
12847,9
12848,8
12848,9
12848,8
12848,10
12848,10
12848,9
12848,9
12848,8
12848,10
12848,10
12849,9
12849,10
12849,8
12849,10
12849,10
12849,9
12849,10
12853,9
12853,9
12854,10
12854,10
12854,10
12854,8
12854,8
12854,10
12854,10
12854,10
12854,9
12854,8
12855,10
12855,10
12855,10
12855,9
12855,8
12855,10
12855,10
12855,10
12855,9
12856,8
12856,10
12856,10
12856,10
12856,9
12856,8
12856,10
12856,10
12856,10
12856,9
12857,8
12857,9
12857,10
12857,10
12857,10
12857,8
12857,10
12857,10
12857,10
12858,10
12858,8
12858,10
12858,10
12858,10
12858,10
12858,8
12858,10
12858,10
12859,10
12859,9
12859,8
12859,10
12859,10
12859,10
12859,9
12859,8
12864,10
12864,8
12864,9
12864,9
12864,10
12864,10
12864,8
12864,9
12864,9
12864,11
12865,9
12865,8
12865,9
12865,9
12865,10
12865,10
12865,8
12865,9
12865,9
12866,10
12866,9
12866,8
12866,10
12866,9
12866,10
12866,10
12866,8
12866,10
12867,10
12867,10
12867,10
12867,8
12867,10
12867,9
12867,10
12867,9
12867,8
12867,10
12868,9
12868,10
12868,10
12868,9
12868,9
12868,9
12868,10
12868,9
12868,8
12869,9
12869,8
12869,10
12869,10
12869,8
12869,10
12869,9
12869,10
12879,10
12879,8
12879,9
12879,9
12879,10
12879,10
12883,9
12884,8
12884,10
12884,10
12884,10
12884,10
12884,8
12884,10
12884,10
12884,10
12884,10
12885,8
12885,9
12885,10
12885,11
12885,9
12885,8
12885,10
12885,10
12885,10
12886,10
12886,9
12886,10
12886,10
12886,10
12886,10
12886,8
12886,10
12886,10
12886,10
12887,10
12887,8
12887,10
12887,10
12887,10
12887,9
12887,8
12887,10
12887,9
12888,11
12888,9
12888,8
12888,10
12888,9
12888,10
12888,10
12888,8
12888,9
12889,10
12889,10
12889,9
12889,8
12889,10
12889,10
12889,10
12889,9
12893,9
12894,8
12894,10
12894,10
12894,10
12894,9
12894,8
12894,10
12894,10
12894,10
12895,9
12895,8
12895,9
12895,10
12895,10
12895,9
12895,8
12895,10
12895,10
12895,10
12896,9
12896,8
12896,10
12896,10
12896,10
12896,9
12896,8
12896,10
12896,10
12897,10
12897,9
12897,8
12897,10
12897,10
12897,10
12897,9
12897,8
12897,10
12897,10
12898,10
12898,7
12898,8
12898,10
12898,10
12898,10
12898,9
12898,8
12898,10
12899,10
12899,9
12899,8
12899,8
12899,10
12899,10
12899,10
12899,9
12903,10
12904,10
12904,8
12904,10
12904,9
12904,10
12904,10
12904,8
12904,10
12904,9
12905,10
12905,10
12905,8
12905,10
12905,9
12905,10
12905,10
12905,8
12905,10
12906,9
12906,10
12906,10
12906,8
12906,10
12906,10
12906,10
12906,9
12906,8
12906,10
12907,9
12907,10
12907,10
12907,8
12907,10
12907,9
12907,10
12907,10
12907,8
12908,10
12908,9
12908,10
12908,10
12908,8
12908,10
12908,9
12908,11
12908,9
12908,8
12909,10
12909,9
12909,10
12909,10
12909,8
12909,10
12909,10
12914,10
12914,10
12914,8
12914,9
12914,9
12914,10
12914,9
12914,8
12915,9
12915,8
12915,10
12915,10
12915,8
12915,9
12915,9
12915,11
12915,9
12916,8
12916,9
12916,8
12916,10
12916,10
12916,8
12916,9
12916,8
12916,10
12916,10
12917,8
12917,9
12917,8
12917,10
12917,10
12917,8
12917,9
12917,9
12917,10
12918,10
12918,9
12918,9
12918,8
12918,10
12918,10
12918,8
12918,9
12918,8
12918,11
12919,10
12919,8
12919,9
12919,9
12919,10
12919,9
12919,8
12932,8
12940,8
12944,10
12944,10
12944,10
12944,9
12944,8
12944,10
12945,10
12945,10
12945,9
12945,8
12945,10
12945,10
12945,9
12945,9
12945,8
12946,10
12946,10
12946,10
12946,9
12946,8
12946,10
12946,10
12946,10
12946,9
12946,8
12947,10
12947,10
12947,10
12947,9
12947,8
12947,10
12947,10
12947,10
12947,9
12948,8
12948,10
12948,10
12948,10
12948,9
12948,8
12948,10
12948,10
12948,10
12948,8
12949,8
12949,10
12949,10
12949,10
12949,9
12949,8
12949,9
12954,8
12954,11
12954,10
12954,9
12954,10
12954,8
12954,11
12954,10
12954,9
12955,10
12955,7
12955,10
12955,9
12955,8
12955,10
12955,8
12955,10
12955,10
12955,9
12956,8
12956,8
12956,10
12956,10
12956,8
12956,9
12956,8
12956,11
12956,10
12957,8
12957,10
12957,8
12957,10
12957,10
12957,9
12957,10
12957,8
12957,10
12957,10
12958,9
12958,9
12958,8
12958,11
12958,10
12958,9
12958,10
12958,8
12958,10
12959,10
12959,9
12959,9
12959,8
12959,10
12959,10
12959,10
12959,10
12964,10
12964,10
12964,10
12964,8
12964,10
12964,10
12964,9
12965,10
12965,8
12965,10
12965,10
12965,10
12965,10
12965,8
12965,10
12965,10
12965,10
12966,10
12966,8
12966,10
12966,10
12966,10
12966,10
12966,8
12966,10
12966,10
12967,10
12967,10
12967,8
12967,10
12967,10
12967,9
12967,10
12967,8
12967,10
12968,9
12968,9
12968,9
12968,8
12968,11
12968,10
12968,9
12968,10
12968,8
12968,9
12969,10
12969,9
12969,9
12969,8
12969,10
12969,10
12969,10
12979,10
12979,10
12979,9
12979,8
12984,9
12984,10
12984,9
12984,8
12984,10
12984,9
12984,10
12984,10
12984,8
12985,10
12985,9
12985,10
12985,10
12985,8
12985,10
12985,9
12985,10
12985,10
12986,8
12986,10
12986,9
12986,9
12986,9
12986,8
12986,10
12986,9
12986,10
12986,10
12987,8
12987,10
12987,9
12987,10
12987,9
12987,8
12987,10
12987,9
12987,9
12988,10
12988,8
12988,10
12988,9
12988,10
12988,10
12988,8
12988,10
12988,9
12989,10
12989,9
12989,9
12989,11
12989,9
12989,10
12989,9
12989,8
12994,8
12994,10
12994,10
12994,10
12994,9
12994,8
12994,10
12994,10
12994,11
12995,9
12995,8
12995,10
12995,10
12995,10
12995,9
12995,8
12995,10
12995,10
12996,10
12996,9
12996,8
12996,10
12996,10
12996,10
12996,9
12996,8
12996,10
12996,10
12997,10
12997,9
12997,8
12997,10
12997,10
12997,10
12997,8
12997,8
12997,10
12998,10
12998,10
12998,9
12998,8
12998,9
12998,10
12998,10
12998,9
12998,8
12998,10
12999,10
12999,10
12999,9
12999,8
12999,10
12999,10
12999,10
13004,10
13004,8
13004,10
13004,10
13004,10
13004,9
13004,9
13004,10
13005,10
13005,10
13005,9
13005,8
13005,9
13005,10
13005,10
13005,9
13005,9
13005,10
13006,10
13006,10
13006,9
13006,8
13006,10
13006,10
13006,10
13006,9
13006,9
13007,10
13007,10
13007,10
13007,9
13007,8
13007,10
13007,10
13007,10
13007,9
13007,8
13008,10
13008,10
13008,10
13008,9
13008,8
13008,10
13008,10
13008,10
13008,9
13009,8
13009,10
13009,10
13009,10
13009,9
13009,8
13009,10
13009,10
13014,10
13014,10
13014,9
13014,10
13014,8
13014,10
13015,10
13015,10
13015,10
13015,8
13015,9
13015,10
13015,10
13015,10
13015,8
13016,9
13016,10
13016,9
13016,10
13016,9
13016,9
13016,10
13016,10
13016,10
13016,8
13017,8
13017,10
13017,10
13017,10
13017,8
13017,9
13017,10
13017,10
13017,10
13018,9
13018,9
13018,10
13018,9
13018,10
13018,9
13018,9
13018,10
13018,9
13018,11
13019,9
13019,9
13019,11
13019,10
13019,10
13019,9
13019,9
13029,9
13034,10
13034,10
13034,8
13034,9
13034,9
13034,10
13034,10
13034,8
13035,10
13035,9
13035,10
13035,9
13035,8
13035,10
13035,9
13035,10
13035,9
13036,8
13036,9
13036,9
13036,10
13036,10
13036,8
13036,9
13036,9
13036,10
13036,9
13037,8
13037,10
13037,9
13037,10
13037,9
13037,8
13037,9
13037,9
13037,11
13038,10
13038,8
13038,9
13038,9
13038,10
13038,10
13038,8
13038,9
13038,9
13038,10
13039,10
13039,8
13039,9
13039,9
13039,10
13039,10
13039,8
13044,10
13044,10
13044,10
13044,9
13044,8
13044,9
13044,10
13044,10
13045,9
13045,8
13045,10
13045,9
13045,10
13045,9
13045,9
13045,9
13045,10
13045,10
13046,9
13046,8
13046,10
13046,10
13046,10
13046,9
13046,8
13046,9
13046,10
13047,10
13047,9
13047,8
13047,10
13047,10
13047,10
13047,10
13047,8
13047,10
13047,10
13048,10
13048,9
13048,8
13048,10
13048,10
13048,10
13048,10
13048,8
13048,10
13049,10
13049,11
13049,9
13049,8
13049,10
13049,10
13049,10
13049,10
13054,8
13054,10
13054,10
13054,10
13054,9
13054,8
13054,10
13054,10
13055,10
13055,9
13055,8
13055,10
13055,10
13055,10
13055,9
13055,8
13055,10
13056,10
13056,10
13056,9
13056,8
13056,10
13056,10
13056,10
13056,9
13056,8
13056,10
13057,10
13057,10
13057,9
13057,8
13057,10
13057,10
13057,10
13057,9
13057,8
13058,10
13058,10
13058,10
13058,10
13058,9
13058,10
13058,10
13058,10
13058,10
13059,8
13059,10
13059,10
13059,10
13059,10
13059,8
13059,10
13059,9
13064,10
13064,9
13064,10
13064,10
13064,8
13065,10
13065,9
13065,10
13065,9
13065,8
13065,11
13065,9
13065,10
13065,9
13066,9
13066,11
13066,9
13066,10
13066,9
13066,8
13066,11
13066,10
13066,11
13067,9
13067,9
13067,10
13067,9
13067,10
13067,9
13067,8
13067,11
13067,9
13067,10
13068,9
13068,8
13068,11
13068,9
13068,10
13068,9
13068,8
13068,10
13068,9
13069,10
13069,9
13069,8
13069,11
13069,10
13069,10
13069,9
13069,8
13082,9
13089,10
13094,10
13094,8
13094,8
13094,10
13094,10
13094,10
13094,9
13095,8
13095,10
13095,10
13095,10
13095,9
13095,9
13095,10
13095,10
13095,11
13096,7
13096,8
13096,10
13096,10
13096,10
13096,10
13096,8
13096,10
13096,10
13096,10
13097,9
13097,8
13097,9
13097,10
13097,10
13097,7
13097,8
13097,10
13097,10
13098,10
13098,10
13098,8
13098,10
13098,10
13098,10
13098,10
13098,8
13098,10
13098,10
13099,10
13099,10
13099,8
13099,10
13099,10
13099,10
13099,9
13104,10
13104,10
13104,8
13104,10
13104,9
13104,10
13105,10
13105,8
13105,9
13105,9
13105,10
13105,10
13105,8
13105,10
13105,9
13105,10
13106,10
13106,8
13106,9
13106,9
13106,10
13106,9
13106,8
13106,10
13106,9
13107,10
13107,10
13107,8
13107,10
13107,9
13107,10
13107,10
13107,8
13107,10
13107,9
13108,10
13108,10
13108,8
13108,10
13108,9
13108,10
13108,9
13108,8
13108,10
13109,9
13109,10
13109,9
13109,8
13109,10
13109,10
13109,9
13109,9
13114,9
13114,10
13114,9
13114,8
13115,10
13115,9
13115,10
13115,9
13115,9
13115,11
13115,9
13115,10
13115,8
13116,8
13116,11
13116,9
13116,10
13116,9
13116,8
13116,11
13116,10
13116,10
13116,9
13117,9
13117,11
13117,9
13117,10
13117,8
13117,9
13117,10
13117,9
13117,10
13118,8
13118,9
13118,10
13118,9
13118,10
13118,8
13118,9
13118,10
13118,9
13118,9
13119,8
13119,10
13119,10
13119,9
13119,10
13119,8
13119,10
13129,10
13129,10
13129,9
13129,8
13129,10
13129,10
13134,9
13134,8
13134,10
13134,10
13134,9
13134,10
13135,8
13135,10
13135,10
13135,9
13135,10
13135,8
13135,10
13135,10
13135,8
13136,9
13136,8
13136,10
13136,10
13136,9
13136,9
13136,8
13136,10
13136,10
13136,8
13137,9
13137,8
13137,10
13137,10
13137,9
13137,10
13137,8
13137,10
13137,10
13138,9
13138,9
13138,8
13138,10
13138,10
13138,8
13138,10
13138,8
13138,10
13138,9
13139,9
13139,11
13139,9
13139,10
13139,9
13139,9
13139,9
13144,9
13144,10
13144,10
13144,8
13144,10
13144,9
13145,10
13145,9
13145,8
13145,10
13145,9
13145,10
13145,10
13145,8
13145,10
13145,9
13146,10
13146,9
13146,8
13146,10
13146,9
13146,10
13146,10
13146,8
13146,10
13147,9
13147,10
13147,9
13147,8
13147,10
13147,9
13147,10
13147,10
13147,8
13148,10
13148,10
13148,10
13148,9
13148,8
13148,10
13148,9
13148,10
13148,10
13148,8
13149,10
13149,9
13149,10
13149,10
13149,8
13149,10
13149,9
13154,8
13154,8
13154,10
13154,10
13154,10
13154,9
13155,9
13155,10
13155,9
13155,10
13155,8
13155,9
13155,9
13155,10
13155,10
13155,8
13156,9
13156,10
13156,10
13156,9
13156,9
13156,9
13156,10
13156,10
13156,10
13157,8
13157,9
13157,10
13157,10
13157,10
13157,8
13157,9
13157,10
13157,10
13158,10
13158,9
13158,9
13158,10
13158,10
13158,10
13158,8
13158,9
13158,9
13158,10
13159,9
13159,9
13159,9
13159,10
13159,10
13159,10
13159,9
13164,10
13164,10
13164,8
13164,10
13165,10
13165,10
13165,9
13165,8
13165,10
13165,9
13165,10
13165,10
13165,8
13165,10
13166,10
13166,10
13166,9
13166,8
13166,10
13166,10
13166,10
13166,10
13166,8
13167,10
13167,9
13167,10
13167,10
13167,8
13167,10
13167,10
13167,9
13167,10
13167,8
13168,10
13168,10
13168,10
13168,9
13168,8
13168,10
13168,10
13168,10
13168,10
13169,9
13169,10
13169,9
13169,10
13169,9
13169,8
13169,10
13169,11
13179,10
13184,9
13184,10
13184,8
13184,10
13184,10
13184,9
13185,9
13185,8
13185,10
13185,10
13185,9
13185,10
13185,8
13185,10
13185,10
13186,9
13186,9
13186,8
13186,10
13186,10
13186,9
13186,10
13186,7
13186,10
13187,10
13187,9
13187,10
13187,8
13187,10
13187,10
13187,9
13187,10
13187,8
13187,10
13188,10
13188,9
13188,10
13188,8
13188,10
13188,10
13188,9
13188,10
13188,8
13189,10
13189,10
13189,9
13189,10
13189,8
13189,10
13189,10
13189,10
13194,10
13194,8
13194,10
13194,9
13194,10
13194,10
13195,8
13195,10
13195,9
13195,10
13195,9
13195,8
13195,10
13195,9
13195,10
13196,9
13196,8
13196,10
13196,9
13196,10
13196,10
13196,8
13196,10
13196,9
13197,10
13197,10
13197,8
13197,10
13197,9
13197,10
13197,9
13197,8
13197,10
13197,9
13198,10
13198,10
13198,8
13198,10
13198,9
13198,10
13198,10
13198,8
13198,10
13199,9
13199,10
13199,10
13199,8
13199,10
13199,9
13199,10
13199,10
13204,8
13204,10
13204,10
13204,10
13204,8
13205,9
13205,9
13205,10
13205,10
13205,8
13205,9
13205,9
13205,10
13205,10
13206,8
13206,9
13206,10
13206,10
13206,10
13206,9
13206,9
13206,9
13206,10
13207,10
13207,8
13207,9
13207,10
13207,10
13207,9
13207,8
13207,9
13207,9
13207,10
13208,10
13208,8
13208,9
13208,10
13208,10
13208,10
13208,8
13208,8
13208,9
13209,10
13209,9
13209,8
13209,9
13209,9
13209,10
13209,10
13209,8
13214,8
13214,10
13214,10
13215,10
13215,9
13215,9
13215,10
13215,10
13215,10
13215,9
13215,9
13215,10
13216,10
13216,10
13216,9
13216,9
13216,10
13216,10
13216,10
13216,9
13216,8
13216,10
13217,10
13217,9
13217,8
13217,9
13217,10
13217,10
13217,10
13217,8
13217,9
13218,10
13218,10
13218,10
13218,9
13218,9
13218,10
13218,11
13218,9
13218,9
13219,9
13219,9
13219,11
13219,9
13219,8
13219,9
13219,9
13219,11
13230,10
13234,10
13234,9
13235,10
13235,10
13235,8
13235,10
13235,9
13235,10
13235,10
13235,8
13235,10
13236,9
13236,10
13236,10
13236,8
13236,10
13236,9
13236,10
13236,9
13236,8
13236,10
13237,9
13237,10
13237,10
13237,8
13237,11
13237,9
13237,10
13237,9
13237,8
13238,10
13238,10
13238,10
13238,9
13238,8
13238,10
13238,9
13238,10
13238,10
13239,8
13239,10
13239,9
13239,10
13239,10
13239,8
13239,10
13239,9
13244,9
13244,9
13244,8
13244,11
13244,10
13245,9
13245,9
13245,8
13245,11
13245,10
13245,9
13245,9
13245,8
13245,10
13246,10
13246,9
13246,9
13246,7
13246,10
13246,11
13246,9
13246,10
13246,8
13246,10
13247,10
13247,8
13247,10
13247,8
13247,11
13247,9
13247,9
13247,9
13247,8
13248,10
13248,9
13248,9
13248,9
13248,8
13248,10
13248,10
13248,8
13248,9
13248,8
13249,10
13249,10
13249,8
13249,9
13249,8
13249,10
13249,10
13254,8
13254,10
13254,9
13254,10
13254,9
13255,8
13255,11
13255,10
13255,10
13255,9
13255,8
13255,10
13255,10
13255,10
13256,9
13256,8
13256,10
13256,9
13256,10
13256,9
13256,9
13256,10
13256,9
13257,10
13257,9
13257,8
13257,10
13257,9
13257,10
13257,9
13257,9
13257,11
13257,9
13258,10
13258,9
13258,8
13258,10
13258,8
13258,10
13258,9
13258,8
13258,11
13259,9
13259,10
13259,9
13259,8
13259,10
13259,10
13259,10
13259,9
13264,8
13264,9
13265,8
13265,10
13265,9
13265,9
13265,9
13265,8
13265,10
13265,10
13265,9
13265,10
13266,9
13266,10
13266,10
13266,8
13266,9
13266,8
13266,10
13266,9
13266,8
13267,9
13267,8
13267,10
13267,10
13267,9
13267,9
13267,9
13267,10
13267,10
13268,8
13268,10
13268,8
13268,10
13268,10
13268,8
13268,9
13268,9
13268,10
13268,9
13269,8
13269,9
13269,8
13269,10
13269,10
13269,8
13269,9
13283,9
13289,9
13289,10
13289,10
13289,9
13289,9
13289,9
13289,9
13294,10
13294,10
13294,9
13295,10
13295,8
13295,10
13295,10
13295,9
13295,9
13295,8
13295,10
13295,10
13295,9
13296,10
13296,8
13296,10
13296,10
13296,9
13296,9
13296,8
13296,10
13296,10
13297,9
13297,9
13297,8
13297,10
13297,10
13297,9
13297,10
13297,8
13297,10
13297,10
13298,9
13298,10
13298,8
13298,10
13298,10
13298,9
13298,10
13298,8
13298,10
13299,10
13299,9
13299,10
13299,8
13299,10
13299,10
13299,9
13299,10
13304,9
13304,10
13304,10
13305,10
13305,9
13305,9
13305,9
13305,10
13305,10
13305,9
13305,9
13305,9
13305,9
13306,10
13306,9
13306,9
13306,10
13306,10
13306,10
13306,9
13306,9
13306,10
13307,10
13307,10
13307,9
13307,8
13307,10
13307,10
13307,10
13307,8
13307,9
13307,9
13308,10
13308,10
13308,8
13308,9
13308,9
13308,10
13308,10
13308,8
13308,9
13309,10
13309,10
13309,9
13309,8
13309,9
13309,10
13309,10
13309,10
13314,10
13315,10
13315,8
13315,9
13315,10
13315,10
13315,10
13315,8
13315,9
13315,10
13315,10
13316,9
13316,7
13316,9
13316,10
13316,10
13316,10
13316,8
13316,9
13316,9
13317,10
13317,10
13317,9
13317,9
13317,10
13317,10
13317,10
13317,8
13317,9
13317,10
13318,10
13318,9
13318,8
13318,9
13318,10
13318,10
13318,10
13318,8
13318,9
13319,9
13319,10
13319,9
13319,8
13319,10
13319,9
13319,10
13319,9
13330,10
13335,8
13335,10
13335,10
13335,9
13335,9
13335,8
13335,10
13335,10
13336,10
13336,9
13336,8
13336,10
13336,10
13336,10
13336,9
13336,9
13336,10
13336,10
13337,8
13337,8
13337,9
13337,10
13337,10
13337,9
13337,8
13337,9
13337,9
13338,10
13338,9
13338,9
13338,9
13338,10
13338,10
13338,9
13338,9
13338,9
13339,9
13339,10
13339,10
13339,8
13339,10
13339,9
13339,11
13339,9
13344,9
13344,10
13345,9
13345,9
13345,9
13345,9
13345,10
13345,9
13345,10
13345,8
13345,9
13345,10
13346,9
13346,10
13346,9
13346,9
13346,10
13346,10
13346,10
13346,8
13346,9
13347,10
13347,10
13347,10
13347,8
13347,9
13347,10
13347,10
13347,10
13347,8
13347,10
13348,10
13348,10
13348,10
13348,8
13348,9
13348,10
13348,10
13348,10
13348,8
13349,10
13349,10
13349,10
13349,9
13349,8
13349,10
13349,10
13349,10
13354,9
13354,10
13355,8
13355,10
13355,10
13355,9
13355,10
13355,8
13355,10
13355,10
13355,9
13356,10
13356,6
13356,10
13356,10
13356,9
13356,10
13356,8
13356,10
13356,10
13357,9
13357,9
13357,10
13357,10
13357,9
13357,9
13357,10
13357,8
13357,10
13357,10
13358,9
13358,10
13358,9
13358,10
13358,10
13358,9
13358,10
13358,8
13358,10
13359,10
13359,9
13359,9
13359,8
13359,10
13359,10
13359,9
13359,8
13364,9
13365,10
13365,10
13365,8
13365,10
13365,9
13365,10
13365,9
13365,8
13365,10
13366,9
13366,10
13366,10
13366,8
13366,10
13366,9
13366,10
13366,9
13366,8
13367,9
13367,9
13367,9
13367,9
13367,8
13367,10
13367,10
13367,10
13367,9
13367,8
13368,10
13368,9
13368,10
13368,10
13368,8
13368,10
13368,10
13368,10
13368,10
13369,8
13369,10
13369,10
13369,10
13369,10
13369,8
13369,9
13369,10
13380,9
13385,9
13385,8
13385,10
13385,10
13385,10
13385,9
13385,8
13385,10
13385,10
13385,10
13386,9
13386,8
13386,10
13386,10
13386,10
13386,9
13386,8
13386,10
13386,10
13387,10
13387,9
13387,8
13387,10
13387,9
13387,9
13387,8
13387,8
13387,10
13387,10
13388,10
13388,8
13388,9
13388,9
13388,10
13388,9
13388,9
13388,9
13388,9
13389,10
13389,9
13389,9
13389,9
13389,10
13389,10
13389,10
13389,8
13394,10
13395,8
13395,10
13395,9
13395,10
13395,9
13395,8
13395,10
13395,9
13395,10
13396,9
13396,8
13396,10
13396,9
13396,10
13396,10
13396,8
13396,10
13396,9
13396,10
13397,10
13397,8
13397,10
13397,9
13397,10
13397,10
13397,8
13397,10
13397,10
13398,10
13398,10
13398,8
13398,10
13398,9
13398,10
13398,10
13398,8
13398,11
13398,9
13399,10
13399,10
13399,8
13399,10
13399,9
13399,10
13399,10
13404,9
13405,10
13405,10
13405,8
13405,10
13405,9
13405,10
13405,10
13405,8
13405,10
13405,9
13406,10
13406,8
13406,8
13406,11
13406,9
13406,10
13406,9
13406,8
13406,11
13407,9
13407,10
13407,9
13407,9
13407,10
13407,9
13407,10
13407,9
13407,10
13407,10
13408,9
13408,10
13408,8
13408,9
13408,11
13408,9
13408,10
13408,8
13408,9
13409,11
13409,9
13409,10
13409,9
13409,9
13409,10
13409,10
13409,10
13415,10
13415,10
13415,9
13415,9
13415,9
13415,10
13415,10
13415,9
13415,10
13416,8
13416,10
13416,10
13416,9
13416,10
13416,8
13416,9
13416,10
13416,9
13417,9
13417,8
13417,11
13417,9
13417,8
13417,9
13417,10
13417,11
13417,9
13418,8
13418,9
13418,8
13418,10
13418,10
13418,8
13418,9
13418,8
13418,10
13418,10
13419,8
13419,9
13419,8
13419,10
13419,9
13419,8
13419,9
13432,9
13437,9
13437,8
13437,10
13437,8
13437,10
13437,9
13438,11
13438,9
13438,8
13438,11
13438,9
13438,10
13438,9
13438,9
13438,10
13439,9
13439,10
13439,8
13439,9
13439,10
13439,9
13439,10
13439,8
13445,10
13445,8
13445,10
13445,10
13445,8
13445,10
13445,9
13445,10
13445,10
13445,8
13446,10
13446,9
13446,10
13446,9
13446,8
13446,9
13446,10
13446,10
13446,10
13447,8
13447,10
13447,9
13447,10
13447,10
13447,8
13447,10
13447,9
13447,10
13447,9
13448,8
13448,10
13448,9
13448,10
13448,9
13448,8
13448,10
13448,10
13448,10
13449,9
13449,8
13449,9
13449,10
13449,10
13449,9
13449,8
13449,10
13455,9
13455,8
13455,10
13455,10
13455,10
13455,10
13455,8
13455,10
13455,10
13456,10
13456,9
13456,8
13456,10
13456,10
13456,10
13456,10
13456,8
13456,10
13456,10
13457,10
13457,9
13457,8
13457,10
13457,9
13457,10
13457,11
13457,8
13457,10
13458,10
13458,10
13458,10
13458,8
13458,10
13458,10
13458,10
13458,9
13458,8
13458,10
13459,10
13459,10
13459,8
13459,8
13459,9
13459,10
13459,10
13465,10
13465,8
13465,10
13465,9
13465,10
13465,10
13465,8
13465,10
13466,9
13466,10
13466,10
13466,8
13466,10
13466,9
13466,10
13466,9
13466,8
13467,11
13467,9
13467,10
13467,9
13467,8
13467,11
13467,9
13467,10
13467,9
13467,9
13468,11
13468,9
13468,10
13468,9
13468,8
13468,11
13468,10
13468,10
13468,9
13469,8
13469,10
13469,10
13469,10
13469,9
13469,9
13469,11
13469,10
13480,10
13485,10
13485,9
13485,8
13485,10
13485,10
13485,10
13485,9
13486,9
13486,10
13486,10
13486,10
13486,8
13486,8
13486,10
13486,9
13486,9
13486,9
13487,9
13487,9
13487,10
13487,9
13487,8
13487,9
13487,9
13487,10
13487,10
13488,8
13488,9
13488,10
13488,10
13488,10
13488,8
13488,9
13488,9
13488,10
13489,9
13489,8
13489,9
13489,9
13489,10
13489,9
13489,8
13489,9
13495,7
13495,9
13495,10
13495,9
13495,10
13495,8
13495,10
13495,10
13495,10
13495,10
13496,8
13496,9
13496,11
13496,10
13496,10
13496,8
13496,10
13496,10
13496,10
13497,10
13497,8
13497,9
13497,11
13497,10
13497,10
13497,8
13497,10
13497,10
13498,10
13498,10
13498,8
13498,10
13498,10
13498,9
13498,9
13498,8
13498,10
13498,10
13499,9
13499,10
13499,8
13499,10
13499,10
13499,9
13499,9
13505,10
13505,8
13505,10
13505,9
13505,10
13505,10
13505,8
13505,10
13505,9
13506,10
13506,9
13506,8
13506,9
13506,9
13506,10
13506,9
13506,8
13506,9
13507,9
13507,10
13507,10
13507,8
13507,9
13507,9
13507,10
13507,9
13507,8
13507,9
13508,9
13508,10
13508,10
13508,8
13508,9
13508,9
13508,10
13508,10
13508,8
13509,10
13509,9
13509,10
13509,10
13509,8
13509,10
13509,9
13509,10
13515,10
13515,9
13515,7
13515,9
13515,9
13515,10
13515,10
13516,8
13516,10
13516,9
13516,10
13516,10
13516,8
13516,10
13516,10
13516,10
13517,10
13517,8
13517,10
13517,9
13517,10
13517,10
13517,8
13517,10
13517,9
13518,10
13518,10
13518,8
13518,10
13518,9
13518,10
13518,10
13518,8
13518,10
13518,10
13519,10
13519,10
13519,8
13519,10
13519,9
13519,9
13519,10
13530,8
13535,10
13535,9
13535,8
13536,10
13536,9
13536,11
13536,10
13536,8
13536,9
13536,9
13536,10
13536,10
13536,8
13537,10
13537,9
13537,10
13537,9
13537,8
13537,10
13537,9
13537,10
13537,10
13538,8
13538,10
13538,10
13538,10
13538,10
13538,8
13538,10
13538,10
13538,10
13538,10
13539,8
13539,10
13539,10
13539,10
13539,9
13539,8
13539,10
13545,9
13545,10
13545,8
13545,10
13545,9
13545,10
13545,11
13545,9
13545,10
13546,9
13546,9
13546,10
13546,9
13546,10
13546,9
13546,8
13546,11
13546,9
13547,10
13547,9
13547,9
13547,11
13547,9
13547,10
13547,9
13547,7
13547,10
13547,9
13548,10
13548,8
13548,9
13548,11
13548,9
13548,9
13548,9
13548,8
13548,10
13549,9
13549,10
13549,8
13549,8
13549,10
13549,9
13549,10
13549,9
13555,10
13555,10
13555,9
13555,10
13555,10
13555,10
13555,10
13555,8
13556,8
13556,10
13556,10
13556,10
13556,9
13556,9
13556,10
13556,10
13556,10
13556,8
13557,9
13557,9
13557,10
13557,10
13557,8
13557,9
13557,9
13557,10
13557,10
13558,8
13558,10
13558,9
13558,10
13558,9
13558,8
13558,10
13558,9
13558,10
13558,10
13559,8
13559,10
13559,9
13559,10
13559,10
13559,8
13559,10
13565,10
13565,8
13565,10
13565,9
13565,10
13565,10
13565,8
13566,10
13566,10
13566,10
13566,10
13566,8
13566,10
13566,9
13566,10
13566,10
13567,8
13567,10
13567,9
13567,10
13567,10
13567,8
13567,10
13567,9
13567,10
13568,9
13568,8
13568,11
13568,9
13568,10
13568,9
13568,8
13568,10
13568,9
13568,10
13569,9
13569,8
13569,11
13569,9
13569,10
13569,9
13569,8
13580,9
13585,9
13585,10
13585,10
13585,8
13586,10
13586,10
13586,10
13586,10
13586,8
13586,10
13586,10
13586,10
13586,10
13586,8
13587,10
13587,10
13587,10
13587,9
13587,8
13587,10
13587,10
13587,10
13587,9
13588,8
13588,10
13588,10
13588,10
13588,9
13588,8
13588,9
13588,10
13588,10
13589,9
13589,9
13589,10
13589,10
13589,10
13589,9
13589,9
13589,9
13595,7
13595,9
13595,9
13595,10
13595,9
13595,8
13595,11
13596,10
13596,10
13596,9
13596,8
13596,10
13596,9
13596,10
13596,9
13596,8
13596,10
13597,9
13597,10
13597,9
13597,8
13597,9
13597,10
13597,10
13597,9
13597,8
13598,10
13598,9
13598,9
13598,9
13598,8
13598,10
13598,10
13598,10
13598,9
13598,9
13599,10
13599,9
13599,10
13599,9
13599,8
13599,10
13599,9
13605,8
13605,10
13605,10
13605,10
13605,9
13605,8
13605,10
13605,10
13606,10
13606,9
13606,8
13606,9
13606,10
13606,10
13606,9
13606,9
13606,10
13607,11
13607,10
13607,8
13607,9
13607,9
13607,10
13607,9
13607,8
13607,9
13608,10
13608,10
13608,10
13608,9
13608,9
13608,10
13608,10
13608,10
13608,8
13608,9
13609,9
13609,10
13609,10
13609,8
13609,9
13609,10
13609,10
13615,10
13615,10
13615,9
13615,8
13615,10
13615,10
13616,9
13616,9
13616,9
13616,10
13616,10
13616,9
13616,8
13616,9
13616,10
13617,10
13617,10
13617,8
13617,9
13617,9
13617,10
13617,10
13617,9
13617,9
13617,9
13618,10
13618,10
13618,8
13618,9
13618,9
13618,10
13618,10
13618,8
13618,10
13619,9
13619,10
13619,9
13619,8
13619,10
13619,9
13619,10
13619,9
13634,10
13639,8
13645,9
13645,10
13645,9
13645,8
13645,10
13645,11
13645,10
13646,9
13646,8
13646,10
13646,10
13646,9
13646,9
13646,9
13646,10
13646,10
13647,10
13647,9
13647,8
13647,10
13647,10
13647,10
13647,9
13647,9
13647,9
13647,10
13648,10
13648,9
13648,9
13648,10
13648,10
13648,10
13648,9
13648,10
13648,10
13649,10
13649,10
13649,8
13649,10
13649,9
13649,10
13649,10
13649,8
13655,9
13655,9
13655,10
13655,10
13655,8
13656,9
13656,10
13656,10
13656,9
13656,8
13656,10
13656,9
13656,10
13656,10
13656,8
13657,10
13657,9
13657,10
13657,10
13657,8
13657,10
13657,9
13657,10
13657,10
13658,8
13658,10
13658,9
13658,10
13658,9
13658,8
13658,10
13658,9
13658,10
13659,10
13659,8
13659,10
13659,9
13659,10
13659,9
13659,8
13659,10
13665,8
13665,10
13665,8
13665,10
13666,10
13666,9
13666,9
13666,9
13666,11
13666,9
13666,8
13666,10
13666,9
13667,10
13667,10
13667,8
13667,9
13667,9
13667,10
13667,9
13667,9
13667,10
13667,9
13668,10
13668,9
13668,8
13668,10
13668,10
13668,10
13668,9
13668,8
13668,10
13669,10
13669,10
13669,9
13669,8
13669,10
13669,10
13669,10
13669,9
13680,9
13685,10
13685,10
13685,8
13685,9
13686,8
13686,11
13686,9
13686,8
13686,9
13686,9
13686,11
13686,10
13686,9
13687,9
13687,8
13687,10
13687,10
13687,8
13687,9
13687,9
13687,10
13687,10
13687,8
13688,9
13688,9
13688,10
13688,10
13688,8
13688,10
13688,9
13688,11
13688,11
13689,8
13689,9
13689,9
13689,10
13689,10
13689,8
13689,10
13689,9
13695,8
13695,10
13695,10
13695,9
13695,9
13696,8
13696,10
13696,10
13696,8
13696,9
13696,8
13696,10
13696,10
13696,9
13697,9
13697,8
13697,10
13697,10
13697,9
13697,9
13697,8
13697,10
13697,10
13697,9
13698,9
13698,8
13698,10
13698,9
13698,8
13698,9
13698,8
13698,11
13698,9
13699,8
13699,9
13699,10
13699,10
13699,9
13699,8
13699,9
13699,9
13705,9
13705,9
13705,10
13705,10
13705,10
13706,8
13706,9
13706,11
13706,9
13706,10
13706,8
13706,9
13706,10
13706,9
13707,9
13707,8
13707,9
13707,10
13707,10
13707,10
13707,8
13707,9
13707,10
13707,9
13708,10
13708,8
13708,9
13708,10
13708,9
13708,10
13708,8
13708,9
13708,10
13709,9
13709,10
13709,8
13709,9
13709,10
13709,10
13709,10
13709,8
13715,9
13715,10
13715,10
13716,10
13716,8
13716,9
13716,10
13716,9
13716,10
13716,8
13716,9
13716,11
13717,10
13717,10
13717,8
13717,9
13717,11
13717,10
13717,10
13717,8
13717,10
13717,10
13718,10
13718,10
13718,8
13718,10
13718,10
13718,10
13718,10
13718,8
13718,10
13719,10
13719,9
13719,9
13719,8
13719,10
13719,10
13719,10
13719,10
13730,8
13735,10
13735,9
13736,10
13736,10
13736,8
13736,10
13736,9
13736,10
13736,10
13736,8
13736,10
13737,9
13737,10
13737,10
13737,8
13737,10
13737,9
13737,10
13737,10
13737,8
13737,10
13738,9
13738,10
13738,9
13738,8
13738,10
13738,9
13738,10
13738,10
13738,8
13739,10
13739,9
13739,10
13739,10
13739,8
13739,10
13739,9
13739,10
13745,8
13745,10
13745,10
13745,9
13745,10
13746,8
13746,10
13746,10
13746,9
13746,9
13746,8
13746,10
13746,10
13746,9
13746,10
13747,7
13747,10
13747,10
13747,9
13747,10
13747,9
13747,10
13747,10
13747,9
13748,10
13748,8
13748,10
13748,10
13748,9
13748,10
13748,8
13748,10
13748,10
13749,9
13749,10
13749,8
13749,10
13749,10
13749,9
13749,9
13749,8
13755,10
13755,8
13755,8
13755,10
13755,9
13756,10
13756,10
13756,8
13756,10
13756,10
13756,10
13756,10
13756,8
13756,10
13756,10
13757,10
13757,9
13757,8
13757,10
13757,10
13757,10
13757,9
13757,8
13757,10
13758,10
13758,10
13758,9
13758,8
13758,10
13758,10
13758,10
13758,9
13758,9
13758,10
13759,10
13759,10
13759,9
13759,9
13759,10
13759,10
13759,10
13765,8
13765,10
13765,9
13766,10
13766,10
13766,8
13766,10
13766,9
13766,10
13766,10
13766,8
13766,10
13766,9
13767,10
13767,10
13767,8
13767,10
13767,9
13767,10
13767,9
13767,8
13767,10
13768,9
13768,10
13768,10
13768,8
13768,10
13768,9
13768,10
13768,9
13768,10
13768,10
13769,9
13769,10
13769,9
13769,8
13769,11
13769,9
13769,10
13781,9
13786,10
13786,9
13786,10
13786,8
13786,10
13786,10
13786,9
13787,10
13787,8
13787,10
13787,10
13787,9
13787,10
13787,8
13787,9
13787,10
13788,9
13788,10
13788,8
13788,10
13788,10
13788,9
13788,10
13788,8
13788,10
13788,10
13789,9
13789,10
13789,8
13789,10
13789,9
13789,9
13789,10
13795,8
13795,9
13795,9
13795,10
13796,10
13796,8
13796,10
13796,10
13796,10
13796,10
13796,8
13796,10
13796,9
13796,10
13797,10
13797,8
13797,9
13797,10
13797,10
13797,9
13797,8
13797,9
13797,10
13798,10
13798,10
13798,8
13798,9
13798,10
13798,10
13798,10
13798,8
13798,10
13798,10
13799,10
13799,10
13799,8
13799,9
13799,10
13799,10
13799,9
13805,9
13805,9
13805,8
13805,10
13806,10
13806,10
13806,9
13806,8
13806,10
13806,10
13806,10
13806,9
13806,8
13806,10
13807,10
13807,9
13807,10
13807,8
13807,10
13807,10
13807,9
13807,9
13807,8
13808,10
13808,10
13808,9
13808,10
13808,8
13808,11
13808,9
13808,9
13808,10
13809,8
13809,11
13809,10
13809,9
13809,9
13809,8
13809,10
13809,10
13815,9
13815,9
13816,8
13816,10
13816,10
13816,9
13816,9
13816,8
13816,10
13816,10
13816,9
13816,11
13817,8
13817,10
13817,10
13817,9
13817,10
13817,8
13817,10
13817,9
13817,9
13818,9
13818,8
13818,10
13818,10
13818,8
13818,9
13818,8
13818,10
13818,10
13819,9
13819,9
13819,8
13819,10
13819,9
13819,7
13819,9
13819,8
13833,10
13838,8
13838,10
13838,10
13838,9
13838,10
13838,8
13838,11
13838,10
13838,9
13839,10
13839,8
13839,10
13839,10
13839,9
13839,10
13839,8
13839,10
13845,10
13845,10
13845,10
13846,10
13846,8
13846,10
13846,10
13846,9
13846,10
13846,8
13846,10
13846,10
13847,10
13847,10
13847,7
13847,10
13847,10
13847,9
13847,9
13847,8
13847,10
13847,10
13848,10
13848,10
13848,8
13848,10
13848,10
13848,9
13848,10
13848,8
13848,10
13849,10
13849,9
13849,10
13849,9
13849,10
13849,10
13849,9
13849,9
13855,10
13855,9
13855,9
13856,8
13856,10
13856,10
13856,9
13856,9
13856,8
13856,10
13856,10
13856,11
13857,9
13857,8
13857,10
13857,10
13857,10
13857,9
13857,8
13857,10
13857,10
13858,10
13858,9
13858,7
13858,10
13858,10
13858,10
13858,9
13858,8
13858,10
13858,10
13859,10
13859,9
13859,8
13859,11
13859,10
13859,10
13859,9
13865,6
13865,7
13866,10
13866,10
13866,10
13866,9
13866,9
13866,10
13866,11
13866,10
13866,8
13867,9
13867,10
13867,10
13867,10
13867,8
13867,9
13867,10
13867,10
13867,9
13868,8
13868,9
13868,9
13868,10
13868,9
13868,8
13868,9
13868,10
13868,10
13868,9
13869,9
13869,9
13869,9
13869,10
13869,10
13869,8
13869,9
13869,10
13880,9
13886,10
13886,9
13886,10
13886,10
13886,8
13886,10
13886,9
13886,10
13886,9
13887,8
13887,10
13887,9
13887,10
13887,9
13887,8
13887,10
13887,10
13887,10
13888,10
13888,8
13888,10
13888,10
13888,10
13888,9
13888,8
13888,10
13888,10
13889,10
13889,7
13889,8
13889,10
13889,10
13889,10
13889,9
13889,8
13895,8
13895,9
13895,8
13896,10
13896,10
13896,8
13896,9
13896,9
13896,11
13896,10
13896,8
13896,9
13897,10
13897,10
13897,10
13897,8
13897,9
13897,9
13897,10
13897,10
13897,8
13898,9
13898,9
13898,10
13898,9
13898,8
13898,10
13898,9
13898,10
13898,8
13898,8
13899,10
13899,9
13899,10
13899,9
13899,8
13899,9
13899,9
13905,8
13905,9
13906,10
13906,10
13906,10
13906,8
13906,10
13906,10
13906,10
13906,9
13906,8
13906,10
13907,10
13907,10
13907,9
13907,8
13907,10
13907,10
13907,10
13907,10
13907,8
13908,10
13908,10
13908,10
13908,9
13908,8
13908,10
13908,10
13908,10
13908,9
13909,8
13909,10
13909,10
13909,10
13909,9
13909,8
13909,10
13909,10
13916,10
13916,10
13916,10
13916,10
13916,8
13916,10
13916,11
13916,9
13916,9
13916,8
13917,10
13917,10
13917,10
13917,8
13917,8
13917,10
13917,10
13917,10
13917,9
13918,8
13918,10
13918,10
13918,10
13918,9
13918,8
13918,9
13918,10
13918,10
13919,9
13919,9
13919,10
13919,10
13919,10
13919,8
13919,9
13919,9
13930,10
13936,10
13936,8
13936,9
13936,9
13936,11
13936,9
13936,8
13936,9
13936,9
13936,10
13937,10
13937,9
13937,9
13937,8
13937,10
13937,10
13937,9
13937,9
13937,8
13938,10
13938,10
13938,9
13938,9
13938,8
13938,10
13938,10
13938,8
13938,9
13938,8
13939,10
13939,10
13939,8
13939,10
13939,9
13939,10
13939,10
13945,10
13945,10
13946,10
13946,8
13946,9
13946,10
13946,9
13946,9
13946,8
13946,9
13946,10
13947,10
13947,10
13947,8
13947,9
13947,10
13947,9
13947,10
13947,8
13947,9
13947,10
13948,9
13948,10
13948,8
13948,9
13948,11
13948,10
13948,10
13948,8
13948,10
13949,10
13949,9
13949,9
13949,8
13949,9
13949,10
13949,9
13949,10
13955,8
13956,10
13956,9
13956,8
13956,9
13956,8
13956,11
13956,9
13956,8
13956,9
13956,9
13957,10
13957,9
13957,8
13957,9
13957,9
13957,10
13957,9
13957,8
13957,9
13958,9
13958,10
13958,10
13958,8
13958,9
13958,8
13958,10
13958,10
13958,8
13958,9
13959,8
13959,10
13959,9
13959,8
13959,9
13959,8
13959,10
13966,8
13966,10
13966,10
13966,9
13966,10
13966,9
13966,10
13966,10
13967,9
13967,10
13967,8
13967,10
13967,9
13967,9
13967,10
13967,9
13967,11
13967,10
13968,8
13968,11
13968,8
13968,10
13968,10
13968,9
13968,9
13968,8
13968,10
13969,10
13969,9
13969,9
13969,8
13969,10
13969,10
13969,8
13969,9
13980,10
13986,10
13986,9
13986,8
13986,10
13986,9
13987,9
13987,9
13987,8
13987,11
13987,9
13987,10
13987,9
13987,8
13987,11
13987,9
13988,10
13988,9
13988,9
13988,10
13988,9
13988,10
13988,9
13988,8
13988,10
13989,9
13989,10
13989,9
13989,8
13989,10
13989,9
13989,10
13989,9
13996,10
13996,10
13996,10
13996,7
13996,10
13996,10
13996,10
13996,10
13996,8
13996,9
13997,10
13997,10
13997,9
13997,7
13997,10
13997,10
13997,10
13997,10
13997,8
13998,10
13998,10
13998,10
13998,9
13998,8
13998,10
13998,11
13998,9
13998,9
13999,8
13999,10
13999,10
13999,10
13999,8
13999,8
13999,9
13999,10
14005,10
14006,8
14006,9
14006,11
14006,9
14006,9
14006,8
14006,9
14006,10
14006,10
14007,10
14007,8
14007,9
14007,10
14007,10
14007,10
14007,8
14007,9
14007,10
14008,10
14008,10
14008,8
14008,9
14008,10
14008,9
14008,10
14008,9
14008,9
14008,10
14009,10
14009,10
14009,8
14009,9
14009,10
14009,9
14009,10
14016,10
14016,10
14016,9
14016,9
14016,8
14016,10
14016,10
14016,10
14017,10
14017,8
14017,10
14017,10
14017,10
14017,9
14017,9
14017,10
14017,9
14018,9
14018,10
14018,8
14018,10
14018,10
14018,9
14018,10
14018,8
14018,10
14018,10
14019,9
14019,10
14019,8
14019,10
14019,10
14019,9
14019,9
14030,9
14036,10
14036,11
14036,10
14036,9
14036,8
14036,10
14036,10
14036,10
14036,8
14037,8
14037,9
14037,10
14037,10
14037,9
14037,9
14037,10
14037,10
14037,9
14038,8
14038,9
14038,10
14038,10
14038,10
14038,9
14038,9
14038,10
14038,10
14038,10
14039,8
14039,9
14039,9
14039,10
14039,10
14039,8
14039,10
14045,8
14046,9
14046,8
14046,10
14046,9
14046,9
14046,9
14046,9
14046,10
14046,10
14047,8
14047,9
14047,10
14047,10
14047,9
14047,9
14047,9
14047,9
14047,10
14048,9
14048,8
14048,9
14048,9
14048,10
14048,10
14048,8
14048,10
14048,10
14048,10
14049,10
14049,8
14049,10
14049,10
14049,10
14049,9
14049,8
14056,9
14056,8
14056,10
14056,9
14056,10
14056,10
14056,8
14056,10
14056,9
14057,10
14057,9
14057,8
14057,9
14057,9
14057,10
14057,10
14057,8
14057,10
14057,9
14058,10
14058,9
14058,8
14058,10
14058,10
14058,10
14058,10
14058,8
14058,10
14059,10
14059,10
14059,10
14059,8
14059,10
14059,10
14059,10
14059,9
14066,8
14066,10
14066,9
14066,10
14066,8
14066,9
14066,10
14067,9
14067,9
14067,8
14067,9
14067,10
14067,9
14067,9
14067,8
14067,9
14068,10
14068,11
14068,10
14068,8
14068,9
14068,10
14068,9
14068,9
14068,9
14068,10
14069,10
14069,9
14069,9
14069,8
14069,10
14069,10
14069,10
14083,8
14087,10
14088,10
14088,9
14088,8
14088,10
14088,9
14088,10
14088,9
14088,8
14088,10
14089,9
14089,10
14089,9
14089,8
14089,10
14089,9
14089,10
14089,10
14096,9
14096,10
14096,8
14096,9
14096,10
14096,9
14096,9
14096,8
14097,9
14097,10
14097,9
14097,10
14097,8
14097,9
14097,10
14097,10
14097,10
14097,8
14098,9
14098,10
14098,10
14098,9
14098,8
14098,10
14098,10
14098,10
14098,9
14099,8
14099,10
14099,10
14099,9
14099,10
14099,8
14099,10
14099,10
14106,10
14106,8
14106,10
14106,10
14106,10
14106,10
14106,8
14106,10
14107,10
14107,10
14107,9
14107,8
14107,10
14107,10
14107,10
14107,9
14107,8
14107,10
14108,11
14108,10
14108,10
14108,8
14108,10
14108,10
14108,10
14108,9
14108,9
14109,10
14109,10
14109,10
14109,9
14109,8
14109,10
14109,10
14109,10
14116,9
14116,10
14116,9
14116,8
14116,10
14116,10
14117,10
14117,10
14117,8
14117,10
14117,10
14117,10
14117,10
14117,8
14117,10
14118,10
14118,10
14118,10
14118,8
14118,10
14118,10
14118,10
14118,9
14118,8
14118,10
14119,10
14119,10
14119,9
14119,8
14119,10
14119,10
14119,10
14129,10
14136,10
14136,9
14136,10
14136,8
14136,9
14136,10
14136,9
14137,10
14137,8
14137,9
14137,10
14137,10
14137,10
14137,8
14137,10
14137,10
14137,10
14138,10
14138,8
14138,9
14138,10
14138,10
14138,10
14138,7
14138,10
14138,10
14139,10
14139,10
14139,8
14139,10
14139,10
14139,9
14139,10
14139,9
14146,8
14146,10
14146,9
14146,10
14146,10
14146,9
14146,10
14147,9
14147,10
14147,10
14147,8
14147,10
14147,9
14147,10
14147,10
14147,8
14147,10
14148,9
14148,10
14148,9
14148,8
14148,10
14148,9
14148,10
14148,9
14148,8
14149,10
14149,9
14149,10
14149,10
14149,8
14149,10
14149,9
14149,10
14156,10
14156,9
14156,10
14156,10
14156,8
14156,11
14156,9
14156,10
14157,9
14157,8
14157,10
14157,9
14157,10
14157,9
14157,8
14157,10
14157,9
14158,10
14158,9
14158,9
14158,11
14158,9
14158,10
14158,9
14158,10
14158,11
14159,9
14159,10
14159,9
14159,9
14159,10
14159,9
14159,10
14159,8
14166,8
14166,10
14166,9
14166,10
14166,9
14167,8
14167,10
14167,9
14167,10
14167,9
14167,8
14167,10
14167,9
14167,10
14168,9
14168,8
14168,10
14168,9
14168,10
14168,9
14168,7
14168,9
14168,9
14168,10
14169,8
14169,9
14169,10
14169,9
14169,10
14169,9
14169,9
14180,9
14186,10
14186,8
14186,9
14186,10
14187,10
14187,10
14187,8
14187,9
14187,10
14187,10
14187,10
14187,8
14187,10
14187,9
14188,10
14188,9
14188,8
14188,10
14188,9
14188,11
14188,10
14188,8
14188,9
14189,9
14189,10
14189,10
14189,8
14189,10
14189,9
14189,10
14189,10
14196,10
14196,9
14196,10
14196,10
14196,8
14196,10
14197,9
14197,10
14197,9
14197,8
14197,10
14197,10
14197,10
14197,9
14197,8
14197,10
14198,10
14198,10
14198,9
14198,8
14198,10
14198,10
14198,10
14198,10
14198,8
14199,9
14199,10
14199,10
14199,6
14199,8
14199,10
14199,10
14199,10
14206,10
14206,10
14206,9
14206,8
14206,10
14206,10
14206,9
14207,10
14207,8
14207,10
14207,10
14207,9
14207,9
14207,8
14207,9
14207,10
14208,9
14208,10
14208,8
14208,10
14208,10
14208,9
14208,9
14208,8
14208,10
14209,10
14209,8
14209,10
14209,8
14209,11
14209,10
14209,9
14209,9
14216,8
14216,10
14216,9
14216,10
14216,9
14217,8
14217,10
14217,11
14217,11
14217,9
14217,8
14217,10
14217,10
14217,10
14218,9
14218,8
14218,10
14218,10
14218,10
14218,9
14218,8
14218,10
14218,10
14219,10
14219,9
14219,8
14219,10
14219,10
14219,10
14219,9
14219,8
14230,8
14236,9
14236,9
14237,9
14237,9
14237,10
14237,8
14237,10
14237,10
14237,9
14237,8
14237,8
14238,10
14238,10
14238,9
14238,9
14238,8
14238,10
14238,10
14238,8
14238,9
14238,8
14239,10
14239,10
14239,8
14239,9
14239,8
14239,10
14239,9
14246,9
14246,8
14246,11
14246,9
14246,9
14247,8
14247,9
14247,10
14247,9
14247,10
14247,10
14247,8
14247,10
14247,9
14247,10
14248,9
14248,8
14248,10
14248,9
14248,10
14248,9
14248,8
14248,11
14248,9
14249,9
14249,8
14249,9
14249,10
14249,9
14249,10
14249,8
14249,9
14256,9
14256,8
14256,10
14256,9
14256,10
14257,10
14257,8
14257,10
14257,9
14257,10
14257,10
14257,8
14257,10
14257,9
14258,10
14258,10
14258,8
14258,10
14258,9
14258,10
14258,10
14258,8
14258,10
14259,9
14259,10
14259,9
14259,8
14259,10
14259,9
14259,10
14259,9
14266,9
14266,10
14266,10
14267,8
14267,10
14267,9
14267,10
14267,9
14267,8
14267,10
14267,9
14267,10
14268,10
14268,8
14268,10
14268,9
14268,11
14268,10
14268,8
14268,10
14268,9
14268,10
14269,10
14269,8
14269,10
14269,9
14269,10
14269,10
14269,9
14280,9
14286,10
14287,9
14287,8
14287,10
14287,10
14287,10
14287,8
14287,7
14287,10
14287,10
14288,10
14288,10
14288,8
14288,10
14288,10
14288,10
14288,9
14288,8
14288,10
14288,10
14289,9
14289,9
14289,8
14289,10
14289,10
14289,10
14289,9
14296,10
14296,8
14296,9
14296,10
14296,10
14297,10
14297,8
14297,9
14297,9
14297,10
14297,10
14297,8
14297,10
14297,9
14298,10
14298,9
14298,8
14298,9
14298,9
14298,10
14298,10
14298,7
14298,10
14298,9
14299,10
14299,10
14299,8
14299,9
14299,9
14299,10
14299,10
14306,9
14306,10
14306,7
14306,8
14306,10
14307,9
14307,10
14307,9
14307,8
14307,10
14307,10
14307,10
14307,9
14307,8
14308,10
14308,9
14308,10
14308,9
14308,8
14308,11
14308,9
14308,10
14308,9
14309,9
14309,11
14309,9
14309,10
14309,8
14309,9
14309,10
14309,10
14316,11
14316,10
14316,8
14317,10
14317,10
14317,10
14317,9
14317,7
14317,10
14317,10
14317,10
14317,10
14318,7
14318,9
14318,10
14318,10
14318,9
14318,8
14318,10
14318,10
14318,10
14318,9
14319,8
14319,10
14319,10
14319,10
14319,9
14319,8
14319,10
14333,8
14338,9
14338,8
14338,10
14338,10
14338,10
14338,9
14338,9
14338,9
14339,10
14339,10
14339,9
14339,8
14339,10
14339,11
14339,10
14339,8
14346,10
14346,10
14346,9
14346,9
14347,10
14347,10
14347,10
14347,9
14347,9
14347,10
14347,10
14347,10
14347,8
14347,9
14348,9
14348,10
14348,9
14348,9
14348,9
14348,10
14348,10
14348,10
14348,9
14349,9
14349,9
14349,10
14349,9
14349,8
14349,9
14349,9
14349,10
14356,9
14356,8
14356,10
14357,9
14357,9
14357,10
14357,8
14357,10
14357,9
14357,8
14357,9
14357,9
14357,10
14358,9
14358,8
14358,9
14358,8
14358,10
14358,9
14358,8
14358,9
14358,9
14359,10
14359,9
14359,8
14359,9
14359,9
14359,10
14359,9
14359,8
14366,8
14367,11
14367,10
14367,9
14367,10
14367,8
14367,11
14367,9
14367,9
14367,10
14367,8
14368,10
14368,10
14368,8
14368,9
14368,8
14368,10
14368,9
14368,9
14368,9
14369,7
14369,10
14369,10
14369,9
14369,10
14369,8
14369,10
14369,10
14380,9
14387,10
14387,9
14387,10
14387,10
14387,8
14387,10
14387,9
14387,10
14387,10
14388,8
14388,9
14388,9
14388,10
14388,10
14388,8
14388,10
14388,9
14388,10
14389,10
14389,8
14389,8
14389,9
14389,10
14389,10
14389,8
14389,10
14396,9
14396,10
14396,10
14397,9
14397,8
14397,9
14397,9
14397,10
14397,9
14397,8
14397,10
14397,9
14398,10
14398,10
14398,8
14398,9
14398,9
14398,10
14398,10
14398,8
14398,9
14398,9
14399,10
14399,9
14399,8
14399,10
14399,9
14399,10
14399,10
14406,9
14406,9
14406,10
14407,9
14407,8
14407,9
14407,9
14407,10
14407,9
14407,8
14407,9
14407,9
14408,10
14408,8
14408,8
14408,10
14408,9
14408,10
14408,10
14408,8
14408,9
14408,10
14409,11
14409,9
14409,8
14409,10
14409,9
14409,10
14409,9
14417,10
14417,8
14417,10
14417,9
14417,10
14417,9
14417,8
14417,11
14417,9
14417,10
14418,9
14418,8
14418,11
14418,7
14418,9
14418,9
14418,8
14418,10
14418,10
14419,10
14419,9
14419,8
14419,11
14419,9
14419,10
14419,9
14419,10
14429,9
14436,9
14436,8
14437,10
14437,9
14437,8
14437,9
14437,8
14437,10
14437,10
14437,8
14437,9
14438,6
14438,10
14438,10
14438,7
14438,9
14438,9
14438,10
14438,9
14438,8
14438,10
14439,9
14439,10
14439,10
14439,8
14439,10
14439,9
14439,10
14446,11
14446,9
14446,8
14447,9
14447,9
14447,10
14447,10
14447,9
14447,9
14447,10
14447,11
14447,10
14448,8
14448,9
14448,10
14448,10
14448,9
14448,8
14448,10
14448,9
14448,10
14449,10
14449,8
14449,10
14449,9
14449,10
14449,9
14449,8
14449,10
14456,10
14456,8
14457,9
14457,8
14457,10
14457,10
14457,9
14457,8
14457,8
14457,10
14457,9
14458,8
14458,10
14458,9
14458,11
14458,9
14458,8
14458,8
14458,9
14458,10
14458,10
14459,10
14459,9
14459,11
14459,10
14459,10
14459,7
14459,9
14459,9
14467,8
14467,10
14467,10
14467,8
14467,9
14467,8
14467,10
14467,9
14467,8
14468,9
14468,9
14468,10
14468,10
14468,8
14468,9
14468,9
14468,10
14468,9
14468,8
14469,9
14469,9
14469,10
14469,9
14469,7
14469,9
14469,9
14480,11
14487,9
14487,10
14487,10
14487,8
14487,10
14487,9
14487,10
14488,10
14488,8
14488,10
14488,9
14488,10
14488,10
14488,8
14488,10
14488,9
14488,10
14489,10
14489,7
14489,10
14489,9
14489,10
14489,10
14489,9
14496,8
14497,9
14497,10
14497,10
14497,10
14497,8
14497,9
14497,10
14497,10
14497,9
14497,8
14498,10
14498,10
14498,10
14498,10
14498,8
14498,9
14498,10
14498,8
14498,9
14499,8
14499,10
14499,10
14499,9
14499,10
14499,8
14499,10
14499,8
14506,9
14507,8
14507,10
14507,10
14507,9
14507,9
14507,8
14507,10
14507,10
14507,8
14508,9
14508,8
14508,10
14508,9
14508,8
14508,9
14508,9
14508,10
14508,9
14508,8
14509,9
14509,9
14509,10
14509,9
14509,8
14509,9
14509,9
14517,10
14517,10
14517,8
14517,10
14517,9
14517,10
14517,10
14517,8
14517,10
14518,10
14518,10
14518,9
14518,8
14518,10
14518,9
14518,10
14518,9
14518,8
14519,10
14519,9
14519,10
14519,10
14519,8
14519,10
14519,9
14519,10
14529,10
14529,9
14529,10
14529,9
14529,8
14529,10
14536,9
14537,10
14537,8
14537,10
14537,9
14537,9
14537,9
14537,8
14537,10
14537,10
14538,9
14538,9
14538,8
14538,10
14538,10
14538,8
14538,10
14538,8
14538,10
14538,9
14539,8
14539,9
14539,9
14539,10
14539,9
14539,8
14539,9
14546,10
14547,10
14547,9
14547,8
14547,9
14547,10
14547,10
14547,9
14547,8
14547,9
14548,10
14548,10
14548,10
14548,8
14548,9
14548,9
14548,10
14548,10
14548,8
14549,9
14549,9
14549,10
14549,9
14549,8
14549,10
14549,9
14549,10
14557,10
14557,10
14557,10
14557,10
14557,8
14557,10
14557,9
14557,10
14557,10
14558,8
14558,10
14558,9
14558,10
14558,10
14558,8
14558,9
14558,9
14558,10
14558,10
14559,8
14559,10
14559,9
14559,10
14559,10
14559,8
14559,10
14567,10
14567,8
14567,10
14567,9
14567,10
14567,10
14567,8
14567,10
14568,9
14568,9
14568,10
14568,8
14568,10
14568,9
14568,10
14568,10
14568,8
14568,11
14569,9
14569,9
14569,9
14569,8
14569,11
14569,9
14569,9
14583,8
14588,10
14588,10
14588,10
14589,9
14589,8
14589,10
14589,10
14589,10
14589,10
14589,9
14596,9
14596,10
14597,9
14597,9
14597,8
14597,9
14597,10
14597,9
14597,10
14597,8
14597,9
14598,11
14598,10
14598,10
14598,8
14598,10
14598,10
14598,9
14598,9
14598,8
14598,9
14599,10
14599,10
14599,9
14599,8
14599,9
14599,10
14599,10
14607,10
14607,9
14607,10
14607,9
14607,8
14607,10
14607,10
14607,11
14607,9
14608,8
14608,10
14608,9
14608,10
14608,10
14608,8
14608,10
14608,10
14608,10
14608,9
14609,8
14609,10
14609,9
14609,10
14609,10
14609,9
14609,10
14617,10
14617,10
14617,10
14617,9
14617,9
14617,10
14617,10
14617,10
14618,10
14618,8
14618,10
14618,10
14618,9
14618,9
14618,8
14618,10
14618,10
14619,9
14619,10
14619,8
14619,10
14619,10
14619,9
14619,10
14619,8
14629,11
14629,9
14629,9
14629,8
14629,10
14629,10
14629,9
14637,10
14637,8
14637,10
14637,9
14637,10
14637,10
14637,8
14637,10
14637,9
14638,10
14638,9
14638,8
14638,10
14638,9
14638,10
14638,10
14638,8
14638,10
14639,9
14639,10
14639,10
14639,8
14639,10
14639,9
14639,10
14639,10
14647,10
14647,9
14647,10
14647,10
14647,8
14647,11
14647,9
14647,10
14647,10
14648,9
14648,10
14648,9
14648,10
14648,9
14648,8
14648,10
14648,9
14648,10
14649,9
14649,8
14649,10
14649,9
14649,10
14649,9
14649,8
14649,11
14657,10
14657,9
14657,8
14657,9
14657,9
14657,10
14657,10
14657,8
14658,9
14658,9
14658,10
14658,9
14658,8
14658,10
14658,9
14658,10
14658,9
14658,9
14659,10
14659,10
14659,10
14659,10
14659,8
14659,10
14659,10
14667,8
14667,10
14667,10
14667,8
14667,10
14667,9
14667,10
14667,10
14668,8
14668,9
14668,8
14668,10
14668,9
14668,9
14668,9
14668,8
14668,10
14669,10
14669,8
14669,9
14669,8
14669,10
14669,10
14669,8
14669,9
14679,10
14679,10
14679,10
14679,10
14679,9
14687,9
14687,10
14687,9
14687,8
14687,10
14687,9
14687,10
14687,10
14687,8
14688,10
14688,10
14688,10
14688,9
14688,8
14688,10
14688,10
14688,10
14688,9
14689,8
14689,10
14689,10
14689,10
14689,9
14689,8
14689,10
14689,10
14697,9
14697,8
14697,10
14697,9
14697,10
14697,9
14697,8
14697,10
14698,9
14698,10
14698,10
14698,8
14698,10
14698,9
14698,10
14698,10
14698,8
14699,10
14699,10
14699,10
14699,10
14699,8
14699,10
14699,10
14699,10
14707,10
14707,10
14707,10
14707,10
14707,8
14707,9
14707,10
14708,10
14708,10
14708,8
14708,10
14708,10
14708,9
14708,9
14708,8
14708,10
14708,10
14709,9
14709,10
14709,8
14709,10
14709,10
14709,9
14709,9
14709,8
14717,9
14717,9
14717,10
14717,8
14717,8
14717,10
14718,9
14718,10
14718,10
14718,8
14718,10
14718,9
14718,10
14718,9
14718,8
14719,10
14719,9
14719,10
14719,10
14719,8
14719,10
14719,10
14719,10
14727,9
14727,9
14727,8
14727,10
14728,10
14728,8
14728,9
14728,8
14728,10
14728,10
14728,8
14728,9
14728,8
14729,10
14729,9
14729,8
14729,9
14729,9
14729,10
14729,9
14729,7
14733,11
14733,9
14734,9
14734,8
14734,9
14734,10
14734,9
14734,10
14734,8
14734,9
14734,10
14734,9
14735,10
14735,8
14735,10
14735,10
14735,8
14735,9
14735,8
14735,9
14735,9
14736,10
14736,9
14736,8
14736,9
14736,10
14736,10
14736,10
14736,8
14736,9
14737,10
14737,10
14737,10
14737,8
14737,10
14737,10
14737,8
14737,10
14737,8
14737,10
14738,10
14738,9
14738,10
14738,8
14738,10
14738,10
14738,9
14738,9
14738,8
14739,11
14739,10
14739,8
14739,9
14739,9
14739,10
14739,9
14739,8
14747,8
14747,9
14747,10
14747,10
14747,9
14747,9
14748,10
14748,9
14748,10
14748,8
14748,9
14748,10
14748,10
14748,10
14748,8
14749,9
14749,9
14749,10
14749,9
14749,8
14749,10
14749,9
14749,10
14757,10
14757,10
14757,8
14757,9
14757,10
14757,10
14757,10
14757,8
14757,10
14758,11
14758,10
14758,9
14758,8
14758,10
14758,10
14758,10
14758,9
14758,8
14759,10
14759,10
14759,9
14759,9
14759,8
14759,10
14759,10
14759,10
14767,8
14767,10
14767,10
14767,10
14767,10
14768,8
14768,10
14768,10
14768,10
14768,9
14768,8
14768,10
14768,9
14768,10
14768,9
14769,9
14769,9
14769,10
14769,10
14769,8
14769,9
14769,9
14778,10
14778,9
14779,9
14779,10
14779,9
14779,10
14779,9
14779,9
14779,11
14779,9
14783,10
14783,8
14784,10
14784,9
14784,10
14784,9
14784,8
14784,10
14784,9
14784,10
14784,9
14784,8
14785,10
14785,9
14785,10
14785,10
14785,8
14785,10
14785,9
14785,10
14785,10
14786,8
14786,10
14786,10
14786,10
14786,9
14786,8
14786,11
14786,9
14786,10
14787,9
14787,8
14787,11
14787,9
14787,9
14787,8
14787,9
14787,11
14787,9
14787,10
14788,9
14788,9
14788,10
14788,9
14788,10
14788,8
14788,9
14788,10
14788,9
14789,10
14789,8
14789,9
14789,10
14789,10
14789,10
14789,8
14789,9
14792,8
14792,8
14793,10
14793,11
14793,10
14793,9
14793,8
14793,10
14793,10
14793,9
14793,9
14793,9
14794,10
14794,10
14794,10
14794,9
14794,9
14794,10
14794,10
14794,9
14794,8
14795,9
14795,10
14795,10
14795,10
14795,9
14795,9
14795,10
14795,10
14795,9
14795,8
14796,10
14796,9
14796,10
14796,10
14796,8
14796,9
14796,9
14796,10
14796,9
14797,8
14797,10
14797,9
14797,11
14797,10
14797,8
14797,10
14797,9
14797,10
14798,10
14798,8
14798,10
14798,9
14798,10
14798,10
14798,8
14798,10
14798,9
14798,10
14799,9
14799,8
14799,10
14799,9
14799,10
14799,9
14799,8
14801,10
14801,9
14801,8
14801,10
14801,9
14802,10
14802,10
14802,8
14802,10
14802,9
14802,10
14802,9
14802,8
14802,11
14803,9
14803,10
14803,9
14803,8
14803,10
14803,9
14803,10
14803,9
14803,9
14803,11
14804,9
14804,10
14804,9
14804,8
14804,11
14804,9
14804,10
14804,8
14804,8
14805,10
14805,9
14805,10
14805,8
14805,9
14805,10
14805,10
14805,10
14805,8
14806,9
14806,10
14806,10
14806,10
14806,8
14806,10
14806,11
14806,9
14806,10
14806,8
14807,9
14807,10
14807,9
14807,10
14807,8
14807,10
14807,10
14807,10
14807,10
14808,8
14808,10
14808,10
14808,9
14808,9
14808,8
14808,10
14808,10
14808,10
14808,10
14809,8
14809,10
14809,10
14809,9
14809,10
14809,8
14809,10
14811,10
14811,10
14811,8
14811,9
14811,9
14812,10
14812,10
14812,8
14812,9
14812,9
14812,10
14812,10
14812,8
14812,10
14813,9
14813,10
14813,10
14813,8
14813,9
14813,9
14813,10
14813,10
14813,8
14813,10
14814,9
14814,10
14814,10
14814,8
14814,10
14814,9
14814,10
14814,10
14814,8
14815,9
14815,9
14815,10
14815,10
14815,8
14815,10
14815,10
14815,10
14815,10
14816,8
14816,10
14816,10
14816,10
14816,9
14816,8
14816,10
14816,10
14816,10
14816,9
14817,8
14817,10
14817,10
14817,10
14817,9
14817,8
14817,10
14817,10
14817,10
14818,9
14818,8
14818,10
14818,10
14818,9
14818,9
14818,8
14818,10
14818,10
14818,10
14819,8
14819,9
14819,10
14819,10
14819,10
14819,8
14819,9
14829,9
14829,10
14829,9
14829,8
14829,10
14829,9
14829,10
14829,10
14831,10
14831,8
14831,9
14831,9
14831,10
14831,9
14831,8
14831,9
14831,9
14832,10
14832,9
14832,8
14832,10
14832,9
14832,10
14832,9
14832,8
14832,10
14833,9
14833,10
14833,9
14833,8
14833,9
14833,10
14833,10
14833,10
14833,8
14834,10
14834,10
14834,10
14834,9
14834,8
14834,10
14834,10
14834,10
14834,9
14834,8
14835,9
14835,10
14835,9
14835,8
14835,9
14835,10
14835,10
14835,10
14835,8
14836,10
14836,9
14836,10
14836,10
14836,8
14836,9
14836,9
14836,10
14836,10
14836,8
14837,10
14837,9
14837,10
14837,10
14837,8
14837,9
14837,9
14837,10
14837,10
14838,8
14838,10
14838,9
14838,11
14838,9
14838,8
14838,11
14838,9
14838,10
14838,10
14839,8
14839,10
14839,10
14839,11
14839,9
14839,8
14839,10
14841,8
14841,10
14841,9
14841,10
14842,10
14842,8
14842,10
14842,9
14842,10
14842,9
14842,8
14842,10
14842,9
14842,10
14843,10
14843,8
14843,10
14843,10
14843,10
14843,9
14843,8
14843,10
14843,9
14844,10
14844,9
14844,9
14844,11
14844,9
14844,10
14844,9
14844,9
14844,11
14844,9
14845,10
14845,9
14845,9
14845,10
14845,9
14845,10
14845,8
14845,9
14845,10
14846,9
14846,10
14846,8
14846,9
14846,10
14846,10
14846,10
14846,8
14846,9
14846,10
14847,9
14847,10
14847,8
14847,9
14847,10
14847,9
14847,9
14847,9
14847,11
14848,10
14848,10
14848,10
14848,9
14848,10
14848,10
14848,9
14848,10
14848,8
14849,10
14849,10
14849,9
14849,10
14849,8
14849,10
14849,10
14849,10
14851,9
14851,9
14851,10
14851,10
14852,9
14852,9
14852,10
14852,10
14852,10
14852,8
14852,9
14852,9
14852,10
14852,10
14853,9
14853,9
14853,9
14853,10
14853,10
14853,8
14853,10
14853,9
14853,10
14854,10
14854,8
14854,10
14854,9
14854,10
14854,9
14854,8
14854,10
14854,9
14854,10
14855,10
14855,8
14855,10
14855,9
14855,10
14855,10
14855,8
14855,10
14855,9
14856,10
14856,10
14856,8
14856,10
14856,9
14856,10
14856,10
14856,8
14856,10
14857,9
14857,10
14857,9
14857,8
14857,9
14857,9
14857,9
14857,9
14857,8
14857,10
14858,9
14858,10
14858,9
14858,8
14858,10
14858,9
14858,10
14858,9
14858,8
14859,11
14859,9
14859,10
14859,8
14859,8
14859,11
14859,9
14859,10
14861,10
14861,10
14861,9
14861,8
14861,10
14862,10
14862,10
14862,9
14862,8
14862,10
14862,10
14862,10
14862,9
14862,8
14863,10
14863,10
14863,10
14863,9
14863,8
14863,10
14863,10
14863,10
14863,9
14864,8
14864,10
14864,10
14864,10
14864,9
14864,8
14864,10
14864,10
14864,9
14864,9
14865,8
14865,9
14865,10
14865,10
14865,8
14865,9
14865,10
14865,10
14865,10
14866,8
14866,9
14866,11
14866,10
14866,10
14866,8
14866,9
14866,9
14866,10
14866,10
14867,8
14867,9
14867,9
14867,10
14867,9
14867,8
14867,10
14867,9
14867,10
14868,10
14868,8
14868,10
14868,9
14868,10
14868,10
14868,8
14868,10
14868,9
14869,10
14869,9
14869,8
14869,10
14869,9
14869,10
14869,10
14869,8
14875,9
14875,10
14875,10
14875,10
14875,9
14875,9
14875,10
14876,10
14876,10
14876,8
14876,9
14876,10
14876,10
14876,9
14876,8
14876,9
14876,10
14877,9
14877,10
14877,8
14877,9
14877,10
14877,9
14877,10
14877,8
14877,10
14878,10
14878,9
14878,10
14878,9
14878,10
14878,10
14878,10
14878,10
14878,8
14879,10
14879,10
14879,9
14879,9
14879,8
14879,10
14879,10
14879,9
14881,8
14881,10
14881,10
14881,9
14881,10
14881,9
14881,10
14881,9
14881,8
14882,9
14882,8
14882,10
14882,10
14882,8
14882,9
14882,8
14882,10
14882,10
14883,8
14883,9
14883,8
14883,10
14883,10
14883,8
14883,9
14883,8
14883,10
14883,10
14884,8
14884,9
14884,8
14884,10
14884,10
14884,8
14884,9
14884,9
14884,10
14885,10
14885,8
14885,9
14885,8
14885,10
14885,10
14885,8
14885,10
14885,9
14886,10
14886,10
14886,8
14886,10
14886,9
14886,10
14886,9
14886,7
14886,10
14886,10
14887,9
14887,9
14887,8
14887,10
14887,10
14887,11
14887,10
14887,8
14887,10
14888,10
14888,10
14888,9
14888,8
14888,10
14888,10
14888,10
14888,10
14888,8
14888,10
14889,10
14889,10
14889,9
14889,8
14889,10
14889,9
14889,10
14891,10
14891,9
14891,9
14891,10
14891,9
14892,10
14892,8
14892,9
14892,10
14892,9
14892,10
14892,8
14892,9
14892,11
14893,9
14893,10
14893,8
14893,10
14893,10
14893,9
14893,10
14893,8
14893,10
14893,10
14894,9
14894,10
14894,8
14894,10
14894,10
14894,9
14894,9
14894,8
14894,10
14895,10
14895,10
14895,9
14895,8
14895,10
14895,10
14895,9
14895,10
14895,8
14895,10
14896,10
14896,9
14896,10
14896,8
14896,10
14896,10
14896,9
14896,10
14896,8
14897,10
14897,10
14897,10
14897,10
14897,8
14897,10
14897,10
14897,9
14897,9
14898,8
14898,10
14898,9
14898,8
14898,10
14898,8
14898,10
14898,9
14898,8
14898,9
14899,8
14899,10
14899,10
14899,8
14899,9
14899,8
14899,10
14901,9
14901,10
14901,9
14901,8
14901,9
14901,10
14902,10
14902,10
14902,8
14902,9
14902,9
14902,10
14902,9
14902,8
14902,9
14903,10
14903,10
14903,9
14903,8
14903,9
14903,9
14903,10
14903,10
14903,8
14903,10
14904,9
14904,10
14904,10
14904,8
14904,10
14904,9
14904,10
14904,10
14904,8
14905,10
14905,9
14905,10
14905,10
14905,8
14905,10
14905,9
14905,10
14905,10
14905,8
14906,10
14906,9
14906,10
14906,9
14906,8
14906,10
14906,9
14906,10
14906,9
14907,8
14907,11
14907,9
14907,10
14907,9
14907,8
14907,10
14907,9
14907,10
14908,9
14908,8
14908,10
14908,9
14908,10
14908,9
14908,8
14908,10
14908,10
14908,10
14909,9
14909,9
14909,10
14909,9
14909,10
14909,9
14909,9
14911,8
14911,10
14911,10
14911,10
14911,9
14911,8
14912,10
14912,10
14912,10
14912,9
14912,9
14912,10
14912,10
14912,10
14912,8
14913,9
14913,10
14913,10
14913,10
14913,8
14913,9
14913,9
14913,10
14913,10
14913,8
14914,10
14914,9
14914,10
14914,9
14914,9
14914,10
14914,9
14914,10
14914,10
14915,8
14915,10
14915,9
14915,10
14915,9
14915,8
14915,10
14915,9
14915,10
14916,10
14916,8
14916,10
14916,9
14916,10
14916,10
14916,8
14916,10
14916,9
14916,10
14917,10
14917,8
14917,11
14917,9
14917,10
14917,9
14917,8
14917,11
14917,9
14918,10
14918,8
14918,8
14918,11
14918,9
14918,10
14918,9
14918,8
14918,11
14918,9
14919,10
14919,9
14919,9
14919,10
14919,9
14919,10
14919,9
14929,8
14929,10
14929,9
14929,9
14929,9
14929,8
14931,9
14931,9
14931,9
14931,9
14931,10
14931,9
14931,9
14931,8
14932,10
14932,10
14932,10
14932,9
14932,8
14932,10
14932,10
14932,9
14932,10
14932,8
14933,10
14933,10
14933,10
14933,10
14933,8
14933,10
14933,10
14933,9
14933,9
14934,8
14934,10
14934,10
14934,10
14934,10
14934,9
14934,10
14934,10
14934,10
14934,10
14935,8
14935,10
14935,10
14935,10
14935,10
14935,8
14935,10
14935,10
14935,9
14936,10
14936,8
14936,10
14936,11
14936,10
14936,10
14936,8
14936,10
14936,10
14936,9
14937,9
14937,8
14937,10
14937,10
14937,9
14937,9
14937,8
14937,10
14937,10
14938,8
14938,10
14938,8
14938,10
14938,10
14938,8
14938,9
14938,8
14938,11
14939,9
14939,8
14939,9
14939,9
14939,10
14939,10
14939,8
14939,9
14947,11
14947,9
14947,10
14947,10
14947,8
14947,10
14948,10
14948,10
14948,9
14948,9
14948,10
14948,10
14948,10
14948,9
14948,9
14949,11
14949,9
14949,9
14949,9
14949,8
14949,11
14949,10
14949,10
14957,8
14957,10
14957,8
14957,11
14957,9
14957,9
14958,9
14958,8
14958,10
14958,10
14958,9
14958,9
14958,8
14958,10
14958,9
14959,8
14959,9
14959,8
14959,10
14959,10
14959,8
14959,9
14959,10
14967,8
14967,9
14967,9
14967,10
14968,10
14968,8
14968,9
14968,9
14968,11
14968,9
14968,8
14968,9
14968,9
14969,10
14969,9
14969,8
14969,10
14969,9
14969,10
14969,9
14969,8
14978,7
14978,10
14978,9
14979,10
14979,9
14979,8
14979,11
14979,9
14979,10
14979,9
14979,9
14987,9
14987,8
14987,11
14987,9
14987,9
14988,9
14988,9
14988,11
14988,10
14988,10
14988,9
14988,9
14988,11
14988,9
14988,10
14989,9
14989,9
14989,10
14989,9
14989,10
14989,8
14989,9
14997,10
14997,10
14997,8
14997,9
14997,10
14997,10
14997,10
14997,8
14997,9
14997,10
14998,10
14998,10
14998,8
14998,9
14998,10
14998,10
14998,9
14998,8
14998,9
14999,10
14999,9
14999,10
14999,8
14999,10
14999,10
14999,10
14999,10
15006,10
15006,9
15006,8
15006,11
15006,9
15006,10
15006,9
15007,9
15007,11
15007,9
15007,10
15007,9
15007,9
15007,11
15007,10
15007,10
15008,8
15008,9
15008,10
15008,10
15008,10
15008,8
15008,10
15008,10
15008,9
15008,10
15009,8
15009,10
15009,10
15009,10
15009,9
15009,8
15009,10
15016,8
15017,10
15017,10
15017,10
15017,10
15017,9
15017,10
15017,10
15017,9
15017,9
15017,8
15018,10
15018,11
15018,9
15018,10
15018,8
15018,10
15018,10
15018,9
15018,10
15019,9
15019,10
15019,10
15019,9
15019,9
15019,8
15019,11
15019,9
15028,10
15028,10
15028,8
15028,10
15028,9
15028,11
15028,10
15028,8
15028,10
15028,9
15029,10
15029,9
15029,8
15029,11
15029,9
15029,10
15029,9
15036,9
15037,10
15037,9
15037,10
15037,9
15037,9
15037,11
15037,10
15037,10
15037,8
15037,9
15038,11
15038,10
15038,10
15038,8
15038,9
15038,10
15038,10
15038,10
15038,9
15039,10
15039,10
15039,10
15039,10
15039,8
15039,10
15039,10
15039,10
15046,10
15046,9
15046,10
15046,8
15046,11
15046,10
15046,9
15047,9
15047,8
15047,10
15047,10
15047,8
15047,9
15047,9
15047,10
15047,10
15048,8
15048,10
15048,9
15048,11
15048,9
15048,8
15048,9
15048,9
15048,10
15048,10
15049,8
15049,10
15049,9
15049,10
15049,9
15049,8
15049,9
15056,9
15056,8
15056,10
15056,9
15056,10
15056,10
15056,8
15056,10
15056,10
15057,10
15057,10
15057,8
15057,10
15057,9
15057,10
15057,10
15057,8
15057,10
15058,9
15058,10
15058,9
15058,8
15058,10
15058,9
15058,10
15058,10
15058,8
15059,11
15059,9
15059,10
15059,9
15059,8
15059,11
15059,9
15059,10
15066,8
15066,11
15066,9
15066,10
15066,9
15066,9
15067,11
15067,9
15067,10
15067,9
15067,9
15067,10
15067,10
15067,10
15067,9
15068,9
15068,10
15068,9
15068,9
15068,9
15068,9
15068,10
15068,9
15068,10
15068,8
15069,9
15069,9
15069,9
15069,10
15069,8
15069,9
15069,10
15069,10
15078,9
15078,8
15078,10
15078,9
15079,10
15079,10
15079,8
15079,10
15079,9
15079,10
15079,10
15086,10
15086,10
15086,8
15086,9
15086,10
15087,10
15087,9
15087,9
15087,10
15087,9
15087,10
15087,9
15087,8
15087,10
15087,9
15088,10
15088,10
15088,8
15088,10
15088,9
15088,10
15088,10
15088,8
15088,10
15089,9
15089,10
15089,9
15089,8
15089,9
15089,9
15089,10
15089,8
15096,9
15096,10
15096,10
15096,10
15097,9
15097,9
15097,10
15097,10
15097,10
15097,8
15097,9
15097,10
15097,10
15097,10
15098,8
15098,10
15098,9
15098,10
15098,10
15098,8
15098,10
15098,9
15098,10
15099,10
15099,9
15099,10
15099,9
15099,10
15099,10
15099,8
15099,10
15106,10
15106,10
15106,10
15106,9
15106,8
15106,10
15107,10
15107,10
15107,9
15107,9
15107,10
15107,10
15107,9
15107,9
15107,9
15108,10
15108,10
15108,10
15108,8
15108,8
15108,10
15108,10
15108,9
15108,9
15108,10
15109,9
15109,10
15109,10
15109,8
15109,10
15109,9
15109,10
15115,8
15115,10
15115,9
15115,10
15116,9
15116,8
15116,10
15116,10
15116,10
15116,9
15116,9
15116,10
15116,10
15116,10
15117,9
15117,8
15117,10
15117,10
15117,10
15117,9
15117,8
15117,10
15117,11
15118,10
15118,9
15118,9
15118,10
15118,10
15118,10
15118,9
15118,9
15118,10
15118,10
15119,10
15119,9
15119,8
15119,10
15119,10
15119,10
15119,9
15132,10
15136,8
15136,10
15136,10
15136,10
15136,9
15137,8
15137,10
15137,10
15137,10
15137,10
15137,8
15137,10
15137,10
15137,10
15138,9
15138,7
15138,10
15138,10
15138,10
15138,10
15138,8
15138,10
15138,10
15138,10
15139,10
15139,8
15139,10
15139,11
15139,10
15139,9
15139,8
15145,10
15145,10
15145,8
15145,10
15145,10
15145,10
15146,10
15146,8
15146,10
15146,9
15146,10
15146,9
15146,8
15146,10
15146,9
15147,10
15147,10
15147,8
15147,10
15147,9
15147,10
15147,10
15147,7
15147,11
15148,10
15148,10
15148,9
15148,8
15148,10
15148,9
15148,10
15148,8
15148,9
15148,11
15149,10
15149,10
15149,9
15149,8
15149,10
15149,9
15149,10
15153,10
15153,10
15153,9
15153,10
15153,10
15153,10
15153,10
15153,8
15153,10
15154,10
15154,10
15154,9
15154,8
15154,10
15154,10
15154,10
15154,10
15154,8
15155,10
15155,10
15155,9
15155,10
15155,8
15155,10
15155,10
15155,9
15155,10
15156,8
15156,10
15156,10
15156,9
15156,10
15156,9
15156,11
15156,10
15156,9
15156,9
15157,8
15157,10
15157,10
15157,8
15157,9
15157,9
15157,10
15157,9
15157,8
15158,9
15158,9
15158,10
15158,10
15158,8
15158,10
15158,9
15158,10
15158,10
15158,8
15159,9
15159,10
15159,10
15159,10
15159,8
15159,9
15159,10
15164,10
15164,10
15164,10
15164,8
15164,9
15165,10
15165,10
15165,10
15165,8
15165,10
15165,9
15165,10
15165,10
15165,7
15166,10
15166,10
15166,10
15166,10
15166,8
15166,10
15166,9
15166,10
15166,10
15166,8
15167,10
15167,9
15167,10
15167,10
15167,8
15167,10
15167,10
15167,10
15167,7
15168,8
15168,10
15168,9
15168,10
15168,9
15168,9
15168,10
15168,9
15168,10
15169,9
15169,8
15169,11
15169,9
15169,10
15169,9
15169,9
15169,11
