Timestamp (ms),INT_STRAIN2
5169,9
5169,11
5170,7
5170,10
5170,4
5170,9
5170,11
5170,9
5170,12
5170,5
5170,9
5171,12
5171,9
5171,12
5171,6
5171,9
5171,12
5171,11
5171,11
5171,6
5171,8
5172,12
5172,10
5172,11
5172,5
5172,8
5172,12
5172,10
5172,12
5172,6
5173,7
5173,11
5173,10
5173,11
5173,6
5173,8
5173,11
5173,11
5173,13
5173,6
5174,6
5174,11
5174,9
5174,12
5174,7
5174,6
5174,12
5174,9
5174,12
5175,8
5175,6
5175,11
5175,9
5175,12
5175,9
5175,6
5175,11
5175,8
5175,12
5176,10
5176,6
5176,10
5176,9
5176,12
5176,12
5176,6
5176,10
5176,9
5177,11
5177,12
5177,6
5177,10
5177,10
5177,11
5177,12
5177,6
5177,9
5178,10
5178,11
5178,12
5178,6
5178,9
5178,10
5178,11
5178,12
5178,6
5178,8
5179,10
5179,10
5179,11
5179,6
5179,8
5179,10
5179,10
5186,10
5186,5
5186,10
5186,9
5186,11
5186,11
5186,6
5186,9
5187,8
5187,11
5187,11
5187,6
5187,9
5187,9
5187,11
5187,12
5187,6
5188,9
5188,9
5188,10
5188,12
5188,6
5188,8
5188,10
5188,11
5188,12
5189,6
5189,8
5189,10
5189,10
5189,12
5189,6
5189,8
5194,11
5194,6
5194,9
5195,7
5195,11
5195,11
5195,6
5195,9
5195,6
5195,11
5195,11
5195,6
5195,10
5196,6
5196,10
5196,12
5196,7
5196,10
5196,5
5196,10
5196,12
5196,8
5197,12
5197,5
5197,10
5197,12
5197,8
5197,12
5197,5
5197,9
5197,12
5197,10
5198,12
5198,6
5198,9
5198,12
5198,11
5198,11
5198,6
5198,8
5198,12
5199,10
5199,12
5199,6
5199,8
5199,12
5199,9
5199,12
5206,11
5206,11
5206,6
5206,8
5206,9
5206,11
5206,12
5206,6
5207,9
5207,10
5207,10
5207,12
5207,6
5207,7
5207,10
5207,10
5207,12
5207,7
5208,6
5208,11
5208,9
5208,11
5208,9
5208,6
5208,10
5208,8
5208,12
5209,10
5209,6
5209,10
5209,8
5209,11
5209,11
5209,6
5216,8
5216,11
5216,10
5216,5
5216,9
5216,9
5216,11
5216,10
5216,5
5217,10
5217,9
5217,11
5217,8
5217,6
5217,10
5217,9
5217,12
5217,12
5218,6
5218,9
5218,9
5218,12
5218,11
5218,6
5218,10
5218,10
5218,11
5218,12
5219,6
5219,9
5219,9
5219,11
5219,12
5219,6
5235,7
5239,7
5239,10
5239,9
5239,11
5239,7
5245,6
5245,7
5245,9
5245,9
5245,11
5245,8
5245,6
5245,10
5245,8
5246,12
5246,10
5246,7
5246,10
5246,9
5246,12
5246,10
5246,6
5246,10
5246,8
5247,12
5247,11
5247,7
5247,10
5247,8
5247,11
5247,12
5247,7
5247,9
5248,7
5248,12
5248,12
5248,7
5248,9
5248,5
5248,11
5248,12
5248,7
5248,9
5249,6
5249,12
5249,12
5249,6
5249,9
5249,6
5256,12
5256,7
5256,7
5256,10
5256,8
5256,12
5256,8
5256,7
5257,10
5257,8
5257,12
5257,10
5257,7
5257,10
5257,7
5257,12
5257,12
5258,6
5258,9
5258,7
5258,12
5258,11
5258,7
5258,9
5258,7
5258,11
5258,12
5259,7
5259,9
5259,7
5259,11
5259,11
5259,6
5259,10
5266,11
5266,9
5266,6
5266,10
5266,8
5266,11
5266,11
5267,6
5267,10
5267,8
5267,11
5267,11
5267,6
5267,9
5267,7
5267,12
5268,12
5268,6
5268,9
5268,6
5268,12
5268,12
5268,6
5268,9
5268,6
5268,11
5269,12
5269,7
5269,10
5269,5
5269,10
5269,12
5269,8
5281,8
5287,5
5287,9
5287,9
5287,11
5287,11
5287,6
5287,10
5287,9
5287,11
5288,12
5288,6
5288,10
5288,9
5288,11
5288,12
5288,6
5288,9
5288,10
5288,11
5289,12
5289,5
5289,9
5289,9
5289,11
5289,11
5289,6
5293,10
5293,5
5293,10
5294,11
5294,7
5294,11
5294,5
5294,10
5294,12
5294,8
5294,10
5294,5
5295,9
5295,12
5295,9
5295,11
5295,5
5295,9
5295,12
5295,10
5295,10
5296,5
5296,8
5296,12
5296,10
5296,12
5296,6
5296,9
5296,10
5296,11
5296,11
5297,6
5297,8
5297,12
5297,10
5297,11
5297,6
5297,9
5297,12
5297,10
5298,12
5298,5
5298,8
5298,12
5298,10
5298,12
5298,6
5298,8
5298,12
5298,10
5299,12
5299,6
5299,7
5299,11
5299,10
5299,12
5299,6
5306,11
5306,6
5306,10
5306,5
5306,10
5306,11
5306,6
5307,10
5307,5
5307,10
5307,12
5307,7
5307,10
5307,5
5307,10
5307,12
5307,8
5308,11
5308,5
5308,10
5308,12
5308,10
5308,12
5308,6
5308,9
5308,12
5309,10
5309,11
5309,5
5309,9
5309,12
5309,9
5309,11
5316,6
5316,9
5316,8
5316,11
5316,11
5317,6
5317,9
5317,7
5317,12
5317,11
5317,6
5317,10
5317,7
5317,12
5317,12
5318,7
5318,9
5318,7
5318,12
5318,12
5318,6
5318,9
5318,6
5318,12
5319,10
5319,6
5319,9
5319,7
5319,11
5319,12
5319,6
5331,11
5337,7
5337,11
5337,9
5337,6
5337,10
5338,9
5338,12
5338,10
5338,6
5338,10
5338,8
5338,12
5338,11
5338,6
5338,10
5339,7
5339,12
5339,12
5339,7
5339,9
5339,7
5339,12
5345,8
5345,11
5345,11
5345,5
5345,9
5346,9
5346,11
5346,12
5346,6
5346,9
5346,10
5346,11
5346,12
5346,6
5346,9
5347,10
5347,11
5347,12
5347,6
5347,9
5347,10
5347,10
5347,12
5347,6
5348,8
5348,10
5348,10
5348,12
5348,7
5348,7
5348,10
5348,10
5348,12
5349,8
5349,7
5349,10
5349,9
5349,12
5349,10
5349,6
5356,5
5356,10
5356,9
5356,12
5356,11
5356,5
5357,10
5357,9
5357,12
5357,12
5357,6
5357,8
5357,10
5357,11
5357,12
5358,6
5358,10
5358,10
5358,11
5358,12
5358,5
5358,9
5358,10
5358,11
5358,12
5359,6
5359,9
5359,10
5359,12
5359,12
5359,5
5359,9
5366,11
5366,10
5366,5
5366,9
5366,9
5367,11
5367,11
5367,6
5367,9
5367,9
5367,11
5367,12
5367,6
5367,9
5368,9
5368,11
5368,12
5368,6
5368,9
5368,10
5368,11
5368,12
5368,6
5368,9
5369,9
5369,11
5369,12
5369,6
5369,9
5369,10
5369,11
5381,11
5387,9
5387,11
5387,11
5387,6
5387,8
5387,9
5387,11
5388,12
5388,6
5388,9
5388,10
5388,11
5388,12
5388,7
5388,8
5388,10
5389,10
5389,12
5389,7
5389,8
5389,10
5389,10
5389,12
5395,8
5395,11
5395,9
5395,11
5395,6
5395,8
5395,12
5395,10
5395,11
5396,6
5396,8
5396,11
5396,10
5396,11
5396,6
5396,7
5396,11
5396,9
5396,11
5397,8
5397,8
5397,11
5397,9
5397,12
5397,9
5397,6
5397,11
5397,9
5398,12
5398,9
5398,6
5398,12
5398,9
5398,12
5398,11
5398,6
5398,10
5399,9
5399,11
5399,11
5399,6
5399,9
5399,10
5399,11
5406,8
5406,6
5406,10
5406,8
5406,12
5406,8
5407,6
5407,10
5407,8
5407,11
5407,9
5407,6
5407,11
5407,9
5407,11
5408,12
5408,6
5408,9
5408,10
5408,11
5408,12
5408,6
5408,9
5408,9
5409,11
5409,12
5409,6
5409,10
5409,8
5409,11
5409,11
5416,8
5416,5
5416,11
5416,11
5416,6
5417,9
5417,7
5417,11
5417,11
5417,6
5417,10
5417,6
5417,11
5417,11
5417,6
5418,9
5418,6
5418,11
5418,11
5418,7
5418,10
5418,5
5418,11
5418,11
5419,7
5419,10
5419,5
5419,10
5419,12
5419,9
5419,12
5434,10
5438,5
5439,7
5439,11
5439,9
5439,9
5439,6
5439,8
5439,10
5445,5
5445,8
5445,12
5445,9
5445,11
5445,5
5446,8
5446,11
5446,10
5446,11
5446,5
5446,8
5446,12
5446,10
5446,12
5447,6
5447,8
5447,12
5447,10
5447,12
5447,6
5447,7
5447,12
5447,9
5447,12
5448,6
5448,7
5448,12
5448,9
5448,12
5448,7
5448,6
5448,12
5448,9
5449,11
5449,8
5449,6
5449,11
5449,9
5449,12
5449,9
5456,11
5456,5
5456,9
5456,6
5457,10
5457,10
5457,6
5457,9
5457,6
5457,11
5457,12
5457,6
5457,10
5458,6
5458,10
5458,11
5458,6
5458,9
5458,7
5458,11
5458,12
5458,8
5458,10
5459,5
5459,10
5459,12
5459,7
5459,11
5459,5
5459,9
5466,9
5466,5
5466,10
5466,8
5467,11
5467,11
5467,6
5467,9
5467,9
5467,11
5467,11
5467,6
5467,9
5468,9
5468,11
5468,12
5468,6
5468,9
5468,9
5468,12
5468,12
5468,6
5468,9
5469,10
5469,12
5469,12
5469,6
5469,9
5469,9
5481,5
5487,5
5487,9
5487,9
5487,11
5488,11
5488,5
5488,9
5488,9
5488,11
5488,12
5488,6
5488,9
5488,9
5489,11
5489,12
5489,6
5489,9
5489,10
5489,10
5489,12
5494,11
5494,5
5495,8
5495,12
5495,9
5495,12
5495,6
5495,7
5495,11
5495,9
5495,12
5495,7
5496,6
5496,11
5496,9
5496,11
5496,8
5496,7
5496,11
5496,9
5496,12
5497,8
5497,6
5497,11
5497,9
5497,12
5497,10
5497,6
5497,11
5497,8
5497,12
5498,10
5498,6
5498,10
5498,9
5498,11
5498,10
5498,6
5498,10
5498,9
5499,12
5499,11
5499,6
5499,10
5499,9
5499,12
5499,12
5506,10
5506,9
5506,11
5507,8
5507,7
5507,11
5507,9
5507,11
5507,9
5507,6
5507,11
5507,9
5508,12
5508,10
5508,6
5508,10
5508,9
5508,13
5508,12
5508,6
5508,9
5508,9
5509,12
5509,12
5509,6
5509,9
5509,9
5509,11
5509,12
5516,9
5516,12
5516,8
5517,11
5517,5
5517,9
5517,12
5517,9
5517,11
5517,6
5517,9
5517,12
5517,10
5518,12
5518,5
5518,9
5518,12
5518,10
5518,12
5518,5
5518,8
5518,12
5519,10
5519,11
5519,6
5519,8
5519,12
5519,10
5519,12
5531,9
5537,9
5537,8
5537,11
5538,11
5538,5
5538,9
5538,8
5538,12
5538,12
5538,6
5538,10
5538,9
5539,11
5539,12
5539,6
5539,9
5539,10
5539,12
5539,11
5545,8
5545,11
5545,6
5545,6
5545,11
5545,9
5545,12
5546,8
5546,7
5546,11
5546,8
5546,12
5546,10
5546,6
5546,10
5546,9
5547,12
5547,10
5547,6
5547,10
5547,9
5547,11
5547,11
5547,6
5547,10
5547,9
5548,11
5548,12
5548,6
5548,9
5548,10
5548,10
5548,12
5548,6
5548,9
5549,10
5549,11
5549,12
5549,6
5549,9
5549,10
5549,10
5556,10
5556,11
5556,6
5557,10
5557,5
5557,9
5557,11
5557,8
5557,11
5557,5
5557,9
5557,12
5558,8
5558,12
5558,5
5558,9
5558,12
5558,9
5558,12
5558,6
5558,9
5558,12
5559,11
5559,12
5559,6
5559,8
5559,11
5559,10
5559,11
5566,6
5566,9
5567,5
5567,9
5567,12
5567,7
5567,10
5567,5
5567,10
5567,11
5567,8
5568,12
5568,5
5568,9
5568,12
5568,9
5568,9
5568,5
5568,9
5568,12
5568,8
5569,12
5569,6
5569,9
5569,12
5569,9
5569,12
5569,4
5582,6
5588,10
5588,11
5588,6
5588,8
5588,10
5588,9
5588,11
5588,6
5588,7
5589,10
5589,10
5589,12
5589,7
5589,7
5589,10
5589,9
5594,8
5594,11
5594,11
5594,5
5594,9
5594,9
5595,11
5595,11
5595,6
5595,9
5595,9
5595,11
5595,11
5595,6
5595,9
5595,9
5596,10
5596,11
5596,5
5596,9
5596,9
5596,11
5596,11
5596,6
5596,9
5597,10
5597,11
5597,12
5597,6
5597,8
5597,10
5597,10
5597,12
5597,6
5597,8
5598,10
5598,10
5598,12
5598,7
5598,7
5598,9
5598,10
5598,12
5598,8
5599,7
5599,10
5599,9
5599,12
5599,8
5599,7
5599,10
5606,9
5606,11
5607,5
5607,8
5607,12
5607,10
5607,11
5607,5
5607,8
5607,12
5607,10
5608,11
5608,5
5608,7
5608,12
5608,10
5608,12
5608,6
5608,7
5608,11
5608,9
5609,12
5609,7
5609,7
5609,11
5609,10
5609,11
5609,7
5616,10
5617,11
5617,6
5617,10
5617,5
5617,10
5617,12
5617,8
5617,11
5617,5
5617,9
5618,12
5618,9
5618,12
5618,5
5618,9
5618,12
5618,11
5618,12
5618,5
5619,9
5619,12
5619,12
5619,12
5619,6
5619,8
5619,12
5632,9
5638,6
5638,6
5638,10
5638,8
5638,12
5638,8
5638,5
5638,9
5639,9
5639,11
5639,10
5639,5
5639,9
5639,9
5644,11
5645,6
5645,9
5645,8
5645,11
5645,11
5645,7
5645,9
5645,8
5645,12
5646,11
5646,7
5646,10
5646,7
5646,12
5646,11
5646,6
5646,9
5646,7
5646,11
5647,12
5647,6
5647,9
5647,7
5647,11
5647,11
5647,6
5647,9
5647,6
5648,11
5648,12
5648,6
5648,9
5648,6
5648,11
5648,12
5648,6
5648,10
5648,5
5649,11
5649,12
5649,7
5649,10
5649,5
5649,10
5649,12
5657,6
5657,7
5657,11
5657,9
5657,11
5657,7
5657,6
5657,11
5657,10
5657,12
5658,8
5658,7
5658,11
5658,9
5658,12
5658,8
5658,7
5658,10
5658,9
5659,12
5659,9
5659,5
5659,11
5659,9
5659,12
5659,9
5666,6
5667,9
5667,7
5667,11
5667,10
5667,6
5667,9
5667,8
5667,12
5667,12
5668,7
5668,9
5668,7
5668,11
5668,12
5668,7
5668,9
5668,7
5668,12
5668,11
5669,7
5669,9
5669,7
5669,12
5669,11
5669,7
5684,11
5689,7
5693,10
5693,5
5693,8
5694,11
5694,9
5694,12
5694,5
5694,9
5694,11
5694,8
5694,10
5694,6
5694,8
5695,11
5695,10
5695,10
5695,6
5695,8
5695,12
5695,9
5695,11
5695,6
5696,7
5696,12
5696,9
5696,12
5696,6
5696,7
5696,12
5696,10
5696,11
5696,8
5697,6
5697,12
5697,8
5697,12
5697,9
5697,8
5697,11
5697,9
5697,12
5698,10
5698,7
5698,10
5698,9
5698,12
5698,10
5698,6
5698,10
5698,10
5699,12
5699,11
5699,6
5699,9
5699,8
5699,11
5699,12
5707,5
5707,8
5707,12
5707,10
5707,11
5707,5
5707,8
5707,12
5707,10
5708,12
5708,6
5708,7
5708,12
5708,10
5708,11
5708,6
5708,7
5708,11
5708,10
5709,11
5709,8
5709,7
5709,12
5709,9
5709,12
5709,8
5717,9
5717,4
5717,9
5717,11
5717,7
5717,11
5717,5
5717,9
5717,10
5718,9
5718,11
5718,5
5718,9
5718,12
5718,8
5718,11
5718,6
5718,9
5719,12
5719,10
5719,12
5719,6
5719,9
5719,12
5719,11
5732,8
5738,6
5738,11
5738,9
5738,11
5739,6
5739,7
5739,11
5739,9
5739,11
5739,7
5739,7
5745,6
5745,7
5745,9
5745,10
5745,12
5745,7
5745,7
5745,10
5745,9
5746,12
5746,8
5746,7
5746,9
5746,9
5746,12
5746,7
5746,7
5746,10
5747,9
5747,12
5747,10
5747,7
5747,10
5747,8
5747,12
5747,11
5747,7
5747,10
5748,8
5748,12
5748,12
5748,7
5748,10
5748,8
5748,12
5748,11
5748,7
5749,10
5749,7
5749,11
5749,12
5749,7
5749,9
5749,7
5757,11
5757,9
5757,11
5757,6
5757,7
5757,12
5757,9
5757,11
5758,7
5758,7
5758,11
5758,9
5758,12
5758,8
5758,7
5758,11
5758,8
5759,12
5759,10
5759,6
5759,11
5759,9
5759,11
5759,9
5767,10
5767,5
5767,8
5767,11
5767,10
5767,11
5767,7
5767,8
5768,12
5768,10
5768,11
5768,6
5768,7
5768,12
5768,10
5768,11
5768,6
5769,8
5769,11
5769,9
5769,12
5769,6
5769,7
5769,12
5781,5
5788,11
5788,9
5788,11
5788,6
5788,8
5788,11
5788,10
5789,12
5789,6
5789,8
5789,12
5789,10
5789,12
5789,6
5794,11
5794,10
5794,11
5794,5
5794,8
5794,11
5794,10
5794,11
5794,6
5795,8
5795,11
5795,10
5795,11
5795,6
5795,7
5795,12
5795,9
5795,12
5796,6
5796,7
5796,12
5796,9
5796,12
5796,7
5796,7
5796,11
5796,10
5796,12
5797,8
5797,6
5797,12
5797,9
5797,12
5797,9
5797,7
5797,11
5797,9
5798,12
5798,10
5798,5
5798,10
5798,9
5798,12
5798,10
5798,5
5798,10
5798,9
5799,12
5799,12
5799,6
5799,10
5799,9
5799,12
5799,11
5807,11
5807,6
5807,8
5807,9
5807,10
5807,11
5807,6
5808,9
5808,10
5808,10
5808,12
5808,6
5808,7
5808,10
5808,10
5808,12
5808,7
5809,8
5809,10
5809,10
5809,12
5809,8
5809,7
5809,10
5817,9
5817,6
5817,6
5817,11
5817,9
5817,12
5817,8
5818,5
5818,10
5818,8
5818,12
5818,8
5818,6
5818,10
5818,9
5818,11
5819,11
5819,6
5819,10
5819,9
5819,12
5819,12
5819,6
5832,7
5838,11
5839,5
5839,9
5839,8
5839,10
5839,12
5839,5
5839,10
5843,10
5843,6
5844,9
5844,6
5844,11
5844,12
5844,6
5844,8
5844,7
5844,11
5844,12
5845,6
5845,9
5845,6
5845,11
5845,11
5845,6
5845,10
5845,6
5845,11
5845,12
5846,7
5846,9
5846,6
5846,11
5846,12
5846,7
5846,10
5846,5
5846,11
5847,12
5847,7
5847,10
5847,5
5847,10
5847,12
5847,8
5847,11
5847,5
5847,9
5848,12
5848,9
5848,12
5848,5
5848,9
5848,13
5848,9
5848,12
5848,5
5849,9
5849,12
5849,11
5849,11
5849,6
5849,8
5849,12
5857,8
5857,12
5857,10
5857,6
5857,10
5857,8
5857,12
5857,9
5857,6
5858,9
5858,7
5858,12
5858,12
5858,6
5858,9
5858,8
5858,12
5858,11
5859,6
5859,9
5859,7
5859,11
5859,11
5859,6
5859,9
5867,11
5867,8
5867,11
5867,8
5867,6
5867,11
5867,9
5867,11
5868,8
5868,6
5868,11
5868,9
5868,11
5868,9
5868,6
5868,10
5868,8
5868,12
5869,10
5869,6
5869,9
5869,9
5869,11
5869,11
5869,5
5882,6
5888,9
5888,7
5888,11
5889,11
5889,6
5889,8
5889,6
5889,11
5889,12
5889,6
5893,9
5893,5
5893,10
5894,9
5894,11
5894,11
5894,5
5894,10
5894,9
5894,11
5894,11
5894,6
5894,9
5895,9
5895,11
5895,11
5895,6
5895,10
5895,10
5895,11
5895,11
5895,6
5896,8
5896,9
5896,11
5896,12
5896,6
5896,8
5896,10
5896,9
5896,13
5897,6
5897,7
5897,10
5897,10
5897,12
5897,7
5897,7
5897,10
5897,9
5897,12
5898,9
5898,7
5898,10
5898,9
5898,12
5898,9
5898,6
5898,10
5898,9
5899,13
5899,11
5899,7
5899,10
5899,8
5899,12
5899,12
5907,9
5907,10
5907,11
5907,6
5907,8
5907,9
5907,10
5907,11
5907,5
5908,9
5908,9
5908,9
5908,12
5908,6
5908,8
5908,10
5908,10
5908,12
5909,7
5909,7
5909,10
5909,9
5909,12
5909,8
5909,7
5917,9
5917,6
5917,11
5917,11
5917,6
5917,9
5918,6
5918,11
5918,12
5918,6
5918,9
5918,7
5918,11
5918,12
5918,6
5919,9
5919,7
5919,12
5919,11
5919,7
5919,9
5919,7
5935,11
5940,5
5945,10
5945,11
5945,6
5945,8
5945,9
5945,11
5945,11
5945,6
5946,8
5946,9
5946,11
5946,12
5946,6
5946,8
5946,10
5946,11
5946,11
5947,7
5947,8
5947,10
5947,10
5947,12
5947,7
5947,8
5947,10
5947,10
5948,12
5948,7
5948,7
5948,11
5948,9
5948,12
5948,8
5948,7
5948,10
5948,9
5949,12
5949,9
5949,6
5949,10
5949,8
5949,12
5949,10
5957,11
5957,6
5957,7
5957,12
5957,10
5958,11
5958,6
5958,7
5958,12
5958,9
5958,12
5958,6
5958,7
5958,11
5959,10
5959,13
5959,6
5959,7
5959,11
5959,10
5959,12
5967,7
5967,10
5967,11
5967,6
5967,9
5967,7
5968,11
5968,11
5968,6
5968,9
5968,7
5968,12
5968,13
5968,6
5968,9
5968,7
5969,11
5969,12
5969,7
5969,9
5969,7
5969,12
5969,11
5983,11
5989,9
5989,8
5989,12
5989,7
5989,6
5993,11
5993,9
5993,5
5994,10
5994,9
5994,11
5994,9
5994,6
5994,9
5994,9
5994,12
5994,12
5995,6
5995,10
5995,9
5995,11
5995,12
5995,6
5995,9
5995,9
5995,11
5995,11
5996,6
5996,9
5996,10
5996,11
5996,12
5996,6
5996,9
5996,10
5996,11
5997,12
5997,6
5997,9
5997,10
5997,11
5997,12
5997,6
5997,8
5997,10
5998,10
5998,12
5998,6
5998,8
5998,10
5998,10
5998,12
5998,5
5998,8
5998,10
5999,10
5999,12
5999,6
5999,7
5999,10
5999,10
5999,12
6007,11
6007,9
6007,11
6007,6
6007,7
6008,11
6008,9
6008,12
6008,7
6008,6
6008,11
6008,9
6008,11
6008,7
6008,7
6009,11
6009,9
6009,11
6009,8
6009,6
6009,12
6009,9
6017,11
6017,6
6017,7
6017,10
6017,9
6017,11
6017,7
6017,7
6017,10
6018,9
6018,12
6018,7
6018,7
6018,10
6018,9
6018,12
6018,8
6018,7
6019,10
6019,9
6019,12
6019,9
6019,6
6019,9
6019,8
6031,11
6038,11
6038,6
6038,8
6038,7
6039,11
6039,12
6039,6
6039,9
6039,7
6039,11
6039,12
6043,10
6043,8
6043,6
6044,10
6044,8
6044,11
6044,9
6044,5
6044,10
6044,9
6044,12
6044,9
6045,5
6045,9
6045,9
6045,12
6045,11
6045,6
6045,10
6045,9
6045,12
6045,11
6046,5
6046,10
6046,9
6046,12
6046,11
6046,6
6046,10
6046,9
6046,11
6047,12
6047,6
6047,9
6047,10
6047,11
6047,12
6047,6
6047,8
6047,10
6047,11
6048,12
6048,6
6048,9
6048,10
6048,11
6048,12
6048,6
6048,9
6048,11
6049,10
6049,12
6049,6
6049,9
6049,10
6049,11
6049,11
6057,11
6057,6
6057,8
6057,10
6057,10
6057,11
6057,7
6057,7
6058,10
6058,9
6058,12
6058,9
6058,7
6058,10
6058,8
6058,12
6058,9
6059,7
6059,10
6059,8
6059,12
6059,9
6059,7
6059,10
6067,9
6067,11
6067,7
6067,7
6067,9
6067,9
6067,12
6067,8
6067,7
6067,10
6068,9
6068,12
6068,8
6068,7
6068,10
6068,8
6068,12
6068,10
6068,6
6069,10
6069,8
6069,12
6069,11
6069,7
6069,10
6069,8
6082,12
6089,10
6089,6
6089,8
6089,9
6089,11
6089,12
6089,6
6093,6
6093,9
6093,6
6094,11
6094,12
6094,6
6094,9
6094,6
6094,11
6094,11
6094,7
6094,10
6094,6
6095,11
6095,12
6095,6
6095,10
6095,6
6095,10
6095,12
6095,6
6095,10
6096,6
6096,10
6096,12
6096,6
6096,11
6096,4
6096,10
6096,12
6096,7
6097,10
6097,5
6097,10
6097,12
6097,8
6097,10
6097,5
6097,10
6097,12
6097,7
6098,10
6098,4
6098,10
6098,11
6098,7
6098,12
6098,5
6098,10
6098,12
6099,8
6099,11
6099,6
6099,9
6099,12
6099,8
6099,10
6106,10
6106,11
6107,6
6107,10
6107,7
6107,10
6107,12
6107,7
6107,10
6107,5
6107,10
6107,12
6108,7
6108,11
6108,5
6108,10
6108,12
6108,8
6108,11
6108,5
6108,9
6109,12
6109,9
6109,12
6109,6
6109,9
6109,13
6109,9
6116,9
6116,11
6116,7
6117,10
6117,5
6117,9
6117,11
6117,7
6117,10
6117,5
6117,10
6117,12
6117,7
6118,10
6118,5
6118,9
6118,12
6118,9
6118,10
6118,5
6118,8
6118,11
6119,10
6119,11
6119,6
6119,9
6119,12
6119,11
6119,13
6131,11
6138,11
6139,5
6139,8
6139,12
6139,10
6139,11
6139,6
6139,8
6143,9
6143,12
6143,6
6144,7
6144,11
6144,9
6144,11
6144,6
6144,7
6144,11
6144,9
6144,12
6144,6
6145,7
6145,11
6145,9
6145,11
6145,8
6145,7
6145,11
6145,9
6145,11
6146,8
6146,6
6146,11
6146,9
6146,12
6146,8
6146,6
6146,11
6146,9
6146,12
6147,10
6147,5
6147,10
6147,9
6147,11
6147,10
6147,6
6147,10
6147,9
6148,11
6148,10
6148,6
6148,10
6148,8
6148,11
6148,12
6148,6
6148,9
6149,9
6149,12
6149,11
6149,6
6149,9
6149,9
6149,11
6156,7
6156,9
6156,8
6156,11
6156,8
6157,6
6157,10
6157,8
6157,12
6157,10
6157,6
6157,10
6157,8
6157,12
6158,10
6158,7
6158,10
6158,8
6158,12
6158,11
6158,6
6158,10
6158,8
6159,12
6159,12
6159,7
6159,10
6159,7
6159,12
6159,12
6166,9
6166,6
6166,9
6166,8
6166,12
6166,10
6167,6
6167,10
6167,8
6167,12
6167,10
6167,6
6167,10
6167,8
6167,12
6168,12
6168,7
6168,10
6168,8
6168,12
6168,12
6168,6
6168,9
6168,7
6168,12
6169,11
6169,7
6169,9
6169,6
6169,12
6169,12
6169,6
6181,8
6188,5
6189,7
6189,11
6189,9
6189,11
6189,6
6189,7
6193,9
6193,10
6193,11
6194,5
6194,8
6194,9
6194,10
6194,11
6194,6
6194,8
6194,9
6194,10
6194,11
6195,6
6195,8
6195,10
6195,10
6195,12
6195,6
6195,8
6195,10
6195,10
6196,12
6196,7
6196,7
6196,10
6196,10
6196,12
6196,8
6196,7
6196,10
6196,9
6197,12
6197,9
6197,8
6197,10
6197,9
6197,12
6197,10
6197,6
6197,9
6198,9
6198,12
6198,11
6198,6
6198,10
6198,8
6198,13
6198,12
6198,6
6198,11
6199,8
6199,12
6199,12
6199,6
6199,10
6199,7
6199,12
6206,7
6206,11
6206,9
6206,11
6206,5
6207,8
6207,12
6207,10
6207,10
6207,6
6207,7
6207,11
6207,9
6207,12
6208,6
6208,7
6208,11
6208,9
6208,12
6208,7
6208,6
6208,12
6208,9
6208,11
6209,7
6209,6
6209,12
6209,9
6209,11
6209,8
6209,6
6216,6
6216,6
6216,9
6216,9
6216,12
6216,8
6217,7
6217,10
6217,9
6217,12
6217,8
6217,7
6217,10
6217,9
6217,12
6217,9
6218,7
6218,10
6218,8
6218,12
6218,10
6218,7
6218,10
6218,8
6218,12
6219,10
6219,6
6219,9
6219,8
6219,12
6219,11
6219,7
6234,11
6240,5
6244,9
6244,9
6244,12
6244,6
6245,8
6245,10
6245,10
6245,12
6245,7
6245,7
6245,10
6245,9
6245,12
6246,8
6246,7
6246,10
6246,10
6246,12
6246,8
6246,7
6246,11
6246,9
6247,12
6247,9
6247,7
6247,10
6247,9
6247,12
6247,10
6247,7
6247,10
6247,8
6248,12
6248,11
6248,6
6248,10
6248,8
6248,12
6248,11
6248,8
6248,10
6249,8
6249,12
6249,12
6249,6
6249,9
6249,7
6249,12
6256,8
6256,11
6256,9
6256,6
6256,10
6256,8
6256,12
6256,10
6256,6
6257,10
6257,8
6257,12
6257,12
6257,6
6257,10
6257,7
6257,12
6257,11
6257,7
6258,10
6258,7
6258,12
6258,11
6258,6
6258,9
6258,7
6258,12
6258,12
6259,7
6259,9
6259,6
6259,11
6259,11
6259,7
6259,9
6266,11
6266,9
6266,6
6266,9
6266,8
6266,11
6266,10
6266,6
6266,10
6267,9
6267,13
6267,11
6267,6
6267,10
6267,9
6267,12
6267,11
6267,6
6268,9
6268,8
6268,12
6268,12
6268,6
6268,10
6268,7
6268,12
6268,12
6268,8
6269,9
6269,7
6269,12
6269,12
6269,7
6269,9
6269,6
6281,8
6289,6
6289,9
6289,8
6289,12
6289,10
6293,10
6293,11
6293,5
6294,8
6294,12
6294,10
6294,12
6294,5
6294,8
6294,12
6294,10
6294,12
6295,6
6295,8
6295,12
6295,9
6295,11
6295,6
6295,7
6295,12
6295,9
6295,12
6296,8
6296,6
6296,11
6296,9
6296,12
6296,9
6296,6
6296,10
6296,9
6297,11
6297,11
6297,6
6297,9
6297,9
6297,11
6297,12
6297,6
6297,9
6297,9
6298,12
6298,12
6298,6
6298,9
6298,10
6298,11
6298,12
6298,6
6298,9
6299,9
6299,11
6299,11
6299,6
6299,10
6299,10
6299,11
6306,11
6306,5
6306,8
6306,11
6306,10
6306,11
6306,6
6306,8
6306,12
6306,10
6307,11
6307,6
6307,8
6307,12
6307,10
6307,12
6307,5
6307,8
6307,12
6308,10
6308,13
6308,5
6308,8
6308,12
6308,10
6308,11
6308,5
6308,8
6309,12
6309,10
6309,12
6309,6
6309,8
6309,12
6309,10
6315,5
6315,7
6316,11
6316,10
6316,11
6316,6
6316,7
6316,11
6316,10
6316,11
6316,6
6317,7
6317,12
6317,9
6317,12
6317,7
6317,6
6317,11
6317,9
6317,12
6318,7
6318,7
6318,11
6318,9
6318,12
6318,7
6318,7
6318,11
6318,9
6318,11
6319,8
6319,6
6319,12
6319,9
6319,12
6319,8
6319,6
6331,10
6338,4
6338,9
6338,11
6339,9
6339,11
6339,5
6339,9
6339,12
6339,8
6339,11
6343,11
6343,6
6343,8
6344,9
6344,10
6344,11
6344,6
6344,8
6344,9
6344,11
6344,11
6344,6
6344,9
6345,10
6345,10
6345,12
6345,6
6345,7
6345,10
6345,10
6345,12
6345,6
6346,8
6346,10
6346,9
6346,12
6346,7
6346,7
6346,10
6346,9
6346,12
6347,9
6347,7
6347,10
6347,9
6347,12
6347,9
6347,6
6347,9
6347,9
6347,12
6348,10
6348,6
6348,10
6348,8
6348,12
6348,10
6348,6
6348,10
6348,7
6349,12
6349,12
6349,6
6349,10
6349,8
6349,11
6349,12
6355,7
6355,6
6355,9
6356,8
6356,11
6356,8
6356,6
6356,10
6356,8
6356,12
6356,9
6356,7
6357,10
6357,8
6357,13
6357,12
6357,7
6357,9
6357,7
6357,12
6357,12
6357,7
6358,9
6358,7
6358,11
6358,12
6358,8
6358,10
6358,7
6358,12
6358,12
6359,7
6359,9
6359,7
6359,11
6359,11
6359,6
6359,9
6365,6
6365,9
6366,5
6366,11
6366,11
6366,6
6366,10
6366,6
6366,9
6366,12
6366,7
6367,10
6367,5
6367,9
6367,12
6367,7
6367,10
6367,5
6367,10
6367,12
6367,7
6368,10
6368,5
6368,9
6368,11
6368,7
6368,13
6368,5
6368,10
6368,12
6369,8
6369,11
6369,6
6369,9
6369,12
6369,9
6369,12
6381,8
6388,11
6388,5
6388,8
6389,11
6389,9
6389,12
6389,5
6389,8
6389,12
6389,9
6393,5
6393,9
6393,12
6394,7
6394,10
6394,5
6394,9
6394,11
6394,8
6394,8
6394,4
6394,9
6395,12
6395,10
6395,12
6395,5
6395,9
6395,12
6395,10
6395,11
6395,6
6395,8
6396,12
6396,10
6396,12
6396,6
6396,8
6396,12
6396,10
6396,11
6396,6
6397,8
6397,12
6397,10
6397,12
6397,6
6397,7
6397,12
6397,9
6397,12
6398,6
6398,7
6398,11
6398,9
6398,12
6398,8
6398,7
6398,11
6398,8
6398,12
6399,8
6399,6
6399,11
6399,9
6399,11
6399,9
6399,6
6405,11
6405,10
6405,5
6405,9
6405,9
6406,10
6406,11
6406,6
6406,8
6406,10
6406,10
6406,12
6406,6
6406,8
6407,10
6407,10
6407,12
6407,6
6407,7
6407,10
6407,10
6407,12
6407,8
6407,7
6408,10
6408,7
6408,12
6408,9
6408,7
6408,10
6408,9
6408,12
6408,11
6409,7
6409,9
6409,8
6409,12
6409,11
6409,7
6409,10
6415,5
6415,9
6415,9
6415,11
6415,11
6415,6
6416,10
6416,9
6416,10
6416,11
6416,5
6416,9
6416,9
6416,11
6416,11
6417,5
6417,9
6417,9
6417,12
6417,12
6417,6
6417,9
6417,10
6417,11
6417,12
6418,6
6418,9
6418,10
6418,11
6418,12
6418,6
6418,9
6418,10
6418,11
6419,12
6419,7
6419,8
6419,9
6419,11
6419,12
6419,6
6433,11
6440,5
6444,10
6444,8
6444,12
6444,9
6444,5
6444,10
6444,8
6445,12
6445,10
6445,6
6445,10
6445,9
6445,11
6445,10
6445,6
6445,10
6446,8
6446,11
6446,13
6446,6
6446,10
6446,9
6446,12
6446,8
6446,6
6446,10
6447,9
6447,12
6447,11
6447,6
6447,10
6447,9
6447,11
6447,12
6447,6
6448,10
6448,9
6448,11
6448,11
6448,6
6448,9
6448,10
6448,11
6448,12
6448,6
6449,9
6449,10
6449,11
6449,12
6449,6
6449,9
6449,10
6455,9
6455,11
6455,5
6455,6
6455,12
6456,9
6456,11
6456,6
6456,7
6456,11
6456,9
6456,12
6456,6
6456,7
6456,12
6457,9
6457,11
6457,7
6457,7
6457,11
6457,9
6457,11
6457,8
6457,5
6458,11
6458,9
6458,11
6458,10
6458,6
6458,10
6458,9
6458,11
6458,10
6459,6
6459,10
6459,9
6459,11
6459,11
6459,6
6459,10
6465,11
6465,7
6465,6
6465,10
6465,9
6465,11
6465,8
6465,6
6466,11
6466,9
6466,11
6466,10
6466,5
6466,11
6466,9
6466,11
6466,11
6466,6
6467,10
6467,9
6467,12
6467,12
6467,5
6467,10
6467,9
6467,11
6467,11
6468,6
6468,9
6468,10
6468,11
6468,11
6468,6
6468,9
6468,10
6468,11
6468,11
6469,6
6469,9
6469,9
6469,10
6469,12
6469,6
6469,9
6479,5
6485,9
6485,12
6486,7
6486,7
6486,9
6486,8
6486,11
6486,7
6486,6
6486,10
6486,9
6487,11
6487,9
6487,7
6487,10
6487,9
6487,12
6487,10
6487,6
6487,10
6487,8
6488,12
6488,9
6488,6
6488,10
6488,8
6488,12
6488,9
6488,6
6488,10
6489,8
6489,12
6489,11
6489,7
6489,10
6489,8
6489,12
6493,9
6493,10
6493,5
6494,8
6494,11
6494,10
6494,11
6494,6
6494,8
6494,12
6494,10
6494,12
6495,6
6495,8
6495,12
6495,10
6495,12
6495,6
6495,7
6495,12
6495,10
6495,11
6496,6
6496,7
6496,12
6496,9
6496,12
6496,6
6496,6
6496,12
6496,9
6497,12
6497,7
6497,6
6497,11
6497,9
6497,11
6497,8
6497,6
6497,11
6497,9
6498,11
6498,8
6498,6
6498,11
6498,9
6498,12
6498,9
6498,5
6498,12
6499,9
6499,12
6499,8
6499,8
6499,11
6499,9
6499,12
6505,11
6505,10
6505,11
6505,5
6505,8
6505,12
6505,10
6505,12
6505,6
6505,8
6506,12
6506,10
6506,11
6506,6
6506,10
6506,11
6506,10
6506,12
6506,5
6507,8
6507,12
6507,10
6507,12
6507,6
6507,6
6507,12
6507,10
6507,11
6508,5
6508,7
6508,11
6508,9
6508,12
6508,7
6508,7
6508,11
6508,9
6508,12
6509,8
6509,6
6509,11
6509,9
6509,12
6509,8
6509,6
6515,9
6515,11
6515,5
6515,7
6515,11
6515,9
6515,11
6515,6
6515,7
6515,11
6516,9
6516,11
6516,7
6516,7
6516,11
6516,9
6516,11
6516,8
6516,6
6517,11
6517,9
6517,12
6517,7
6517,6
6517,11
6517,9
6517,12
6517,8
6517,5
6518,11
6518,9
6518,12
6518,9
6518,6
6518,11
6518,9
6518,12
6518,9
6519,6
6519,10
6519,10
6519,12
6519,10
6519,6
6519,10
6529,11
6535,7
6535,11
6535,9
6535,11
6535,6
6535,7
6535,10
6535,10
6536,11
6536,7
6536,7
6536,11
6536,9
6536,12
6536,6
6536,7
6536,11
6537,9
6537,12
6537,6
6537,7
6537,11
6537,9
6537,11
6537,6
6537,7
6537,12
6538,9
6538,11
6538,8
6538,6
6538,11
6538,9
6538,12
6538,7
6538,6
6539,12
6539,9
6539,12
6539,7
6539,5
6539,12
6539,9
6543,10
6543,11
6543,6
6544,8
6544,10
6544,9
6544,11
6544,6
6544,8
6544,10
6544,10
6544,12
6545,6
6545,8
6545,10
6545,10
6545,11
6545,7
6545,8
6545,10
6545,10
6545,12
6546,6
6546,7
6546,10
6546,10
6546,12
6546,7
6546,7
6546,10
6546,10
6547,11
6547,8
6547,7
6547,10
6547,9
6547,12
6547,10
6547,7
6547,10
6547,8
6548,12
6548,9
6548,7
6548,11
6548,9
6548,12
6548,10
6548,6
6548,10
6549,8
6549,11
6549,10
6549,6
6549,10
6549,7
6549,12
6554,10
6554,8
6555,11
6555,9
6555,5
6555,10
6555,9
6555,11
6555,10
6555,5
6555,10
6556,9
6556,11
6556,11
6556,6
6556,10
6556,9
6556,12
6556,9
6556,5
6556,10
6557,9
6557,11
6557,12
6557,6
6557,9
6557,9
6557,12
6557,12
6557,6
6558,9
6558,10
6558,11
6558,12
6558,6
6558,10
6558,9
6558,12
6558,12
6558,6
6559,9
6559,9
6559,11
6559,12
6559,6
6559,9
6559,9
6564,5
6565,7
6565,11
6565,9
6565,11
6565,6
6565,7
6565,12
6565,9
6565,11
6565,7
6566,6
6566,11
6566,9
6566,11
6566,7
6566,6
6566,11
6566,9
6566,13
6567,7
6567,6
6567,11
6567,9
6567,12
6567,7
6567,6
6567,11
6567,9
6567,12
6568,8
6568,5
6568,11
6568,9
6568,12
6568,10
6568,6
6568,11
6568,9
6569,12
6569,10
6569,6
6569,10
6569,9
6569,12
6569,11
6579,5
6585,8
6585,10
6585,11
6585,6
6585,9
6585,9
6585,11
6585,11
6586,7
6586,8
6586,10
6586,11
6586,12
6586,6
6586,8
6586,10
6586,11
6586,12
6587,6
6587,8
6587,10
6587,10
6587,12
6587,6
6587,8
6587,10
6587,10
6588,12
6588,7
6588,8
6588,10
6588,10
6588,12
6588,7
6588,8
6588,10
6588,9
6589,11
6589,8
6589,6
6589,11
6589,9
6589,12
6589,9
6593,11
6593,8
6593,9
6594,4
6594,9
6594,11
6594,9
6594,12
6594,5
6594,9
6594,12
6594,9
6595,12
6595,6
6595,10
6595,12
6595,9
6595,10
6595,5
6595,8
6595,12
6596,9
6596,11
6596,6
6596,9
6596,12
6596,11
6596,12
6596,6
6596,8
6596,12
6597,11
6597,11
6597,6
6597,8
6597,12
6597,10
6597,12
6597,6
6597,8
6598,12
6598,10
6598,12
6598,5
6598,8
6598,12
6598,10
6598,12
6598,6
6598,8
6599,12
6599,10
6599,11
6599,6
6599,8
6599,12
6599,10
6604,6
6604,9
6604,9
6605,11
6605,11
6605,6
6605,9
6605,9
6605,11
6605,12
6605,6
6605,9
6606,10
6606,11
6606,11
6606,6
6606,9
6606,10
6606,11
6606,11
6606,6
6606,9
6607,10
6607,11
6607,12
6607,6
6607,9
6607,10
6607,10
6607,12
6607,6
6608,8
6608,10
6608,10
6608,12
6608,6
6608,8
6608,10
6608,10
6608,12
6609,7
6609,7
6609,10
6609,10
6609,11
6609,7
6609,8
6614,11
6614,11
6614,6
6614,9
6614,9
6614,11
6615,12
6615,6
6615,9
6615,9
6615,11
6615,11
6615,6
6615,9
6615,9
6616,11
6616,11
6616,6
6616,9
6616,10
6616,11
6616,11
6616,6
6616,9
6616,10
6617,11
6617,13
6617,6
6617,10
6617,10
6617,11
6617,11
6617,7
6617,9
6618,10
6618,10
6618,12
6618,7
6618,8
6618,10
6618,10
6618,12
6618,7
6619,7
6619,10
6619,10
6619,12
6619,7
6619,7
6619,10
6632,11
6639,9
6643,5
6643,9
6644,11
6644,8
6644,9
6644,5
6644,9
6644,12
6644,8
6644,11
6644,5
6644,9
6645,11
6645,8
6645,11
6645,5
6645,10
6645,11
6645,9
6645,11
6645,6
6646,9
6646,12
6646,9
6646,12
6646,6
6646,8
6646,12
6646,10
6646,12
6647,6
6647,8
6647,12
6647,10
6647,12
6647,5
6647,8
6647,11
6647,10
6647,10
6648,6
6648,8
6648,12
6648,10
6648,12
6648,6
6648,8
6648,12
6648,10
6649,12
6649,6
6649,7
6649,12
6649,8
6649,12
6649,6
6654,8
6654,11
6654,8
6654,6
6654,10
6654,9
6654,12
6655,7
6655,7
6655,12
6655,9
6655,12
6655,9
6655,6
6655,10
6655,8
6656,12
6656,11
6656,6
6656,9
6656,8
6656,12
6656,12
6656,7
6656,10
6656,8
6657,11
6657,12
6657,7
6657,10
6657,7
6657,11
6657,12
6657,6
6657,9
6658,7
6658,12
6658,12
6658,7
6658,9
6658,7
6658,12
6658,11
6658,6
6659,9
6659,6
6659,10
6659,12
6659,6
6659,10
6659,6
6664,5
6664,8
6664,11
6664,10
6664,11
6664,6
6664,8
6664,12
6665,10
6665,11
6665,6
6665,8
6665,12
6665,9
6665,11
6665,6
6665,7
6666,12
6666,9
6666,11
6666,6
6666,7
6666,12
6666,10
6666,12
6666,7
6666,6
6667,11
6667,9
6667,12
6667,8
6667,6
6667,11
6667,9
6667,12
6667,9
6668,5
6668,10
6668,9
6668,12
6668,11
6668,6
6668,11
6668,9
6668,12
6668,12
6669,5
6669,10
6669,9
6669,11
6669,12
6669,6
6669,10
6679,11
6684,10
6684,11
6684,6
6684,8
6684,10
6684,10
6685,12
6685,6
6685,8
6685,10
6685,10
6685,12
6685,7
6685,7
6685,10
6686,9
6686,12
6686,8
6686,7
6686,10
6686,9
6686,12
6686,9
6686,7
6686,10
6687,8
6687,12
6687,9
6687,7
6687,10
6687,8
6687,12
6687,11
6687,7
6688,10
6688,8
6688,12
6688,11
6688,7
6688,9
6688,7
6688,11
6688,11
6689,7
6689,9
6689,7
6689,11
6689,12
6689,7
6689,9
6693,6
6693,11
6693,9
6694,12
6694,6
6694,8
6694,11
6694,9
6694,12
6694,5
6694,7
6694,12
6694,8
6695,11
6695,7
6695,7
6695,11
6695,9
6695,11
6695,8
6695,6
6695,11
6696,9
6696,12
6696,9
6696,5
6696,10
6696,9
6696,12
6696,9
6696,6
6696,10
6697,9
6697,12
6697,10
6697,5
6697,10
6697,9
6697,11
6697,12
6697,6
6698,10
6698,9
6698,12
6698,12
6698,6
6698,9
6698,9
6698,11
6698,11
6698,6
6699,9
6699,10
6699,11
6699,11
6699,6
6699,9
6704,11
6704,6
6704,9
6704,6
6704,11
6704,11
6704,6
6704,9
6704,6
6705,10
6705,11
6705,6
6705,10
6705,5
6705,10
6705,13
6705,7
6705,10
6706,6
6706,9
6706,12
6706,9
6706,12
6706,5
6706,9
6706,12
6706,9
6706,11
6707,6
6707,9
6707,12
6707,9
6707,12
6707,5
6707,9
6707,12
6707,10
6708,11
6708,5
6708,8
6708,12
6708,10
6708,12
6708,6
6708,8
6708,13
6708,10
6709,12
6709,6
6709,8
6709,11
6709,10
6709,11
6709,6
6714,11
6714,7
6714,10
6714,6
6714,9
6714,11
6714,8
6715,11
6715,5
6715,9
6715,12
6715,9
6715,11
6715,5
6715,9
6715,12
6716,9
6716,11
6716,5
6716,9
6716,11
6716,10
6716,11
6716,6
6716,8
6716,12
6717,10
6717,13
6717,6
6717,8
6717,12
6717,10
6717,12
6717,6
6717,7
6718,12
6718,9
6718,12
6718,6
6718,7
6718,12
6718,9
6718,11
6718,7
6718,6
6719,11
6719,10
6719,12
6719,7
6719,5
6719,11
6719,9
6729,10
6734,9
6734,7
6734,11
6734,10
6735,6
6735,10
6735,8
6735,11
6735,12
6735,7
6735,9
6735,8
6735,12
6736,12
6736,6
6736,9
6736,7
6736,12
6736,11
6736,7
6736,9
6736,6
6736,12
6737,12
6737,6
6737,9
6737,6
6737,11
6737,11
6737,6
6737,10
6737,6
6738,11
6738,12
6738,6
6738,9
6738,5
6738,10
6738,12
6738,7
6738,10
6738,5
6739,10
6739,12
6739,8
6739,10
6739,5
6739,10
6739,12
6743,10
6743,11
6743,6
6744,7
6744,10
6744,10
6744,12
6744,6
6744,7
6744,10
6744,10
6744,11
6745,7
6745,8
6745,10
6745,10
6745,12
6745,8
6745,7
6745,10
6745,9
6746,12
6746,9
6746,6
6746,10
6746,8
6746,12
6746,13
6746,7
6746,10
6746,8
6747,12
6747,12
6747,6
6747,9
6747,8
6747,11
6747,11
6747,6
6747,9
6748,7
6748,12
6748,12
6748,7
6748,9
6748,6
6748,11
6748,12
6748,8
6748,10
6749,6
6749,11
6749,11
6749,6
6749,10
6749,5
6749,11
6754,6
6754,8
6754,6
6754,11
6754,11
6754,6
6754,9
6754,6
6754,11
6754,12
6755,7
6755,10
6755,5
6755,11
6755,12
6755,8
6755,10
6755,5
6755,10
6756,12
6756,8
6756,11
6756,5
6756,9
6756,13
6756,9
6756,11
6756,5
6756,9
6757,12
6757,10
6757,11
6757,6
6757,9
6757,12
6757,11
6757,11
6757,5
6758,8
6758,12
6758,10
6758,12
6758,6
6758,8
6758,11
6758,10
6758,11
6759,6
6759,8
6759,11
6759,10
6759,12
6759,6
6759,7
6763,10
6763,10
6763,11
6764,6
6764,8
6764,9
6764,10
6764,11
6764,6
6764,8
6764,10
6764,10
6764,12
6765,7
6765,8
6765,10
6765,9
6765,12
6765,7
6765,7
6765,10
6765,10
6766,12
6766,8
6766,7
6766,10
6766,9
6766,12
6766,9
6766,6
6766,10
6766,9
6767,12
6767,10
6767,7
6767,10
6767,8
6767,12
6767,10
6767,7
6767,10
6768,8
6768,12
6768,11
6768,7
6768,10
6768,8
6768,12
6768,12
6768,6
6769,9
6769,7
6769,12
6769,11
6769,7
6769,9
6769,7
6782,10
6790,11
6794,6
6794,9
6794,6
6794,10
6794,11
6795,6
6795,9
6795,5
6795,11
6795,11
6795,7
6795,10
6795,5
6795,10
6795,11
6796,7
6796,10
6796,5
6796,10
6796,12
6796,8
6796,11
6796,5
6796,10
6797,12
6797,8
6797,11
6797,5
6797,9
6797,12
6797,8
6797,12
6797,5
6798,9
6798,12
6798,8
6798,12
6798,5
6798,9
6798,12
6798,10
6798,12
6798,5
6799,8
6799,12
6799,6
6799,11
6799,5
6799,9
6799,12
6803,11
6803,9
6803,5
6804,10
6804,8
6804,11
6804,10
6804,6
6804,10
6804,9
6804,11
6804,11
6805,6
6805,10
6805,9
6805,11
6805,12
6805,6
6805,10
6805,9
6805,11
6805,11
6806,7
6806,9
6806,9
6806,11
6806,12
6806,5
6806,9
6806,10
6806,11
6807,12
6807,6
6807,9
6807,11
6807,11
6807,12
6807,6
6807,8
6807,10
6807,11
6808,12
6808,6
6808,8
6808,10
6808,10
6808,12
6808,7
6808,7
6808,10
6809,9
6809,12
6809,7
6809,7
6809,10
6809,9
6809,12
6813,6
6813,9
6813,7
6814,11
6814,11
6814,6
6814,9
6814,7
6814,10
6814,13
6814,6
6814,9
6815,7
6815,12
6815,11
6815,6
6815,9
6815,7
6815,12
6815,11
6815,7
6815,9
6816,6
6816,11
6816,12
6816,6
6816,9
6816,6
6816,11
6816,12
6816,6
6817,9
6817,6
6817,11
6817,12
6817,7
6817,9
6817,6
6817,11
6817,12
6817,6
6818,10
6818,6
6818,11
6818,12
6818,7
6818,10
6818,5
6818,10
6818,12
6819,6
6819,11
6819,6
6819,10
6819,12
6819,7
6819,10
6829,9
6829,7
6829,9
6829,8
6833,9
6833,10
6833,7
6834,10
6834,3
6834,9
6834,12
6834,9
6834,9
6834,5
6834,9
6834,12
6835,9
6835,11
6835,5
6835,9
6835,12
6835,11
6835,12
6835,7
6835,9
6835,12
6836,11
6836,11
6836,6
6836,8
6836,12
6836,10
6836,12
6836,6
6836,8
6837,12
6837,10
6837,12
6837,6
6837,7
6837,12
6837,10
6837,12
6837,6
6838,7
6838,12
6838,11
6838,11
6838,6
6838,8
6838,12
6838,10
6838,12
6838,6
6839,7
6839,12
6839,9
6839,12
6839,7
6839,7
6839,12
6843,7
6843,9
6844,8
6844,12
6844,10
6844,6
6844,11
6844,8
6844,12
6844,10
6844,6
6844,10
6845,7
6845,12
6845,11
6845,7
6845,10
6845,8
6845,12
6845,12
6845,6
6846,10
6846,7
6846,12
6846,11
6846,7
6846,9
6846,7
6846,12
6846,12
6846,6
6847,9
6847,7
6847,12
6847,11
6847,7
6847,9
6847,7
6847,11
6847,12
6848,6
6848,9
6848,7
6848,12
6848,12
6848,7
6848,9
6848,6
6848,11
6849,12
6849,6
6849,9
6849,7
6849,11
6849,11
6849,7
6853,6
6853,7
6853,9
6854,9
6854,12
6854,7
6854,7
6854,10
6854,9
6854,11
6854,8
6854,7
6854,10
6855,9
6855,12
6855,9
6855,6
6855,10
6855,8
6855,12
6855,9
6855,7
6856,10
6856,8
6856,12
6856,11
6856,7
6856,10
6856,8
6856,12
6856,11
6856,7
6857,10
6857,8
6857,12
6857,12
6857,7
6857,10
6857,8
6857,12
6857,12
6858,6
6858,10
6858,8
6858,12
6858,12
6858,7
6858,9
6858,8
6858,11
6859,12
6859,6
6859,8
6859,7
6859,11
6859,12
6859,6
6863,6
6863,7
6863,10
6864,9
6864,12
6864,7
6864,7
6864,10
6864,10
6864,12
6864,9
6864,7
6864,10
6865,9
6865,12
6865,9
6865,7
6865,10
6865,8
6865,12
6865,9
6865,7
6866,10
6866,7
6866,12
6866,11
6866,6
6866,10
6866,8
6866,12
6866,10
6866,6
6867,10
6867,9
6867,11
6867,11
6867,7
6867,10
6867,7
6867,10
6867,12
6868,7
6868,10
6868,8
6868,12
6868,12
6868,7
6868,10
6868,7
6868,12
6869,12
6869,7
6869,9
6869,7
6869,12
6869,12
6869,7
6879,11
6879,12
6879,6
6879,9
6879,7
6883,12
6883,8
6883,11
6884,5
6884,9
6884,12
6884,10
6884,11
6884,6
6884,8
6884,12
6884,11
6885,12
6885,6
6885,8
6885,12
6885,9
6885,12
6885,6
6885,7
6885,12
6886,10
6886,11
6886,6
6886,7
6886,12
6886,10
6886,12
6886,6
6886,8
6886,12
6887,11
6887,13
6887,6
6887,7
6887,12
6887,9
6887,13
6887,8
6887,7
6888,12
6888,10
6888,12
6888,6
6888,7
6888,11
6888,9
6888,12
6888,7
6888,7
6889,12
6889,9
6889,12
6889,8
6889,6
6889,11
6889,9
6893,8
6894,6
6894,11
6894,10
6894,7
6894,9
6894,7
6894,11
6894,12
6894,6
6895,9
6895,6
6895,11
6895,11
6895,7
6895,9
6895,7
6895,11
6895,12
6895,7
6896,10
6896,6
6896,12
6896,12
6896,6
6896,9
6896,6
6896,11
6896,12
6897,7
6897,10
6897,6
6897,11
6897,12
6897,7
6897,10
6897,6
6897,10
6898,12
6898,8
6898,10
6898,6
6898,10
6898,12
6898,8
6898,11
6898,6
6898,10
6899,11
6899,8
6899,12
6899,5
6899,10
6899,12
6899,9
6903,6
6903,8
6904,9
6904,9
6904,11
6904,7
6904,8
6904,10
6904,10
6904,12
6904,7
6904,7
6905,10
6905,9
6905,12
6905,7
6905,6
6905,10
6905,8
6905,12
6905,8
6906,6
6906,10
6906,9
6906,12
6906,9
6906,6
6906,10
6906,9
6906,12
6907,8
6907,7
6907,10
6907,8
6907,12
6907,9
6907,7
6907,11
6907,9
6907,11
6908,9
6908,7
6908,10
6908,9
6908,12
6908,10
6908,6
6908,10
6908,8
6909,11
6909,9
6909,6
6909,10
6909,8
6909,12
6909,12
6913,11
6913,6
6914,8
6914,10
6914,10
6914,11
6914,6
6914,7
6914,10
6914,10
6914,12
6915,7
6915,8
6915,10
6915,10
6915,12
6915,7
6915,7
6915,10
6915,10
6915,12
6916,8
6916,7
6916,10
6916,9
6916,11
6916,8
6916,6
6916,10
6916,9
6917,11
6917,9
6917,6
6917,9
6917,9
6917,12
6917,9
6917,6
6917,10
6918,8
6918,11
6918,11
6918,5
6918,10
6918,8
6918,12
6918,12
6918,6
6918,9
6919,8
6919,12
6919,12
6919,7
6919,10
6919,7
6919,12
6932,5
6940,10
6944,10
6944,9
6944,11
6944,6
6944,6
6944,11
6945,9
6945,11
6945,8
6945,5
6945,11
6945,9
6945,12
6945,8
6945,5
6946,11
6946,8
6946,11
6946,9
6946,5
6946,10
6946,9
6946,11
6946,11
6947,6
6947,11
6947,9
6947,12
6947,12
6947,6
6947,10
6947,9
6947,11
6947,12
6948,6
6948,10
6948,9
6948,11
6948,12
6948,6
6948,9
6948,9
6948,11
6949,12
6949,6
6949,8
6949,10
6949,11
6949,12
6949,6
6953,11
6954,8
6954,5
6954,10
6954,8
6954,11
6954,9
6954,6
6954,10
6954,8
6954,13
6955,11
6955,6
6955,10
6955,8
6955,12
6955,11
6955,7
6955,10
6955,8
6956,11
6956,11
6956,7
6956,10
6956,6
6956,11
6956,12
6956,6
6956,10
6956,8
6957,12
6957,11
6957,7
6957,10
6957,7
6957,12
6957,12
6957,7
6957,10
6958,7
6958,12
6958,12
6958,7
6958,9
6958,6
6958,11
6958,12
6958,6
6959,9
6959,6
6959,11
6959,11
6959,6
6959,9
6959,6
6963,9
6964,10
6964,12
6964,6
6964,8
6964,9
6964,11
6964,12
6964,6
6964,8
6965,10
6965,10
6965,12
6965,6
6965,7
6965,10
6965,10
6965,12
6965,7
6965,8
6966,10
6966,10
6966,12
6966,8
6966,7
6966,10
6966,9
6966,12
6966,9
6967,7
6967,10
6967,9
6967,12
6967,10
6967,7
6967,10
6967,8
6967,12
6967,9
6968,7
6968,10
6968,9
6968,12
6968,10
6968,6
6968,10
6968,8
6968,11
6969,12
6969,7
6969,10
6969,7
6969,12
6969,12
6969,7
6978,8
6978,11
6979,7
6979,6
6979,11
6979,9
6979,11
6979,7
6979,7
6984,5
6984,8
6984,11
6984,8
6984,9
6984,5
6984,9
6984,12
6984,9
6984,11
6985,5
6985,9
6985,12
6985,10
6985,11
6985,5
6985,9
6985,11
6985,11
6986,12
6986,5
6986,8
6986,12
6986,10
6986,11
6986,6
6986,10
6986,12
6986,10
6987,12
6987,6
6987,8
6987,11
6987,10
6987,12
6987,6
6987,8
6987,12
6988,10
6988,12
6988,7
6988,7
6988,12
6988,9
6988,12
6988,6
6988,7
6989,12
6989,9
6989,12
6989,7
6989,6
6989,11
6989,10
6994,11
6994,11
6994,6
6994,9
6994,9
6994,11
6994,11
6994,5
6995,9
6995,10
6995,11
6995,12
6995,5
6995,9
6995,9
6995,11
6995,12
6995,6
6996,8
6996,10
6996,11
6996,11
6996,5
6996,8
6996,10
6996,10
6996,12
6997,6
6997,7
6997,10
6997,11
6997,12
6997,7
6997,8
6997,10
6997,10
6997,11
6998,7
6998,8
6998,10
6998,10
6998,12
6998,8
6998,7
6998,10
6998,9
6999,12
6999,8
6999,7
6999,10
6999,9
6999,12
6999,10
7004,8
7004,11
7004,9
7004,5
7004,10
7004,8
7004,11
7004,11
7004,6
7004,10
7005,9
7005,12
7005,9
7005,6
7005,10
7005,9
7005,11
7005,9
7005,6
7006,9
7006,9
7006,11
7006,11
7006,6
7006,10
7006,9
7006,11
7006,12
7006,6
7007,9
7007,9
7007,11
7007,11
7007,6
7007,10
7007,9
7007,12
7007,12
7008,6
7008,9
7008,9
7008,11
7008,11
7008,6
7008,9
7008,10
7008,11
7009,12
7009,6
7009,10
7009,10
7009,11
7009,12
7009,7
7014,9
7014,11
7014,5
7014,8
7014,12
7014,9
7014,11
7014,5
7014,8
7015,12
7015,10
7015,11
7015,6
7015,8
7015,12
7015,10
7015,12
7015,6
7015,8
7016,12
7016,10
7016,12
7016,6
7016,8
7016,11
7016,9
7016,11
7016,6
7017,8
7017,12
7017,9
7017,12
7017,6
7017,7
7017,12
7017,10
7017,12
7017,7
7018,6
7018,11
7018,9
7018,12
7018,8
7018,6
7018,11
7018,9
7018,12
7019,9
7019,6
7019,10
7019,8
7019,12
7019,8
7019,5
7029,8
7029,6
7029,11
7029,11
7034,6
7034,9
7034,7
7034,11
7034,11
7034,6
7034,9
7034,6
7035,11
7035,12
7035,6
7035,9
7035,6
7035,11
7035,12
7035,6
7035,9
7035,6
7036,10
7036,12
7036,6
7036,10
7036,5
7036,10
7036,11
7036,7
7036,10
7037,5
7037,9
7037,12
7037,8
7037,10
7037,5
7037,11
7037,12
7037,8
7037,13
7038,6
7038,9
7038,11
7038,9
7038,12
7038,5
7038,9
7038,12
7038,9
7039,12
7039,6
7039,9
7039,12
7039,11
7039,11
7039,6
7044,7
7044,6
7044,10
7044,8
7044,11
7044,9
7044,6
7045,10
7045,9
7045,12
7045,9
7045,7
7045,10
7045,8
7045,12
7045,10
7046,7
7046,10
7046,8
7046,12
7046,12
7046,6
7046,10
7046,8
7046,12
7046,12
7047,7
7047,9
7047,7
7047,12
7047,11
7047,7
7047,10
7047,7
7047,12
7048,12
7048,6
7048,9
7048,7
7048,12
7048,11
7048,6
7048,9
7048,6
7048,10
7049,12
7049,6
7049,10
7049,6
7049,11
7049,11
7049,7
7054,9
7054,6
7054,11
7054,11
7054,6
7054,9
7054,6
7054,12
7055,11
7055,6
7055,9
7055,6
7055,11
7055,11
7055,6
7055,9
7055,6
7055,12
7056,12
7056,6
7056,9
7056,5
7056,11
7056,12
7056,6
7056,9
7056,6
7057,11
7057,12
7057,7
7057,11
7057,5
7057,10
7057,11
7057,7
7057,11
7057,5
7058,9
7058,12
7058,8
7058,9
7058,5
7058,9
7058,12
7058,9
7058,12
7059,5
7059,9
7059,12
7059,10
7059,12
7059,6
7059,9
7064,7
7064,10
7064,8
7064,11
7064,9
7064,5
7064,9
7064,8
7064,11
7065,10
7065,6
7065,10
7065,9
7065,12
7065,11
7065,5
7065,9
7065,9
7066,11
7066,11
7066,6
7066,9
7066,9
7066,11
7066,12
7066,6
7066,9
7066,10
7067,11
7067,12
7067,6
7067,9
7067,10
7067,10
7067,12
7067,6
7067,8
7068,10
7068,10
7068,11
7068,7
7068,7
7068,10
7068,10
7068,12
7068,7
7069,7
7069,10
7069,9
7069,12
7069,10
7069,6
7069,10
7079,7
7079,11
7079,11
7079,6
7079,9
7079,8
7079,11
7084,10
7084,8
7084,11
7084,9
7084,6
7084,11
7084,9
7084,11
7085,8
7085,6
7085,10
7085,10
7085,11
7085,10
7085,6
7085,10
7085,9
7086,11
7086,12
7086,5
7086,9
7086,9
7086,10
7086,12
7086,6
7086,10
7086,9
7087,11
7087,12
7087,6
7087,9
7087,10
7087,11
7087,12
7087,6
7087,9
7088,10
7088,11
7088,12
7088,6
7088,9
7088,10
7088,11
7088,12
7088,6
7088,9
7089,10
7089,10
7089,12
7089,6
7089,8
7089,10
7089,10
7094,8
7094,6
7094,9
7094,8
7094,11
7095,8
7095,7
7095,10
7095,9
7095,12
7095,9
7095,6
7095,10
7095,8
7095,12
7096,12
7096,6
7096,11
7096,8
7096,11
7096,12
7096,6
7096,10
7096,8
7097,12
7097,11
7097,6
7097,10
7097,7
7097,12
7097,11
7097,7
7097,10
7097,7
7098,12
7098,11
7098,7
7098,10
7098,7
7098,12
7098,11
7098,6
7098,9
7099,7
7099,12
7099,12
7099,6
7099,9
7099,7
7099,11
7104,11
7104,5
7104,7
7104,11
7104,9
7104,11
7104,6
7105,7
7105,12
7105,10
7105,12
7105,6
7105,7
7105,12
7105,9
7105,12
7106,6
7106,6
7106,11
7106,9
7106,12
7106,8
7106,6
7106,11
7106,9
7106,11
7107,8
7107,6
7107,11
7107,9
7107,12
7107,9
7107,5
7107,11
7107,9
7108,10
7108,10
7108,6
7108,10
7108,9
7108,11
7108,9
7108,5
7108,10
7108,9
7109,11
7109,11
7109,5
7109,10
7109,9
7109,12
7114,7
7114,9
7114,9
7114,11
7114,7
7114,7
7114,10
7115,10
7115,12
7115,7
7115,7
7115,11
7115,9
7115,12
7115,8
7115,7
7115,10
7116,10
7116,12
7116,8
7116,7
7116,10
7116,9
7116,12
7116,8
7116,7
7117,10
7117,8
7117,12
7117,9
7117,8
7117,10
7117,8
7117,12
7117,9
7117,7
7118,10
7118,8
7118,12
7118,9
7118,6
7118,10
7118,8
7118,12
7118,10
7119,7
7119,10
7119,8
7119,12
7119,12
7119,7
7119,10
7132,11
7139,7
7139,12
7139,5
7139,9
7144,9
7144,12
7144,6
7144,7
7145,10
7145,9
7145,12
7145,8
7145,6
7145,10
7145,9
7145,12
7145,8
7145,6
7146,10
7146,9
7146,12
7146,9
7146,7
7146,10
7146,8
7146,11
7146,10
7147,7
7147,10
7147,9
7147,12
7147,11
7147,6
7147,10
7147,8
7147,12
7147,11
7148,6
7148,10
7148,7
7148,12
7148,11
7148,7
7148,10
7148,6
7148,12
7149,12
7149,6
7149,9
7149,7
7149,12
7149,11
7149,6
7154,6
7154,11
7154,9
7154,12
7154,7
7154,6
7155,11
7155,9
7155,12
7155,9
7155,7
7155,11
7155,10
7155,12
7155,10
7155,6
7156,10
7156,9
7156,11
7156,10
7156,6
7156,11
7156,9
7156,12
7156,9
7157,6
7157,10
7157,9
7157,11
7157,11
7157,5
7157,10
7157,9
7157,11
7157,11
7158,6
7158,10
7158,9
7158,11
7158,12
7158,6
7158,10
7158,9
7158,12
7159,11
7159,5
7159,9
7159,9
7159,11
7159,12
7159,6
7164,11
7164,6
7164,6
7164,11
7164,8
7164,12
7164,7
7165,6
7165,11
7165,8
7165,12
7165,8
7165,5
7165,10
7165,9
7165,12
7166,9
7166,5
7166,11
7166,9
7166,12
7166,9
7166,6
7166,10
7166,9
7167,12
7167,9
7167,7
7167,10
7167,9
7167,12
7167,11
7167,6
7167,10
7167,9
7168,11
7168,11
7168,6
7168,10
7168,9
7168,12
7168,10
7168,6
7168,10
7169,9
7169,12
7169,12
7169,6
7169,10
7169,9
7169,11
7180,8
7184,5
7184,10
7184,8
7184,11
7185,9
7185,5
7185,11
7185,9
7185,13
7185,9
7185,5
7185,11
7185,9
7186,11
7186,10
7186,5
7186,10
7186,9
7186,12
7186,10
7186,5
7186,10
7186,9
7187,12
7187,10
7187,6
7187,10
7187,9
7187,11
7187,12
7187,6
7187,10
7188,9
7188,11
7188,11
7188,6
7188,10
7188,9
7188,11
7188,12
7188,6
7189,9
7189,9
7189,11
7189,12
7189,6
7189,8
7189,10
7194,8
7194,11
7194,7
7194,7
7194,10
7195,9
7195,11
7195,9
7195,5
7195,11
7195,8
7195,12
7195,9
7195,6
7195,10
7196,9
7196,12
7196,10
7196,6
7196,10
7196,9
7196,12
7196,11
7196,6
7197,8
7197,9
7197,12
7197,9
7197,6
7197,10
7197,9
7197,11
7197,11
7198,6
7198,10
7198,9
7198,11
7198,11
7198,6
7198,9
7198,9
7198,11
7198,12
7199,6
7199,9
7199,9
7199,11
7199,12
7199,6
7199,10
7204,5
7204,9
7204,11
7204,9
7204,11
7204,5
7205,8
7205,12
7205,10
7205,11
7205,6
7205,7
7205,12
7205,10
7205,11
7206,6
7206,8
7206,12
7206,10
7206,11
7206,5
7206,8
7206,12
7206,10
7206,12
7207,6
7207,8
7207,12
7207,11
7207,12
7207,6
7207,8
7207,11
7207,10
7208,12
7208,6
7208,7
7208,12
7208,9
7208,12
7208,7
7208,7
7208,12
7208,9
7209,12
7209,7
7209,7
7209,11
7209,10
7209,12
7209,7
7214,11
7214,10
7214,5
7214,9
7214,9
7214,12
7215,11
7215,6
7215,9
7215,9
7215,12
7215,12
7215,6
7215,9
7215,9
7215,11
7216,12
7216,5
7216,9
7216,10
7216,11
7216,12
7216,6
7216,9
7216,9
7217,11
7217,11
7217,6
7217,9
7217,10
7217,11
7217,12
7217,6
7217,9
7218,10
7218,10
7218,12
7218,7
7218,8
7218,9
7218,10
7218,12
7218,6
7218,8
7219,10
7219,9
7219,13
7219,7
7219,8
7219,10
7219,10
7229,8
7234,6
7234,10
7234,8
7234,11
7234,9
7235,6
7235,10
7235,8
7235,11
7235,9
7235,5
7235,10
7235,9
7235,12
7236,9
7236,5
7236,10
7236,9
7236,11
7236,10
7236,5
7236,10
7236,9
7236,11
7237,10
7237,5
7237,11
7237,8
7237,12
7237,9
7237,6
7237,10
7237,9
7238,12
7238,9
7238,6
7238,10
7238,9
7238,12
7238,9
7238,5
7238,10
7239,9
7239,11
7239,10
7239,6
7239,10
7239,9
7239,11
7244,9
7244,6
7244,11
7244,11
7245,7
7245,9
7245,7
7245,12
7245,11
7245,7
7245,9
7245,7
7245,12
7246,11
7246,6
7246,9
7246,7
7246,12
7246,10
7246,6
7246,9
7246,7
7246,11
7247,12
7247,7
7247,9
7247,7
7247,11
7247,11
7247,6
7247,9
7247,6
7248,11
7248,11
7248,6
7248,9
7248,7
7248,11
7248,12
7248,7
7248,10
7248,7
7249,11
7249,11
7249,6
7249,10
7249,6
7249,11
7249,12
7254,11
7254,7
7254,10
7254,5
7254,9
7255,11
7255,8
7255,11
7255,6
7255,9
7255,11
7255,9
7255,11
7255,5
7256,9
7256,12
7256,10
7256,12
7256,5
7256,9
7256,12
7256,10
7256,12
7256,6
7257,9
7257,12
7257,9
7257,12
7257,6
7257,9
7257,12
7257,10
7257,11
7258,6
7258,8
7258,12
7258,10
7258,12
7258,6
7258,8
7258,12
7258,10
7258,12
7259,5
7259,7
7259,12
7259,10
7259,12
7259,6
7264,9
7264,8
7264,12
7264,9
7264,6
7265,10
7265,8
7265,12
7265,9
7265,6
7265,9
7265,8
7265,12
7265,9
7266,6
7266,9
7266,8
7266,12
7266,11
7266,6
7266,10
7266,8
7266,12
7266,10
7267,6
7267,10
7267,8
7267,12
7267,12
7267,6
7267,9
7267,8
7267,12
7268,9
7268,7
7268,10
7268,8
7268,12
7268,11
7268,7
7268,10
7268,8
7269,12
7269,11
7269,6
7269,10
7269,8
7269,13
7269,11
7283,5
7290,9
7294,6
7295,8
7295,7
7295,11
7295,11
7295,6
7295,9
7295,7
7295,11
7295,11
7296,6
7296,9
7296,6
7296,11
7296,12
7296,6
7296,9
7296,6
7296,11
7297,12
7297,6
7297,9
7297,5
7297,11
7297,13
7297,7
7297,10
7297,5
7297,11
7298,12
7298,8
7298,10
7298,5
7298,10
7298,12
7298,7
7298,11
7298,5
7299,10
7299,12
7299,8
7299,10
7299,5
7299,9
7299,12
7304,6
7304,10
7304,7
7304,12
7305,11
7305,6
7305,9
7305,8
7305,12
7305,12
7305,7
7305,10
7305,7
7305,11
7306,10
7306,6
7306,9
7306,7
7306,12
7306,11
7306,6
7306,9
7306,7
7307,12
7307,12
7307,6
7307,9
7307,7
7307,13
7307,11
7307,7
7307,9
7308,7
7308,12
7308,12
7308,6
7308,9
7308,6
7308,10
7308,12
7308,6
7308,9
7309,6
7309,11
7309,11
7309,6
7309,9
7309,6
7309,11
7314,8
7314,11
7314,8
7314,5
7315,10
7315,8
7315,11
7315,10
7315,6
7315,10
7315,9
7315,11
7315,11
7316,6
7316,10
7316,9
7316,12
7316,11
7316,6
7316,10
7316,9
7316,12
7316,11
7317,6
7317,10
7317,9
7317,11
7317,12
7317,7
7317,10
7317,9
7317,11
7318,12
7318,6
7318,10
7318,9
7318,11
7318,12
7318,6
7318,9
7318,10
7318,11
7319,11
7319,6
7319,9
7319,9
7319,11
7319,12
7330,5
7334,8
7334,11
7335,10
7335,11
7335,5
7335,8
7335,12
7335,11
7335,11
7335,5
7335,9
7336,11
7336,10
7336,12
7336,5
7336,8
7336,12
7336,10
7336,12
7336,6
7336,8
7337,12
7337,10
7337,10
7337,6
7337,7
7337,12
7337,10
7337,12
7337,6
7338,7
7338,12
7338,11
7338,12
7338,6
7338,8
7338,12
7338,9
7338,12
7339,5
7339,7
7339,12
7339,9
7339,12
7339,6
7339,6
7344,11
7345,7
7345,10
7345,6
7345,10
7345,12
7345,7
7345,9
7345,5
7345,10
7345,12
7346,10
7346,11
7346,6
7346,9
7346,12
7346,9
7346,12
7346,6
7346,10
7347,12
7347,7
7347,11
7347,6
7347,9
7347,12
7347,10
7347,12
7347,6
7347,8
7348,11
7348,10
7348,11
7348,6
7348,8
7348,12
7348,10
7348,11
7348,6
7349,7
7349,12
7349,9
7349,11
7349,6
7349,8
7349,11
7354,6
7354,9
7354,9
7355,10
7355,12
7355,5
7355,8
7355,10
7355,10
7355,12
7355,6
7355,8
7356,10
7356,10
7356,12
7356,8
7356,7
7356,11
7356,9
7356,12
7356,8
7356,7
7357,10
7357,9
7357,12
7357,9
7357,6
7357,10
7357,9
7357,12
7357,10
7358,7
7358,10
7358,8
7358,13
7358,12
7358,7
7358,10
7358,8
7358,12
7358,12
7359,7
7359,10
7359,7
7359,12
7359,12
7359,6
7359,10
7364,11
7364,6
7365,9
7365,7
7365,11
7365,11
7365,6
7365,9
7365,7
7365,12
7365,12
7365,6
7366,8
7366,6
7366,12
7366,11
7366,6
7366,9
7366,5
7366,11
7366,11
7367,7
7367,9
7367,6
7367,11
7367,12
7367,6
7367,10
7367,5
7367,9
7367,11
7368,7
7368,10
7368,5
7368,10
7368,12
7368,8
7368,11
7368,5
7368,10
7369,12
7369,8
7369,9
7369,5
7369,9
7369,12
7369,10
7380,10
7385,10
7385,10
7385,5
7385,8
7385,11
7385,10
7385,11
7385,5
7385,8
7386,12
7386,10
7386,12
7386,6
7386,8
7386,12
7386,9
7386,10
7386,6
7387,8
7387,12
7387,10
7387,11
7387,6
7387,8
7387,12
7387,10
7387,12
7387,6
7388,7
7388,12
7388,9
7388,12
7388,6
7388,7
7388,12
7388,10
7388,12
7389,7
7389,6
7389,11
7389,9
7389,11
7389,7
7389,6
7394,11
7395,6
7395,10
7395,4
7395,10
7395,11
7395,6
7395,10
7395,5
7395,8
7396,12
7396,7
7396,10
7396,5
7396,10
7396,12
7396,7
7396,10
7396,6
7396,10
7397,12
7397,7
7397,11
7397,5
7397,10
7397,12
7397,8
7397,11
7397,5
7398,9
7398,12
7398,8
7398,12
7398,5
7398,9
7398,12
7398,9
7398,11
7399,5
7399,9
7399,12
7399,9
7399,12
7399,6
7399,9
7404,6
7404,7
7405,11
7405,9
7405,11
7405,7
7405,7
7405,11
7405,9
7405,11
7405,8
7405,7
7406,11
7406,9
7406,12
7406,8
7406,6
7406,11
7406,9
7406,12
7406,9
7407,5
7407,10
7407,9
7407,11
7407,10
7407,5
7407,11
7407,9
7407,11
7407,10
7408,6
7408,11
7408,9
7408,12
7408,12
7408,5
7408,10
7408,8
7408,11
7409,11
7409,6
7409,10
7409,9
7409,12
7409,12
7409,6
7414,11
7414,5
7415,8
7415,12
7415,10
7415,11
7415,6
7415,7
7415,11
7415,10
7415,11
7415,6
7416,8
7416,12
7416,9
7416,12
7416,6
7416,8
7416,12
7416,10
7416,11
7417,6
7417,7
7417,12
7417,9
7417,10
7417,6
7417,7
7417,12
7417,10
7418,12
7418,7
7418,7
7418,12
7418,9
7418,11
7418,8
7418,6
7418,11
7418,9
7419,12
7419,9
7419,7
7419,11
7419,9
7419,12
7419,9
7430,11
7435,6
7435,9
7435,6
7435,11
7435,11
7435,6
7435,8
7435,6
7435,11
7435,11
7436,6
7436,9
7436,6
7436,11
7436,11
7436,6
7436,10
7436,5
7436,11
7437,12
7437,7
7437,10
7437,5
7437,10
7437,12
7437,9
7437,10
7437,5
7437,9
7438,12
7438,9
7438,12
7438,5
7438,9
7438,12
7438,9
7438,12
7438,6
7439,8
7439,12
7439,11
7439,12
7439,6
7439,8
7439,13
7445,7
7445,11
7445,11
7445,6
7445,9
7445,7
7445,11
7445,11
7445,6
7446,9
7446,7
7446,11
7446,12
7446,6
7446,9
7446,6
7446,12
7446,12
7446,6
7447,10
7447,6
7447,10
7447,12
7447,6
7447,10
7447,5
7447,11
7447,12
7448,7
7448,10
7448,5
7448,9
7448,12
7448,8
7448,13
7448,5
7448,9
7448,12
7449,10
7449,12
7449,6
7449,8
7449,12
7449,9
7449,11
7454,11
7455,10
7455,11
7455,5
7455,7
7455,11
7455,10
7455,12
7455,6
7455,8
7455,12
7456,10
7456,12
7456,5
7456,8
7456,12
7456,10
7456,11
7456,6
7456,6
7457,11
7457,10
7457,11
7457,6
7457,7
7457,12
7457,10
7457,12
7457,6
7457,7
7458,12
7458,9
7458,12
7458,7
7458,6
7458,12
7458,9
7458,12
7458,7
7459,7
7459,11
7459,10
7459,12
7459,8
7459,6
7459,11
7464,10
7465,11
7465,6
7465,8
7465,9
7465,10
7465,11
7465,6
7465,8
7465,10
7466,9
7466,12
7466,8
7466,7
7466,10
7466,9
7466,12
7466,7
7466,6
7466,10
7467,9
7467,12
7467,9
7467,7
7467,10
7467,9
7467,12
7467,8
7467,6
7468,9
7468,9
7468,13
7468,10
7468,6
7468,10
7468,8
7468,11
7468,10
7468,7
7469,9
7469,8
7469,12
7469,12
7469,6
7469,10
7469,8
7482,10
7487,10
7487,6
7487,8
7488,7
7488,11
7488,12
7488,6
7488,9
7488,7
7488,11
7488,12
7488,6
7488,9
7489,6
7489,11
7489,12
7489,6
7489,8
7489,6
7489,10
7495,11
7495,6
7495,9
7495,6
7495,11
7495,12
7495,6
7495,8
7496,6
7496,11
7496,12
7496,7
7496,9
7496,7
7496,11
7496,12
7496,6
7496,9
7497,6
7497,12
7497,12
7497,6
7497,9
7497,6
7497,11
7497,11
7497,6
7498,11
7498,6
7498,11
7498,12
7498,8
7498,9
7498,6
7498,11
7498,13
7499,6
7499,9
7499,6
7499,11
7499,12
7499,7
7499,10
7504,11
7505,11
7505,6
7505,9
7505,8
7505,11
7505,11
7505,6
7505,10
7505,8
7505,11
7506,12
7506,6
7506,10
7506,7
7506,12
7506,12
7506,7
7506,10
7506,8
7507,12
7507,12
7507,7
7507,9
7507,7
7507,12
7507,12
7507,6
7507,9
7508,6
7508,11
7508,12
7508,7
7508,9
7508,7
7508,12
7508,12
7508,6
7508,9
7509,5
7509,10
7509,12
7509,6
7509,9
7509,6
7509,11
7514,9
7515,6
7515,9
7515,8
7515,12
7515,9
7515,7
7515,9
7515,8
7515,12
7516,10
7516,6
7516,10
7516,8
7516,12
7516,10
7516,6
7516,10
7516,8
7516,11
7517,11
7517,7
7517,9
7517,8
7517,12
7517,12
7517,6
7517,10
7517,8
7518,12
7518,12
7518,7
7518,10
7518,8
7518,12
7518,11
7518,6
7518,9
7519,8
7519,12
7519,11
7519,6
7519,9
7519,7
7519,12
7530,6
7535,9
7535,10
7535,11
7535,5
7535,9
7535,9
7535,10
7536,11
7536,5
7536,9
7536,9
7536,11
7536,12
7536,6
7536,9
7536,10
7537,11
7537,11
7537,6
7537,9
7537,10
7537,11
7537,12
7537,6
7537,9
7538,10
7538,11
7538,11
7538,6
7538,9
7538,10
7538,11
7538,11
7538,6
7538,9
7539,10
7539,11
7539,11
7539,6
7539,9
7539,9
7539,11
7545,8
7545,7
7545,9
7545,8
7545,12
7545,10
7545,6
7546,9
7546,8
7546,12
7546,11
7546,7
7546,10
7546,9
7546,12
7546,10
7546,7
7547,10
7547,8
7547,13
7547,10
7547,6
7547,10
7547,8
7547,12
7547,11
7548,6
7548,10
7548,8
7548,12
7548,12
7548,6
7548,10
7548,8
7548,12
7548,12
7549,7
7549,10
7549,7
7549,12
7549,11
7549,5
7555,6
7555,9
7555,8
7555,12
7555,8
7555,7
7555,10
7555,9
7555,12
7556,7
7556,6
7556,10
7556,9
7556,11
7556,9
7556,8
7556,10
7556,9
7556,12
7557,10
7557,6
7557,10
7557,8
7557,12
7557,10
7557,7
7557,10
7557,9
7558,12
7558,10
7558,7
7558,10
7558,8
7558,11
7558,10
7558,6
7558,10
7558,8
7559,12
7559,10
7559,6
7559,10
7559,9
7559,12
7559,10
7565,7
7565,7
7565,9
7565,9
7565,11
7565,7
7565,7
7565,10
7565,9
7566,11
7566,9
7566,7
7566,10
7566,9
7566,12
7566,9
7566,6
7566,10
7567,9
7567,12
7567,9
7567,7
7567,10
7567,9
7567,12
7567,10
7567,6
7567,10
7568,9
7568,12
7568,10
7568,6
7568,10
7568,8
7568,12
7568,10
7568,6
7569,9
7569,8
7569,12
7569,10
7569,7
7569,10
7569,8
7580,11
7585,11
7585,5
7585,9
7585,12
7586,8
7586,11
7586,5
7586,9
7586,12
7586,9
7586,12
7586,6
7586,8
7586,12
7587,9
7587,11
7587,6
7587,9
7587,12
7587,9
7587,12
7587,6
7587,9
7588,12
7588,9
7588,12
7588,5
7588,9
7588,12
7588,9
7588,11
7588,6
7588,9
7589,12
7589,8
7589,11
7589,4
7589,10
7589,12
7595,6
7595,7
7595,9
7595,9
7595,11
7595,6
7595,7
7596,10
7596,9
7596,12
7596,6
7596,8
7596,10
7596,10
7596,12
7596,6
7597,8
7597,10
7597,10
7597,12
7597,6
7597,8
7597,9
7597,11
7597,12
7597,6
7598,8
7598,10
7598,10
7598,12
7598,6
7598,8
7598,10
7598,10
7598,12
7599,7
7599,8
7599,9
7599,10
7599,12
7599,7
7599,8
7605,5
7605,9
7605,9
7605,11
7605,13
7605,6
7605,9
7605,9
7606,12
7606,11
7606,6
7606,9
7606,9
7606,11
7606,11
7606,7
7606,9
7606,9
7607,9
7607,12
7607,6
7607,9
7607,10
7607,11
7607,12
7607,6
7607,9
7608,10
7608,10
7608,12
7608,6
7608,9
7608,10
7608,11
7608,12
7608,7
7609,9
7609,10
7609,10
7609,12
7609,6
7609,8
7609,10
7615,9
7615,6
7615,10
7615,8
7615,11
7615,9
7615,6
7615,10
7615,8
7616,12
7616,11
7616,6
7616,10
7616,7
7616,12
7616,10
7616,7
7616,10
7617,7
7617,12
7617,13
7617,6
7617,10
7617,8
7617,13
7617,12
7617,7
7618,10
7618,8
7618,12
7618,11
7618,7
7618,9
7618,8
7618,11
7618,11
7618,6
7619,9
7619,7
7619,12
7619,12
7619,6
7619,10
7619,7
7633,9
7638,9
7638,5
7639,10
7639,12
7639,8
7639,10
7639,5
7639,9
7639,12
7645,11
7645,5
7645,9
7645,9
7645,11
7646,11
7646,5
7646,9
7646,9
7646,11
7646,12
7646,6
7646,10
7646,9
7646,11
7647,12
7647,6
7647,9
7647,9
7647,11
7647,11
7647,5
7647,9
7647,10
7648,11
7648,12
7648,5
7648,10
7648,10
7648,12
7648,12
7648,6
7648,9
7649,10
7649,11
7649,12
7649,6
7649,9
7649,10
7649,11
7655,6
7655,9
7655,7
7655,10
7655,11
7655,6
7656,9
7656,6
7656,11
7656,12
7656,6
7656,9
7656,7
7656,11
7656,12
7656,7
7657,9
7657,6
7657,12
7657,11
7657,6
7657,9
7657,7
7657,12
7657,12
7658,7
7658,8
7658,6
7658,11
7658,12
7658,7
7658,10
7658,6
7658,10
7658,12
7659,6
7659,10
7659,6
7659,11
7659,12
7659,7
7659,10
7665,7
7665,10
7665,9
7665,12
7665,7
7665,7
7666,10
7666,9
7666,11
7666,8
7666,7
7666,10
7666,9
7666,12
7666,7
7666,7
7667,9
7667,9
7667,12
7667,8
7667,6
7667,10
7667,9
7667,12
7667,7
7668,7
7668,10
7668,9
7668,11
7668,9
7668,7
7668,10
7668,9
7668,12
7668,9
7669,6
7669,10
7669,8
7669,12
7669,10
7669,7
7669,10
7681,11
7686,7
7686,5
7686,10
7686,8
7686,11
7686,7
7686,7
7686,11
7686,9
7686,11
7687,8
7687,6
7687,11
7687,9
7687,11
7687,8
7687,6
7687,11
7687,8
7688,11
7688,9
7688,5
7688,11
7688,9
7688,12
7688,9
7688,5
7688,11
7689,9
7689,12
7689,9
7689,5
7689,11
7689,9
7689,12
7695,5
7695,8
7695,11
7695,10
7695,11
7696,5
7696,8
7696,11
7696,11
7696,11
7696,6
7696,9
7696,12
7696,10
7697,12
7697,5
7697,8
7697,12
7697,9
7697,12
7697,6
7697,7
7697,12
7697,10
7698,11
7698,6
7698,7
7698,12
7698,10
7698,11
7698,6
7698,7
7698,12
7699,10
7699,12
7699,6
7699,7
7699,12
7699,9
7699,12
7705,11
7705,6
7705,9
7705,9
7705,10
7705,11
7705,5
7705,7
7706,10
7706,10
7706,11
7706,6
7706,8
7706,10
7706,11
7706,12
7706,6
7707,8
7707,9
7707,11
7707,12
7707,6
7707,8
7707,10
7707,11
7707,12
7707,6
7708,8
7708,10
7708,10
7708,11
7708,6
7708,8
7708,10
7708,9
7708,12
7709,7
7709,7
7709,10
7709,10
7709,12
7709,7
7709,8
7715,6
7715,9
7715,6
7715,11
7715,11
7715,6
7716,9
7716,7
7716,11
7716,12
7716,6
7716,9
7716,7
7716,12
7716,11
7717,7
7717,9
7717,7
7717,12
7717,12
7717,6
7717,9
7717,7
7717,12
7717,11
7718,6
7718,9
7718,7
7718,12
7718,12
7718,6
7718,10
7718,8
7718,12
7719,11
7719,7
7719,9
7719,7
7719,11
7719,12
7719,6
7730,6
7735,11
7735,6
7735,8
7736,6
7736,11
7736,11
7736,6
7736,10
7736,7
7736,12
7736,12
7736,7
7737,9
7737,7
7737,11
7737,11
7737,7
7737,9
7737,7
7737,12
7737,12
7737,7
7738,9
7738,7
7738,12
7738,11
7738,6
7738,9
7738,7
7738,12
7738,12
7739,6
7739,9
7739,6
7739,11
7739,12
7739,6
7739,9
7745,7
7745,10
7745,4
7745,10
7746,11
7746,7
7746,10
7746,4
7746,10
7746,11
7746,7
7746,10
7746,5
7746,10
7747,12
7747,7
7747,11
7747,5
7747,9
7747,12
7747,8
7747,8
7747,5
7748,9
7748,12
7748,10
7748,12
7748,6
7748,9
7748,12
7748,10
7748,11
7749,6
7749,8
7749,12
7749,11
7749,12
7749,6
7749,9
7755,9
7755,10
7755,11
7755,5
7755,9
7755,9
7756,9
7756,12
7756,6
7756,9
7756,9
7756,11
7756,11
7756,6
7756,9
7757,9
7757,11
7757,12
7757,5
7757,10
7757,10
7757,11
7757,12
7757,6
7757,10
7758,10
7758,11
7758,12
7758,6
7758,9
7758,10
7758,11
7758,11
7758,6
7759,9
7759,9
7759,10
7759,11
7759,6
7759,9
7759,10
7765,11
7765,6
7765,9
7765,7
7765,11
7765,11
7766,7
7766,9
7766,7
7766,11
7766,12
7766,6
7766,9
7766,7
7766,12
7767,11
7767,7
7767,9
7767,7
7767,12
7767,11
7767,7
7767,9
7767,7
7767,12
7768,11
7768,6
7768,9
7768,7
7768,12
7768,12
7768,6
7768,9
7768,7
7769,12
7769,12
7769,6
7769,9
7769,6
7769,11
7769,12
7780,8
7786,6
7786,9
7786,9
7786,12
7786,8
7786,6
7786,9
7786,8
7786,12
7786,8
7787,6
7787,10
7787,9
7787,11
7787,10
7787,7
7787,10
7787,8
7787,12
7788,11
7788,6
7788,10
7788,9
7788,12
7788,10
7788,7
7788,10
7788,8
7788,12
7789,12
7789,6
7789,10
7789,8
7789,11
7789,10
7789,7
7795,5
7795,8
7795,11
7796,8
7796,11
7796,5
7796,9
7796,11
7796,9
7796,12
7796,6
7796,9
7797,12
7797,11
7797,12
7797,6
7797,9
7797,12
7797,9
7797,11
7797,5
7798,8
7798,12
7798,9
7798,12
7798,6
7798,8
7798,12
7798,9
7798,11
7798,6
7799,8
7799,12
7799,11
7799,12
7799,6
7799,8
7799,12
7805,9
7805,8
7805,11
7805,11
7805,6
7805,10
7805,9
7805,11
7806,10
7806,6
7806,9
7806,9
7806,11
7806,11
7806,6
7806,9
7806,8
7806,11
7807,12
7807,6
7807,10
7807,9
7807,11
7807,11
7807,5
7807,10
7807,9
7808,12
7808,12
7808,6
7808,10
7808,10
7808,11
7808,12
7808,6
7808,9
7808,10
7809,11
7809,11
7809,6
7809,9
7809,9
7809,11
7815,5
7815,9
7815,8
7815,11
7815,12
7816,6
7816,9
7816,9
7816,11
7816,9
7816,5
7816,9
7816,8
7816,11
7816,9
7817,5
7817,10
7817,9
7817,11
7817,12
7817,5
7817,10
7817,9
7817,11
7818,12
7818,6
7818,9
7818,9
7818,12
7818,12
7818,6
7818,10
7818,9
7819,11
7819,12
7819,6
7819,10
7819,9
7819,12
7819,12
7834,8
7839,6
7845,11
7845,10
7845,6
7846,9
7846,8
7846,12
7846,11
7846,7
7846,10
7846,8
7846,12
7846,11
7847,6
7847,10
7847,8
7847,12
7847,12
7847,7
7847,9
7847,7
7847,12
7847,11
7848,7
7848,10
7848,7
7848,11
7848,12
7848,7
7848,9
7848,7
7848,11
7849,11
7849,7
7849,9
7849,7
7849,12
7849,11
7849,6
7855,12
7855,6
7855,8
7855,9
7855,10
7856,12
7856,6
7856,9
7856,10
7856,10
7856,11
7856,6
7856,8
7856,10
7857,10
7857,12
7857,6
7857,8
7857,9
7857,10
7857,12
7857,7
7857,8
7858,11
7858,10
7858,12
7858,7
7858,7
7858,10
7858,10
7858,12
7858,8
7858,7
7859,10
7859,9
7859,12
7859,8
7859,7
7859,10
7859,10
7865,11
7865,5
7865,8
7866,9
7866,9
7866,12
7866,6
7866,8
7866,10
7866,10
7866,12
7866,6
7866,8
7867,10
7867,9
7867,12
7867,6
7867,8
7867,10
7867,10
7867,11
7867,6
7868,8
7868,10
7868,9
7868,12
7868,7
7868,8
7868,10
7868,10
7868,12
7869,7
7869,7
7869,10
7869,9
7869,12
7869,9
7869,7
7880,11
7886,8
7886,11
7886,5
7886,9
7886,12
7886,8
7886,11
7887,5
7887,9
7887,12
7887,9
7887,11
7887,5
7887,9
7887,11
7887,9
7887,11
7888,5
7888,9
7888,12
7888,10
7888,11
7888,7
7888,9
7888,12
7888,9
7889,12
7889,6
7889,9
7889,12
7889,11
7889,11
7889,6
7895,10
7895,8
7896,12
7896,8
7896,7
7896,11
7896,9
7896,11
7896,7
7896,5
7896,11
7897,7
7897,11
7897,9
7897,6
7897,11
7897,9
7897,12
7897,8
7897,6
7897,11
7898,9
7898,12
7898,9
7898,6
7898,11
7898,8
7898,11
7898,9
7898,5
7899,11
7899,8
7899,11
7899,10
7899,6
7899,11
7899,9
7905,11
7905,11
7905,6
7905,10
7905,7
7905,12
7905,9
7906,6
7906,10
7906,8
7906,11
7906,9
7906,6
7906,10
7906,8
7906,12
7907,9
7907,6
7907,10
7907,8
7907,12
7907,9
7907,6
7907,10
7907,9
7907,12
7908,11
7908,6
7908,10
7908,8
7908,12
7908,12
7908,6
7908,10
7908,8
7909,12
7909,12
7909,7
7909,10
7909,8
7909,11
7909,12
7915,11
7915,5
7916,8
7916,9
7916,10
7916,11
7916,6
7916,8
7916,10
7916,10
7916,12
7916,6
7917,8
7917,10
7917,10
7917,10
7917,6
7917,8
7917,10
7917,10
7917,12
7918,6
7918,8
7918,10
7918,9
7918,12
7918,6
7918,7
7918,10
7918,9
7918,12
7919,8
7919,7
7919,10
7919,9
7919,11
7919,8
7919,7
7930,5
7936,10
7936,5
7936,9
7936,11
7936,7
7936,10
7936,5
7936,10
7937,11
7937,8
7937,13
7937,5
7937,9
7937,11
7937,8
7937,11
7937,5
7938,9
7938,12
7938,9
7938,11
7938,5
7938,9
7938,12
7938,9
7938,12
7938,6
7939,9
7939,12
7939,10
7939,12
7939,6
7939,8
7939,12
7946,11
7946,6
7946,8
7946,9
7946,9
7946,12
7946,6
7946,8
7946,10
7946,10
7947,12
7947,6
7947,8
7947,9
7947,10
7947,12
7947,6
7947,8
7947,10
7948,10
7948,12
7948,7
7948,8
7948,11
7948,10
7948,12
7948,7
7948,7
7948,10
7949,10
7949,12
7949,7
7949,8
7949,10
7949,10
7949,11
7955,11
7955,5
7955,8
7955,11
7955,11
7956,10
7956,4
7956,8
7956,11
7956,10
7956,11
7956,6
7956,8
7956,12
7957,10
7957,11
7957,7
7957,8
7957,12
7957,10
7957,11
7957,5
7957,8
7957,12
7958,10
7958,11
7958,6
7958,8
7958,12
7958,10
7958,11
7958,6
7958,8
7959,12
7959,10
7959,11
7959,6
7959,8
7959,12
7959,10
7965,11
7965,9
7966,11
7966,6
7966,6
7966,11
7966,11
7966,11
7966,7
7966,7
7966,11
7966,9
7967,11
7967,8
7967,6
7967,11
7967,9
7967,12
7967,8
7967,6
7967,11
7968,9
7968,12
7968,9
7968,6
7968,11
7968,8
7968,11
7968,9
7968,6
7968,10
7969,10
7969,12
7969,12
7969,6
7969,10
7969,9
7969,12
7980,10
7986,8
7986,11
7986,9
7986,11
7986,5
7986,8
7987,12
7987,9
7987,11
7987,5
7987,8
7987,11
7987,10
7987,12
7987,6
7988,8
7988,12
7988,11
7988,12
7988,5
7988,8
7988,12
7988,11
7988,12
7988,6
7989,8
7989,12
7989,10
7989,12
7989,6
7989,8
7989,12
7996,9
7996,6
7996,11
7996,11
7996,6
7996,9
7996,7
7996,11
7996,11
7997,6
7997,8
7997,7
7997,11
7997,11
7997,6
7997,9
7997,7
7997,11
7998,11
7998,7
7998,9
7998,7
7998,11
7998,12
7998,6
7998,9
7998,6
7998,12
7999,12
7999,6
7999,9
7999,7
7999,11
7999,12
8005,12
8005,9
8005,11
8005,5
8005,8
8005,11
8005,8
8005,11
8005,5
8006,8
8006,12
8006,10
8006,12
8006,6
8006,7
8006,12
8006,11
8006,12
8006,5
8007,8
8007,11
8007,10
8007,12
8007,6
8007,8
8007,11
8007,10
8007,12
8008,6
8008,7
8008,12
8008,10
8008,12
8008,6
8008,8
8008,12
8008,10
8009,12
8009,6
8009,8
8009,12
8009,10
8009,12
8009,6
8015,6
8015,8
8016,5
8016,10
8016,11
8016,6
8016,9
8016,5
8016,11
8016,12
8016,6
8017,10
8017,5
8017,11
8017,12
8017,6
8017,10
8017,6
8017,11
8017,12
8018,6
8018,10
8018,6
8018,11
8018,12
8018,6
8018,10
8018,6
8018,11
8018,12
8019,6
8019,10
8019,6
8019,11
8019,12
8019,6
8019,9
8031,7
8036,9
8036,9
8036,12
8037,6
8037,7
8037,10
8037,9
8037,11
8037,7
8037,7
8037,9
8037,9
8038,12
8038,8
8038,7
8038,10
8038,9
8038,12
8038,7
8038,7
8038,10
8038,9
8039,11
8039,7
8039,7
8039,10
8039,9
8039,12
8046,11
8046,10
8046,6
8046,8
8046,7
8046,12
8046,11
8046,6
8047,10
8047,7
8047,11
8047,11
8047,6
8047,9
8047,7
8047,11
8047,12
8047,7
8048,10
8048,7
8048,12
8048,11
8048,7
8048,9
8048,7
8048,12
8048,12
8049,6
8049,10
8049,5
8049,11
8049,12
8049,6
8049,10
8055,5
8055,7
8055,11
8055,10
8055,11
8055,5
8056,7
8056,11
8056,10
8056,12
8056,5
8056,8
8056,12
8056,10
8056,11
8057,6
8057,8
8057,12
8057,10
8057,12
8057,6
8057,8
8057,12
8057,9
8057,12
8058,7
8058,6
8058,12
8058,11
8058,12
8058,6
8058,7
8058,12
8058,9
8059,12
8059,7
8059,7
8059,11
8059,10
8059,13
8059,7
8066,4
8066,9
8066,11
8066,7
8066,9
8066,5
8066,9
8066,12
8066,7
8066,11
8067,5
8067,10
8067,12
8067,9
8067,11
8067,5
8067,9
8067,12
8067,8
8068,8
8068,5
8068,9
8068,12
8068,9
8068,11
8068,5
8068,9
8068,12
8068,10
8069,12
8069,5
8069,9
8069,12
8069,10
8069,12
8069,5
8084,7
8089,11
8096,6
8096,9
8096,7
8096,11
8096,11
8096,7
8097,10
8097,7
8097,11
8097,12
8097,6
8097,9
8097,7
8097,12
8097,11
8098,6
8098,9
8098,7
8098,11
8098,11
8098,7
8098,9
8098,7
8098,12
8098,11
8099,7
8099,9
8099,6
8099,12
8099,12
8099,6
8099,9
8105,11
8105,5
8105,7
8105,9
8105,11
8105,11
8105,6
8105,9
8105,9
8105,12
8106,11
8106,6
8106,9
8106,9
8106,11
8106,12
8106,6
8106,9
8106,10
8107,11
8107,12
8107,6
8107,8
8107,9
8107,11
8107,12
8107,6
8107,9
8107,10
8108,10
8108,12
8108,6
8108,8
8108,11
8108,10
8108,12
8108,6
8108,8
8109,10
8109,10
8109,12
8109,8
8109,7
8109,10
8109,9
8116,6
8116,9
8116,4
8116,10
8116,11
8116,6
8116,10
8116,5
8116,10
8117,12
8117,7
8117,10
8117,5
8117,10
8117,11
8117,7
8117,11
8117,5
8118,9
8118,12
8118,8
8118,9
8118,5
8118,9
8118,12
8118,8
8118,12
8119,5
8119,9
8119,12
8119,9
8119,11
8119,5
8119,9
8131,11
8136,10
8137,5
8137,8
8137,12
8137,9
8137,11
8137,5
8137,8
8137,12
8137,10
8138,11
8138,6
8138,8
8138,12
8138,10
8138,11
8138,6
8138,8
8138,12
8138,10
8139,11
8139,6
8139,8
8139,12
8139,10
8139,11
8146,11
8146,6
8146,8
8146,6
8146,11
8146,11
8146,6
8147,9
8147,6
8147,11
8147,12
8147,6
8147,9
8147,6
8147,11
8147,12
8147,5
8148,10
8148,7
8148,11
8148,12
8148,6
8148,9
8148,7
8148,11
8148,12
8149,7
8149,10
8149,6
8149,11
8149,11
8149,7
8149,10
8155,10
8155,5
8155,7
8155,11
8156,9
8156,12
8156,6
8156,7
8156,11
8156,9
8156,11
8156,6
8156,8
8156,12
8157,10
8157,11
8157,6
8157,8
8157,12
8157,9
8157,12
8157,6
8157,7
8158,11
8158,10
8158,12
8158,6
8158,8
8158,12
8158,10
8158,12
8158,6
8158,8
8159,12
8159,10
8159,12
8159,6
8159,8
8159,11
8159,10
8166,8
8166,6
8166,9
8166,8
8166,12
8166,9
8166,6
8166,10
8167,8
8167,12
8167,10
8167,6
8167,10
8167,8
8167,12
8167,9
8167,6
8168,10
8168,8
8168,12
8168,10
8168,6
8168,10
8168,9
8168,12
8168,9
8168,7
8169,10
8169,8
8169,14
8169,9
8169,7
8169,10
8169,9
8181,9
8186,7
8187,5
8187,8
8187,12
8187,8
8187,9
8187,5
8187,10
8187,12
8187,8
8187,10
8188,6
8188,9
8188,12
8188,9
8188,11
8188,5
8188,8
8188,12
8188,9
8189,12
8189,6
8189,9
8189,12
8189,9
8189,12
8189,5
8196,8
8196,12
8196,8
8196,11
8196,5
8196,9
8197,12
8197,9
8197,12
8197,6
8197,9
8197,12
8197,9
8197,8
8197,5
8198,9
8198,12
8198,8
8198,11
8198,5
8198,10
8198,12
8198,8
8198,11
8198,5
8199,10
8199,12
8199,7
8199,11
8199,5
8199,10
8199,12
8205,7
8205,7
8205,10
8205,9
8205,11
8205,7
8205,7
8205,9
8206,9
8206,12
8206,7
8206,6
8206,9
8206,10
8206,12
8206,7
8206,7
8206,10
8207,9
8207,12
8207,7
8207,8
8207,10
8207,9
8207,12
8207,8
8207,7
8208,10
8208,9
8208,12
8208,8
8208,7
8208,10
8208,9
8208,12
8208,7
8208,8
8209,10
8209,10
8209,12
8209,7
8209,8
8209,9
8209,9
8216,6
8216,10
8216,11
8216,6
8216,9
8216,6
8216,11
8217,11
8217,7
8217,9
8217,7
8217,11
8217,11
8217,7
8217,9
8217,7
8218,11
8218,12
8218,7
8218,9
8218,6
8218,11
8218,12
8218,6
8218,9
8218,6
8219,11
8219,12
8219,6
8219,9
8219,6
8219,11
8219,12
8231,11
8237,8
8237,11
8237,7
8237,6
8237,11
8237,9
8237,11
8237,7
8237,6
8237,11
8238,9
8238,12
8238,7
8238,7
8238,11
8238,9
8238,11
8238,8
8238,7
8239,11
8239,9
8239,11
8239,7
8239,6
8239,11
8239,9
8246,5
8246,8
8246,11
8246,8
8247,11
8247,6
8247,9
8247,13
8247,10
8247,11
8247,5
8247,9
8247,12
8248,10
8248,12
8248,5
8248,9
8248,12
8248,9
8248,12
8248,5
8248,9
8248,11
8249,11
8249,12
8249,5
8249,8
8249,12
8249,10
8249,11
8255,5
8255,8
8255,12
8255,8
8256,11
8256,5
8256,9
8256,12
8256,8
8256,9
8256,5
8256,9
8256,12
8257,9
8257,12
8257,5
8257,10
8257,12
8257,8
8257,9
8257,5
8257,9
8257,12
8258,9
8258,12
8258,5
8258,9
8258,12
8258,9
8258,12
8258,5
8258,9
8259,12
8259,8
8259,12
8259,5
8259,10
8259,11
8259,8
8266,10
8266,6
8266,9
8266,7
8266,11
8267,11
8267,6
8267,9
8267,7
8267,12
8267,11
8267,7
8267,9
8267,8
8267,12
8268,11
8268,7
8268,10
8268,8
8268,12
8268,12
8268,7
8268,10
8268,8
8269,11
8269,12
8269,7
8269,10
8269,8
8269,12
8269,12
8281,6
8287,6
8287,8
8287,9
8287,11
8287,11
8287,5
8288,9
8288,9
8288,11
8288,11
8288,6
8288,9
8288,9
8288,11
8288,11
8289,5
8289,9
8289,10
8289,11
8289,12
8289,6
8289,9
8296,10
8296,6
8296,9
8296,6
8297,11
8297,11
8297,6
8297,9
8297,6
8297,11
8297,12
8297,7
8297,9
8298,7
8298,12
8298,12
8298,7
8298,9
8298,7
8298,12
8298,11
8298,6
8298,9
8299,7
8299,12
8299,12
8299,6
8299,9
8299,6
8299,12
8305,10
8305,11
8305,6
8305,9
8305,5
8305,10
8305,11
8305,6
8306,9
8306,6
8306,11
8306,12
8306,6
8306,9
8306,6
8306,12
8306,12
8306,6
8307,9
8307,7
8307,11
8307,12
8307,6
8307,9
8307,6
8307,11
8307,11
8308,6
8308,9
8308,7
8308,11
8308,12
8308,7
8308,9
8308,7
8308,12
8308,11
8309,7
8309,9
8309,6
8309,12
8309,12
8309,7
8309,10
8316,5
8316,9
8316,9
8316,11
8316,11
8317,5
8317,9
8317,8
8317,11
8317,12
8317,5
8317,10
8317,8
8317,11
8318,11
8318,5
8318,10
8318,9
8318,11
8318,10
8318,5
8318,10
8318,8
8318,12
8319,10
8319,5
8319,10
8319,9
8319,12
8319,10
8334,9
8338,8
8338,7
8338,11
8338,11
8339,6
8339,9
8339,6
8339,11
8339,11
8339,6
8339,9
8346,7
8346,7
8346,10
8346,9
8347,11
8347,7
8347,7
8347,10
8347,10
8347,12
8347,7
8347,7
8347,10
8348,9
8348,12
8348,7
8348,7
8348,10
8348,9
8348,12
8348,8
8348,7
8349,10
8349,9
8349,11
8349,8
8349,7
8349,10
8349,9
8355,5
8355,9
8355,11
8355,6
8355,10
8355,4
8356,10
8356,12
8356,7
8356,9
8356,6
8356,11
8356,11
8356,6
8356,11
8357,6
8357,11
8357,12
8357,7
8357,10
8357,6
8357,11
8357,12
8357,6
8358,9
8358,6
8358,11
8358,11
8358,6
8358,10
8358,6
8358,11
8358,11
8358,6
8359,10
8359,7
8359,11
8359,12
8359,6
8359,9
8359,6
8366,11
8366,5
8366,8
8366,9
8367,10
8367,12
8367,6
8367,8
8367,10
8367,10
8367,12
8367,6
8367,8
8367,10
8368,10
8368,12
8368,6
8368,8
8368,10
8368,10
8368,12
8368,6
8368,8
8369,10
8369,10
8369,11
8369,6
8369,8
8369,10
8369,10
8381,7
8387,9
8387,11
8387,6
8387,8
8387,10
8388,9
8388,12
8388,7
8388,7
8388,10
8388,9
8388,12
8388,6
8388,8
8388,10
8389,9
8389,12
8389,7
8389,8
8389,10
8389,10
8396,11
8396,10
8396,5
8397,10
8397,9
8397,11
8397,10
8397,6
8397,10
8397,9
8397,11
8397,10
8398,6
8398,10
8398,9
8398,12
8398,12
8398,5
8398,10
8398,8
8398,11
8398,11
8399,6
8399,9
8399,9
8399,11
8399,9
8399,6
8399,10
8405,11
8405,6
8405,9
8405,4
8405,10
8405,12
8405,7
8405,10
8406,5
8406,10
8406,12
8406,7
8406,11
8406,5
8406,10
8406,12
8406,7
8406,10
8407,5
8407,10
8407,11
8407,8
8407,11
8407,5
8407,9
8407,12
8407,7
8408,12
8408,5
8408,9
8408,12
8408,8
8408,10
8408,5
8408,10
8408,12
8409,9
8409,12
8409,5
8409,9
8409,12
8409,8
8409,11
8416,10
8416,11
8416,7
8417,10
8417,5
8417,9
8417,12
8417,8
8417,9
8417,5
8417,10
8417,12
8417,8
8418,10
8418,5
8418,10
8418,12
8418,7
8418,10
8418,5
8418,10
8418,11
8419,8
8419,10
8419,5
8419,9
8419,12
8419,8
8419,11
8431,5
8437,9
8437,8
8437,12
8437,8
8438,6
8438,9
8438,8
8438,12
8438,9
8438,6
8438,10
8438,8
8438,12
8438,9
8439,6
8439,10
8439,9
8439,11
8439,10
8439,6
8439,10
8446,10
8447,6
8447,9
8447,8
8447,11
8447,10
8447,6
8447,9
8447,8
8447,12
8448,10
8448,6
8448,10
8448,8
8448,12
8448,10
8448,6
8448,10
8448,8
8448,12
8449,10
8449,6
8449,10
8449,8
8449,12
8449,10
8449,6
8455,6
8455,5
8455,11
8455,9
8455,12
8456,6
8456,6
8456,11
8456,9
8456,11
8456,6
8456,6
8456,11
8456,9
8456,12
8457,7
8457,6
8457,11
8457,10
8457,11
8457,8
8457,6
8457,12
8457,9
8458,12
8458,8
8458,6
8458,11
8458,9
8458,12
8458,8
8458,5
8458,11
8458,9
8459,11
8459,8
8459,6
8459,11
8459,8
8459,11
8459,8
8466,6
8466,10
8466,6
8467,10
8467,11
8467,6
8467,9
8467,6
8467,11
8467,11
8467,6
8467,10
8468,5
8468,11
8468,12
8468,7
8468,10
8468,6
8468,11
8468,11
8468,6
8469,10
8469,5
8469,10
8469,11
8469,6
8469,10
8469,5
8481,11
8487,5
8487,9
8487,9
8488,11
8488,11
8488,5
8488,9
8488,9
8488,11
8488,11
8488,6
8488,10
8488,9
8489,11
8489,11
8489,6
8489,9
8489,9
8489,10
8489,12
8497,6
8497,11
8497,11
8497,6
8497,9
8497,7
8497,11
8497,11
8497,6
8497,9
8498,7
8498,12
8498,11
8498,6
8498,10
8498,7
8498,12
8498,11
8498,6
8499,10
8499,8
8499,12
8499,11
8499,7
8499,9
8499,8
8504,10
8504,8
8504,11
8504,8
8504,6
8505,10
8505,9
8505,12
8505,10
8505,5
8505,11
8505,9
8505,11
8505,7
8506,6
8506,11
8506,9
8506,11
8506,8
8506,5
8506,11
8506,9
8506,12
8507,8
8507,6
8507,11
8507,9
8507,12
8507,9
8507,7
8507,11
8507,9
8507,11
8508,8
8508,6
8508,11
8508,9
8508,12
8508,7
8508,7
8508,12
8508,10
8509,11
8509,7
8509,7
8509,11
8509,10
8509,11
8509,6
8516,9
8516,11
8517,6
8517,10
8517,5
8517,10
8517,12
8517,7
8517,10
8517,5
8517,10
8518,12
8518,7
8518,11
8518,6
8518,10
8518,12
8518,8
8518,10
8518,5
8518,10
8519,12
8519,8
8519,11
8519,5
8519,10
8519,12
8519,7
8532,5
8537,10
8538,11
8538,5
8538,9
8538,9
8538,11
8538,11
8538,6
8538,10
8538,10
8539,11
8539,11
8539,6
8539,9
8539,10
8539,11
8539,12
8547,11
8547,11
8547,6
8547,9
8547,9
8547,11
8547,11
8547,6
8547,9
8548,10
8548,11
8548,11
8548,6
8548,9
8548,9
8548,11
8548,12
8548,6
8548,9
8549,9
8549,11
8549,12
8549,6
8549,9
8549,9
8549,12
8555,10
8555,6
8555,9
8555,6
8555,12
8555,11
8555,6
8556,9
8556,6
8556,11
8556,11
8556,6
8556,9
8556,6
8556,11
8556,11
8557,7
8557,9
8557,7
8557,12
8557,11
8557,6
8557,9
8557,7
8557,13
8558,12
8558,7
8558,10
8558,7
8558,12
8558,12
8558,7
8558,9
8558,7
8558,11
8559,12
8559,6
8559,9
8559,6
8559,11
8559,10
8559,7
8567,11
8567,7
8567,12
8567,5
8567,9
8567,12
8567,6
8567,10
8567,5
8567,9
8568,12
8568,8
8568,10
8568,5
8568,10
8568,11
8568,6
8568,10
8568,5
8569,10
8569,12
8569,7
8569,10
8569,5
8569,10
8569,12
8585,11
8589,7
8589,11
8597,11
8597,5
8597,9
8597,11
8597,9
8597,11
8597,5
8597,9
8597,12
8598,9
8598,12
8598,5
8598,9
8598,12
8598,8
8598,12
8598,5
8598,8
8598,12
8599,8
8599,12
8599,5
8599,9
8599,11
8599,9
8599,12
8604,11
8604,9
8604,11
8604,5
8604,8
8604,12
8605,10
8605,11
8605,6
8605,8
8605,12
8605,11
8605,12
8605,6
8605,8
8605,12
8606,11
8606,11
8606,6
8606,9
8606,11
8606,9
8606,12
8606,4
8606,9
8607,11
8607,10
8607,12
8607,5
8607,9
8607,12
8607,9
8607,12
8607,5
8608,9
8608,12
8608,9
8608,10
8608,5
8608,9
8608,12
8608,8
8608,11
8608,5
8609,10
8609,12
8609,8
8609,12
8609,5
8609,9
8609,12
8617,9
8617,6
8617,9
8617,8
8617,12
8617,9
8617,6
8617,10
8617,9
8617,12
8618,9
8618,6
8618,10
8618,9
8618,12
8618,9
8618,6
8618,10
8618,9
8619,12
8619,9
8619,7
8619,11
8619,9
8619,13
8619,8
8630,6
8637,10
8637,5
8637,9
8637,9
8637,11
8638,11
8638,6
8638,9
8638,9
8638,11
8638,11
8638,6
8638,10
8638,9
8639,11
8639,11
8639,6
8639,9
8639,9
8639,12
8639,12
8647,9
8647,9
8647,12
8647,6
8647,7
8647,9
8647,10
8648,11
8648,6
8648,8
8648,10
8648,10
8648,11
8648,6
8648,8
8648,10
8648,10
8649,12
8649,6
8649,8
8649,10
8649,10
8649,12
8649,6
8654,7
8654,7
8655,10
8655,8
8655,12
8655,9
8655,6
8655,9
8655,8
8655,12
8655,9
8656,5
8656,10
8656,9
8656,12
8656,9
8656,6
8656,10
8656,9
8656,12
8656,8
8657,6
8657,10
8657,9
8657,12
8657,8
8657,7
8657,10
8657,9
8657,12
8658,8
8658,7
8658,10
8658,9
8658,12
8658,7
8658,7
8658,10
8658,10
8659,12
8659,7
8659,7
8659,9
8659,10
8659,12
8659,8
8667,9
8667,7
8667,11
8667,12
8667,6
8667,8
8667,7
8667,12
8667,12
8668,6
8668,9
8668,8
8668,12
8668,11
8668,7
8668,9
8668,8
8668,11
8668,12
8669,6
8669,9
8669,8
8669,11
8669,12
8669,7
8669,9
8681,7
8687,9
8688,6
8688,12
8688,11
8688,6
8688,9
8688,7
8688,11
8688,11
8688,6
8689,10
8689,8
8689,11
8689,11
8689,7
8689,10
8689,9
8697,5
8697,9
8697,8
8697,12
8697,7
8697,7
8697,10
8697,9
8698,12
8698,8
8698,7
8698,10
8698,9
8698,12
8698,7
8698,7
8698,10
8699,10
8699,12
8699,7
8699,8
8699,10
8699,10
8699,12
8703,10
8703,11
8703,6
8704,8
8704,6
8704,11
8704,11
8704,6
8704,8
8704,7
8704,11
8704,12
8704,6
8705,9
8705,7
8705,11
8705,12
8705,7
8705,9
8705,7
8705,12
8705,12
8706,7
8706,9
8706,6
8706,11
8706,12
8706,6
8706,9
8706,7
8706,12
8707,11
8707,7
8707,9
8707,7
8707,12
8707,11
8707,7
8707,9
8707,7
8707,12
8708,12
8708,7
8708,9
8708,7
8708,12
8708,12
8708,7
8708,9
8708,7
8709,11
8709,13
8709,6
8709,9
8709,7
8709,11
8709,12
8717,7
8717,12
8717,11
8717,6
8717,9
8717,7
8717,11
8717,12
8717,6
8718,9
8718,8
8718,12
8718,11
8718,6
8718,10
8718,8
8718,12
8718,11
8719,6
8719,9
8719,7
8719,12
8719,12
8719,6
8719,10
8731,10
8738,4
8738,10
8738,11
8738,6
8738,9
8738,5
8738,10
8739,11
8739,6
8739,9
8739,5
8739,11
8739,11
8739,6
8747,10
8747,11
8747,6
8747,8
8747,9
8747,10
8747,11
8747,6
8748,9
8748,9
8748,11
8748,11
8748,6
8748,8
8748,10
8748,11
8748,12
8749,6
8749,8
8749,10
8749,11
8749,12
8749,6
8749,9
8754,11
8754,6
8754,7
8754,11
8754,9
8754,11
8754,5
8755,8
8755,12
8755,10
8755,11
8755,6
8755,8
8755,12
8755,9
8755,11
8756,6
8756,8
8756,12
8756,10
8756,11
8756,6
8756,8
8756,12
8756,10
8757,12
8757,6
8757,8
8757,12
8757,11
8757,11
8757,6
8757,8
8757,12
8757,8
8758,12
8758,5
8758,9
8758,12
8758,11
8758,12
8758,6
8758,9
8758,12
8759,8
8759,12
8759,6
8759,9
8759,12
8759,10
8759,11
8767,7
8767,11
8767,9
8767,11
8767,6
8767,8
8767,11
8767,10
8768,12
8768,6
8768,8
8768,12
8768,10
8768,11
8768,6
8768,8
8768,12
8769,10
8769,12
8769,6
8769,8
8769,12
8769,11
8769,12
8782,11
8788,11
8788,11
8788,6
8788,9
8788,9
8788,12
8789,10
8789,7
8789,10
8789,8
8789,12
8789,10
8789,7
8797,8
8797,7
8797,10
8797,8
8797,11
8797,8
8797,6
8798,11
8798,9
8798,11
8798,8
8798,6
8798,11
8798,10
8798,11
8798,8
8798,6
8799,11
8799,8
8799,12
8799,8
8799,6
8799,11
8799,9
8803,9
8803,5
8803,10
8804,9
8804,11
8804,9
8804,5
8804,10
8804,9
8804,11
8804,9
8804,6
8805,10
8805,8
8805,11
8805,9
8805,5
8805,10
8805,9
8805,11
8805,11
8805,6
8806,10
8806,9
8806,11
8806,10
8806,6
8806,10
8806,9
8806,11
8806,10
8807,6
8807,10
8807,9
8807,12
8807,12
8807,6
8807,10
8807,9
8807,12
8808,10
8808,6
8808,10
8808,9
8808,12
8808,10
8808,6
8808,10
8808,9
8808,12
8809,10
8809,6
8809,10
8809,10
8809,12
8809,9
8809,5
8817,10
8817,10
8817,11
8817,6
8817,9
8817,9
8817,11
8817,11
8818,6
8818,10
8818,9
8818,11
8818,12
8818,5
8818,9
8818,9
8818,12
8819,12
8819,6
8819,10
8819,9
8819,12
8819,12
8819,6
8835,5
8840,9
8847,5
8847,8
8847,11
8848,8
8848,11
8848,5
8848,9
8848,12
8848,9
8848,12
8848,5
8848,8
8849,11
8849,9
8849,12
8849,5
8849,9
8849,12
8849,9
8853,5
8853,8
8854,11
8854,10
8854,11
8854,6
8854,8
8854,12
8854,11
8854,11
8854,6
8855,8
8855,11
8855,10
8855,11
8855,6
8855,8
8855,12
8855,10
8855,12
8855,5
8856,9
8856,12
8856,11
8856,11
8856,6
8856,8
8856,12
8856,11
8856,12
8857,6
8857,9
8857,12
8857,9
8857,11
8857,6
8857,9
8857,12
8857,11
8858,12
8858,6
8858,9
8858,13
8858,10
8858,12
8858,5
8858,9
8858,12
8858,9
8859,12
8859,5
8859,9
8859,12
8859,9
8859,12
8859,6
8867,7
8867,9
8867,9
8867,11
8867,6
8867,7
8867,10
8867,10
8868,12
8868,7
8868,8
8868,10
8868,9
8868,12
8868,7
8868,7
8868,10
8868,10
8869,11
8869,7
8869,8
8869,10
8869,10
8869,12
8869,8
8882,11
8888,6
8889,10
8889,8
8889,11
8889,10
8889,6
8889,10
8897,11
8897,7
8897,10
8897,5
8897,9
8897,11
8897,7
8897,10
8898,5
8898,9
8898,12
8898,8
8898,12
8898,5
8898,9
8898,12
8898,8
8898,10
8899,5
8899,10
8899,12
8899,8
8899,11
8899,5
8899,10
8903,11
8903,6
8903,8
8904,5
8904,11
8904,12
8904,6
8904,9
8904,5
8904,11
8904,11
8904,6
8905,11
8905,5
8905,10
8905,12
8905,7
8905,10
8905,5
8905,11
8905,12
8905,6
8906,9
8906,6
8906,10
8906,12
8906,6
8906,10
8906,6
8906,11
8906,11
8907,7
8907,10
8907,6
8907,11
8907,11
8907,6
8907,9
8907,6
8907,11
8908,12
8908,6
8908,9
8908,6
8908,11
8908,12
8908,7
8908,9
8908,7
8908,12
8909,12
8909,5
8909,9
8909,7
8909,12
8909,11
8909,7
8917,11
8917,11
8917,6
8917,9
8917,7
8917,11
8917,11
8917,6
8918,9
8918,7
8918,12
8918,11
8918,7
8918,9
8918,7
8918,12
8918,12
8918,7
8919,9
8919,7
8919,11
8919,12
8919,6
8919,10
8919,8
8932,11
8938,8
8938,11
8939,7
8939,7
8939,10
8939,9
8939,12
8939,7
8939,8
8947,11
8947,5
8947,7
8947,11
8947,7
8947,11
8947,5
8947,9
8948,11
8948,8
8948,12
8948,5
8948,9
8948,12
8948,8
8948,11
8948,5
8949,9
8949,12
8949,9
8949,11
8949,5
8949,9
8949,12
8953,6
8953,9
8953,8
8954,11
8954,8
8954,6
8954,10
8954,7
8954,13
8954,9
8954,6
8954,10
8955,9
8955,12
8955,8
8955,7
8955,10
8955,9
8955,12
8955,7
8955,7
8955,10
8956,9
8956,12
8956,7
8956,7
8956,11
8956,11
8956,12
8956,7
8956,8
8957,10
8957,10
8957,12
8957,6
8957,8
8957,10
8957,10
8957,12
8957,6
8957,9
8958,10
8958,10
8958,12
8958,6
8958,9
8958,10
8958,10
8958,12
8958,6
8959,8
8959,10
8959,11
8959,11
8959,6
8959,9
8959,9
8967,7
8967,11
8967,10
8967,11
8967,6
8967,8
8967,13
8967,10
8968,12
8968,7
8968,8
8968,12
8968,10
8968,12
8968,5
8968,8
8968,12
8968,10
8969,12
8969,6
8969,8
8969,12
8969,10
8969,12
8969,6
8982,6
8988,9
8988,8
8989,11
8989,12
8989,6
8989,9
8989,9
8989,11
8989,11
8997,11
8997,6
8997,6
8997,11
8997,9
8997,11
8997,7
8998,7
8998,11
8998,9
8998,11
8998,7
8998,7
8998,11
8998,9
8998,11
8999,7
8999,6
8999,11
8999,9
8999,12
8999,7
8999,7
9003,8
9003,11
9003,11
9004,6
9004,9
9004,8
9004,11
9004,11
9004,6
9004,9
9004,10
9004,11
9004,11
9005,6
9005,9
9005,9
9005,11
9005,12
9005,6
9005,9
9005,10
9005,11
9006,12
9006,6
9006,9
9006,9
9006,11
9006,12
9006,6
9006,9
9006,9
9006,11
9007,12
9007,6
9007,9
9007,10
9007,11
9007,12
9007,6
9007,9
9007,10
9008,11
9008,12
9008,6
9008,9
9008,9
9008,11
9008,12
9008,6
9008,9
9008,10
9009,11
9009,11
9009,6
9009,9
9009,10
9009,11
9017,9
9017,11
9017,11
9017,6
9017,9
9017,9
9017,11
9017,12
9018,6
9018,9
9018,9
9018,11
9018,12
9018,6
9018,8
9018,10
9018,11
9019,12
9019,6
9019,9
9019,9
9019,11
9019,12
9019,6
9032,5
9038,9
9039,10
9039,11
9039,5
9039,9
9039,10
9039,10
9039,12
9046,8
9047,11
9047,10
9047,5
9047,10
9047,9
9047,11
9047,9
9047,6
9047,10
9047,9
9048,11
9048,9
9048,5
9048,10
9048,9
9048,12
9048,8
9048,6
9048,11
9049,9
9049,12
9049,12
9049,7
9049,9
9049,9
9049,12
9053,6
9053,10
9053,8
9054,11
9054,7
9054,6
9054,11
9054,9
9054,11
9054,7
9054,6
9054,11
9054,9
9055,13
9055,7
9055,6
9055,11
9055,9
9055,11
9055,6
9055,7
9055,12
9056,10
9056,11
9056,6
9056,7
9056,11
9056,10
9056,11
9056,6
9056,8
9056,12
9057,10
9057,11
9057,6
9057,8
9057,12
9057,11
9057,11
9057,6
9057,9
9058,12
9058,10
9058,12
9058,6
9058,9
9058,12
9058,10
9058,12
9058,6
9059,8
9059,12
9059,10
9059,12
9059,6
9059,8
9059,12
9066,7
9066,10
9067,5
9067,9
9067,11
9067,8
9067,11
9067,5
9067,9
9067,11
9067,8
9067,11
9068,5
9068,9
9068,12
9068,8
9068,12
9068,5
9068,9
9068,12
9068,8
9069,12
9069,5
9069,9
9069,12
9069,8
9069,8
9069,5
9081,9
9088,10
9088,4
9088,9
9088,11
9089,7
9089,10
9089,4
9089,9
9089,11
9089,8
9089,11
9096,10
9096,8
9096,11
9096,8
9097,5
9097,10
9097,8
9097,11
9097,9
9097,5
9097,10
9097,9
9097,11
9097,10
9098,6
9098,10
9098,9
9098,12
9098,11
9098,6
9098,10
9098,10
9098,11
9099,10
9099,6
9099,10
9099,8
9099,11
9099,11
9099,6
9103,9
9103,9
9103,10
9104,11
9104,6
9104,9
9104,9
9104,11
9104,11
9104,6
9104,8
9104,9
9105,11
9105,12
9105,6
9105,8
9105,10
9105,10
9105,12
9105,5
9105,9
9105,10
9106,11
9106,12
9106,6
9106,9
9106,9
9106,11
9106,12
9106,6
9106,9
9107,10
9107,10
9107,12
9107,6
9107,8
9107,10
9107,10
9107,12
9107,6
9107,8
9108,9
9108,11
9108,12
9108,5
9108,8
9108,10
9108,11
9108,12
9108,6
9109,9
9109,10
9109,10
9109,12
9109,6
9109,8
9109,10
9116,5
9116,9
9116,9
9116,11
9117,12
9117,6
9117,10
9117,9
9117,11
9117,10
9117,5
9117,10
9117,9
9117,11
9118,12
9118,6
9118,9
9118,9
9118,12
9118,12
9118,5
9118,9
9118,9
9119,12
9119,11
9119,6
9119,10
9119,9
9119,11
9119,12
9134,10
9140,6
9147,9
9147,11
9148,6
9148,7
9148,11
9148,10
9148,11
9148,6
9148,8
9148,11
9148,9
9149,12
9149,6
9149,8
9149,12
9149,10
9149,12
9149,6
9153,10
9153,8
9153,11
9154,10
9154,5
9154,10
9154,9
9154,11
9154,11
9154,5
9154,10
9154,9
9154,11
9155,8
9155,5
9155,10
9155,9
9155,11
9155,11
9155,6
9155,10
9155,9
9156,11
9156,12
9156,6
9156,9
9156,9
9156,12
9156,11
9156,6
9156,10
9157,9
9157,11
9157,12
9157,6
9157,10
9157,9
9157,12
9157,12
9157,6
9157,9
9158,9
9158,12
9158,12
9158,6
9158,9
9158,9
9158,11
9158,12
9158,5
9159,9
9159,9
9159,11
9159,12
9159,5
9159,10
9159,9
9166,8
9166,11
9166,8
9166,6
9166,11
9166,8
9166,12
9167,9
9167,5
9167,11
9167,9
9167,12
9167,9
9167,6
9167,11
9167,9
9168,12
9168,9
9168,6
9168,10
9168,9
9168,12
9168,10
9168,5
9168,10
9168,9
9169,11
9169,11
9169,5
9169,11
9169,9
9169,12
9169,9
9182,11
9189,5
9189,10
9189,9
9189,11
9189,8
9189,6
9196,7
9196,11
9196,10
9196,6
9196,10
9196,8
9196,11
9196,10
9196,6
9197,10
9197,8
9197,12
9197,11
9197,6
9197,10
9197,8
9197,12
9197,11
9197,6
9198,10
9198,8
9198,12
9198,10
9198,7
9198,11
9198,8
9198,12
9198,10
9199,6
9199,9
9199,8
9199,12
9199,12
9199,7
9199,10
9203,5
9203,6
9203,12
9204,9
9204,11
9204,6
9204,6
9204,11
9204,10
9204,11
9204,6
9204,7
9204,12
9205,8
9205,12
9205,7
9205,7
9205,12
9205,9
9205,12
9205,7
9205,7
9206,11
9206,9
9206,12
9206,7
9206,6
9206,11
9206,9
9206,12
9206,6
9207,7
9207,11
9207,10
9207,12
9207,7
9207,6
9207,11
9207,9
9207,12
9207,6
9208,7
9208,12
9208,10
9208,12
9208,7
9208,7
9208,11
9208,10
9208,12
9209,6
9209,7
9209,11
9209,9
9209,12
9209,6
9209,7
9216,8
9216,11
9216,5
9216,6
9216,11
9216,9
9216,11
9216,6
9216,6
9217,11
9217,9
9217,12
9217,5
9217,7
9217,12
9217,10
9217,11
9217,5
9217,7
9218,11
9218,9
9218,11
9218,7
9218,7
9218,11
9218,9
9218,11
9218,6
9219,7
9219,12
9219,9
9219,12
9219,7
9219,6
9219,11
9230,11
9237,9
9238,11
9238,5
9238,7
9238,11
9238,10
9238,11
9238,6
9238,8
9238,12
9239,10
9239,12
9239,5
9239,7
9239,12
9239,9
9239,11
9245,11
9246,8
9246,6
9246,10
9246,9
9246,11
9246,8
9246,7
9246,10
9246,9
9247,12
9247,9
9247,7
9247,10
9247,9
9247,12
9247,8
9247,7
9247,10
9248,9
9248,12
9248,9
9248,7
9248,10
9248,9
9248,12
9248,8
9248,7
9248,10
9249,9
9249,12
9249,9
9249,7
9249,10
9249,9
9249,12
9253,6
9253,9
9253,7
9254,11
9254,11
9254,6
9254,9
9254,7
9254,12
9254,12
9254,7
9254,9
9255,7
9255,12
9255,12
9255,6
9255,9
9255,7
9255,11
9255,12
9255,7
9255,10
9256,7
9256,12
9256,12
9256,7
9256,10
9256,7
9256,12
9256,12
9256,7
9257,9
9257,7
9257,12
9257,12
9257,7
9257,10
9257,8
9257,12
9257,11
9257,6
9258,9
9258,7
9258,12
9258,12
9258,6
9258,10
9258,7
9258,12
9258,11
9259,6
9259,10
9259,7
9259,12
9259,12
9259,7
9259,10
9266,10
9266,5
9266,10
9266,8
9266,11
9266,10
9266,5
9266,10
9266,10
9266,12
9267,11
9267,4
9267,10
9267,8
9267,12
9267,11
9267,5
9267,10
9267,9
9268,12
9268,11
9268,5
9268,9
9268,9
9268,12
9268,12
9268,6
9268,10
9269,9
9269,12
9269,11
9269,6
9269,10
9269,9
9269,12
9281,8
9288,6
9288,9
9288,8
9289,12
9289,10
9289,6
9289,10
9289,8
9289,12
9289,10
9295,10
9295,8
9295,11
9296,9
9296,5
9296,10
9296,8
9296,11
9296,9
9296,6
9296,11
9296,9
9297,12
9297,9
9297,6
9297,10
9297,9
9297,12
9297,10
9297,5
9297,11
9297,9
9298,11
9298,10
9298,5
9298,10
9298,9
9298,12
9298,11
9298,6
9298,11
9299,8
9299,12
9299,10
9299,6
9299,11
9299,9
9299,12
9303,6
9303,9
9303,9
9304,11
9304,12
9304,6
9304,10
9304,9
9304,12
9304,11
9304,5
9304,9
9304,9
9305,12
9305,12
9305,6
9305,10
9305,9
9305,11
9305,12
9305,6
9305,10
9306,9
9306,11
9306,12
9306,6
9306,9
9306,9
9306,12
9306,11
9306,6
9307,10
9307,9
9307,11
9307,12
9307,6
9307,10
9307,9
9307,12
9307,11
9307,6
9308,10
9308,8
9308,11
9308,9
9308,6
9308,11
9308,8
9308,13
9308,9
9309,5
9309,10
9309,9
9309,12
9309,9
9309,8
9309,11
9315,9
9315,7
9315,12
9316,11
9316,6
9316,9
9316,8
9316,12
9316,10
9316,6
9316,10
9316,7
9317,12
9317,10
9317,7
9317,10
9317,8
9317,12
9317,10
9317,6
9317,10
9318,8
9318,12
9318,10
9318,6
9318,10
9318,9
9318,12
9318,10
9318,7
9318,10
9319,8
9319,12
9319,11
9319,7
9319,10
9319,8
9319,12
9340,6
9347,9
9347,11
9347,6
9347,7
9347,10
9348,9
9348,12
9348,7
9348,7
9348,10
9348,10
9348,12
9348,7
9348,8
9349,10
9349,10
9349,12
9349,7
9349,8
9349,10
9349,10
9353,11
9353,7
9353,11
9354,5
9354,9
9354,11
9354,9
9354,11
9354,5
9354,9
9354,12
9354,9
9355,12
9355,6
9355,9
9355,12
9355,10
9355,12
9355,6
9355,9
9355,12
9355,9
9356,12
9356,6
9356,9
9356,12
9356,12
9356,11
9356,6
9356,9
9356,12
9357,8
9357,12
9357,5
9357,9
9357,12
9357,11
9357,12
9357,6
9357,9
9357,11
9358,9
9358,12
9358,5
9358,8
9358,12
9358,7
9358,12
9358,5
9358,9
9359,12
9359,10
9359,12
9359,6
9359,9
9359,13
9359,10
9365,11
9365,5
9365,9
9365,9
9365,10
9366,11
9366,6
9366,9
9366,10
9366,12
9366,12
9366,6
9366,9
9366,9
9367,11
9367,12
9367,6
9367,8
9367,11
9367,11
9367,12
9367,6
9367,8
9367,10
9368,11
9368,12
9368,6
9368,9
9368,10
9368,11
9368,12
9368,6
9368,8
9369,10
9369,11
9369,12
9369,6
9369,8
9369,10
9369,10
9382,8
9389,10
9389,5
9395,11
9395,10
9395,11
9395,5
9395,8
9395,12
9395,10
9395,12
9396,6
9396,9
9396,12
9396,10
9396,12
9396,5
9396,8
9396,12
9396,10
9397,11
9397,7
9397,8
9397,12
9397,10
9397,11
9397,6
9397,7
9397,12
9397,10
9398,12
9398,6
9398,7
9398,11
9398,9
9398,12
9398,7
9398,7
9398,12
9399,8
9399,12
9399,8
9399,6
9399,11
9399,9
9399,12
9403,7
9403,5
9403,11
9404,9
9404,12
9404,8
9404,7
9404,11
9404,9
9404,12
9404,9
9404,5
9404,10
9405,9
9405,12
9405,10
9405,5
9405,11
9405,9
9405,12
9405,9
9405,6
9406,10
9406,9
9406,11
9406,12
9406,6
9406,10
9406,7
9406,11
9406,12
9407,6
9407,10
9407,10
9407,12
9407,12
9407,6
9407,9
9407,10
9407,11
9407,12
9408,6
9408,9
9408,9
9408,12
9408,12
9408,6
9408,10
9408,9
9408,11
9409,11
9409,6
9409,9
9409,10
9409,11
9409,12
9409,6
9415,11
9415,6
9415,10
9415,7
9415,10
9415,11
9415,7
9416,10
9416,5
9416,9
9416,11
9416,7
9416,10
9416,5
9416,10
9416,12
9416,8
9417,11
9417,5
9417,10
9417,12
9417,8
9417,10
9417,5
9417,9
9417,12
9418,9
9418,11
9418,6
9418,9
9418,12
9418,9
9418,11
9418,5
9418,9
9418,12
9419,10
9419,12
9419,5
9419,9
9419,12
9419,11
9419,12
9429,9
9429,11
9429,6
9429,7
9429,11
9435,10
9435,7
9435,10
9435,4
9435,9
9435,11
9435,8
9435,12
9436,5
9436,9
9436,12
9436,8
9436,12
9436,5
9436,9
9436,11
9436,9
9437,12
9437,5
9437,8
9437,12
9437,9
9437,11
9437,5
9437,10
9437,12
9437,9
9438,12
9438,6
9438,9
9438,12
9438,9
9438,12
9438,5
9438,9
9438,12
9439,10
9439,12
9439,6
9439,9
9439,12
9439,11
9439,11
9445,10
9445,5
9445,10
9445,11
9445,6
9445,10
9445,5
9445,10
9445,11
9445,6
9446,10
9446,5
9446,10
9446,12
9446,7
9446,10
9446,5
9446,10
9446,12
9447,7
9447,10
9447,6
9447,11
9447,12
9447,6
9447,9
9447,6
9447,11
9447,12
9448,7
9448,10
9448,5
9448,11
9448,11
9448,6
9448,10
9448,6
9448,10
9449,12
9449,7
9449,10
9449,5
9449,10
9449,12
9449,7
9453,6
9453,6
9453,11
9454,8
9454,11
9454,8
9454,6
9454,9
9454,9
9454,12
9454,8
9454,6
9455,11
9455,9
9455,12
9455,9
9455,5
9455,10
9455,9
9455,12
9455,9
9455,5
9456,10
9456,9
9456,12
9456,9
9456,5
9456,10
9456,8
9456,11
9456,10
9457,6
9457,10
9457,9
9457,10
9457,11
9457,5
9457,10
9457,9
9457,12
9457,9
9458,6
9458,10
9458,9
9458,12
9458,12
9458,5
9458,10
9458,9
9458,11
9459,12
9459,6
9459,10
9459,9
9459,11
9459,12
9459,5
9465,10
9465,9
9465,4
9465,9
9465,9
9465,12
9465,10
9465,4
9465,11
9465,9
9466,12
9466,10
9466,6
9466,10
9466,9
9466,11
9466,10
9466,6
9466,10
9467,9
9467,11
9467,12
9467,6
9467,10
9467,9
9467,11
9467,11
9467,6
9467,9
9468,8
9468,11
9468,12
9468,6
9468,9
9468,10
9468,11
9468,12
9468,6
9469,9
9469,10
9469,11
9469,12
9469,6
9469,9
9469,10
9480,11
9485,8
9486,11
9486,7
9486,6
9486,10
9486,9
9486,11
9486,9
9486,6
9486,10
9487,8
9487,12
9487,9
9487,6
9487,10
9487,8
9487,13
9487,10
9487,7
9487,10
9488,7
9488,12
9488,11
9488,7
9488,10
9488,8
9488,12
9488,10
9488,6
9489,10
9489,8
9489,12
9489,12
9489,7
9489,10
9489,8
9494,10
9495,6
9495,9
9495,7
9495,11
9495,11
9495,7
9495,9
9495,6
9495,11
9495,12
9496,6
9496,9
9496,6
9496,11
9496,11
9496,6
9496,10
9496,6
9496,10
9497,12
9497,6
9497,10
9497,6
9497,11
9497,11
9497,6
9497,9
9497,5
9498,11
9498,12
9498,7
9498,11
9498,5
9498,10
9498,12
9498,7
9498,10
9498,5
9499,10
9499,12
9499,8
9499,10
9499,5
9499,10
9499,12
9503,11
9503,9
9503,5
9504,10
9504,8
9504,12
9504,10
9504,6
9504,10
9504,9
9504,12
9504,10
9505,6
9505,10
9505,9
9505,11
9505,11
9505,5
9505,10
9505,9
9505,12
9505,11
9506,6
9506,10
9506,9
9506,12
9506,12
9506,6
9506,10
9506,9
9506,12
9507,12
9507,6
9507,10
9507,9
9507,11
9507,12
9507,6
9507,9
9507,9
9508,11
9508,12
9508,5
9508,10
9508,9
9508,11
9508,12
9508,6
9508,9
9508,8
9509,11
9509,11
9509,6
9509,9
9509,10
9509,11
9509,12
9514,11
9515,6
9515,10
9515,5
9515,9
9515,11
9515,7
9515,11
9515,5
9515,11
9516,12
9516,8
9516,12
9516,5
9516,9
9516,12
9516,8
9516,14
9516,5
9517,9
9517,11
9517,10
9517,12
9517,5
9517,9
9517,12
9517,9
9517,12
9517,5
9518,9
9518,12
9518,10
9518,12
9518,5
9518,9
9518,12
9518,10
9518,11
9519,6
9519,9
9519,12
9519,10
9519,12
9519,6
9519,9
9532,8
9539,7
9545,10
9545,11
9545,6
9545,8
9545,6
9545,11
9546,11
9546,7
9546,9
9546,6
9546,10
9546,12
9546,6
9546,10
9546,6
9546,11
9547,12
9547,7
9547,10
9547,5
9547,11
9547,11
9547,7
9547,10
9547,5
9548,10
9548,12
9548,8
9548,12
9548,5
9548,10
9548,12
9548,8
9548,10
9548,5
9549,9
9549,12
9549,10
9549,11
9549,5
9549,9
9549,12
9553,7
9553,7
9554,9
9554,8
9554,12
9554,8
9554,6
9554,10
9554,9
9554,12
9554,8
9554,6
9555,10
9555,8
9555,12
9555,9
9555,7
9555,10
9555,8
9555,12
9555,10
9556,7
9556,10
9556,8
9556,12
9556,10
9556,7
9556,10
9556,8
9556,12
9556,12
9557,7
9557,9
9557,7
9557,12
9557,12
9557,7
9557,10
9557,7
9557,12
9558,12
9558,6
9558,10
9558,7
9558,12
9558,12
9558,7
9558,9
9558,7
9558,12
9559,12
9559,7
9559,9
9559,7
9559,12
9559,11
9559,6
9564,9
9564,8
9564,11
9565,11
9565,5
9565,9
9565,9
9565,11
9565,11
9565,5
9565,9
9565,9
9565,11
9566,11
9566,6
9566,9
9566,10
9566,11
9566,12
9566,5
9566,9
9566,9
9567,12
9567,12
9567,6
9567,9
9567,9
9567,11
9567,12
9567,6
9567,9
9568,10
9568,11
9568,12
9568,6
9568,7
9568,10
9568,11
9568,12
9568,6
9568,8
9569,10
9569,10
9569,12
9569,6
9569,8
9569,10
9569,10
9579,9
9584,9
9584,11
9584,6
9584,7
9584,11
9584,10
9585,11
9585,6
9585,7
9585,11
9585,9
9585,11
9585,6
9585,7
9585,11
9586,10
9586,12
9586,6
9586,7
9586,12
9586,9
9586,11
9586,7
9586,7
9586,11
9587,10
9587,12
9587,7
9587,7
9587,11
9587,9
9587,12
9587,8
9587,6
9588,11
9588,8
9588,12
9588,9
9588,5
9588,11
9588,9
9588,11
9588,8
9589,5
9589,10
9589,9
9589,12
9589,10
9589,6
9589,9
9594,6
9594,8
9594,10
9594,10
9594,12
9595,6
9595,7
9595,9
9595,8
9595,11
9595,6
9595,7
9595,10
9595,10
9595,12
9596,7
9596,7
9596,10
9596,10
9596,12
9596,7
9596,7
9596,10
9596,9
9597,12
9597,8
9597,7
9597,10
9597,9
9597,11
9597,8
9597,7
9597,10
9597,9
9598,12
9598,8
9598,6
9598,10
9598,9
9598,12
9598,10
9598,7
9598,10
9599,8
9599,12
9599,11
9599,6
9599,10
9599,8
9599,12
9603,9
9603,11
9603,5
9604,7
9604,11
9604,9
9604,12
9604,6
9604,7
9604,12
9604,10
9604,11
9605,7
9605,7
9605,11
9605,9
9605,12
9605,9
9605,6
9605,11
9605,8
9605,12
9606,9
9606,6
9606,10
9606,9
9606,11
9606,10
9606,6
9606,10
9606,9
9607,12
9607,9
9607,6
9607,10
9607,9
9607,12
9607,12
9607,6
9607,10
9607,9
9608,11
9608,12
9608,6
9608,10
9608,9
9608,11
9608,11
9608,6
9608,10
9609,9
9609,12
9609,12
9609,5
9609,10
9609,11
9609,11
9614,6
9614,6
9614,11
9614,9
9614,11
9615,7
9615,7
9615,10
9615,8
9615,11
9615,9
9615,5
9615,10
9615,8
9615,12
9616,10
9616,6
9616,10
9616,9
9616,12
9616,10
9616,6
9616,10
9616,9
9617,12
9617,12
9617,6
9617,10
9617,9
9617,12
9617,12
9617,6
9617,10
9618,9
9618,11
9618,12
9618,6
9618,9
9618,10
9618,11
9618,11
9618,6
9618,9
9619,10
9619,11
9619,12
9619,5
9619,9
9619,10
9619,11
9630,6
9635,8
9635,7
9635,9
9635,8
9635,12
9635,9
9636,6
9636,10
9636,9
9636,12
9636,8
9636,6
9636,10
9636,8
9636,12
9636,10
9637,7
9637,10
9637,8
9637,12
9637,10
9637,7
9637,10
9637,8
9637,12
9638,12
9638,6
9638,9
9638,8
9638,12
9638,11
9638,6
9638,10
9638,8
9639,12
9639,11
9639,7
9639,10
9639,8
9639,11
9639,11
9644,6
9644,9
9644,6
9644,10
9644,11
9644,6
9644,9
9644,7
9645,11
9645,11
9645,6
9645,9
9645,7
9645,12
9645,11
9645,6
9645,9
9645,6
9646,11
9646,11
9646,6
9646,9
9646,6
9646,11
9646,13
9646,7
9646,9
9647,6
9647,11
9647,12
9647,6
9647,10
9647,6
9647,11
9647,12
9647,6
9648,10
9648,5
9648,10
9648,12
9648,7
9648,9
9648,5
9648,11
9648,12
9648,7
9649,10
9649,5
9649,10
9649,12
9649,7
9649,11
9649,5
9653,10
9653,9
9653,11
9654,8
9654,6
9654,11
9654,9
9654,12
9654,9
9654,8
9654,11
9654,9
9655,12
9655,10
9655,5
9655,10
9655,9
9655,12
9655,10
9655,6
9655,10
9655,9
9656,12
9656,12
9656,6
9656,10
9656,9
9656,11
9656,13
9656,6
9656,11
9657,9
9657,11
9657,11
9657,6
9657,10
9657,9
9657,11
9657,11
9657,6
9658,10
9658,9
9658,12
9658,12
9658,6
9658,10
9658,9
9658,11
9658,11
9658,6
9659,10
9659,9
9659,11
9659,12
9659,6
9659,9
9659,9
9664,11
9664,6
9664,6
9664,10
9664,8
9664,12
9664,7
9664,6
9665,11
9665,9
9665,12
9665,8
9665,5
9665,11
9665,8
9665,11
9665,8
9666,5
9666,11
9666,8
9666,12
9666,9
9666,6
9666,11
9666,8
9666,11
9667,10
9667,5
9667,10
9667,9
9667,12
9667,10
9667,6
9667,11
9667,9
9667,12
9668,11
9668,6
9668,11
9668,9
9668,12
9668,10
9668,5
9668,10
9668,9
9669,11
9669,11
9669,6
9669,10
9669,9
9669,11
9669,11
9679,6
9679,8
9679,9
9684,11
9684,5
9684,8
9684,11
9684,10
9684,11
9684,5
9684,8
9684,12
9685,10
9685,11
9685,6
9685,8
9685,12
9685,10
9685,12
9685,6
9685,8
9686,12
9686,10
9686,11
9686,6
9686,8
9686,12
9686,10
9686,12
9686,6
9686,8
9687,12
9687,9
9687,12
9687,6
9687,8
9687,11
9687,10
9687,12
9687,6
9688,7
9688,11
9688,10
9688,12
9688,6
9688,7
9688,12
9688,9
9688,12
9688,7
9689,7
9689,11
9689,9
9689,11
9689,7
9689,6
9693,9
9694,11
9694,6
9694,7
9694,11
9694,9
9694,11
9694,6
9694,7
9694,11
9694,9
9695,12
9695,6
9695,6
9695,11
9695,9
9695,12
9695,7
9695,7
9695,11
9696,8
9696,12
9696,7
9696,6
9696,11
9696,9
9696,11
9696,9
9696,6
9696,12
9697,8
9697,12
9697,9
9697,6
9697,10
9697,9
9697,12
9697,9
9697,5
9698,10
9698,9
9698,12
9698,9
9698,6
9698,10
9698,9
9698,12
9698,8
9699,5
9699,11
9699,9
9699,11
9699,10
9699,6
9699,11
9703,9
9703,5
9703,10
9704,11
9704,6
9704,10
9704,6
9704,10
9704,11
9704,6
9704,9
9704,5
9704,11
9705,12
9705,7
9705,10
9705,5
9705,10
9705,11
9705,8
9705,10
9705,5
9706,10
9706,12
9706,7
9706,10
9706,5
9706,10
9706,12
9706,8
9706,10
9706,5
9707,10
9707,12
9707,8
9707,11
9707,5
9707,10
9707,12
9707,8
9707,10
9708,5
9708,10
9708,12
9708,8
9708,11
9708,5
9708,10
9708,12
9708,6
9709,11
9709,5
9709,9
9709,12
9709,8
9709,11
9709,5
9714,9
9714,9
9714,11
9714,11
9714,5
9714,9
9714,9
9714,11
9714,12
9714,7
9715,9
9715,10
9715,11
9715,12
9715,6
9715,9
9715,10
9715,11
9715,11
9716,6
9716,8
9716,9
9716,11
9716,12
9716,6
9716,9
9716,10
9716,11
9716,12
9717,6
9717,9
9717,9
9717,11
9717,12
9717,6
9717,9
9717,10
9717,11
9718,11
9718,6
9718,9
9718,10
9718,11
9718,12
9718,6
9718,9
9718,10
9718,11
9719,12
9719,6
9719,9
9719,9
9719,12
9719,12
9731,6
9738,6
9738,10
9738,5
9738,10
9738,12
9738,6
9739,9
9739,6
9739,11
9739,11
9739,6
9739,10
9739,6
9743,8
9744,10
9744,5
9744,8
9744,11
9744,9
9744,11
9744,5
9744,9
9744,12
9744,8
9745,11
9745,5
9745,9
9745,12
9745,9
9745,11
9745,5
9745,9
9745,11
9746,9
9746,11
9746,5
9746,9
9746,12
9746,9
9746,11
9746,6
9746,9
9747,12
9747,9
9747,11
9747,6
9747,9
9747,12
9747,10
9747,12
9747,5
9747,9
9748,12
9748,11
9748,12
9748,5
9748,9
9748,12
9748,11
9748,11
9748,6
9749,9
9749,11
9749,10
9749,12
9749,6
9749,9
9749,12
9753,11
9753,9
9753,5
9754,10
9754,8
9754,11
9754,10
9754,5
9754,10
9754,9
9754,12
9754,10
9754,5
9755,10
9755,9
9755,12
9755,10
9755,6
9755,10
9755,8
9755,11
9755,10
9756,6
9756,10
9756,9
9756,11
9756,9
9756,6
9756,10
9756,9
9756,11
9757,7
9757,6
9757,10
9757,9
9757,11
9757,12
9757,6
9757,9
9757,9
9757,11
9758,11
9758,6
9758,10
9758,9
9758,12
9758,11
9758,6
9758,10
9758,9
9759,12
9759,12
9759,5
9759,9
9759,9
9759,11
9759,12
9763,6
9763,9
9763,8
9764,11
9764,8
9764,6
9764,10
9764,9
9764,12
9764,7
9764,7
9764,10
9764,9
9765,12
9765,8
9765,7
9765,10
9765,9
9765,12
9765,7
9765,6
9765,10
9766,9
9766,12
9766,8
9766,7
9766,10
9766,9
9766,12
9766,7
9766,7
9766,10
9767,9
9767,11
9767,7
9767,7
9767,10
9767,9
9767,12
9767,7
9767,8
9768,10
9768,10
9768,12
9768,8
9768,8
9768,10
9768,10
9768,12
9768,6
9769,8
9769,9
9769,10
9769,12
9769,7
9769,8
9769,10
9778,6
9779,7
9779,9
9779,10
9779,11
9779,6
9779,7
9779,10
9783,11
9783,10
9783,6
9784,8
9784,7
9784,12
9784,11
9784,6
9784,9
9784,7
9784,11
9784,12
9784,6
9785,9
9785,7
9785,12
9785,11
9785,6
9785,9
9785,7
9785,12
9785,11
9786,6
9786,9
9786,7
9786,11
9786,12
9786,6
9786,9
9786,7
9786,12
9787,11
9787,7
9787,9
9787,6
9787,11
9787,12
9787,7
9787,9
9787,7
9787,11
9788,11
9788,6
9788,9
9788,7
9788,11
9788,12
9788,7
9788,8
9788,7
9789,11
9789,12
9789,7
9789,10
9789,6
9789,11
9789,12
9793,11
9793,6
9793,6
9794,11
9794,9
9794,11
9794,7
9794,6
9794,11
9794,9
9794,11
9794,7
9794,6
9795,11
9795,8
9795,12
9795,7
9795,6
9795,11
9795,9
9795,12
9795,8
9796,5
9796,11
9796,9
9796,12
9796,8
9796,6
9796,11
9796,9
9796,11
9796,8
9797,6
9797,11
9797,9
9797,10
9797,9
9797,5
9797,11
9797,9
9797,12
9798,8
9798,6
9798,11
9798,9
9798,12
9798,8
9798,6
9798,11
9798,9
9799,12
9799,9
9799,7
9799,11
9799,9
9799,12
9799,9
9803,9
9803,8
9803,11
9804,11
9804,6
9804,9
9804,9
9804,12
9804,11
9804,6
9804,9
9804,9
9805,11
9805,12
9805,6
9805,9
9805,9
9805,11
9805,13
9805,6
9805,10
9805,9
9806,12
9806,12
9806,5
9806,10
9806,9
9806,11
9806,12
9806,6
9806,10
9807,9
9807,11
9807,12
9807,6
9807,9
9807,9
9807,11
9807,12
9807,6
9807,9
9808,9
9808,12
9808,11
9808,6
9808,8
9808,9
9808,11
9808,12
9808,6
9809,9
9809,10
9809,11
9809,12
9809,6
9809,10
9809,9
9813,11
9813,11
9813,6
9814,9
9814,7
9814,11
9814,10
9814,6
9814,9
9814,8
9814,11
9814,10
9815,6
9815,10
9815,8
9815,12
9815,11
9815,6
9815,10
9815,8
9815,12
9815,11
9816,6
9816,10
9816,8
9816,12
9816,10
9816,7
9816,9
9816,8
9816,12
9817,10
9817,6
9817,10
9817,8
9817,12
9817,10
9817,7
9817,10
9817,8
9817,12
9818,10
9818,6
9818,10
9818,8
9818,12
9818,9
9818,6
9818,10
9818,8
9819,12
9819,9
9819,6
9819,10
9819,8
9819,12
9819,10
9828,6
9828,9
9828,6
9828,10
9828,11
9829,6
9829,9
9829,6
9829,11
9829,11
9829,6
9829,9
9833,8
9833,11
9833,10
9834,12
9834,5
9834,7
9834,12
9834,9
9834,11
9834,6
9834,8
9834,12
9835,10
9835,12
9835,6
9835,8
9835,12
9835,10
9835,12
9835,6
9835,8
9835,12
9836,10
9836,11
9836,6
9836,9
9836,12
9836,10
9836,12
9836,6
9836,8
9837,12
9837,9
9837,11
9837,6
9837,7
9837,12
9837,10
9837,12
9837,6
9837,8
9838,12
9838,10
9838,12
9838,6
9838,8
9838,12
9838,11
9838,12
9838,6
9839,8
9839,12
9839,11
9839,11
9839,6
9839,8
9839,12
9843,11
9843,6
9843,7
9844,9
9844,9
9844,11
9844,6
9844,7
9844,10
9844,10
9844,11
9844,7
9845,7
9845,10
9845,9
9845,12
9845,8
9845,7
9845,10
9845,11
9845,11
9845,6
9846,7
9846,10
9846,10
9846,12
9846,8
9846,7
9846,10
9846,9
9846,12
9847,7
9847,7
9847,10
9847,9
9847,12
9847,7
9847,7
9847,10
9847,10
9847,12
9848,7
9848,7
9848,11
9848,10
9848,12
9848,8
9848,8
9848,10
9848,9
9849,12
9849,7
9849,8
9849,10
9849,10
9849,12
9849,8
9853,9
9854,11
9854,11
9854,6
9854,9
9854,8
9854,11
9854,12
9854,6
9854,9
9854,9
9855,12
9855,12
9855,6
9855,9
9855,9
9855,11
9855,12
9855,6
9855,9
9856,10
9856,9
9856,12
9856,6
9856,9
9856,10
9856,11
9856,10
9856,6
9856,9
9857,10
9857,11
9857,12
9857,6
9857,9
9857,9
9857,11
9857,11
9857,6
9858,8
9858,10
9858,10
9858,12
9858,6
9858,8
9858,10
9858,11
9858,11
9859,5
9859,8
9859,10
9859,12
9859,11
9859,7
9859,9
9863,6
9863,10
9863,11
9864,6
9864,9
9864,7
9864,12
9864,11
9864,6
9864,9
9864,7
9864,12
9865,12
9865,6
9865,9
9865,7
9865,12
9865,12
9865,6
9865,10
9865,7
9865,12
9866,12
9866,6
9866,9
9866,7
9866,11
9866,12
9866,6
9866,10
9866,7
9867,12
9867,11
9867,6
9867,9
9867,7
9867,12
9867,12
9867,6
9867,9
9867,7
9868,11
9868,11
9868,6
9868,9
9868,7
9868,12
9868,12
9868,6
9868,9
9869,7
9869,12
9869,12
9869,7
9869,9
9869,7
9869,12
9881,8
9887,10
9887,6
9887,9
9887,6
9887,11
9888,11
9888,6
9888,9
9888,7
9888,11
9888,11
9888,7
9888,9
9888,7
9888,11
9889,12
9889,7
9889,9
9889,7
9889,12
9889,12
9893,11
9893,5
9894,7
9894,11
9894,9
9894,11
9894,6
9894,8
9894,11
9894,10
9894,11
9895,6
9895,8
9895,11
9895,9
9895,11
9895,6
9895,8
9895,12
9895,10
9895,12
9896,5
9896,8
9896,12
9896,10
9896,11
9896,6
9896,9
9896,11
9896,11
9897,11
9897,6
9897,9
9897,12
9897,11
9897,11
9897,6
9897,9
9897,12
9897,10
9898,11
9898,5
9898,9
9898,12
9898,10
9898,12
9898,6
9898,9
9898,12
9899,11
9899,12
9899,6
9899,8
9899,12
9899,10
9899,12
9904,7
9904,9
9904,10
9904,11
9904,6
9904,8
9904,9
9904,10
9904,12
9905,6
9905,8
9905,10
9905,11
9905,12
9905,6
9905,8
9905,10
9905,11
9905,12
9906,7
9906,8
9906,10
9906,10
9906,12
9906,6
9906,8
9906,10
9906,10
9907,12
9907,6
9907,9
9907,9
9907,11
9907,12
9907,7
9907,8
9907,9
9908,9
9908,12
9908,6
9908,8
9908,10
9908,10
9908,12
9908,6
9908,8
9908,10
9909,10
9909,12
9909,6
9909,7
9909,10
9909,10
9909,12
9913,5
9914,7
9914,11
9914,9
9914,11
9914,5
9914,7
9914,12
9914,9
9914,11
9914,6
9915,7
9915,11
9915,10
9915,12
9915,6
9915,8
9915,12
9915,9
9915,12
9916,6
9916,8
9916,12
9916,10
9916,11
9916,6
9916,9
9916,12
9916,10
9916,12
9917,6
9917,8
9917,12
9917,10
9917,12
9917,5
9917,10
9917,12
9917,11
9918,12
9918,6
9918,9
9918,12
9918,8
9918,12
9918,5
9918,9
9918,12
9919,11
9919,12
9919,5
9919,8
9919,12
9919,10
9919,11
9929,11
9929,6
9929,9
9929,7
9929,11
9929,11
9933,7
9934,11
9934,9
9934,6
9934,9
9934,8
9934,12
9934,11
9934,6
9934,9
9935,7
9935,12
9935,11
9935,7
9935,9
9935,7
9935,12
9935,12
9935,7
9936,9
9936,7
9936,12
9936,12
9936,7
9936,9
9936,7
9936,12
9936,11
9936,7
9937,9
9937,7
9937,11
9937,11
9937,6
9937,9
9937,6
9937,11
9937,12
9938,7
9938,9
9938,7
9938,11
9938,12
9938,6
9938,9
9938,7
9938,11
9938,12
9939,7
9939,9
9939,6
9939,11
9939,11
9939,6
9939,9
9944,10
9944,5
9944,9
9944,9
9944,12
9944,10
9944,5
9944,10
9944,9
9944,12
9945,12
9945,6
9945,10
9945,9
9945,11
9945,12
9945,5
9945,10
9945,9
9946,11
9946,11
9946,6
9946,10
9946,9
9946,12
9946,11
9946,5
9946,10
9946,9
9947,11
9947,10
9947,6
9947,10
9947,9
9947,11
9947,11
9947,5
9947,10
9948,9
9948,12
9948,11
9948,6
9948,10
9948,9
9948,12
9948,12
9948,6
9949,10
9949,9
9949,12
9949,11
9949,6
9949,10
9949,9
9954,5
9954,9
9954,5
9954,9
9954,11
9954,6
9954,9
9954,6
9955,10
9955,11
9955,6
9955,10
9955,5
9955,11
9955,12
9955,7
9955,10
9955,6
9956,10
9956,12
9956,8
9956,10
9956,5
9956,10
9956,12
9956,6
9956,12
9957,5
9957,9
9957,12
9957,8
9957,11
9957,5
9957,10
9957,12
9957,8
9957,11
9958,5
9958,9
9958,12
9958,8
9958,11
9958,5
9958,9
9958,12
9958,9
9959,11
9959,5
9959,9
9959,12
9959,8
9959,12
9959,5
9963,9
9964,11
9964,11
9964,6
9964,9
9964,9
9964,11
9964,12
9964,6
9964,8
9965,10
9965,11
9965,11
9965,5
9965,9
9965,9
9965,11
9965,12
9965,6
9966,9
9966,10
9966,10
9966,12
9966,6
9966,9
9966,9
9966,11
9966,12
9966,6
9967,9
9967,10
9967,11
9967,12
9967,6
9967,9
9967,11
9967,11
9967,12
9968,6
9968,9
9968,10
9968,11
9968,12
9968,6
9968,9
9968,9
9968,12
9968,11
9969,7
9969,9
9969,9
9969,11
9969,12
9969,6
9969,8
9978,11
9979,6
9979,9
9979,9
9979,11
9979,11
9979,6
9979,8
9983,9
9984,6
9984,10
9984,8
9984,11
9984,8
9984,6
9984,10
9984,8
9984,11
9985,10
9985,6
9985,9
9985,9
9985,12
9985,8
9985,6
9985,10
9985,9
9986,12
9986,8
9986,6
9986,10
9986,8
9986,12
9986,8
9986,7
9986,10
9986,9
9987,12
9987,9
9987,7
9987,10
9987,9
9987,11
9987,8
9987,7
9987,10
9988,9
9988,12
9988,8
9988,6
9988,10
9988,9
9988,12
9988,9
9988,7
9988,10
9989,9
9989,12
9989,8
9989,7
9989,10
9989,9
9989,12
9994,11
9994,9
9994,11
9994,6
9994,7
9994,11
9994,9
9994,11
9994,6
9995,7
9995,11
9995,9
9995,12
9995,6
9995,7
9995,11
9995,9
9995,12
9995,6
9996,8
9996,12
9996,11
9996,12
9996,7
9996,7
9996,12
9996,10
9996,12
9997,7
9997,5
9997,12
9997,10
9997,12
9997,7
9997,6
9997,12
9997,9
9997,12
9998,8
9998,5
9998,11
9998,9
9998,12
9998,7
9998,6
9998,11
9998,9
9999,12
9999,8
9999,6
9999,11
9999,9
9999,12
9999,8
10004,11
10004,10
10004,6
10004,9
10004,7
10004,10
10004,11
10004,6
10005,9
10005,6
10005,11
10005,11
10005,6
10005,9
10005,6
10005,11
10005,11
10006,6
10006,10
10006,6
10006,12
10006,12
10006,7
10006,9
10006,6
10006,11
10006,12
10007,6
10007,8
10007,6
10007,11
10007,12
10007,6
10007,9
10007,6
10007,11
10008,12
10008,6
10008,9
10008,6
10008,11
10008,11
10008,7
10008,9
10008,6
10008,11
10009,11
10009,6
10009,9
10009,6
10009,11
10009,12
10009,6
10014,11
10014,5
10014,8
10014,11
10014,10
10014,11
10014,5
10014,8
10014,11
10015,10
10015,12
10015,6
10015,8
10015,12
10015,10
10015,11
10015,5
10015,9
10015,12
10016,8
10016,12
10016,5
10016,9
10016,12
10016,10
10016,12
10016,5
10016,9
10017,12
10017,8
10017,11
10017,7
10017,9
10017,12
10017,8
10017,10
10017,5
10017,10
10018,12
10018,8
10018,11
10018,5
10018,10
10018,12
10018,8
10018,10
10018,5
10019,10
10019,12
10019,8
10019,10
10019,4
10019,10
10019,12
10031,8
10037,9
10037,11
10038,11
10038,6
10038,9
10038,9
10038,10
10038,12
10038,5
10038,9
10038,9
10038,11
10039,12
10039,6
10039,10
10039,9
10039,11
10039,11
10039,6
10044,9
10044,10
10044,5
10044,7
10044,11
10044,9
10044,11
10044,6
10045,8
10045,11
10045,10
10045,12
10045,6
10045,8
10045,12
10045,9
10045,12
10045,6
10046,9
10046,12
10046,11
10046,11
10046,6
10046,8
10046,11
10046,10
10046,12
10047,6
10047,7
10047,12
10047,9
10047,11
10047,6
10047,8
10047,11
10047,10
10047,11
10048,6
10048,8
10048,12
10048,10
10048,11
10048,6
10048,8
10048,12
10048,11
10049,12
10049,5
10049,8
10049,12
10049,10
10049,12
10049,6
10054,8
10054,10
10054,8
10054,12
10054,5
10054,9
10054,12
10055,7
10055,10
10055,5
10055,10
10055,12
10055,8
10055,11
10055,5
10055,10
10056,12
10056,7
10056,10
10056,5
10056,10
10056,12
10056,7
10056,11
10056,5
10056,10
10057,11
10057,7
10057,11
10057,5
10057,10
10057,12
10057,7
10057,10
10057,7
10058,10
10058,12
10058,7
10058,10
10058,5
10058,10
10058,12
10058,7
10058,10
10058,5
10059,11
10059,12
10059,6
10059,9
10059,5
10059,10
10059,12
10064,9
10064,11
10064,11
10064,6
10064,9
10064,9
10064,11
10064,11
10065,5
10065,10
10065,9
10065,11
10065,12
10065,6
10065,10
10065,9
10065,12
10065,10
10066,5
10066,10
10066,8
10066,11
10066,11
10066,6
10066,10
10066,9
10066,11
10067,10
10067,6
10067,10
10067,9
10067,11
10067,10
10067,6
10067,11
10067,9
10067,12
10068,10
10068,5
10068,11
10068,9
10068,12
10068,9
10068,5
10068,11
10068,9
10069,13
10069,8
10069,5
10069,11
10069,9
10069,11
10069,8
10079,8
10084,9
10084,11
10084,6
10084,10
10084,5
10084,9
10084,11
10085,6
10085,11
10085,4
10085,10
10085,12
10085,7
10085,10
10085,7
10085,11
10086,11
10086,6
10086,10
10086,7
10086,11
10086,12
10086,7
10086,10
10086,5
10086,11
10087,11
10087,6
10087,9
10087,5
10087,10
10087,12
10087,6
10087,9
10087,6
10088,11
10088,12
10088,6
10088,10
10088,6
10088,11
10088,12
10088,6
10088,9
10089,6
10089,11
10089,12
10089,6
10089,9
10089,6
10089,11
10094,8
10094,9
10094,5
10094,9
10094,11
10094,8
10094,11
10095,5
10095,9
10095,12
10095,8
10095,10
10095,5
10095,10
10095,12
10095,8
10095,11
10096,5
10096,10
10096,12
10096,8
10096,11
10096,5
10096,9
10096,12
10096,7
10097,11
10097,5
10097,9
10097,13
10097,8
10097,11
10097,5
10097,10
10097,12
10098,7
10098,11
10098,4
10098,10
10098,11
10098,7
10098,10
10098,6
10098,11
10098,12
10099,7
10099,10
10099,7
10099,10
10099,12
10099,7
10099,10
10104,5
10104,9
10104,9
10104,10
10104,11
10105,5
10105,9
10105,9
10105,11
10105,11
10105,6
10105,9
10105,9
10105,11
10106,12
10106,6
10106,10
10106,9
10106,12
10106,12
10106,6
10106,10
10106,9
10106,11
10107,12
10107,6
10107,10
10107,9
10107,12
10107,11
10107,6
10107,10
10107,9
10108,12
10108,12
10108,6
10108,10
10108,9
10108,12
10108,11
10108,7
10108,10
10108,9
10109,11
10109,10
10109,6
10109,10
10109,9
10109,11
10109,10
10114,8
10114,11
10114,7
10114,7
10114,11
10114,8
10115,12
10115,7
10115,6
10115,11
10115,9
10115,11
10115,7
10115,7
10115,11
10115,9
10116,12
10116,7
10116,7
10116,11
10116,9
10116,12
10116,6
10116,7
10116,11
10117,9
10117,12
10117,6
10117,7
10117,11
10117,9
10117,12
10117,6
10117,7
10117,11
10118,9
10118,11
10118,7
10118,7
10118,11
10118,10
10118,12
10118,6
10118,6
10119,12
10119,9
10119,12
10119,7
10119,7
10119,12
10119,9
10130,10
10134,11
10134,6
10134,9
10134,6
10134,12
10135,11
10135,5
10135,8
10135,6
10135,11
10135,12
10135,6
10135,9
10135,7
10136,11
10136,11
10136,6
10136,9
10136,6
10136,11
10136,12
10136,6
10136,9
10136,7
10137,11
10137,12
10137,7
10137,9
10137,7
10137,12
10137,12
10137,6
10137,9
10138,7
10138,11
10138,11
10138,6
10138,9
10138,6
10138,12
10138,12
10138,6
10138,9
10139,7
10139,12
10139,12
10139,7
10139,9
10139,6
10139,12
10144,11
10144,6
10144,9
10144,9
10144,11
10144,12
10145,6
10145,10
10145,9
10145,11
10145,12
10145,6
10145,10
10145,9
10145,11
10145,11
10146,6
10146,11
10146,10
10146,12
10146,11
10146,6
10146,10
10146,8
10146,11
10147,9
10147,6
10147,10
10147,8
10147,11
10147,10
10147,6
10147,11
10147,9
10147,12
10148,10
10148,6
10148,10
10148,10
10148,12
10148,10
10148,6
10148,11
10148,9
10149,12
10149,10
10149,6
10149,11
10149,9
10149,12
10149,10
10154,11
10154,8
10154,5
10154,10
10154,8
10155,11
10155,8
10155,6
10155,11
10155,9
10155,11
10155,7
10155,6
10155,11
10156,9
10156,11
10156,9
10156,6
10156,10
10156,9
10156,12
10156,8
10156,6
10156,11
10157,9
10157,12
10157,8
10157,6
10157,11
10157,9
10157,12
10157,8
10157,5
10158,11
10158,9
10158,11
10158,8
10158,6
10158,11
10158,9
10158,11
10158,7
10159,6
10159,11
10159,9
10159,11
10159,8
10159,7
10159,11
10164,11
10164,6
10164,8
10164,6
10164,12
10164,11
10164,6
10165,9
10165,6
10165,12
10165,12
10165,6
10165,10
10165,8
10165,11
10165,12
10166,6
10166,9
10166,7
10166,12
10166,11
10166,6
10166,9
10166,7
10166,12
10166,11
10167,6
10167,9
10167,7
10167,12
10167,12
10167,6
10167,9
10167,8
10167,12
10168,12
10168,7
10168,9
10168,7
10168,11
10168,12
10168,7
10168,10
10168,7
10169,12
10169,12
10169,7
10169,10
10169,8
10169,12
10169,11
10182,10
10189,8
10189,11
10189,9
10189,6
10194,12
10194,9
10194,11
10194,6
10194,7
10194,11
10195,9
10195,11
10195,6
10195,7
10195,11
10195,10
10195,11
10195,7
10195,8
10195,12
10196,10
10196,12
10196,6
10196,7
10196,12
10196,10
10196,11
10196,6
10196,7
10197,12
10197,10
10197,11
10197,6
10197,8
10197,11
10197,10
10197,13
10197,6
10197,7
10198,12
10198,11
10198,12
10198,6
10198,7
10198,11
10198,9
10198,11
10198,6
10199,7
10199,12
10199,9
10199,12
10199,6
10199,7
10199,11
10204,11
10204,6
10204,7
10204,11
10205,9
10205,12
10205,6
10205,7
10205,11
10205,10
10205,11
10205,6
10205,8
10206,12
10206,10
10206,11
10206,6
10206,7
10206,12
10206,9
10206,12
10206,6
10207,7
10207,12
10207,10
10207,12
10207,6
10207,7
10207,11
10207,9
10207,12
10207,7
10208,6
10208,11
10208,9
10208,12
10208,7
10208,7
10208,11
10208,9
10208,12
10209,7
10209,5
10209,11
10209,10
10209,12
10209,7
10209,6
10214,9
10214,10
10214,11
10214,6
10214,9
10214,9
10215,10
10215,11
10215,6
10215,8
10215,9
10215,11
10215,12
10215,6
10215,9
10216,10
10216,10
10216,12
10216,6
10216,9
10216,10
10216,11
10216,12
10216,6
10217,9
10217,9
10217,11
10217,11
10217,6
10217,10
10217,9
10217,11
10217,13
10217,6
10218,9
10218,9
10218,11
10218,11
10218,6
10218,9
10218,10
10218,12
10218,11
10219,6
10219,9
10219,10
10219,11
10219,12
10219,6
10219,8
10230,11
10234,10
10234,9
10234,11
10235,6
10235,7
10235,11
10235,9
10235,11
10235,7
10235,7
10235,12
10235,9
10236,11
10236,7
10236,7
10236,12
10236,9
10236,11
10236,6
10236,7
10236,11
10236,9
10237,11
10237,7
10237,6
10237,11
10237,9
10237,11
10237,7
10237,7
10237,12
10238,10
10238,11
10238,8
10238,6
10238,11
10238,9
10238,11
10238,10
10238,6
10238,11
10239,9
10239,11
10239,8
10239,6
10239,11
10239,9
10239,12
10244,9
10244,11
10244,6
10244,7
10244,10
10245,9
10245,11
10245,6
10245,7
10245,10
10245,10
10245,12
10245,7
10245,8
10246,10
10246,10
10246,12
10246,7
10246,8
10246,10
10246,9
10246,12
10246,7
10246,7
10247,10
10247,9
10247,12
10247,8
10247,7
10247,10
10247,9
10247,12
10247,7
10248,7
10248,10
10248,9
10248,12
10248,8
10248,8
10248,10
10248,9
10248,12
10249,7
10249,7
10249,10
10249,9
10249,12
10249,8
10249,6
10254,11
10254,6
10254,9
10255,9
10255,11
10255,11
10255,6
10255,9
10255,10
10255,11
10255,11
10255,6
10256,9
10256,10
10256,11
10256,12
10256,6
10256,9
10256,10
10256,11
10256,12
10256,6
10257,9
10257,10
10257,11
10257,11
10257,6
10257,9
10257,9
10257,11
10257,12
10258,6
10258,9
10258,10
10258,11
10258,12
10258,6
10258,10
10258,9
10258,11
10258,11
10259,7
10259,9
10259,9
10259,12
10259,12
10259,6
10264,6
10264,11
10264,11
10264,6
10264,8
10265,7
10265,12
10265,11
10265,6
10265,9
10265,7
10265,11
10265,12
10265,6
10266,9
10266,7
10266,11
10266,10
10266,6
10266,10
10266,8
10266,12
10266,11
10266,7
10267,9
10267,7
10267,12
10267,12
10267,7
10267,9
10267,8
10267,12
10267,12
10268,7
10268,10
10268,7
10268,12
10268,12
10268,7
10268,9
10268,8
10268,12
10269,11
10269,6
10269,10
10269,8
10269,12
10269,12
10269,6
10280,11
10284,5
10284,9
10284,11
10285,8
10285,11
10285,5
10285,9
10285,11
10285,8
10285,10
10285,5
10285,9
10286,11
10286,8
10286,8
10286,6
10286,10
10286,11
10286,8
10286,11
10286,5
10286,10
10287,12
10287,7
10287,11
10287,5
10287,10
10287,11
10287,8
10287,10
10287,5
10288,10
10288,11
10288,8
10288,11
10288,5
10288,10
10288,12
10288,7
10288,11
10289,5
10289,9
10289,12
10289,9
10289,12
10289,6
10289,10
10294,10
10294,11
10294,5
10294,7
10295,11
10295,10
10295,11
10295,6
10295,8
10295,12
10295,10
10295,11
10295,6
10295,8
10296,11
10296,10
10296,12
10296,5
10296,9
10296,12
10296,9
10296,12
10296,5
10297,9
10297,12
10297,9
10297,12
10297,5
10297,9
10297,12
10297,9
10297,12
10297,5
10298,8
10298,12
10298,12
10298,12
10298,6
10298,9
10298,12
10298,10
10298,11
10299,6
10299,9
10299,12
10299,10
10299,12
10299,6
10299,8
10304,6
10304,9
10304,8
10305,11
10305,10
10305,6
10305,10
10305,8
10305,12
10305,11
10305,6
10305,10
10306,8
10306,12
10306,10
10306,7
10306,10
10306,7
10306,12
10306,11
10306,6
10307,10
10307,8
10307,12
10307,11
10307,7
10307,10
10307,7
10307,12
10307,12
10307,6
10308,10
10308,7
10308,12
10308,12
10308,6
10308,9
10308,7
10308,12
10308,13
10309,7
10309,9
10309,8
10309,12
10309,12
10309,7
10309,10
10314,11
10314,10
10314,6
10314,9
10315,7
10315,12
10315,11
10315,6
10315,10
10315,8
10315,12
10315,12
10315,7
10315,8
10316,8
10316,12
10316,12
10316,6
10316,10
10316,8
10316,12
10316,12
10316,7
10317,10
10317,7
10317,12
10317,12
10317,6
10317,10
10317,8
10317,12
10317,12
10317,7
10318,9
10318,8
10318,11
10318,9
10318,6
10318,10
10318,8
10318,12
10318,9
10319,7
10319,10
10319,8
10319,12
10319,10
10319,7
10319,10
10330,9
10335,6
10335,11
10335,8
10335,11
10335,9
10335,5
10335,10
10335,9
10335,11
10336,9
10336,5
10336,10
10336,8
10336,11
10336,10
10336,6
10336,11
10336,8
10336,12
10337,9
10337,6
10337,11
10337,9
10337,12
10337,8
10337,6
10337,11
10337,9
10338,11
10338,7
10338,6
10338,11
10338,10
10338,11
10338,6
10338,7
10338,12
10339,10
10339,12
10339,7
10339,7
10339,11
10339,10
10339,12
10344,11
10344,6
10344,9
10345,9
10345,11
10345,11
10345,6
10345,9
10345,10
10345,11
10345,12
10345,6
10345,9
10346,9
10346,12
10346,12
10346,6
10346,11
10346,9
10346,11
10346,12
10346,6
10347,10
10347,9
10347,11
10347,10
10347,6
10347,10
10347,8
10347,12
10347,11
10347,6
10348,10
10348,9
10348,12
10348,11
10348,5
10348,11
10348,9
10348,12
10348,9
10349,6
10349,11
10349,9
10349,12
10349,9
10349,6
10349,12
10354,7
10355,11
10355,9
10355,6
10355,9
10355,8
10355,12
10355,10
10355,6
10355,10
10355,8
10356,12
10356,10
10356,6
10356,9
10356,8
10356,12
10356,8
10356,7
10356,10
10357,9
10357,14
10357,8
10357,6
10357,10
10357,9
10357,12
10357,7
10357,7
10358,10
10358,9
10358,12
10358,7
10358,8
10358,10
10358,10
10358,12
10358,6
10358,8
10359,10
10359,10
10359,12
10359,6
10359,9
10359,10
10359,11
10364,9
10364,11
10364,7
10365,7
10365,10
10365,10
10365,12
10365,8
10365,7
10365,10
10365,9
10365,12
10366,7
10366,7
10366,10
10366,9
10366,12
10366,7
10366,8
10366,10
10366,10
10366,13
10367,6
10367,7
10367,10
10367,10
10367,12
10367,6
10367,8
10367,10
10367,10
10368,12
10368,6
10368,8
10368,10
10368,11
10368,12
10368,6
10368,8
10368,10
10368,11
10369,12
10369,6
10369,9
10369,9
10369,11
10369,12
10369,6
10383,11
10389,6
10394,11
10394,7
10395,6
10395,10
10395,8
10395,11
10395,7
10395,6
10395,11
10395,9
10395,11
10396,7
10396,7
10396,11
10396,9
10396,12
10396,7
10396,6
10396,11
10396,9
10396,12
10397,7
10397,7
10397,11
10397,9
10397,11
10397,6
10397,7
10397,12
10397,9
10398,12
10398,6
10398,7
10398,12
10398,10
10398,12
10398,6
10398,7
10398,11
10398,10
10399,12
10399,7
10399,7
10399,12
10399,9
10399,11
10399,6
10405,11
10405,11
10405,6
10405,10
10405,8
10405,11
10405,10
10405,6
10405,10
10406,8
10406,12
10406,10
10406,6
10406,10
10406,8
10406,12
10406,9
10406,7
10406,10
10407,8
10407,12
10407,12
10407,7
10407,10
10407,8
10407,11
10407,12
10407,7
10408,10
10408,8
10408,12
10408,12
10408,7
10408,10
10408,8
10408,12
10408,11
10408,7
10409,10
10409,8
10409,12
10409,12
10409,7
10409,9
10414,5
10414,9
10415,9
10415,10
10415,11
10415,6
10415,9
10415,9
10415,11
10415,11
10415,6
10415,9
10416,9
10416,11
10416,11
10416,6
10416,9
10416,9
10416,12
10416,12
10416,5
10417,10
10417,9
10417,11
10417,11
10417,6
10417,9
10417,9
10417,12
10417,12
10417,6
10418,9
10418,9
10418,11
10418,12
10418,6
10418,9
10418,9
10418,11
10418,12
10419,6
10419,10
10419,9
10419,12
10419,11
10419,6
10419,10
10430,10
10435,7
10435,11
10435,9
10435,11
10435,6
10435,8
10435,12
10435,10
10436,11
10436,6
10436,8
10436,11
10436,10
10436,11
10436,6
10436,8
10436,12
10437,10
10437,12
10437,6
10437,8
10437,12
10437,10
10437,12
10437,7
10437,8
10437,12
10438,10
10438,12
10438,5
10438,7
10438,12
10438,9
10438,13
10438,6
10438,8
10439,12
10439,10
10439,11
10439,6
10439,8
10439,12
10439,10
10444,5
10444,8
10445,9
10445,10
10445,11
10445,6
10445,8
10445,10
10445,10
10445,12
10445,6
10446,8
10446,10
10446,10
10446,12
10446,6
10446,8
10446,9
10446,10
10446,12
10446,6
10447,7
10447,10
10447,10
10447,12
10447,7
10447,7
10447,10
10447,10
10447,12
10448,7
10448,8
10448,10
10448,9
10448,12
10448,7
10448,7
10448,10
10448,10
10448,12
10449,7
10449,7
10449,10
10449,10
10449,10
10449,7
10455,11
10455,9
10455,11
10455,5
10455,8
10455,12
10455,10
10455,11
10455,6
10456,8
10456,12
10456,10
10456,11
10456,6
10456,8
10456,12
10456,10
10456,11
10457,6
10457,8
10457,12
10457,10
10457,12
10457,6
10457,8
10457,12
10457,10
10457,11
10458,6
10458,7
10458,12
10458,10
10458,12
10458,6
10458,7
10458,12
10458,10
10459,11
10459,6
10459,7
10459,12
10459,9
10459,11
10459,6
10464,6
10465,9
10465,6
10465,11
10465,11
10465,6
10465,9
10465,8
10465,11
10465,12
10465,7
10466,9
10466,7
10466,11
10466,12
10466,8
10466,10
10466,7
10466,12
10466,11
10467,7
10467,9
10467,8
10467,12
10467,11
10467,7
10467,9
10467,7
10467,12
10468,11
10468,6
10468,9
10468,7
10468,12
10468,11
10468,7
10468,9
10468,7
10468,12
10469,12
10469,6
10469,9
10469,6
10469,11
10469,11
10469,6
10480,5
10485,9
10485,11
10485,4
10485,7
10485,10
10485,10
10485,12
10486,6
10486,7
10486,10
10486,10
10486,11
10486,6
10486,8
10486,10
10486,10
10486,12
10487,6
10487,8
10487,10
10487,10
10487,12
10487,6
10487,8
10487,10
10487,10
10488,13
10488,7
10488,8
10488,10
10488,10
10488,12
10488,6
10488,8
10488,10
10488,10
10489,11
10489,7
10489,8
10489,10
10489,10
10489,12
10489,6
10495,8
10495,10
10495,11
10495,5
10495,9
10495,9
10495,11
10495,12
10495,6
10495,9
10496,9
10496,11
10496,12
10496,6
10496,9
10496,9
10496,11
10496,12
10496,6
10497,9
10497,8
10497,12
10497,12
10497,6
10497,9
10497,10
10497,11
10497,12
10497,6
10498,9
10498,10
10498,12
10498,12
10498,6
10498,9
10498,10
10498,11
10498,12
10499,6
10499,10
10499,9
10499,11
10499,12
10499,6
10499,10
10505,11
10505,6
10505,9
10505,9
10505,11
10505,12
10505,6
10505,9
10505,9
10506,11
10506,11
10506,6
10506,9
10506,9
10506,11
10506,12
10506,6
10506,9
10507,11
10507,11
10507,12
10507,6
10507,8
10507,10
10507,11
10507,12
10507,6
10508,9
10508,9
10508,11
10508,12
10508,6
10508,9
10508,10
10508,11
10508,12
10508,6
10509,9
10509,10
10509,11
10509,12
10509,6
10509,9
10509,10
10515,6
10515,8
10515,6
10515,11
10515,11
10515,5
10515,9
10515,6
10515,12
10515,11
10516,7
10516,9
10516,6
10516,11
10516,12
10516,6
10516,9
10516,7
10516,11
10517,12
10517,7
10517,9
10517,7
10517,12
10517,12
10517,7
10517,10
10517,7
10517,11
10518,11
10518,6
10518,9
10518,7
10518,12
10518,11
10518,7
10518,9
10518,7
10519,12
10519,12
10519,6
10519,10
10519,8
10519,12
10519,12
10532,10
10537,8
10537,7
10537,11
10537,11
10537,6
10537,9
10538,6
10538,11
10538,11
10538,6
10538,9
10538,7
10538,11
10538,12
10538,6
10539,9
10539,7
10539,12
10539,12
10539,6
10539,10
10539,7
10545,7
10545,10
10545,9
10545,12
10545,7
10545,7
10545,10
10545,10
10545,11
10546,7
10546,7
10546,10
10546,9
10546,11
10546,7
10546,7
10546,10
10546,9
10546,12
10547,7
10547,7
10547,10
10547,9
10547,11
10547,7
10547,7
10547,10
10547,10
10548,12
10548,7
10548,7
10548,10
10548,10
10548,12
10548,7
10548,7
10548,10
10548,10
10549,11
10549,7
10549,8
10549,10
10549,11
10549,12
10549,7
10555,11
10555,11
10555,6
10555,9
10555,7
10555,12
10555,10
10556,6
10556,10
10556,8
10556,12
10556,9
10556,6
10556,10
10556,9
10556,12
10557,10
10557,6
10557,9
10557,9
10557,11
10557,9
10557,7
10557,10
10557,9
10557,11
10558,8
10558,7
10558,10
10558,9
10558,12
10558,7
10558,8
10558,10
10558,9
10559,12
10559,7
10559,7
10559,10
10559,9
10559,11
10559,7
10565,6
10565,11
10565,11
10565,7
10565,8
10565,7
10565,11
10565,11
10565,6
10566,9
10566,6
10566,11
10566,12
10566,6
10566,9
10566,7
10566,12
10566,12
10566,6
10567,9
10567,7
10567,11
10567,12
10567,6
10567,9
10567,7
10567,12
10567,12
10568,7
10568,9
10568,6
10568,12
10568,12
10568,6
10568,9
10568,7
10568,11
10569,12
10569,6
10569,9
10569,6
10569,11
10569,12
10569,6
10580,11
10585,7
10585,11
10585,11
10585,6
10585,9
10585,8
10586,12
10586,11
10586,6
10586,10
10586,8
10586,12
10586,12
10586,6
10586,10
10586,7
10587,12
10587,11
10587,7
10587,10
10587,8
10587,12
10587,10
10587,7
10587,10
10588,8
10588,11
10588,12
10588,7
10588,10
10588,8
10588,12
10588,10
10588,6
10589,10
10589,8
10589,12
10589,12
10589,6
10589,10
10589,8
10595,10
10595,11
10595,5
10595,9
10595,9
10595,11
10595,11
10595,5
10596,10
10596,9
10596,11
10596,10
10596,6
10596,10
10596,9
10596,11
10596,11
10596,5
10597,10
10597,9
10597,12
10597,12
10597,6
10597,10
10597,9
10597,12
10597,12
10598,6
10598,10
10598,8
10598,11
10598,10
10598,6
10598,10
10598,9
10598,12
10598,12
10599,6
10599,9
10599,9
10599,11
10599,12
10599,6
10599,9
10605,11
10605,6
10605,9
10605,5
10605,11
10605,11
10606,6
10606,10
10606,6
10606,10
10606,12
10606,6
10606,10
10606,6
10606,10
10607,12
10607,6
10607,9
10607,6
10607,11
10607,12
10607,7
10607,9
10607,6
10607,11
10608,12
10608,7
10608,9
10608,7
10608,11
10608,12
10608,7
10608,10
10608,7
10609,12
10609,11
10609,7
10609,9
10609,7
10609,12
10609,11
10615,11
10615,11
10615,6
10615,10
10615,8
10615,11
10615,9
10615,6
10616,10
10616,8
10616,12
10616,11
10616,6
10616,10
10616,8
10616,12
10616,11
10616,7
10617,9
10617,8
10617,13
10617,10
10617,6
10617,10
10617,8
10617,12
10617,9
10618,7
10618,10
10618,9
10618,12
10618,9
10618,7
10618,10
10618,9
10618,12
10618,9
10619,6
10619,10
10619,10
10619,12
10619,7
10619,7
10619,10
10631,11
10635,6
10635,8
10636,9
10636,9
10636,11
10636,6
10636,8
10636,9
10636,10
10636,11
10636,6
10636,9
10637,10
10637,10
10637,12
10637,6
10637,8
10637,10
10637,10
10637,12
10637,7
10638,9
10638,11
10638,11
10638,11
10638,6
10638,10
10638,9
10638,11
10638,12
10639,6
10639,8
10639,10
10639,10
10639,12
10639,6
10639,8
10645,9
10645,8
10645,12
10645,9
10645,5
10645,10
10645,8
10646,12
10646,8
10646,6
10646,10
10646,8
10646,12
10646,9
10646,8
10646,10
10647,8
10647,12
10647,10
10647,6
10647,10
10647,9
10647,11
10647,8
10647,7
10648,10
10648,9
10648,12
10648,8
10648,6
10648,10
10648,9
10648,12
10648,7
10648,7
10649,10
10649,10
10649,12
10649,8
10649,8
10649,10
10649,10
10655,6
10655,9
10655,9
10655,11
10655,12
10656,6
10656,9
10656,9
10656,11
10656,11
10656,5
10656,9
10656,9
10656,11
10657,12
10657,6
10657,9
10657,10
10657,12
10657,12
10657,6
10657,9
10657,9
10657,11
10658,12
10658,6
10658,10
10658,9
10658,11
10658,12
10658,5
10658,9
10658,9
10659,11
10659,12
10659,6
10659,10
10659,9
10659,12
10659,12
10665,9
10665,11
10665,5
10665,7
10665,11
10665,10
10665,11
10666,6
10666,7
10666,11
10666,10
10666,12
10666,6
10666,8
10666,13
10666,10
10666,11
10667,6
10667,7
10667,12
10667,10
10667,12
10667,6
10667,8
10667,13
10667,10
10668,12
10668,7
10668,8
10668,12
10668,9
10668,12
10668,6
10668,8
10668,12
10669,10
10669,11
10669,6
10669,9
10669,12
10669,10
10669,11
10679,11
10679,8
10685,9
10685,11
10685,7
10685,7
10685,9
10685,10
10686,12
10686,6
10686,7
10686,10
10686,10
10686,12
10686,7
10686,7
10686,10
10687,9
10687,12
10687,6
10687,8
10687,10
10687,10
10687,11
10687,6
10687,8
10687,10
10688,10
10688,12
10688,6
10688,8
10688,10
10688,10
10688,12
10688,6
10688,8
10689,10
10689,10
10689,12
10689,7
10689,8
10689,9
10689,10
10695,10
10695,11
10695,6
10695,8
10695,6
10695,11
10696,12
10696,6
10696,9
10696,6
10696,11
10696,12
10696,6
10696,10
10696,6
10696,11
10697,11
10697,6
10697,9
10697,7
10697,12
10697,12
10697,6
10697,9
10697,6
10698,11
10698,11
10698,6
10698,9
10698,6
10698,11
10698,12
10698,7
10698,9
10698,6
10699,11
10699,12
10699,6
10699,9
10699,6
10699,12
10705,5
10705,9
10705,8
10705,11
10705,10
10706,5
10706,9
10706,8
10706,11
10706,11
10706,6
10706,9
10706,9
10706,11
10707,10
10707,5
10707,10
10707,9
10707,11
10707,9
10707,5
10707,11
10707,9
10708,12
10708,8
10708,6
10708,12
10708,9
10708,11
10708,8
10708,6
10708,11
10708,10
10709,12
10709,8
10709,6
10709,11
10709,9
10709,12
10709,8
10714,9
10715,7
10715,11
10715,11
10715,6
10715,9
10715,8
10715,11
10715,9
10715,6
10716,10
10716,8
10716,11
10716,10
10716,6
10716,10
10716,8
10716,12
10716,10
10717,7
10717,10
10717,8
10717,12
10717,9
10717,7
10717,9
10717,8
10717,12
10717,11
10718,6
10718,10
10718,8
10718,12
10718,11
10718,6
10718,10
10718,8
10718,12
10719,10
10719,6
10719,10
10719,8
10719,12
10719,11
10719,6
10734,8
10739,8
10739,11
10745,5
10745,7
10745,11
10745,9
10745,11
10745,6
10746,7
10746,11
10746,11
10746,11
10746,6
10746,8
10746,11
10746,10
10746,11
10747,6
10747,8
10747,12
10747,10
10747,12
10747,5
10747,9
10747,12
10747,10
10747,11
10748,6
10748,8
10748,12
10748,10
10748,12
10748,5
10748,8
10748,12
10748,11
10749,12
10749,6
10749,8
10749,12
10749,8
10749,11
10749,6
10755,7
10755,9
10755,5
10755,9
10756,11
10756,8
10756,11
10756,5
10756,10
10756,12
10756,8
10756,10
10756,4
10756,10
10757,12
10757,8
10757,10
10757,6
10757,10
10757,12
10757,7
10757,10
10757,5
10758,10
10758,12
10758,7
10758,10
10758,5
10758,10
10758,12
10758,7
10758,10
10759,5
10759,10
10759,12
10759,6
10759,9
10759,5
10759,10
10765,5
10765,7
10765,11
10765,10
10765,11
10765,5
10765,9
10766,11
10766,10
10766,11
10766,5
10766,9
10766,12
10766,10
10766,12
10766,6
10767,9
10767,12
10767,10
10767,12
10767,5
10767,9
10767,12
10767,9
10767,10
10767,5
10768,9
10768,11
10768,8
10768,12
10768,5
10768,9
10768,12
10768,8
10768,11
10769,5
10769,10
10769,12
10769,8
10769,11
10769,5
10769,9
10780,8
10785,8
10785,10
10785,11
10786,5
10786,9
10786,9
10786,12
10786,11
10786,5
10786,10
10786,9
10786,11
10786,10
10787,5
10787,10
10787,9
10787,11
10787,10
10787,6
10787,10
10787,9
10787,12
10788,10
10788,4
10788,11
10788,9
10788,12
10788,9
10788,6
10788,11
10788,9
10788,12
10789,9
10789,6
10789,11
10789,9
10789,12
10789,8
10795,6
10795,8
10795,6
10795,11
10795,11
10796,6
10796,10
10796,6
10796,11
10796,11
10796,7
10796,9
10796,7
10796,11
10796,11
10797,7
10797,9
10797,7
10797,12
10797,11
10797,5
10797,9
10797,8
10797,12
10798,12
10798,7
10798,10
10798,7
10798,12
10798,12
10798,7
10798,10
10798,8
10798,12
10799,10
10799,7
10799,10
10799,8
10799,11
10799,11
10805,11
10805,10
10805,6
10806,9
10806,6
10806,11
10806,11
10806,6
10806,9
10806,7
10806,10
10806,11
10806,6
10807,9
10807,7
10807,12
10807,11
10807,7
10807,9
10807,7
10807,12
10807,12
10808,6
10808,9
10808,7
10808,12
10808,12
10808,6
10808,9
10808,7
10808,12
10808,12
10809,7
10809,9
10809,7
10809,12
10809,12
10809,6
10809,9
10815,9
10815,11
10815,5
10815,8
10815,11
10815,9
10815,11
10815,6
10815,7
10815,12
10816,10
10816,11
10816,6
10816,8
10816,12
10816,10
10816,11
10816,5
10816,8
10817,12
10817,10
10817,11
10817,6
10817,8
10817,12
10817,10
10817,11
10817,6
10817,8
10818,12
10818,10
10818,12
10818,6
10818,8
10818,12
10818,11
10818,11
10818,6
10819,8
10819,12
10819,11
10819,12
10819,6
10819,8
10819,12
10830,9
10836,8
10836,11
10836,7
10836,7
10836,10
10836,9
10836,12
10836,6
10836,7
10837,10
10837,9
10837,12
10837,7
10837,7
10837,10
10837,10
10837,12
10837,7
10837,7
10838,8
10838,10
10838,11
10838,7
10838,8
10838,10
10838,9
10838,12
10838,7
10839,7
10839,10
10839,9
10839,12
10839,8
10839,8
10839,10
10845,6
10845,7
10845,11
10845,9
10846,11
10846,6
10846,6
10846,11
10846,9
10846,11
10846,5
10846,7
10846,11
10847,10
10847,12
10847,6
10847,7
10847,12
10847,10
10847,11
10847,6
10847,8
10847,11
10848,10
10848,11
10848,5
10848,9
10848,13
10848,10
10848,12
10848,6
10848,9
10849,12
10849,10
10849,11
10849,6
10849,8
10849,12
10849,10
10855,8
10855,11
10856,8
10856,5
10856,11
10856,8
10856,11
10856,8
10856,5
10856,11
10856,9
10857,11
10857,9
10857,6
10857,11
10857,8
10857,10
10857,8
10857,6
10857,11
10858,9
10858,13
10858,8
10858,5
10858,11
10858,9
10858,11
10858,9
10858,5
10858,11
10859,9
10859,12
10859,8
10859,5
10859,11
10859,9
10859,12
10865,8
10865,7
10865,11
10865,11
10865,6
10865,9
10865,7
10865,12
10866,11
10866,6
10866,10
10866,7
10866,12
10866,12
10866,6
10866,10
10866,8
10867,12
10867,10
10867,6
10867,10
10867,8
10867,11
10867,9
10867,7
10867,10
10867,9
10868,12
10868,9
10868,7
10868,10
10868,9
10868,12
10868,8
10868,7
10868,10
10869,10
10869,12
10869,8
10869,7
10869,10
10869,9
10869,11
10881,11
10886,9
10886,10
10886,12
10886,5
10886,9
10887,9
10887,11
10887,11
10887,6
10887,10
10887,9
10887,12
10887,12
10887,6
10888,10
10888,9
10888,11
10888,11
10888,6
10888,10
10888,9
10888,13
10888,12
10888,6
10889,10
10889,9
10889,11
10889,10
10889,6
10889,10
10889,9
10895,11
10895,7
10895,6
10896,9
10896,8
10896,12
10896,9
10896,6
10896,10
10896,8
10896,12
10896,11
10896,7
10897,10
10897,8
10897,12
10897,9
10897,7
10897,10
10897,8
10897,12
10897,10
10898,7
10898,9
10898,8
10898,12
10898,11
10898,6
10898,9
10898,8
10898,12
10898,10
10899,6
10899,10
10899,7
10899,11
10899,11
10899,6
10899,10
10905,11
10906,5
10906,9
10906,9
10906,11
10906,10
10906,6
10906,10
10906,9
10906,11
10906,11
10907,6
10907,9
10907,10
10907,12
10907,11
10907,5
10907,10
10907,9
10907,12
10908,12
10908,6
10908,10
10908,9
10908,11
10908,12
10908,6
10908,9
10908,9
10908,12
10909,12
10909,6
10909,10
10909,9
10909,11
10909,11
10909,5
10915,6
10915,9
10915,9
10915,11
10915,11
10915,6
10915,9
10915,9
10915,11
10916,11
10916,6
10916,9
10916,9
10916,11
10916,12
10916,6
10916,9
10916,10
10916,11
10917,12
10917,6
10917,9
10917,9
10917,11
10917,11
10917,5
10917,9
10917,10
10918,11
10918,12
10918,6
10918,10
10918,10
10918,12
10918,12
10918,6
10918,9
10918,9
10919,11
10919,11
10919,6
10919,8
10919,9
10919,11
10919,12
10933,9
10938,9
10938,11
10938,6
10938,7
10938,11
10939,9
10939,11
10939,6
10939,7
10939,12
10939,10
10939,11
10945,10
10945,11
10946,6
10946,9
10946,5
10946,10
10946,12
10946,8
10946,9
10946,5
10946,10
10947,11
10947,7
10947,10
10947,5
10947,10
10947,12
10947,6
10947,11
10947,5
10947,10
10948,11
10948,8
10948,11
10948,5
10948,10
10948,12
10948,9
10948,11
10948,5
10949,9
10949,12
10949,8
10949,9
10949,5
10949,9
10949,12
10956,11
10956,5
10956,7
10956,11
10956,10
10956,11
10956,6
10956,7
10956,12
10956,10
10957,12
10957,6
10957,7
10957,12
10957,9
10957,11
10957,6
10957,7
10957,12
10958,10
10958,11
10958,7
10958,7
10958,11
10958,9
10958,11
10958,7
10958,7
10958,11
10959,9
10959,12
10959,8
10959,6
10959,11
10959,10
10959,11
10965,7
10965,6
10966,11
10966,9
10966,11
10966,6
10966,7
10966,11
10966,9
10966,11
10966,7
10967,7
10967,11
10967,9
10967,11
10967,7
10967,6
10967,11
10967,9
10967,12
10967,8
10968,6
10968,12
10968,9
10968,12
10968,9
10968,5
10968,11
10968,9
10968,12
10969,8
10969,6
10969,11
10969,9
10969,12
10969,9
10969,5
10980,7
10986,5
10986,9
10986,10
10986,10
10986,11
10986,5
10986,10
10987,9
10987,11
10987,11
10987,6
10987,9
10987,9
10987,11
10987,11
10987,6
10988,9
10988,10
10988,11
10988,12
10988,6
10988,9
10988,10
10988,11
10988,12
10988,6
10989,9
10989,9
10989,11
10989,12
10989,6
10989,9
10989,10
10995,9
10996,10
10996,11
10996,6
10996,9
10996,10
10996,11
10996,12
10996,6
10996,9
10997,9
10997,11
10997,12
10997,6
10997,9
10997,9
10997,11
10997,11
10997,6
10997,10
10998,10
10998,11
10998,12
10998,6
10998,9
10998,9
10998,11
10998,11
10998,6
10999,9
10999,10
10999,11
10999,12
10999,6
10999,8
10999,10
11006,9
11006,11
11006,5
11006,8
11006,11
11006,9
11006,11
11006,6
11006,8
11007,12
11007,10
11007,11
11007,5
11007,9
11007,12
11007,9
11007,11
11007,6
11008,9
11008,10
11008,10
11008,12
11008,6
11008,9
11008,12
11008,11
11008,12
11008,6
11009,8
11009,11
11009,11
11009,12
11009,6
11009,9
11009,12
11015,9
11015,11
11015,7
11015,11
11015,5
11015,9
11015,12
11015,7
11016,11
11016,5
11016,10
11016,12
11016,8
11016,11
11016,5
11016,10
11016,12
11016,7
11017,11
11017,5
11017,10
11017,12
11017,8
11017,11
11017,5
11017,10
11017,12
11018,8
11018,11
11018,5
11018,10
11018,12
11018,7
11018,12
11018,5
11018,10
11018,12
11019,8
11019,10
11019,5
11019,10
11019,12
11019,8
11019,11
11030,7
11036,11
11036,5
11036,9
11036,9
11036,11
11037,11
11037,6
11037,9
11037,9
11037,11
11037,12
11037,6
11037,10
11037,9
11037,11
11038,12
11038,6
11038,10
11038,9
11038,12
11038,11
11038,6
11038,10
11038,9
11039,12
11039,12
11039,6
11039,10
11039,9
11039,11
11039,11
11045,7
11046,11
11046,9
11046,6
11046,10
11046,8
11046,12
11046,10
11046,6
11046,10
11047,8
11047,12
11047,10
11047,5
11047,9
11047,9
11047,12
11047,9
11047,6
11047,10
11048,8
11048,12
11048,10
11048,6
11048,10
11048,8
11048,12
11048,10
11048,7
11049,10
11049,8
11049,12
11049,10
11049,6
11049,10
11049,9
11056,11
11056,9
11056,5
11056,10
11056,8
11056,11
11056,9
11056,6
11057,10
11057,8
11057,12
11057,9
11057,5
11057,10
11057,9
11057,11
11057,9
11058,5
11058,11
11058,9
11058,12
11058,9
11058,4
11058,11
11058,9
11058,12
11058,9
11059,6
11059,11
11059,9
11059,12
11059,9
11059,5
11059,11
11065,11
11065,4
11065,9
11065,7
11065,11
11066,8
11066,6
11066,10
11066,8
11066,11
11066,11
11066,6
11066,10
11066,8
11066,12
11067,12
11067,7
11067,10
11067,8
11067,10
11067,10
11067,6
11067,9
11067,8
11068,12
11068,11
11068,7
11068,10
11068,8
11068,12
11068,9
11068,6
11068,10
11068,9
11069,11
11069,10
11069,7
11069,10
11069,9
11069,12
11069,8
11081,7
11086,6
11086,10
11087,9
11087,11
11087,6
11087,6
11087,12
11087,10
11087,12
11087,6
11087,7
11088,12
11088,10
11088,12
11088,5
11088,7
11088,12
11088,10
11088,12
11088,5
11088,8
11089,12
11089,10
11089,12
11089,6
11089,8
11089,12
11089,10
11096,6
11096,10
11096,4
11096,10
11096,12
11096,6
11096,10
11096,6
11096,10
11097,11
11097,7
11097,10
11097,6
11097,10
11097,11
11097,6
11097,10
11097,7
11098,11
11098,12
11098,6
11098,10
11098,6
11098,10
11098,12
11098,7
11098,11
11098,5
11099,10
11099,12
11099,7
11099,9
11099,6
11099,11
11099,12
11106,11
11106,8
11106,6
11106,9
11106,9
11106,12
11106,8
11107,7
11107,10
11107,9
11107,12
11107,8
11107,7
11107,9
11107,9
11107,12
11107,7
11108,6
11108,10
11108,9
11108,12
11108,7
11108,7
11108,10
11108,9
11108,12
11109,8
11109,7
11109,10
11109,9
11109,12
11109,8
11109,8
11115,7
11115,9
11115,9
11115,11
11115,7
11115,7
11115,10
11115,10
11115,12
11116,7
11116,7
11116,10
11116,10
11116,12
11116,7
11116,7
11116,10
11116,10
11117,12
11117,7
11117,7
11117,10
11117,10
11117,12
11117,7
11117,8
11117,10
11118,10
11118,12
11118,7
11118,8
11118,10
11118,10
11118,12
11118,7
11118,7
11118,10
11119,10
11119,12
11119,7
11119,8
11119,10
11119,9
11119,12
11131,9
11137,9
11137,9
11137,11
11137,7
11137,7
11137,10
11137,9
11137,12
11137,7
11138,7
11138,9
11138,9
11138,12
11138,7
11138,7
11138,10
11138,9
11138,12
11139,8
11139,7
11139,10
11139,9
11139,12
11139,8
11139,7
11146,9
11146,9
11146,10
11146,11
11146,6
11146,9
11146,9
11146,11
11147,11
11147,6
11147,9
11147,9
11147,11
11147,12
11147,6
11147,9
11147,8
11147,12
11148,11
11148,6
11148,10
11148,9
11148,12
11148,12
11148,6
11148,10
11148,9
11149,13
11149,12
11149,6
11149,9
11149,9
11149,11
11149,12
11156,11
11156,11
11156,6
11156,9
11156,6
11156,11
11156,11
11157,6
11157,9
11157,7
11157,12
11157,12
11157,6
11157,10
11157,7
11157,11
11158,12
11158,7
11158,9
11158,6
11158,12
11158,11
11158,7
11158,9
11158,6
11158,11
11159,11
11159,6
11159,10
11159,6
11159,11
11159,11
11159,6
11165,8
11165,11
11165,8
11165,6
11166,11
11166,9
11166,11
11166,8
11166,6
11166,11
11166,9
11166,12
11166,8
11167,6
11167,11
11167,9
11167,10
11167,9
11167,6
11167,11
11167,9
11167,12
11167,8
11168,5
11168,11
11168,9
11168,12
11168,9
11168,6
11168,10
11168,9
11168,11
11169,8
11169,5
11169,11
11169,8
11169,12
11169,9
11169,6
11184,7
11188,11
11188,9
11188,11
11188,4
11188,9
11188,11
11188,9
11188,12
11189,5
11189,8
11189,12
11189,11
11189,12
11189,6
11189,9
11196,9
11196,11
11196,10
11196,5
11196,9
11196,9
11196,11
11197,12
11197,6
11197,10
11197,9
11197,11
11197,10
11197,6
11197,10
11197,9
11197,12
11198,12
11198,6
11198,10
11198,9
11198,12
11198,12
11198,5
11198,10
11198,9
11199,12
11199,9
11199,5
11199,10
11199,9
11199,11
11199,11
11206,7
11206,5
11206,10
11206,8
11206,11
11206,8
11207,6
11207,10
11207,9
11207,12
11207,10
11207,6
11207,10
11207,9
11207,12
11208,12
11208,6
11208,9
11208,9
11208,11
11208,12
11208,6
11208,10
11208,8
11209,12
11209,12
11209,6
11209,10
11209,10
11209,11
11209,11
11215,5
11215,10
11215,8
11215,11
11215,8
11215,6
11215,11
11215,9
11215,12
11216,9
11216,5
11216,10
11216,9
11216,12
11216,10
11216,6
11216,10
11216,9
11216,12
11217,10
11217,5
11217,10
11217,10
11217,11
11217,11
11217,6
11217,10
11217,9
11218,13
11218,10
11218,5
11218,10
11218,8
11218,12
11218,10
11218,5
11218,10
11218,9
11219,12
11219,9
11219,5
11219,11
11219,9
11219,11
11231,9
11236,11
11237,5
11237,7
11237,12
11237,10
11237,11
11237,6
11237,8
11237,11
11237,10
11238,12
11238,6
11238,8
11238,12
11238,10
11238,12
11238,6
11238,8
11238,12
11238,10
11239,11
11239,5
11239,8
11239,12
11239,10
11239,12
11239,6
11246,11
11246,6
11246,10
11246,4
11246,10
11247,11
11247,6
11247,10
11247,7
11247,10
11247,12
11247,6
11247,9
11247,7
11247,11
11248,12
11248,6
11248,10
11248,5
11248,10
11248,12
11248,7
11248,10
11248,5
11249,11
11249,12
11249,7
11249,10
11249,6
11249,11
11249,11
11256,11
11256,5
11256,9
11256,11
11257,9
11257,11
11257,5
11257,9
11257,11
11257,9
11257,12
11257,5
11257,9
11258,11
11258,9
11258,11
11258,6
11258,9
11258,12
11258,9
11258,11
11258,5
11259,9
11259,12
11259,8
11259,12
11259,6
11259,8
11259,12
11265,8
11265,11
11265,5
11265,7
11265,11
11265,9
11265,11
11266,6
11266,7
11266,11
11266,10
11266,11
11266,6
11266,7
11266,12
11266,9
11266,12
11267,6
11267,8
11267,12
11267,10
11267,11
11267,6
11267,7
11267,12
11267,10
11268,12
11268,6
11268,7
11268,12
11268,10
11268,12
11268,7
11268,7
11268,11
11269,10
11269,12
11269,6
11269,7
11269,13
11269,10
11269,12
11281,11
11287,11
11287,11
11287,6
11287,9
11287,6
11287,11
11287,11
11287,7
11288,9
11288,8
11288,11
11288,12
11288,6
11288,9
11288,6
11288,11
11288,11
11288,6
11289,9
11289,7
11289,11
11289,11
11289,7
11289,9
11289,6
11296,11
11296,5
11296,7
11296,11
11296,9
11297,11
11297,6
11297,7
11297,11
11297,9
11297,12
11297,7
11297,7
11297,12
11297,9
11298,11
11298,8
11298,7
11298,11
11298,10
11298,12
11298,7
11298,7
11298,12
11299,9
11299,12
11299,7
11299,7
11299,11
11299,9
11299,12
11306,11
11306,6
11306,9
11306,7
11307,12
11307,11
11307,6
11307,9
11307,8
11307,12
11307,11
11307,6
11307,9
11307,8
11308,12
11308,11
11308,7
11308,9
11308,8
11308,12
11308,11
11308,7
11308,10
11309,8
11309,12
11309,11
11309,6
11309,10
11309,8
11309,12
11315,8
11315,6
11315,9
11315,8
11315,12
11315,8
11315,7
11315,9
11315,9
11316,12
11316,8
11316,6
11316,10
11316,9
11316,12
11316,9
11316,6
11316,10
11317,8
11317,12
11317,10
11317,7
11317,10
11317,8
11317,12
11317,10
11317,6
11317,10
11318,8
11318,12
11318,11
11318,6
11318,10
11318,8
11318,12
11318,10
11318,7
11319,10
11319,8
11319,12
11319,10
11319,7
11319,10
11319,8
11331,6
11337,9
11337,7
11337,11
11337,9
11337,7
11337,9
11337,7
11338,12
11338,12
11338,6
11338,9
11338,8
11338,12
11338,12
11338,7
11338,10
11339,8
11339,12
11339,11
11339,7
11339,10
11339,7
11339,12
11346,9
11346,11
11346,5
11346,8
11346,11
11347,10
11347,11
11347,6
11347,7
11347,12
11347,9
11347,11
11347,6
11347,8
11347,11
11348,9
11348,12
11348,5
11348,7
11348,12
11348,9
11348,12
11348,7
11348,7
11349,12
11349,10
11349,11
11349,7
11349,7
11349,11
11349,9
11356,8
11356,11
11356,9
11356,11
11357,6
11357,8
11357,12
11357,10
11357,11
11357,5
11357,8
11357,12
11357,10
11358,11
11358,6
11358,8
11358,12
11358,11
11358,12
11358,5
11358,9
11358,12
11359,10
11359,12
11359,6
11359,8
11359,12
11359,9
11359,12
11365,11
11365,6
11365,9
11365,9
11365,11
11365,11
11366,6
11366,9
11366,10
11366,11
11366,12
11366,6
11366,9
11366,9
11366,11
11367,12
11367,6
11367,9
11367,9
11367,11
11367,11
11367,6
11367,9
11367,9
11367,11
11368,12
11368,6
11368,10
11368,10
11368,12
11368,12
11368,6
11368,10
11368,9
11369,11
11369,12
11369,5
11369,9
11369,9
11369,11
11369,11
11381,11
11387,8
11387,12
11387,8
11387,12
11387,4
11387,8
11388,11
11388,9
11388,7
11388,5
11388,9
11388,12
11388,8
11388,11
11388,5
11389,9
11389,12
11389,9
11389,12
11389,6
11389,9
11389,12
11396,10
11396,5
11396,9
11396,12
11397,8
11397,10
11397,5
11397,10
11397,12
11397,8
11397,10
11397,5
11397,10
11398,12
11398,8
11398,11
11398,5
11398,9
11398,12
11398,8
11398,13
11398,5
11398,9
11399,12
11399,9
11399,12
11399,5
11399,9
11399,12
11399,8
11406,10
11406,11
11407,6
11407,7
11407,12
11407,10
11407,12
11407,6
11407,7
11407,11
11407,9
11408,11
11408,5
11408,7
11408,12
11408,10
11408,12
11408,6
11408,8
11408,12
11408,10
11409,12
11409,6
11409,8
11409,12
11409,10
11409,11
11409,6
11415,8
11415,11
11415,8
11415,4
11415,11
11415,8
11415,11
11415,7
11416,6
11416,11
11416,9
11416,11
11416,8
11416,5
11416,11
11416,9
11416,11
11417,8
11417,6
11417,12
11417,9
11417,12
11417,8
11417,6
11417,11
11417,9
11417,12
11418,7
11418,6
11418,11
11418,9
11418,12
11418,8
11418,6
11418,11
11418,9
11419,12
11419,8
11419,6
11419,11
11419,9
11419,12
11419,9
11434,5
11438,7
11439,9
11439,7
11439,11
11439,11
11439,6
11439,9
11439,7
11446,9
11446,7
11446,11
11447,11
11447,6
11447,10
11447,7
11447,11
11447,11
11447,6
11447,9
11447,7
11448,12
11448,11
11448,6
11448,9
11448,8
11448,12
11448,12
11448,7
11448,10
11448,7
11449,12
11449,12
11449,7
11449,10
11449,7
11449,11
11449,12
11456,9
11457,11
11457,7
11457,11
11457,5
11457,9
11457,11
11457,8
11457,10
11457,5
11458,9
11458,12
11458,9
11458,11
11458,6
11458,9
11458,12
11458,10
11458,11
11459,5
11459,9
11459,12
11459,10
11459,11
11459,6
11459,8
11465,11
11465,9
11465,4
11465,10
11465,8
11465,11
11465,9
11466,6
11466,10
11466,9
11466,11
11466,9
11466,6
11466,10
11466,9
11466,12
11467,10
11467,6
11467,11
11467,8
11467,12
11467,11
11467,5
11467,10
11467,9
11467,12
11468,11
11468,6
11468,10
11468,9
11468,12
11468,10
11468,5
11468,10
11468,9
11469,12
11469,10
11469,6
11469,11
11469,9
11469,11
11469,10
11480,8
11487,11
11487,6
11487,9
11487,9
11487,10
11487,12
11487,6
11487,9
11488,9
11488,11
11488,12
11488,6
11488,9
11488,9
11488,11
11488,12
11488,6
11489,9
11489,10
11489,11
11489,12
11489,6
11489,8
11489,10
11496,6
11496,11
11497,11
11497,6
11497,9
11497,7
11497,11
11497,11
11497,6
11497,9
11497,7
11498,11
11498,11
11498,6
11498,9
11498,6
11498,12
11498,12
11498,6
11498,9
11498,6
11499,11
11499,12
11499,6
11499,9
11499,5
11499,11
11499,11
11507,11
11507,10
11507,6
11507,9
11507,8
11507,12
11507,11
11507,6
11507,9
11508,7
11508,12
11508,11
11508,6
11508,9
11508,7
11508,12
11508,11
11508,6
11508,8
11509,6
11509,11
11509,11
11509,7
11509,9
11509,6
11509,11
11514,6
11514,11
11514,9
11514,11
11515,6
11515,6
11515,11
11515,9
11515,12
11515,7
11515,7
11515,11
11515,8
11516,12
11516,7
11516,6
11516,11
11516,9
11516,12
11516,9
11516,6
11516,10
11516,9
11517,12
11517,9
11517,6
11517,11
11517,8
11517,12
11517,10
11517,6
11517,11
11518,9
11518,11
11518,11
11518,6
11518,10
11518,9
11518,12
11518,10
11518,6
11518,10
11519,9
11519,12
11519,12
11519,6
11519,9
11519,9
11519,11
11530,10
11537,9
11537,9
11537,11
11537,6
11537,7
11537,10
11538,9
11538,12
11538,7
11538,7
11538,10
11538,9
11538,11
11538,7
11538,7
11538,10
11539,9
11539,12
11539,7
11539,7
11539,10
11539,10
11539,12
11546,9
11547,7
11547,11
11547,11
11547,6
11547,9
11547,7
11547,11
11547,11
11547,7
11547,9
11548,7
11548,11
11548,11
11548,6
11548,9
11548,7
11548,11
11548,11
11548,6
11549,9
11549,7
11549,11
11549,13
11549,6
11549,9
11549,6
11557,8
11557,10
11557,5
11557,9
11557,12
11557,8
11557,11
11557,5
11558,9
11558,12
11558,9
11558,11
11558,6
11558,9
11558,12
11558,10
11558,11
11558,6
11559,9
11559,12
11559,10
11559,11
11559,6
11559,9
11559,12
11565,8
11565,10
11565,11
11565,5
11565,8
11565,9
11565,11
11565,11
11565,6
11566,9
11566,10
11566,11
11566,12
11566,6
11566,9
11566,9
11566,11
11566,11
11566,6
11567,9
11567,10
11567,11
11567,12
11567,6
11567,9
11567,9
11567,11
11567,12
11568,6
11568,9
11568,10
11568,10
11568,12
11568,6
11568,8
11568,10
11568,11
11568,12
11569,6
11569,8
11569,10
11569,10
11569,12
11569,6
11582,6
11588,9
11588,8
11588,11
11588,8
11588,6
11588,9
11588,8
11588,12
11589,7
11589,6
11589,10
11589,9
11589,12
11589,9
11589,7
11597,7
11597,9
11597,9
11597,11
11597,7
11597,7
11597,10
11597,9
11597,12
11597,7
11598,8
11598,10
11598,10
11598,12
11598,6
11598,7
11598,10
11598,10
11598,11
11599,7
11599,8
11599,10
11599,10
11599,12
11599,7
11599,8
11607,6
11607,9
11607,6
11607,10
11607,11
11607,6
11607,9
11607,5
11608,10
11608,11
11608,6
11608,10
11608,5
11608,10
11608,11
11608,7
11608,9
11609,5
11609,10
11609,12
11609,8
11609,11
11609,5
11609,10
11613,6
11614,9
11614,5
11614,11
11614,11
11614,6
11614,9
11614,5
11614,10
11614,12
11615,7
11615,10
11615,6
11615,10
11615,12
11615,7
11615,10
11615,5
11615,9
11615,12
11616,8
11616,11
11616,6
11616,8
11616,11
11616,9
11616,13
11616,5
11616,9
11617,12
11617,9
11617,12
11617,6
11617,9
11617,12
11617,9
11617,12
11617,5
11617,9
11618,12
11618,10
11618,11
11618,6
11618,9
11618,12
11618,9
11618,11
11618,5
11619,9
11619,12
11619,10
11619,12
11619,5
11619,8
11619,12
11632,5
11638,11
11638,5
11638,8
11638,11
11638,10
11638,11
11638,6
11639,8
11639,12
11639,10
11639,11
11639,6
11639,8
11639,11
11647,7
11647,11
11647,11
11647,6
11647,9
11647,7
11647,12
11647,11
11647,6
11647,9
11648,7
11648,11
11648,11
11648,6
11648,9
11648,7
11648,11
11648,11
11648,7
11649,9
11649,7
11649,12
11649,12
11649,7
11649,9
11649,7
11657,11
11657,6
11657,9
11657,5
11657,11
11657,12
11657,7
11658,10
11658,5
11658,10
11658,11
11658,7
11658,10
11658,5
11658,10
11658,12
11658,7
11659,11
11659,5
11659,10
11659,12
11659,8
11659,9
11659,5
11664,9
11664,9
11664,11
11665,7
11665,7
11665,9
11665,9
11665,12
11665,8
11665,7
11665,10
11665,8
11666,12
11666,9
11666,6
11666,10
11666,9
11666,12
11666,10
11666,6
11666,10
11667,8
11667,12
11667,10
11667,7
11667,10
11667,8
11667,12
11667,9
11667,7
11667,10
11668,8
11668,12
11668,9
11668,7
11668,10
11668,8
11668,12
11668,12
11668,6
11669,10
11669,8
11669,12
11669,11
11669,7
11669,9
11669,8
11685,11
11689,8
11697,10
11697,11
11697,5
11697,7
11697,11
11697,9
11697,12
11698,6
11698,7
11698,11
11698,9
11698,12
11698,6
11698,7
11698,11
11698,9
11698,11
11699,6
11699,7
11699,11
11699,9
11699,11
11699,7
11699,7
11707,11
11707,6
11707,9
11707,4
11707,11
11707,12
11707,5
11707,10
11708,5
11708,11
11708,11
11708,6
11708,9
11708,6
11708,11
11708,12
11708,6
11709,10
11709,6
11709,11
11709,12
11709,6
11709,9
11709,6
11713,6
11713,9
11713,9
11714,11
11714,11
11714,6
11714,9
11714,9
11714,11
11714,11
11714,6
11714,9
11715,10
11715,11
11715,11
11715,6
11715,9
11715,9
11715,11
11715,12
11715,6
11715,9
11716,10
11716,11
11716,12
11716,6
11716,9
11716,10
11716,11
11716,12
11716,6
11717,9
11717,9
11717,12
11717,12
11717,6
11717,10
11717,9
11717,11
11717,12
11717,5
11718,10
11718,9
11718,11
11718,12
11718,6
11718,9
11718,9
11718,12
11718,12
11719,6
11719,9
11719,9
11719,11
11719,12
11719,6
11719,9
11732,6
11738,10
11738,11
11738,5
11738,9
11738,6
11739,11
11739,11
11739,6
11739,8
11739,6
11739,11
11739,11
11747,10
11747,5
11747,9
11747,11
11747,7
11747,10
11747,5
11747,10
11747,11
11748,7
11748,11
11748,5
11748,10
11748,12
11748,8
11748,10
11748,5
11748,10
11749,11
11749,7
11749,10
11749,5
11749,10
11749,11
11749,7
11757,10
11757,6
11757,9
11757,8
11757,11
11757,10
11757,6
11757,9
11758,7
11758,12
11758,11
11758,6
11758,9
11758,7
11758,12
11758,12
11758,6
11759,9
11759,7
11759,11
11759,11
11759,7
11759,9
11759,7
11764,8
11764,11
11764,8
11764,11
11764,5
11765,9
11765,12
11765,9
11765,11
11765,6
11765,9
11765,12
11765,9
11765,12
11766,5
11766,9
11766,12
11766,10
11766,11
11766,5
11766,9
11766,12
11766,9
11766,12
11767,5
11767,9
11767,12
11767,9
11767,12
11767,5
11767,9
11767,12
11767,8
11768,9
11768,5
11768,9
11768,12
11768,9
11768,11
11768,5
11768,9
11768,12
11768,10
11769,11
11769,5
11769,9
11769,12
11769,8
11769,12
11769,5
11782,11
11788,7
11788,11
11788,6
11788,6
11788,11
11788,9
11789,11
11789,7
11789,7
11789,11
11789,9
11789,12
11789,6
11797,9
11797,6
11797,9
11797,8
11797,12
11797,10
11797,6
11797,10
11797,7
11797,12
11798,11
11798,7
11798,10
11798,9
11798,12
11798,9
11798,6
11798,10
11798,8
11799,12
11799,11
11799,6
11799,10
11799,9
11799,12
11799,9
11807,11
11807,7
11807,10
11807,4
11807,10
11807,12
11807,7
11808,10
11808,5
11808,10
11808,12
11808,6
11808,10
11808,6
11808,11
11808,12
11809,7
11809,10
11809,5
11809,10
11809,12
11809,7
11809,10
11813,7
11813,11
11813,9
11814,11
11814,6
11814,8
11814,11
11814,9
11814,11
11814,6
11814,7
11814,12
11814,9
11815,12
11815,7
11815,7
11815,12
11815,9
11815,11
11815,7
11815,6
11815,11
11816,9
11816,12
11816,7
11816,7
11816,11
11816,9
11816,11
11816,8
11816,6
11816,12
11817,9
11817,12
11817,9
11817,5
11817,11
11817,9
11817,12
11817,9
11817,6
11818,11
11818,9
11818,12
11818,10
11818,5
11818,10
11818,9
11818,12
11818,10
11818,6
11819,10
11819,9
11819,12
11819,11
11819,5
11819,10
11831,7
11838,9
11838,12
11838,6
11838,8
11838,10
11838,9
11839,11
11839,7
11839,7
11839,10
11839,9
11839,12
11839,8
11847,6
11847,9
11847,6
11847,10
11847,11
11847,6
11847,9
11847,5
11847,10
11848,11
11848,6
11848,9
11848,5
11848,11
11848,12
11848,6
11848,10
11848,5
11848,10
11849,12
11849,7
11849,10
11849,5
11849,10
11849,12
11849,7
11857,6
11857,6
11857,11
11857,9
11857,12
11857,7
11857,7
11858,11
11858,9
11858,12
11858,7
11858,7
11858,11
11858,9
11858,12
11858,7
11859,6
11859,11
11859,9
11859,12
11859,7
11859,6
11859,11
11864,11
11864,5
11864,7
11864,11
11864,10
11864,11
11864,6
11864,8
11864,12
11865,10
11865,11
11865,6
11865,8
11865,12
11865,10
11865,11
11865,6
11865,8
11865,12
11866,10
11866,12
11866,6
11866,8
11866,11
11866,10
11866,11
11866,7
11866,7
11867,12
11867,10
11867,11
11867,6
11867,8
11867,12
11867,11
11867,12
11867,5
11867,8
11868,13
11868,10
11868,11
11868,6
11868,8
11868,12
11868,10
11868,12
11868,6
11869,8
11869,12
11869,10
11869,12
11869,6
11869,8
11869,12
11882,5
11888,9
11888,11
11888,6
11888,8
11889,9
11889,11
11889,11
11889,6
11889,8
11889,9
11896,10
11897,6
11897,9
11897,11
11897,8
11897,10
11897,5
11897,9
11897,12
11897,9
11898,11
11898,5
11898,9
11898,12
11898,9
11898,11
11898,6
11898,9
11898,12
11898,8
11899,12
11899,5
11899,9
11899,12
11899,9
11899,11
11899,5
11907,5
11907,9
11907,11
11907,7
11907,11
11907,5
11908,10
11908,12
11908,7
11908,10
11908,5
11908,9
11908,12
11908,7
11908,9
11908,6
11909,10
11909,12
11909,7
11909,9
11909,5
11909,11
11909,11
11913,11
11913,11
11913,6
11914,9
11914,8
11914,12
11914,11
11914,6
11914,9
11914,8
11914,12
11914,12
11915,6
11915,10
11915,7
11915,12
11915,12
11915,6
11915,9
11915,8
11915,11
11916,12
11916,7
11916,10
11916,8
11916,12
11916,12
11916,8
11916,10
11916,8
11916,11
11917,12
11917,6
11917,10
11917,8
11917,12
11917,12
11917,6
11917,10
11917,8
11918,12
11918,12
11918,7
11918,10
11918,8
11918,12
11918,11
11918,7
11918,10
11918,8
11919,12
11919,12
11919,7
11919,10
11919,8
11919,12
11919,12
11932,11
11938,11
11939,5
11939,7
11939,11
11939,9
11939,11
11939,5
11939,7
11947,6
11947,7
11947,9
11947,9
11947,12
11947,6
11947,8
11947,10
11947,9
11948,12
11948,6
11948,8
11948,11
11948,10
11948,12
11948,6
11948,8
11948,10
11948,10
11949,12
11949,6
11949,8
11949,10
11949,10
11949,12
11949,6
11957,6
11957,7
11957,10
11957,8
11957,12
11957,6
11957,7
11957,10
11958,10
11958,12
11958,6
11958,7
11958,10
11958,10
11958,12
11958,6
11958,8
11959,11
11959,11
11959,12
11959,6
11959,8
11959,10
11959,11
11963,7
11963,6
11963,11
11964,8
11964,11
11964,7
11964,7
11964,11
11964,9
11964,12
11964,8
11964,6
11964,12
11965,9
11965,12
11965,7
11965,7
11965,11
11965,9
11965,11
11965,7
11965,7
11966,11
11966,9
11966,13
11966,7
11966,7
11966,12
11966,9
11966,12
11966,7
11967,7
11967,11
11967,11
11967,12
11967,7
11967,6
11967,11
11967,9
11967,12
11967,7
11968,6
11968,12
11968,10
11968,12
11968,6
11968,7
11968,11
11968,10
11968,12
11969,7
11969,7
11969,12
11969,9
11969,12
11969,6
11969,7
11985,8
11990,9
11997,9
11997,11
11997,6
11998,7
11998,11
11998,10
11998,12
11998,6
11998,8
11998,12
11998,10
11998,12
11999,6
11999,7
11999,12
11999,10
11999,12
11999,7
11999,8
12007,9
12007,11
12007,5
12007,8
12007,9
12007,10
12007,12
12008,7
12008,8
12008,10
12008,10
12008,12
12008,6
12008,8
12008,10
12008,11
12009,12
12009,6
12009,8
12009,10
12009,10
12009,12
12009,6
12013,9
12013,11
12013,11
12014,5
12014,9
12014,9
12014,11
12014,11
12014,6
12014,10
12014,9
12014,11
12015,12
12015,4
12015,9
12015,9
12015,12
12015,12
12015,6
12015,9
12015,9
12015,11
12016,11
12016,6
12016,9
12016,9
12016,11
12016,12
12016,6
12016,9
12016,9
12017,11
12017,11
12017,6
12017,9
12017,9
12017,11
12017,12
12017,6
12017,9
12017,10
12018,11
12018,12
12018,6
12018,10
12018,9
12018,11
12018,12
12018,7
12018,9
12019,9
12019,11
12019,12
12019,6
12019,9
12019,9
12019,11
12032,8
12039,5
12039,10
12039,8
12039,11
12039,8
12039,6
12039,11
12046,5
12046,9
12046,9
12047,11
12047,11
12047,6
12047,11
12047,9
12047,11
12047,11
12047,6
12047,10
12048,9
12048,11
12048,12
12048,6
12048,10
12048,9
12048,11
12048,12
12048,6
12048,10
12049,9
12049,11
12049,12
12049,6
12049,9
12049,9
12049,12
12057,11
12057,8
12057,5
12057,10
12057,8
12057,11
12057,8
12057,6
12057,10
12057,9
12058,12
12058,9
12058,5
12058,10
12058,9
12058,12
12058,10
12058,6
12058,11
12059,9
12059,12
12059,10
12059,5
12059,10
12059,10
12059,11
12063,5
12063,8
12063,11
12064,10
12064,11
12064,5
12064,8
12064,11
12064,10
12064,11
12064,5
12064,8
12065,12
12065,10
12065,11
12065,6
12065,8
12065,12
12065,10
12065,12
12065,6
12065,8
12066,12
12066,10
12066,12
12066,6
12066,8
12066,12
12066,11
12066,11
12066,6
12067,8
12067,12
12067,10
12067,12
12067,6
12067,7
12067,12
12067,10
12067,11
12067,7
12068,8
12068,12
12068,10
12068,12
12068,6
12068,8
12068,12
12068,10
12068,11
12069,6
12069,8
12069,12
12069,10
12069,12
12069,6
12069,7
12081,9
12088,10
12088,11
12088,5
12089,8
12089,8
12089,11
12089,11
12089,6
12089,9
12089,9
12096,10
12096,11
12096,6
12096,8
12097,7
12097,11
12097,11
12097,6
12097,8
12097,7
12097,12
12097,11
12097,6
12097,9
12098,8
12098,12
12098,12
12098,7
12098,9
12098,8
12098,12
12098,12
12098,7
12099,9
12099,8
12099,12
12099,12
12099,6
12099,9
12099,8
12106,9
12106,11
12106,7
12106,11
12107,5
12107,9
12107,11
12107,8
12107,10
12107,5
12107,10
12107,12
12107,7
12107,10
12108,5
12108,10
12108,11
12108,7
12108,10
12108,5
12108,10
12108,12
12108,7
12109,10
12109,5
12109,10
12109,12
12109,7
12109,11
12109,5
12113,11
12113,8
12113,11
12114,5
12114,9
12114,12
12114,8
12114,11
12114,5
12114,9
12114,12
12114,8
12114,11
12115,6
12115,9
12115,12
12115,7
12115,14
12115,5
12115,9
12115,11
12115,8
12116,10
12116,5
12116,10
12116,12
12116,8
12116,10
12116,5
12116,10
12116,12
12117,7
12117,10
12117,5
12117,9
12117,12
12117,7
12117,9
12117,5
12117,10
12117,12
12118,8
12118,11
12118,5
12118,10
12118,12
12118,8
12118,11
12118,4
12118,9
12119,12
12119,9
12119,10
12119,5
12119,9
12119,12
12119,8
12131,7
12138,7
12138,10
12138,8
12139,11
12139,9
12139,5
12139,10
12139,9
12139,11
12146,11
12146,9
12146,6
12146,10
12146,8
12146,11
12146,9
12146,6
12147,10
12147,8
12147,11
12147,10
12147,5
12147,10
12147,9
12147,11
12147,9
12148,6
12148,10
12148,9
12148,12
12148,10
12148,6
12148,10
12148,9
12148,12
12148,10
12149,6
12149,10
12149,9
12149,12
12149,11
12149,4
12149,10
12156,9
12156,8
12156,11
12156,8
12156,7
12157,10
12157,8
12157,12
12157,8
12157,5
12157,10
12157,9
12157,12
12157,9
12158,6
12158,11
12158,9
12158,12
12158,9
12158,5
12158,11
12158,9
12158,12
12158,8
12159,6
12159,11
12159,9
12159,12
12159,8
12159,7
12159,11
12163,9
12163,11
12163,6
12164,7
12164,10
12164,9
12164,11
12164,7
12164,7
12164,10
12164,9
12164,12
12165,8
12165,6
12165,10
12165,9
12165,12
12165,9
12165,6
12165,10
12165,9
12165,12
12166,9
12166,6
12166,10
12166,8
12166,12
12166,11
12166,7
12166,10
12166,9
12167,12
12167,11
12167,7
12167,10
12167,8
12167,12
12167,10
12167,7
12167,10
12167,8
12168,12
12168,8
12168,6
12168,10
12168,8
12168,12
12168,11
12168,6
12168,10
12169,8
12169,12
12169,12
12169,7
12169,10
12169,8
12169,12
12181,11
12189,8
12189,9
12189,10
12189,11
12189,6
12189,9
12189,10
12195,5
12196,8
12196,11
12196,10
12196,11
12196,5
12196,9
12196,12
12196,10
12196,11
12196,6
12197,8
12197,12
12197,10
12197,12
12197,6
12197,8
12197,12
12197,10
12197,11
12198,6
12198,8
12198,11
12198,10
12198,11
12198,6
12198,8
12198,12
12198,10
12198,11
12199,6
12199,9
12199,12
12199,11
12199,12
12199,6
12199,8
12206,8
12206,11
12206,8
12206,5
12206,10
12206,7
12206,11
12207,8
12207,6
12207,10
12207,8
12207,12
12207,9
12207,6
12207,10
12207,9
12208,11
12208,9
12208,5
12208,11
12208,9
12208,12
12208,8
12208,6
12208,11
12208,9
12209,11
12209,9
12209,6
12209,10
12209,9
12209,12
12209,9
12213,8
12213,9
12213,11
12214,11
12214,6
12214,9
12214,9
12214,11
12214,11
12214,6
12214,9
12214,9
12215,11
12215,12
12215,6
12215,9
12215,10
12215,11
12215,12
12215,6
12215,9
12215,10
12216,11
12216,12
12216,6
12216,8
12216,10
12216,11
12216,12
12216,6
12216,9
12217,10
12217,11
12217,12
12217,6
12217,8
12217,9
12217,12
12217,12
12217,5
12217,9
12218,10
12218,11
12218,12
12218,6
12218,9
12218,10
12218,12
12218,11
12218,6
12219,9
12219,8
12219,11
12219,12
12219,6
12219,9
12219,9
12234,9
12240,7
12246,6
12246,11
12246,11
12246,6
12247,9
12247,6
12247,11
12247,11
12247,6
12247,9
12247,6
12247,11
12247,11
12248,6
12248,9
12248,7
12248,10
12248,12
12248,6
12248,9
12248,6
12248,11
12249,12
12249,7
12249,9
12249,6
12249,11
12249,11
12249,6
12256,11
12256,5
12256,8
12256,9
12256,10
12256,11
12256,6
12256,8
12256,10
12256,10
12257,12
12257,6
12257,8
12257,10
12257,10
12257,12
12257,6
12257,9
12257,10
12258,11
12258,12
12258,6
12258,9
12258,10
12258,11
12258,12
12258,6
12258,9
12258,10
12259,11
12259,11
12259,6
12259,8
12259,9
12259,12
12259,12
12263,9
12263,10
12263,7
12264,9
12264,5
12264,10
12264,12
12264,6
12264,9
12264,5
12264,10
12264,12
12265,7
12265,10
12265,5
12265,10
12265,11
12265,7
12265,10
12265,5
12265,11
12265,12
12266,6
12266,10
12266,6
12266,11
12266,11
12266,6
12266,9
12266,6
12266,11
12267,12
12267,6
12267,9
12267,6
12267,11
12267,11
12267,7
12267,9
12267,5
12268,11
12268,11
12268,6
12268,10
12268,6
12268,11
12268,11
12268,6
12268,10
12268,6
12269,11
12269,12
12269,6
12269,10
12269,6
12269,11
12269,12
12280,8
12287,9
12287,8
12287,11
12287,12
12287,6
12287,10
12287,7
12288,10
12288,10
12288,6
12288,9
12288,8
12288,12
12288,10
12288,6
12288,9
12289,8
12289,11
12289,10
12289,6
12289,10
12289,9
12289,12
12295,5
12295,9
12295,8
12296,11
12296,10
12296,5
12296,10
12296,8
12296,11
12296,10
12296,6
12296,10
12297,9
12297,11
12297,10
12297,6
12297,11
12297,8
12297,12
12297,11
12297,5
12297,11
12298,9
12298,12
12298,9
12298,6
12298,11
12298,10
12298,12
12298,8
12298,5
12299,11
12299,8
12299,11
12299,9
12299,6
12299,11
12299,9
12305,6
12306,10
12306,11
12306,6
12306,9
12306,5
12306,10
12306,11
12306,6
12306,9
12306,6
12307,12
12307,11
12307,6
12307,9
12307,7
12307,11
12307,12
12307,6
12307,10
12308,6
12308,12
12308,11
12308,7
12308,9
12308,7
12308,12
12308,12
12308,6
12309,9
12309,7
12309,12
12309,11
12309,7
12309,10
12309,7
12313,11
12313,10
12313,11
12314,5
12314,8
12314,12
12314,10
12314,12
12314,6
12314,8
12314,11
12314,11
12314,12
12315,5
12315,8
12315,12
12315,11
12315,11
12315,6
12315,8
12315,12
12315,11
12316,12
12316,6
12316,8
12316,12
12316,11
12316,11
12316,6
12316,8
12316,12
12316,10
12317,11
12317,6
12317,9
12317,12
12317,10
12317,12
12317,6
12317,9
12317,12
12318,11
12318,11
12318,6
12318,9
12318,12
12318,9
12318,12
12318,6
12318,9
12319,12
12319,10
12319,11
12319,6
12319,9
12319,12
12319,9
12330,8
12337,9
12337,7
12337,11
12337,11
12337,6
12338,10
12338,7
12338,11
12338,11
12338,7
12338,9
12338,8
12338,12
12338,11
12339,7
12339,9
12339,8
12339,12
12339,12
12339,6
12339,10
12345,10
12345,8
12345,12
12345,9
12346,6
12346,9
12346,8
12346,12
12346,10
12346,6
12346,10
12346,8
12346,12
12347,8
12347,6
12347,10
12347,8
12347,12
12347,12
12347,6
12347,10
12347,9
12347,12
12348,9
12348,7
12348,10
12348,8
12348,13
12348,12
12348,7
12348,10
12348,8
12349,12
12349,12
12349,7
12349,10
12349,8
12349,11
12349,10
12355,5
12355,9
12355,8
12355,11
12355,12
12356,6
12356,9
12356,9
12356,11
12356,11
12356,6
12356,9
12356,8
12356,12
12357,11
12357,5
12357,10
12357,9
12357,12
12357,11
12357,6
12357,9
12357,9
12357,11
12358,12
12358,6
12358,10
12358,9
12358,11
12358,11
12358,6
12358,9
12358,9
12359,12
12359,12
12359,6
12359,9
12359,10
12359,11
12359,12
12363,6
12363,8
12363,7
12364,11
12364,11
12364,6
12364,9
12364,7
12364,11
12364,11
12364,6
12364,10
12364,7
12365,12
12365,12
12365,6
12365,10
12365,7
12365,12
12365,11
12365,7
12365,9
12366,7
12366,12
12366,12
12366,6
12366,9
12366,7
12366,12
12366,11
12366,7
12366,9
12367,7
12367,12
12367,12
12367,7
12367,10
12367,7
12367,12
12367,11
12367,7
12368,9
12368,6
12368,12
12368,12
12368,6
12368,9
12368,6
12368,11
12368,11
12369,7
12369,9
12369,7
12369,12
12369,11
12369,6
12369,9
12380,11
12387,10
12387,11
12387,6
12387,9
12387,6
12387,10
12387,11
12387,6
12387,9
12388,6
12388,11
12388,12
12388,7
12388,10
12388,6
12388,11
12388,11
12388,6
12388,9
12389,6
12389,11
12389,12
12389,6
12389,9
12389,6
12389,12
12395,5
12395,10
12395,11
12395,6
12395,9
12395,6
12396,11
12396,11
12396,6
12396,10
12396,6
12396,11
12396,11
12396,6
12396,10
12397,6
12397,10
12397,13
12397,7
12397,9
12397,5
12397,11
12397,12
12397,7
12398,9
12398,5
12398,11
12398,12
12398,6
12398,9
12398,6
12398,11
12398,11
12398,7
12399,10
12399,6
12399,12
12399,13
12399,6
12399,10
12399,5
12405,9
12405,11
12405,6
12405,7
12405,11
12405,10
12405,12
12406,6
12406,7
12406,12
12406,10
12406,11
12406,6
12406,8
12406,12
12406,11
12406,12
12407,7
12407,8
12407,12
12407,9
12407,11
12407,6
12407,7
12407,12
12407,10
12408,11
12408,6
12408,7
12408,12
12408,9
12408,12
12408,6
12408,7
12408,12
12408,10
12409,11
12409,6
12409,7
12409,12
12409,10
12409,12
12409,6
12413,8
12413,9
12413,11
12414,11
12414,6
12414,9
12414,10
12414,11
12414,12
12414,6
12414,9
12414,9
12415,11
12415,12
12415,5
12415,9
12415,9
12415,11
12415,12
12415,6
12415,9
12416,9
12416,11
12416,11
12416,6
12416,9
12416,9
12416,11
12416,12
12416,6
12416,9
12417,9
12417,11
12417,12
12417,6
12417,9
12417,9
12417,12
12417,12
12417,6
12418,9
12418,9
12418,11
12418,12
12418,6
12418,9
12418,10
12418,12
12418,12
12418,7
12419,9
12419,9
12419,11
12419,12
12419,6
12419,9
12419,10
12434,8
12440,5
12446,6
12447,6
12447,11
12447,9
12447,11
12447,6
12447,7
12447,12
12447,9
12447,11
12447,6
12448,7
12448,11
12448,9
12448,12
12448,6
12448,7
12448,12
12448,9
12448,12
12449,6
12449,7
12449,12
12449,9
12449,12
12449,6
12449,7
12455,7
12455,6
12455,10
12455,8
12455,11
12455,8
12455,6
12455,11
12455,9
12455,11
12456,8
12456,5
12456,11
12456,9
12456,12
12456,9
12456,7
12456,11
12456,8
12457,12
12457,10
12457,6
12457,10
12457,8
12457,12
12457,10
12457,6
12457,10
12458,9
12458,11
12458,9
12458,6
12458,11
12458,9
12458,12
12458,9
12458,6
12458,11
12459,8
12459,11
12459,8
12459,6
12459,11
12459,8
12459,11
12463,6
12463,10
12463,8
12464,11
12464,7
12464,6
12464,11
12464,10
12464,11
12464,7
12464,6
12464,11
12465,10
12465,11
12465,7
12465,5
12465,11
12465,9
12465,11
12465,7
12465,7
12465,11
12466,9
12466,12
12466,7
12466,6
12466,11
12466,9
12466,14
12466,6
12466,7
12467,10
12467,9
12467,12
12467,8
12467,6
12467,11
12467,8
12467,11
12467,8
12468,6
12468,11
12468,9
12468,12
12468,8
12468,6
12468,11
12468,9
12468,11
12468,9
12469,6
12469,11
12469,9
12469,11
12469,8
12469,6
12469,11
12479,10
12485,11
12485,5
12485,9
12485,9
12485,11
12485,11
12485,5
12486,9
12486,9
12486,11
12486,11
12486,5
12486,9
12486,9
12486,11
12486,11
12487,6
12487,10
12487,9
12487,12
12487,11
12487,5
12487,9
12487,9
12487,11
12487,12
12488,6
12488,9
12488,9
12488,11
12488,12
12488,6
12488,9
12488,9
12488,12
12489,12
12489,6
12489,10
12489,9
12489,12
12489,12
12489,6
12494,6
12495,10
12495,9
12495,10
12495,6
12495,7
12495,11
12495,9
12495,12
12495,6
12496,7
12496,12
12496,9
12496,12
12496,7
12496,6
12496,11
12496,9
12496,11
12496,7
12497,6
12497,11
12497,9
12497,12
12497,7
12497,7
12497,11
12497,9
12497,11
12498,8
12498,6
12498,10
12498,9
12498,11
12498,8
12498,6
12498,11
12498,9
12499,12
12499,9
12499,6
12499,11
12499,9
12499,12
12499,8
12504,9
12504,11
12504,6
12505,7
12505,9
12505,9
12505,12
12505,7
12505,7
12505,10
12505,10
12505,12
12506,7
12506,7
12506,10
12506,9
12506,12
12506,8
12506,6
12506,10
12506,9
12507,12
12507,8
12507,7
12507,10
12507,9
12507,12
12507,8
12507,7
12507,10
12507,9
12508,12
12508,9
12508,7
12508,10
12508,9
12508,12
12508,8
12508,6
12508,10
12509,9
12509,12
12509,9
12509,7
12509,10
12509,9
12509,12
12513,6
12513,10
12513,5
12514,10
12514,11
12514,8
12514,11
12514,5
12514,10
12514,12
12514,8
12514,10
12514,5
12515,9
12515,12
12515,7
12515,9
12515,6
12515,9
12515,12
12515,8
12515,13
12516,6
12516,9
12516,12
12516,9
12516,11
12516,6
12516,9
12516,12
12516,9
12516,12
12517,6
12517,9
12517,11
12517,9
12517,8
12517,5
12517,9
12517,13
12517,8
12518,11
12518,5
12518,10
12518,11
12518,8
12518,11
12518,5
12518,10
12518,11
12519,7
12519,11
12519,5
12519,9
12519,12
12519,9
12519,12
12530,10
12535,9
12535,11
12536,6
12536,7
12536,10
12536,9
12536,11
12536,7
12536,7
12536,10
12536,9
12537,12
12537,7
12537,7
12537,9
12537,9
12537,12
12537,7
12537,7
12537,10
12537,9
12538,12
12538,8
12538,7
12538,9
12538,9
12538,12
12538,9
12538,6
12538,10
12539,9
12539,12
12539,9
12539,7
12539,10
12539,9
12539,12
12544,8
12544,6
12544,9
12545,8
12545,11
12545,11
12545,6
12545,9
12545,8
12545,11
12545,10
12545,6
12545,10
12546,8
12546,12
12546,10
12546,7
12546,10
12546,8
12546,10
12546,9
12546,7
12547,10
12547,8
12547,12
12547,10
12547,7
12547,10
12547,8
12547,12
12547,10
12547,6
12548,10
12548,8
12548,12
12548,10
12548,6
12548,9
12548,8
12548,12
12548,9
12549,6
12549,10
12549,9
12549,12
12549,9
12549,7
12549,10
12554,8
12554,11
12554,8
12554,6
12554,9
12555,9
12555,12
12555,8
12555,6
12555,10
12555,9
12555,12
12555,8
12555,6
12556,10
12556,9
12556,12
12556,9
12556,7
12556,10
12556,9
12556,12
12556,9
12556,6
12557,10
12557,9
12557,12
12557,8
12557,7
12557,10
12557,9
12557,12
12557,8
12558,7
12558,10
12558,9
12558,12
12558,9
12558,6
12558,10
12558,9
12558,12
12559,7
12559,8
12559,10
12559,9
12559,12
12559,8
12559,7
12563,5
12563,10
12563,11
12564,6
12564,9
12564,5
12564,10
12564,12
12564,6
12564,9
12564,5
12564,11
12564,12
12565,6
12565,10
12565,5
12565,11
12565,11
12565,7
12565,10
12565,5
12565,11
12566,12
12566,7
12566,10
12566,5
12566,10
12566,12
12566,7
12566,10
12566,6
12566,11
12567,11
12567,7
12567,10
12567,4
12567,10
12567,12
12567,7
12567,10
12567,5
12568,11
12568,12
12568,6
12568,10
12568,5
12568,10
12568,12
12568,7
12568,9
12569,5
12569,10
12569,12
12569,7
12569,10
12569,6
12569,11
12580,7
12586,11
12586,9
12586,11
12586,6
12586,7
12586,11
12586,10
12586,11
12586,5
12587,7
12587,11
12587,10
12587,11
12587,6
12587,7
12587,11
12587,10
12587,12
12588,6
12588,7
12588,11
12588,9
12588,12
12588,7
12588,7
12588,12
12588,10
12588,12
12589,7
12589,7
12589,12
12589,9
12589,12
12589,6
12594,6
12594,11
12594,9
12594,11
12594,6
12594,7
12595,11
12595,8
12595,12
12595,6
12595,7
12595,12
12595,9
12595,12
12595,6
12596,7
12596,11
12596,9
12596,12
12596,7
12596,7
12596,11
12596,9
12596,12
12596,6
12597,6
12597,11
12597,9
12597,12
12597,7
12597,7
12597,12
12597,9
12597,12
12598,6
12598,7
12598,11
12598,9
12598,12
12598,6
12598,7
12598,12
12598,9
12599,12
12599,7
12599,7
12599,12
12599,10
12599,11
12599,6
12604,9
12604,11
12604,5
12604,8
12604,11
12604,9
12604,11
12605,5
12605,9
12605,12
12605,9
12605,11
12605,5
12605,9
12605,12
12605,8
12606,11
12606,5
12606,9
12606,12
12606,9
12606,9
12606,5
12606,9
12606,12
12606,8
12607,11
12607,5
12607,9
12607,12
12607,9
12607,10
12607,5
12607,9
12607,12
12608,8
12608,10
12608,5
12608,9
12608,12
12608,8
12608,11
12608,5
12608,10
12608,11
12609,8
12609,11
12609,6
12609,9
12609,12
12609,8
12609,11
12613,10
12613,5
12613,10
12614,9
12614,11
12614,10
12614,5
12614,10
12614,9
12614,12
12614,11
12614,6
12615,10
12615,9
12615,12
12615,12
12615,6
12615,9
12615,9
12615,11
12615,11
12616,6
12616,10
12616,9
12616,12
12616,10
12616,6
12616,10
12616,9
12616,12
12616,11
12617,6
12617,10
12617,9
12617,12
12617,11
12617,5
12617,10
12617,9
12617,12
12618,12
12618,6
12618,10
12618,9
12618,11
12618,12
12618,6
12618,10
12618,9
12618,12
12619,12
12619,6
12619,10
12619,9
12619,11
12619,11
12619,6
12632,11
12640,10
12645,5
12645,8
12645,10
12646,10
12646,11
12646,6
12646,8
12646,9
12646,10
12646,12
12646,6
12646,8
12647,10
12647,12
12647,12
12647,6
12647,8
12647,9
12647,10
12647,12
12647,6
12648,9
12648,10
12648,10
12648,12
12648,6
12648,8
12648,10
12648,10
12648,12
12648,6
12649,8
12649,10
12649,10
12649,12
12649,5
12649,9
12649,10
12654,11
12654,10
12654,11
12654,5
12654,8
12654,12
12654,10
12655,11
12655,5
12655,8
12655,11
12655,10
12655,11
12655,6
12655,9
12655,12
12655,10
12656,12
12656,6
12656,8
12656,12
12656,11
12656,11
12656,6
12656,8
12656,12
12657,10
12657,11
12657,6
12657,9
12657,12
12657,11
12657,12
12657,5
12657,8
12657,12
12658,10
12658,11
12658,7
12658,8
12658,12
12658,10
12658,11
12658,6
12658,8
12659,12
12659,10
12659,12
12659,6
12659,8
12659,12
12659,11
12663,10
12663,5
12663,9
12664,9
12664,11
12664,11
12664,5
12664,10
12664,9
12664,11
12664,12
12664,6
12665,10
12665,9
12665,11
12665,12
12665,6
12665,10
12665,9
12665,12
12665,12
12665,6
12666,10
12666,9
12666,12
12666,11
12666,7
12666,10
12666,9
12666,12
12666,11
12667,6
12667,10
12667,9
12667,11
12667,10
12667,6
12667,10
12667,9
12667,11
12667,11
12668,6
12668,10
12668,9
12668,11
12668,11
12668,6
12668,10
12668,7
12668,12
12669,11
12669,5
12669,10
12669,9
12669,11
12669,9
12669,6
12678,10
12678,10
12679,6
12679,9
12679,6
12679,11
12679,11
12679,7
12679,9
12684,9
12684,8
12684,11
12684,11
12684,6
12684,9
12684,8
12684,10
12684,10
12685,6
12685,10
12685,8
12685,12
12685,9
12685,7
12685,9
12685,9
12685,11
12686,9
12686,7
12686,10
12686,8
12686,10
12686,12
12686,7
12686,10
12686,8
12686,12
12687,11
12687,6
12687,10
12687,8
12687,12
12687,12
12687,6
12687,10
12687,8
12688,12
12688,12
12688,7
12688,10
12688,8
12688,11
12688,11
12688,7
12688,10
12689,8
12689,12
12689,12
12689,6
12689,10
12689,7
12689,11
12693,11
12694,10
12694,11
12694,6
12694,8
12694,12
12694,10
12694,11
12694,5
12694,8
12695,11
12695,10
12695,11
12695,6
12695,8
12695,12
12695,11
12695,11
12695,6
12695,8
12696,12
12696,10
12696,12
12696,6
12696,8
12696,12
12696,9
12696,12
12696,6
12697,8
12697,12
12697,10
12697,12
12697,6
12697,8
12697,12
12697,10
12697,11
12698,5
12698,8
12698,11
12698,11
12698,11
12698,6
12698,8
12698,12
12698,11
12698,11
12699,6
12699,7
12699,12
12699,10
12699,11
12699,6
12699,8
12704,11
12704,7
12704,6
12704,11
12704,9
12704,11
12704,7
12704,7
12705,12
12705,9
12705,11
12705,7
12705,6
12705,12
12705,9
12705,12
12705,6
12705,8
12706,12
12706,10
12706,12
12706,6
12706,7
12706,12
12706,10
12706,11
12706,6
12707,8
12707,12
12707,9
12707,11
12707,6
12707,8
12707,12
12707,10
12707,11
12707,6
12708,8
12708,12
12708,10
12708,12
12708,5
12708,8
12708,12
12708,10
12708,11
12709,6
12709,8
12709,12
12709,10
12709,11
12709,5
12709,8
12713,5
12713,9
12713,9
12714,11
12714,11
12714,6
12714,9
12714,9
12714,11
12714,12
12714,6
12714,10
12715,9
12715,12
12715,11
12715,6
12715,10
12715,9
12715,12
12715,10
12715,6
12715,10
12716,9
12716,12
12716,10
12716,6
12716,10
12716,9
12716,12
12716,11
12716,6
12717,10
12717,9
12717,11
12717,12
12717,6
12717,10
12717,9
12717,10
12717,10
12717,5
12718,10
12718,10
12718,12
12718,10
12718,6
12718,10
12718,9
12718,12
12718,11
12719,6
12719,10
12719,9
12719,12
12719,10
12719,5
12719,11
12728,8
12728,11
12728,5
12728,7
12729,11
12729,10
12729,11
12729,6
12729,8
12729,12
12733,7
12733,10
12733,5
12734,9
12734,12
12734,7
12734,10
12734,5
12734,10
12734,11
12734,7
12734,11
12734,6
12735,9
12735,12
12735,7
12735,10
12735,5
12735,10
12735,11
12735,8
12735,11
12736,5
12736,10
12736,12
12736,8
12736,9
12736,5
12736,10
12736,12
12736,6
12736,11
12737,5
12737,10
12737,12
12737,8
12737,11
12737,5
12737,10
12737,12
12737,7
12738,10
12738,5
12738,9
12738,12
12738,7
12738,11
12738,5
12738,10
12738,12
12738,7
12739,11
12739,5
12739,10
12739,12
12739,7
12739,10
12743,5
12743,8
12743,11
12744,9
12744,11
12744,5
12744,8
12744,12
12744,10
12744,11
12744,6
12744,8
12744,12
12745,10
12745,12
12745,6
12745,8
12745,12
12745,10
12745,12
12745,6
12745,8
12746,12
12746,10
12746,12
12746,6
12746,7
12746,12
12746,10
12746,11
12746,7
12746,8
12747,11
12747,11
12747,11
12747,6
12747,8
12747,13
12747,10
12747,12
12747,6
12748,7
12748,12
12748,10
12748,12
12748,6
12748,8
12748,12
12748,10
12748,12
12748,6
12749,8
12749,12
12749,10
12749,11
12749,6
12749,8
12749,12
12753,7
12754,11
12754,9
12754,11
12754,6
12754,8
12754,12
12754,10
12754,12
12754,6
12755,8
12755,12
12755,10
12755,12
12755,6
12755,8
12755,12
12755,11
12755,11
12755,6
12756,8
12756,12
12756,10
12756,11
12756,6
12756,8
12756,12
12756,10
12756,11
12757,6
12757,8
12757,12
12757,10
12757,12
12757,6
12757,8
12757,12
12757,10
12757,12
12758,6
12758,8
12758,12
12758,10
12758,12
12758,5
12758,7
12758,12
12758,10
12759,11
12759,7
12759,7
12759,12
12759,10
12759,12
12759,6
12763,9
12763,11
12763,6
12764,10
12764,6
12764,10
12764,11
12764,6
12764,9
12764,5
12764,10
12764,11
12765,6
12765,10
12765,5
12765,9
12765,12
12765,6
12765,9
12765,5
12765,10
12765,12
12766,6
12766,9
12766,6
12766,11
12766,12
12766,6
12766,9
12766,6
12766,11
12767,11
12767,7
12767,10
12767,6
12767,11
12767,12
12767,7
12767,9
12767,6
12767,11
12768,12
12768,6
12768,9
12768,6
12768,11
12768,11
12768,6
12768,9
12768,6
12769,11
12769,12
12769,7
12769,9
12769,6
12769,11
12769,11
12782,10
12790,8
12794,11
12794,9
12794,11
12794,6
12794,7
12795,9
12795,9
12795,11
12795,7
12795,7
12795,10
12795,9
12795,11
12795,7
12795,7
12796,10
12796,9
12796,12
12796,8
12796,7
12796,10
12796,9
12796,12
12796,8
12797,7
12797,10
12797,9
12797,12
12797,8
12797,6
12797,10
12797,9
12797,12
12798,9
12798,7
12798,10
12798,9
12798,12
12798,9
12798,7
12798,10
12798,9
12798,12
12799,10
12799,8
12799,10
12799,9
12799,12
12799,9
12799,6
12803,11
12803,5
12803,7
12804,11
12804,9
12804,11
12804,6
12804,7
12804,12
12804,9
12804,11
12804,6
12805,7
12805,12
12805,9
12805,12
12805,6
12805,8
12805,11
12805,10
12805,12
12805,6
12806,6
12806,12
12806,10
12806,11
12806,7
12806,7
12806,11
12806,10
12806,12
12807,7
12807,7
12807,12
12807,9
12807,11
12807,7
12807,7
12807,11
12807,10
12808,11
12808,8
12808,6
12808,11
12808,9
12808,11
12808,8
12808,6
12808,11
12808,9
12809,12
12809,8
12809,6
12809,11
12809,9
12809,12
12809,7
12813,5
12813,11
12814,8
12814,11
12814,10
12814,5
12814,10
12814,8
12814,11
12814,9
12814,6
12814,11
12815,9
12815,11
12815,10
12815,6
12815,10
12815,9
12815,11
12815,10
12815,6
12816,10
12816,9
12816,12
12816,10
12816,6
12816,10
12816,9
12816,12
12816,10
12817,6
12817,10
12817,9
12817,12
12817,12
12817,6
12817,11
12817,9
12817,11
12817,8
12818,5
12818,10
12818,9
12818,12
12818,12
12818,6
12818,10
12818,9
12818,11
12819,12
12819,6
12819,10
12819,9
12819,12
12819,12
12819,6
12828,6
12828,9
12828,8
12828,11
12829,10
12829,6
12829,10
12829,8
12829,11
12829,9
12829,6
12833,8
12833,11
12833,11
12834,6
12834,9
12834,9
12834,10
12834,11
12834,6
12834,9
12834,10
12834,11
12834,11
12835,6
12835,10
12835,8
12835,11
12835,12
12835,6
12835,9
12835,9
12835,11
12836,12
12836,6
12836,9
12836,9
12836,11
12836,11
12836,5
12836,9
12836,9
12836,11
12837,12
12837,6
12837,9
12837,10
12837,11
12837,12
12837,5
12837,9
12837,9
12838,11
12838,12
12838,6
12838,9
12838,10
12838,11
12838,12
12838,6
12838,9
12839,9
12839,11
12839,11
12839,6
12839,9
12839,10
12839,10
12843,11
12843,6
12843,9
12844,9
12844,11
12844,11
12844,6
12844,9
12844,9
12844,11
12844,11
12844,6
12844,9
12845,9
12845,12
12845,12
12845,5
12845,9
12845,9
12845,11
12845,11
12845,6
12846,9
12846,10
12846,10
12846,12
12846,6
12846,8
12846,10
12846,11
12846,12
12846,6
12847,9
12847,10
12847,11
12847,12
12847,6
12847,9
12847,10
12847,11
12847,11
12848,6
12848,8
12848,10
12848,11
12848,12
12848,6
12848,8
12848,10
12848,11
12849,12
12849,6
12849,8
12849,10
12849,11
12849,12
12849,6
12853,10
12853,5
12853,7
12854,11
12854,10
12854,11
12854,5
12854,7
12854,12
12854,9
12854,12
12854,6
12855,7
12855,12
12855,10
12855,12
12855,6
12855,7
12855,12
12855,9
12855,11
12855,6
12856,6
12856,11
12856,10
12856,12
12856,7
12856,7
12856,11
12856,9
12856,11
12857,7
12857,6
12857,11
12857,9
12857,12
12857,8
12857,6
12857,11
12857,9
12857,11
12858,9
12858,6
12858,11
12858,9
12858,11
12858,9
12858,6
12858,11
12858,10
12859,12
12859,8
12859,5
12859,11
12859,9
12859,12
12859,9
12863,11
12864,10
12864,5
12864,9
12864,9
12864,11
12864,11
12864,6
12864,9
12864,9
12865,11
12865,12
12865,6
12865,8
12865,9
12865,11
12865,11
12865,6
12865,9
12865,9
12866,12
12866,12
12866,6
12866,10
12866,9
12866,12
12866,12
12866,6
12866,10
12867,9
12867,12
12867,12
12867,6
12867,9
12867,9
12867,12
12867,12
12867,5
12867,10
12868,9
12868,11
12868,12
12868,6
12868,10
12868,9
12868,12
12868,12
12868,6
12869,10
12869,9
12869,12
12869,12
12869,6
12869,9
12869,9
12879,9
12879,10
12879,4
12879,8
12879,12
12879,9
12883,11
12883,7
12884,6
12884,10
12884,7
12884,11
12884,9
12884,6
12884,11
12884,8
12884,11
12885,8
12885,5
12885,11
12885,9
12885,12
12885,8
12885,7
12885,11
12885,9
12885,11
12886,9
12886,5
12886,11
12886,9
12886,12
12886,10
12886,5
12886,11
12886,9
12887,12
12887,9
12887,6
12887,10
12887,9
12887,12
12887,9
12887,6
12887,10
12887,9
12888,11
12888,9
12888,5
12888,11
12888,9
12888,12
12888,9
12888,6
12888,10
12889,9
12889,12
12889,9
12889,4
12889,11
12889,9
12889,12
12893,11
12893,6
12894,6
12894,11
12894,9
12894,11
12894,7
12894,6
12894,11
12894,9
12894,11
12895,8
12895,6
12895,11
12895,9
12895,12
12895,7
12895,7
12895,11
12895,9
12896,12
12896,8
12896,7
12896,11
12896,9
12896,12
12896,7
12896,6
12896,11
12896,9
12897,12
12897,7
12897,5
12897,12
12897,9
12897,12
12897,8
12897,7
12897,11
12898,9
12898,12
12898,8
12898,7
12898,11
12898,9
12898,11
12898,8
12898,7
12898,11
12899,9
12899,11
12899,8
12899,6
12899,11
12899,10
12899,12
12903,11
12904,6
12904,10
12904,5
12904,10
12904,11
12904,6
12904,10
12904,7
12904,10
12904,12
12905,7
12905,10
12905,4
12905,10
12905,12
12905,7
12905,10
12905,5
12905,9
12906,12
12906,7
12906,10
12906,5
12906,10
12906,12
12906,7
12906,10
12906,5
12906,11
12907,12
12907,7
12907,10
12907,5
12907,10
12907,11
12907,6
12907,9
12907,7
12908,10
12908,12
12908,7
12908,11
12908,5
12908,10
12908,12
12908,7
12908,10
12909,5
12909,10
12909,11
12909,7
12909,10
12909,5
12909,11
12914,9
12914,11
12914,11
12914,6
12914,9
12914,9
12914,11
12914,10
12914,6
12915,9
12915,9
12915,11
12915,11
12915,6
12915,9
12915,9
12915,11
12915,11
12916,5
12916,9
12916,9
12916,11
12916,12
12916,6
12916,9
12916,9
12916,11
12916,12
12917,5
12917,9
12917,10
12917,11
12917,12
12917,6
12917,9
12917,10
12917,11
12918,12
12918,6
12918,9
12918,9
12918,11
12918,11
12918,6
12918,9
12918,9
12919,10
12919,11
12919,6
12919,9
12919,10
12919,11
12919,11
12932,7
12940,10
12944,6
12944,11
12944,9
12944,11
12944,6
12944,7
12944,11
12945,9
12945,11
12945,7
12945,7
12945,11
12945,9
12945,12
12945,6
12945,7
12946,12
12946,10
12946,12
12946,7
12946,7
12946,12
12946,9
12946,10
12946,6
12947,7
12947,11
12947,10
12947,13
12947,8
12947,7
12947,12
12947,9
12947,12
12947,6
12948,7
12948,13
12948,10
12948,11
12948,6
12948,7
12948,12
12948,10
12948,12
12949,6
12949,7
12949,12
12949,9
12949,12
12949,6
12949,8
12953,8
12954,9
12954,10
12954,11
12954,6
12954,8
12954,9
12954,10
12954,12
12954,6
12955,8
12955,10
12955,10
12955,12
12955,6
12955,8
12955,10
12955,10
12955,11
12956,6
12956,8
12956,10
12956,11
12956,12
12956,6
12956,9
12956,10
12956,10
12956,12
12957,6
12957,8
12957,10
12957,11
12957,12
12957,6
12957,8
12957,10
12957,10
12958,13
12958,6
12958,7
12958,11
12958,10
12958,12
12958,6
12958,8
12958,9
12958,10
12959,12
12959,7
12959,8
12959,10
12959,9
12959,12
12959,7
12964,8
12964,11
12964,8
12964,5
12964,9
12964,8
12964,12
12964,7
12965,8
12965,10
12965,9
12965,12
12965,7
12965,7
12965,9
12965,10
12965,12
12966,9
12966,8
12966,10
12966,9
12966,12
12966,8
12966,7
12966,10
12966,9
12966,12
12967,9
12967,8
12967,10
12967,9
12967,12
12967,9
12967,6
12967,10
12967,9
12968,13
12968,9
12968,6
12968,10
12968,9
12968,12
12968,8
12968,6
12968,10
12968,9
12969,12
12969,9
12969,8
12969,10
12969,9
12969,12
12979,11
12979,9
12979,11
12979,6
12984,9
12984,11
12984,6
12984,10
12984,5
12984,10
12984,11
12984,7
12984,10
12985,5
12985,10
12985,12
12985,7
12985,10
12985,5
12985,10
12985,12
12985,7
12985,10
12986,5
12986,10
12986,11
12986,7
12986,10
12986,6
12986,10
12986,10
12986,6
12987,10
12987,5
12987,10
12987,12
12987,6
12987,10
12987,5
12987,11
12987,12
12987,6
12988,9
12988,6
12988,11
12988,11
12988,6
12988,10
12988,6
12988,11
12988,12
12989,6
12989,10
12989,6
12989,11
12989,12
12989,6
12989,9
12994,5
12994,7
12994,11
12994,9
12994,11
12994,6
12994,7
12994,12
12994,9
12994,11
12995,6
12995,7
12995,11
12995,9
12995,12
12995,7
12995,7
12995,11
12995,9
12996,12
12996,7
12996,7
12996,11
12996,9
12996,11
12996,6
12996,7
12996,11
12996,9
12997,12
12997,6
12997,7
12997,11
12997,9
12997,12
12997,6
12997,7
12997,12
12998,10
12998,12
12998,6
12998,7
12998,11
12998,9
12998,12
12998,7
12998,7
12999,11
12999,9
12999,12
12999,7
12999,7
12999,12
12999,10
13004,11
13004,6
13004,7
13004,11
13004,9
13004,11
13004,5
13004,7
13004,12
13005,9
13005,11
13005,6
13005,7
13005,12
13005,10
13005,10
13005,6
13005,8
13005,12
13006,9
13006,11
13006,6
13006,8
13006,12
13006,10
13006,12
13006,6
13006,7
13007,11
13007,10
13007,12
13007,6
13007,7
13007,12
13007,10
13007,12
13007,6
13008,7
13008,11
13008,9
13008,12
13008,7
13008,7
13008,11
13008,9
13008,11
13008,8
13009,6
13009,11
13009,9
13009,11
13009,8
13009,6
13009,11
13014,9
13014,7
13014,11
13014,10
13014,6
13014,10
13014,8
13015,12
13015,10
13015,7
13015,10
13015,10
13015,13
13015,10
13015,6
13015,10
13016,8
13016,12
13016,12
13016,7
13016,10
13016,8
13016,12
13016,11
13016,6
13016,10
13017,8
13017,12
13017,11
13017,6
13017,10
13017,7
13017,12
13017,12
13017,6
13018,9
13018,7
13018,12
13018,12
13018,6
13018,9
13018,7
13018,11
13018,12
13019,6
13019,9
13019,7
13019,12
13019,11
13019,6
13019,9
13029,9
13034,8
13034,11
13034,11
13034,5
13034,10
13034,8
13034,11
13034,11
13034,6
13035,10
13035,9
13035,10
13035,11
13035,6
13035,9
13035,9
13035,12
13035,11
13036,6
13036,9
13036,9
13036,12
13036,12
13036,6
13036,10
13036,9
13036,11
13036,11
13037,6
13037,10
13037,9
13037,11
13037,12
13037,7
13037,9
13037,9
13037,11
13038,11
13038,6
13038,10
13038,9
13038,12
13038,12
13038,5
13038,10
13038,9
13039,11
13039,12
13039,6
13039,9
13039,9
13039,12
13039,12
13044,6
13044,10
13044,8
13044,11
13044,7
13044,6
13044,11
13044,8
13044,12
13045,8
13045,5
13045,10
13045,9
13045,11
13045,9
13045,6
13045,11
13045,10
13046,11
13046,9
13046,6
13046,11
13046,9
13046,11
13046,8
13046,6
13046,12
13046,9
13047,12
13047,8
13047,6
13047,11
13047,9
13047,11
13047,8
13047,6
13047,11
13048,9
13048,12
13048,8
13048,6
13048,11
13048,9
13048,12
13048,8
13048,7
13048,11
13049,8
13049,12
13049,8
13049,6
13049,11
13049,9
13049,11
13054,5
13054,7
13054,12
13054,10
13054,11
13054,5
13054,6
13054,11
13055,10
13055,11
13055,6
13055,7
13055,11
13055,9
13055,12
13055,6
13055,6
13055,12
13056,9
13056,12
13056,7
13056,7
13056,11
13056,9
13056,11
13056,7
13056,7
13057,12
13057,9
13057,11
13057,8
13057,7
13057,11
13057,9
13057,11
13057,8
13057,6
13058,11
13058,9
13058,11
13058,8
13058,6
13058,11
13058,9
13058,10
13058,8
13059,6
13059,11
13059,9
13059,12
13059,8
13059,6
13059,12
13064,5
13064,11
13064,11
13064,6
13064,9
13065,5
13065,11
13065,11
13065,6
13065,9
13065,6
13065,11
13065,11
13065,6
13065,9
13066,6
13066,11
13066,12
13066,5
13066,9
13066,6
13066,11
13066,12
13066,7
13067,9
13067,7
13067,11
13067,11
13067,6
13067,9
13067,6
13067,11
13067,12
13068,7
13068,9
13068,6
13068,11
13068,12
13068,6
13068,9
13068,6
13068,11
13068,12
13069,7
13069,9
13069,6
13069,11
13069,12
13069,6
13069,9
13082,11
13089,7
13094,9
13094,10
13094,6
13094,6
13094,11
13094,9
13094,11
13094,7
13095,6
13095,11
13095,10
13095,12
13095,8
13095,7
13095,11
13095,9
13095,12
13096,8
13096,6
13096,11
13096,10
13096,11
13096,8
13096,6
13096,11
13096,9
13097,11
13097,8
13097,6
13097,11
13097,9
13097,11
13097,7
13097,6
13097,11
13097,9
13098,12
13098,8
13098,6
13098,11
13098,9
13098,12
13098,7
13098,7
13098,12
13099,9
13099,12
13099,7
13099,7
13099,11
13099,9
13099,11
13104,11
13104,9
13104,11
13104,5
13104,9
13104,11
13104,9
13105,11
13105,5
13105,8
13105,12
13105,9
13105,11
13105,5
13105,9
13105,12
13106,8
13106,12
13106,5
13106,10
13106,12
13106,8
13106,11
13106,6
13106,10
13106,12
13107,8
13107,12
13107,5
13107,9
13107,12
13107,8
13107,11
13107,5
13107,10
13108,12
13108,7
13108,11
13108,5
13108,10
13108,11
13108,6
13108,10
13108,6
13108,11
13109,12
13109,6
13109,10
13109,5
13109,11
13109,12
13109,6
13114,10
13114,11
13114,6
13114,9
13114,6
13115,11
13115,11
13115,6
13115,9
13115,7
13115,11
13115,12
13115,6
13115,10
13116,7
13116,12
13116,12
13116,7
13116,9
13116,7
13116,12
13116,12
13116,7
13117,9
13117,6
13117,12
13117,11
13117,7
13117,9
13117,8
13117,12
13117,12
13117,6
13118,10
13118,8
13118,12
13118,12
13118,6
13118,10
13118,8
13118,11
13118,10
13119,6
13119,10
13119,8
13119,12
13119,10
13119,6
13119,10
13129,11
13129,8
13129,11
13129,6
13129,7
13129,12
13134,6
13134,7
13134,10
13134,9
13134,11
13134,6
13134,7
13135,10
13135,10
13135,12
13135,6
13135,8
13135,10
13135,10
13135,12
13135,6
13136,8
13136,10
13136,11
13136,12
13136,6
13136,8
13136,10
13136,11
13136,12
13136,6
13137,8
13137,10
13137,10
13137,12
13137,6
13137,9
13137,9
13137,11
13137,12
13138,6
13138,9
13138,10
13138,10
13138,12
13138,6
13138,9
13138,10
13138,11
13139,12
13139,6
13139,8
13139,10
13139,11
13139,12
13139,6
13144,9
13144,12
13144,8
13144,11
13144,6
13144,9
13144,12
13145,9
13145,9
13145,5
13145,9
13145,12
13145,9
13145,12
13145,5
13145,9
13146,12
13146,9
13146,9
13146,5
13146,9
13146,12
13146,8
13146,10
13146,4
13146,9
13147,12
13147,9
13147,12
13147,5
13147,9
13147,11
13147,9
13147,11
13147,5
13148,10
13148,12
13148,7
13148,10
13148,5
13148,10
13148,12
13148,7
13148,10
13148,5
13149,10
13149,12
13149,6
13149,10
13149,5
13149,11
13154,11
13154,5
13154,8
13154,12
13154,10
13154,11
13154,6
13155,8
13155,12
13155,10
13155,11
13155,6
13155,8
13155,12
13155,11
13155,11
13156,6
13156,7
13156,12
13156,10
13156,11
13156,6
13156,8
13156,11
13156,10
13156,11
13157,6
13157,8
13157,12
13157,10
13157,11
13157,6
13157,8
13157,12
13157,10
13158,11
13158,6
13158,8
13158,12
13158,10
13158,12
13158,6
13158,8
13158,12
13159,10
13159,12
13159,6
13159,8
13159,12
13159,10
13159,12
13164,8
13164,11
13164,8
13164,6
13164,10
13165,9
13165,11
13165,8
13165,6
13165,11
13165,9
13165,11
13165,8
13165,5
13165,10
13166,9
13166,11
13166,8
13166,6
13166,11
13166,9
13166,12
13166,8
13166,6
13167,11
13167,9
13167,12
13167,8
13167,5
13167,11
13167,10
13167,11
13167,7
13168,6
13168,11
13168,8
13168,11
13168,8
13168,6
13168,11
13168,8
13168,12
13168,8
13169,6
13169,12
13169,8
13169,12
13169,8
13169,6
13169,11
13179,10
13184,11
13184,6
13184,7
13184,10
13184,9
13184,12
13185,6
13185,8
13185,10
13185,10
13185,12
13185,7
13185,8
13185,10
13185,10
13185,12
13186,7
13186,8
13186,10
13186,10
13186,12
13186,6
13186,8
13186,10
13186,10
13187,12
13187,6
13187,7
13187,9
13187,10
13187,13
13187,7
13187,7
13187,10
13188,9
13188,12
13188,7
13188,7
13188,10
13188,10
13188,11
13188,7
13188,7
13188,10
13189,10
13189,12
13189,7
13189,7
13189,10
13189,10
13189,12
13194,6
13194,10
13194,6
13194,9
13194,11
13194,6
13195,10
13195,5
13195,10
13195,11
13195,6
13195,10
13195,5
13195,11
13195,11
13195,6
13196,9
13196,5
13196,11
13196,12
13196,6
13196,10
13196,6
13196,11
13196,11
13197,6
13197,9
13197,6
13197,10
13197,12
13197,6
13197,10
13197,5
13197,11
13198,12
13198,6
13198,10
13198,5
13198,10
13198,12
13198,6
13198,10
13198,6
13198,11
13199,11
13199,6
13199,10
13199,6
13199,11
13199,11
13199,6
13204,6
13204,7
13204,11
13204,9
13204,11
13205,6
13205,7
13205,11
13205,10
13205,12
13205,6
13205,8
13205,11
13205,10
13205,12
13206,6
13206,8
13206,12
13206,10
13206,11
13206,6
13206,8
13206,13
13206,11
13207,12
13207,6
13207,8
13207,12
13207,10
13207,10
13207,6
13207,8
13207,12
13207,10
13208,12
13208,6
13208,8
13208,12
13208,10
13208,11
13208,6
13208,9
13208,12
13209,11
13209,11
13209,6
13209,9
13209,12
13209,10
13209,11
13214,5
13214,7
13214,11
13215,9
13215,12
13215,6
13215,7
13215,12
13215,10
13215,12
13215,6
13215,8
13215,12
13216,10
13216,11
13216,6
13216,8
13216,11
13216,8
13216,12
13216,6
13216,8
13217,10
13217,9
13217,12
13217,6
13217,7
13217,12
13217,10
13217,12
13217,6
13217,8
13218,12
13218,10
13218,11
13218,5
13218,8
13218,12
13218,10
13218,12
13218,6
13219,9
13219,12
13219,10
13219,12
13219,6
13219,8
13219,12
13230,9
13234,4
13234,9
13235,12
13235,8
13235,10
13235,5
13235,10
13235,12
13235,7
13235,10
13235,5
13235,10
13236,12
13236,8
13236,10
13236,5
13236,9
13236,12
13236,8
13236,11
13236,5
13237,10
13237,11
13237,7
13237,10
13237,5
13237,10
13237,12
13237,6
13237,11
13237,5
13238,10
13238,12
13238,7
13238,10
13238,5
13238,11
13238,11
13238,6
13238,9
13239,6
13239,11
13239,12
13239,7
13239,10
13239,6
13239,10
13244,10
13244,5
13244,8
13244,10
13244,11
13245,11
13245,5
13245,7
13245,10
13245,10
13245,12
13245,6
13245,8
13245,9
13245,11
13246,11
13246,6
13246,9
13246,9
13246,10
13246,11
13246,6
13246,9
13246,9
13247,11
13247,12
13247,6
13247,9
13247,10
13247,11
13247,12
13247,6
13247,8
13247,10
13248,10
13248,12
13248,6
13248,9
13248,10
13248,11
13248,12
13248,6
13248,9
13249,10
13249,11
13249,12
13249,6
13249,8
13249,9
13249,11
13254,9
13254,6
13254,11
13254,11
13254,5
13255,9
13255,6
13255,11
13255,11
13255,6
13255,9
13255,7
13255,11
13255,11
13255,6
13256,9
13256,7
13256,11
13256,12
13256,7
13256,9
13256,6
13256,12
13256,11
13257,6
13257,9
13257,7
13257,11
13257,12
13257,6
13257,9
13257,6
13257,11
13257,11
13258,7
13258,9
13258,6
13258,11
13258,11
13258,6
13258,9
13258,7
13258,12
13259,12
13259,6
13259,9
13259,7
13259,11
13259,12
13259,7
13264,11
13264,5
13264,8
13265,9
13265,10
13265,12
13265,6
13265,8
13265,9
13265,10
13265,11
13265,6
13266,8
13266,10
13266,11
13266,12
13266,6
13266,9
13266,10
13266,11
13266,12
13266,6
13267,9
13267,10
13267,10
13267,12
13267,5
13267,9
13267,10
13267,11
13267,12
13268,6
13268,9
13268,10
13268,11
13268,12
13268,6
13268,9
13268,9
13268,11
13269,12
13269,6
13269,9
13269,11
13269,11
13269,11
13269,6
13282,8
13289,6
13289,9
13289,7
13289,11
13289,11
13289,6
13289,9
13294,9
13294,9
13294,11
13294,6
13295,7
13295,10
13295,9
13295,12
13295,7
13295,7
13295,10
13295,10
13295,11
13295,7
13296,7
13296,10
13296,9
13296,12
13296,7
13296,7
13296,10
13296,10
13296,12
13297,7
13297,7
13297,10
13297,10
13297,12
13297,7
13297,7
13297,10
13297,10
13298,12
13298,7
13298,8
13298,10
13298,10
13298,11
13298,8
13298,7
13298,10
13298,10
13299,12
13299,8
13299,8
13299,10
13299,9
13299,12
13299,8
13304,5
13304,8
13304,11
13304,9
13305,11
13305,6
13305,7
13305,12
13305,9
13305,11
13305,6
13305,8
13305,11
13306,10
13306,12
13306,7
13306,8
13306,12
13306,10
13306,11
13306,6
13306,7
13306,12
13307,10
13307,11
13307,6
13307,8
13307,12
13307,10
13307,11
13307,6
13307,8
13308,12
13308,10
13308,12
13308,6
13308,8
13308,12
13308,11
13308,12
13308,6
13308,8
13309,12
13309,10
13309,11
13309,5
13309,8
13309,12
13309,11
13314,11
13314,9
13315,11
13315,6
13315,8
13315,12
13315,10
13315,11
13315,5
13315,8
13315,12
13315,10
13316,11
13316,6
13316,8
13316,12
13316,10
13316,12
13316,7
13316,8
13316,12
13317,10
13317,12
13317,6
13317,9
13317,12
13317,11
13317,12
13317,5
13317,8
13318,12
13318,10
13318,11
13318,6
13318,8
13318,12
13318,11
13318,12
13318,6
13318,9
13319,11
13319,9
13319,12
13319,5
13319,9
13319,12
13319,8
13330,5
13335,6
13335,7
13335,11
13335,9
13335,11
13335,6
13335,7
13335,11
13335,9
13336,11
13336,5
13336,8
13336,12
13336,10
13336,11
13336,5
13336,8
13336,12
13337,10
13337,12
13337,6
13337,8
13337,12
13337,10
13337,11
13337,7
13337,9
13337,12
13338,11
13338,11
13338,6
13338,9
13338,12
13338,11
13338,12
13338,6
13338,9
13339,11
13339,9
13339,12
13339,5
13339,9
13339,12
13339,10
13344,9
13344,6
13344,11
13345,11
13345,6
13345,10
13345,7
13345,12
13345,11
13345,6
13345,9
13345,7
13346,12
13346,11
13346,7
13346,9
13346,7
13346,10
13346,11
13346,7
13346,9
13346,8
13347,12
13347,12
13347,6
13347,10
13347,8
13347,12
13347,11
13347,7
13347,10
13348,8
13348,12
13348,11
13348,7
13348,10
13348,8
13348,12
13348,11
13348,7
13348,11
13349,10
13349,12
13349,10
13349,6
13349,10
13349,9
13349,12
13354,11
13354,6
13355,7
13355,10
13355,9
13355,11
13355,6
13355,7
13355,10
13355,10
13355,12
13355,7
13356,7
13356,10
13356,9
13356,12
13356,7
13356,7
13356,10
13356,10
13356,11
13357,7
13357,7
13357,9
13357,9
13357,11
13357,7
13357,7
13357,10
13357,10
13358,12
13358,7
13358,7
13358,11
13358,10
13358,12
13358,6
13358,8
13358,10
13358,10
13359,12
13359,6
13359,7
13359,10
13359,10
13359,12
13359,6
13364,9
13365,9
13365,9
13365,11
13365,5
13365,9
13365,9
13365,11
13365,11
13365,5
13365,11
13366,9
13366,11
13366,12
13366,5
13366,10
13366,9
13366,11
13366,10
13366,6
13367,10
13367,9
13367,12
13367,9
13367,6
13367,11
13367,9
13367,11
13367,10
13368,5
13368,10
13368,9
13368,12
13368,10
13368,6
13368,11
13368,9
13368,12
13368,9
13369,5
13369,11
13369,9
13369,12
13369,8
13369,7
13369,11
13380,11
13384,11
13385,6
13385,6
13385,11
13385,9
13385,11
13385,6
13385,7
13385,11
13385,9
13385,12
13386,6
13386,7
13386,11
13386,10
13386,10
13386,6
13386,7
13386,12
13386,10
13387,11
13387,6
13387,8
13387,12
13387,10
13387,11
13387,6
13387,8
13387,12
13388,11
13388,11
13388,6
13388,8
13388,12
13388,9
13388,11
13388,6
13388,8
13388,12
13389,10
13389,11
13389,6
13389,8
13389,12
13389,10
13389,12
13394,10
13394,11
13395,5
13395,8
13395,11
13395,9
13395,10
13395,5
13395,9
13395,12
13395,9
13396,12
13396,5
13396,9
13396,11
13396,9
13396,11
13396,6
13396,9
13396,12
13397,8
13397,11
13397,5
13397,9
13397,12
13397,9
13397,12
13397,5
13397,9
13397,12
13398,9
13398,10
13398,6
13398,9
13398,12
13398,8
13398,10
13398,5
13398,10
13399,12
13399,8
13399,11
13399,5
13399,10
13399,11
13399,7
13404,9
13404,11
13405,6
13405,9
13405,6
13405,11
13405,11
13405,6
13405,9
13405,6
13405,11
13406,11
13406,7
13406,9
13406,6
13406,11
13406,12
13406,6
13406,9
13406,6
13406,11
13407,12
13407,7
13407,8
13407,7
13407,12
13407,11
13407,7
13407,9
13407,7
13408,11
13408,11
13408,6
13408,9
13408,7
13408,12
13408,11
13408,6
13408,9
13408,7
13409,12
13409,12
13409,6
13409,9
13409,8
13409,12
13409,8
13415,9
13415,9
13415,11
13415,5
13415,8
13415,10
13415,10
13415,12
13415,7
13416,8
13416,10
13416,10
13416,12
13416,5
13416,8
13416,10
13416,10
13416,12
13416,6
13417,9
13417,10
13417,11
13417,12
13417,5
13417,9
13417,10
13417,12
13417,12
13418,6
13418,9
13418,9
13418,11
13418,12
13418,6
13418,9
13418,10
13418,11
13418,12
13419,6
13419,9
13419,10
13419,11
13419,12
13419,6
13432,5
13437,10
13437,11
13437,6
13437,9
13437,5
13437,11
13437,11
13438,6
13438,9
13438,6
13438,12
13438,11
13438,7
13438,11
13438,7
13438,12
13439,11
13439,6
13439,9
13439,7
13439,12
13439,12
13439,6
13444,5
13445,9
13445,9
13445,11
13445,11
13445,6
13445,9
13445,9
13445,11
13445,11
13446,5
13446,9
13446,8
13446,12
13446,12
13446,5
13446,10
13446,9
13446,12
13446,11
13447,6
13447,10
13447,9
13447,11
13447,12
13447,6
13447,10
13447,9
13447,12
13448,10
13448,6
13448,10
13448,9
13448,11
13448,11
13448,5
13448,10
13448,9
13448,11
13449,11
13449,6
13449,10
13449,9
13449,12
13449,9
13449,5
13454,11
13455,8
13455,5
13455,10
13455,8
13455,11
13455,9
13455,5
13455,11
13455,9
13456,12
13456,9
13456,5
13456,10
13456,8
13456,12
13456,8
13456,5
13456,11
13457,9
13457,12
13457,8
13457,7
13457,11
13457,8
13457,12
13457,8
13457,5
13457,11
13458,9
13458,12
13458,8
13458,6
13458,11
13458,9
13458,11
13458,8
13458,6
13459,12
13459,9
13459,10
13459,7
13459,7
13459,12
13459,9
13465,5
13465,9
13465,5
13465,10
13465,11
13465,6
13465,9
13465,6
13465,10
13466,12
13466,6
13466,9
13466,6
13466,11
13466,11
13466,7
13466,9
13466,6
13467,11
13467,11
13467,6
13467,10
13467,6
13467,11
13467,11
13467,6
13467,9
13468,6
13468,11
13468,11
13468,5
13468,9
13468,6
13468,11
13468,11
13468,6
13468,9
13469,6
13469,11
13469,12
13469,7
13469,9
13469,7
13469,12
13480,6
13485,9
13485,11
13485,5
13485,7
13485,11
13485,9
13485,11
13485,5
13486,7
13486,12
13486,9
13486,11
13486,6
13486,8
13486,12
13486,10
13486,11
13487,5
13487,8
13487,12
13487,11
13487,12
13487,5
13487,9
13487,12
13487,10
13487,11
13488,6
13488,9
13488,12
13488,8
13488,12
13488,6
13488,8
13488,12
13488,10
13489,12
13489,6
13489,9
13489,12
13489,10
13489,11
13489,5
13494,6
13495,9
13495,7
13495,11
13495,11
13495,6
13495,10
13495,8
13495,12
13495,11
13496,8
13496,10
13496,8
13496,12
13496,10
13496,6
13496,10
13496,8
13496,12
13496,9
13497,6
13497,10
13497,9
13497,12
13497,8
13497,7
13497,10
13497,9
13497,12
13498,8
13498,7
13498,10
13498,10
13498,11
13498,7
13498,7
13498,10
13498,10
13499,12
13499,7
13499,8
13499,10
13499,10
13499,12
13499,7
13505,11
13505,10
13505,5
13505,9
13505,9
13505,11
13505,11
13505,5
13505,9
13505,9
13506,11
13506,11
13506,6
13506,10
13506,9
13506,11
13506,9
13506,6
13506,10
13507,9
13507,11
13507,11
13507,6
13507,9
13507,9
13507,12
13507,12
13507,6
13507,10
13508,9
13508,11
13508,10
13508,5
13508,10
13508,9
13508,12
13508,11
13508,6
13509,10
13509,9
13509,12
13509,11
13509,5
13509,10
13509,9
13515,11
13515,10
13515,9
13515,5
13515,8
13515,12
13515,9
13516,12
13516,5
13516,8
13516,12
13516,10
13516,11
13516,5
13516,9
13516,11
13516,9
13517,12
13517,5
13517,9
13517,12
13517,9
13517,11
13517,5
13517,9
13517,12
13518,9
13518,12
13518,5
13518,10
13518,12
13518,7
13518,11
13518,5
13518,11
13519,11
13519,7
13519,10
13519,5
13519,11
13519,12
13519,7
13530,8
13535,9
13535,11
13535,9
13535,5
13536,10
13536,9
13536,11
13536,11
13536,6
13536,10
13536,9
13536,12
13536,9
13536,5
13537,10
13537,8
13537,11
13537,9
13537,5
13537,11
13537,9
13537,11
13537,9
13538,6
13538,11
13538,9
13538,12
13538,8
13538,6
13538,11
13538,9
13538,12
13539,8
13539,6
13539,11
13539,8
13539,11
13539,8
13539,6
13545,8
13545,6
13545,11
13545,11
13545,6
13545,9
13545,7
13545,12
13545,11
13545,6
13546,9
13546,7
13546,11
13546,11
13546,7
13546,8
13546,7
13546,11
13546,12
13547,7
13547,9
13547,7
13547,12
13547,12
13547,6
13547,9
13547,7
13547,12
13548,12
13548,7
13548,9
13548,8
13548,12
13548,12
13548,6
13548,9
13548,8
13548,12
13549,11
13549,6
13549,9
13549,7
13549,12
13549,12
13549,7
13555,11
13555,9
13555,11
13555,6
13555,7
13555,11
13555,10
13555,11
13555,5
13556,7
13556,11
13556,10
13556,12
13556,5
13556,8
13556,12
13556,10
13556,11
13557,5
13557,8
13557,12
13557,10
13557,12
13557,6
13557,9
13557,12
13557,10
13557,12
13558,6
13558,9
13558,12
13558,8
13558,12
13558,5
13558,10
13558,12
13558,9
13559,10
13559,5
13559,10
13559,12
13559,7
13559,9
13559,5
13565,7
13565,11
13565,4
13565,9
13565,11
13565,7
13565,10
13566,5
13566,10
13566,11
13566,7
13566,10
13566,5
13566,10
13566,12
13566,6
13566,10
13567,7
13567,10
13567,12
13567,6
13567,10
13567,5
13567,11
13567,12
13567,6
13568,10
13568,6
13568,12
13568,12
13568,5
13568,10
13568,7
13568,11
13568,12
13569,6
13569,9
13569,6
13569,11
13569,11
13569,6
13569,9
13580,10
13585,10
13585,8
13585,11
13585,8
13585,5
13586,10
13586,8
13586,12
13586,8
13586,6
13586,10
13586,9
13586,11
13586,7
13587,6
13587,11
13587,9
13587,11
13587,6
13587,7
13587,12
13587,9
13587,12
13587,6
13588,7
13588,12
13588,10
13588,11
13588,5
13588,7
13588,12
13588,10
13588,12
13589,6
13589,8
13589,12
13589,10
13589,12
13589,6
13589,8
13595,10
13595,5
13595,10
13595,7
13595,11
13595,10
13595,5
13595,10
13596,8
13596,11
13596,10
13596,6
13596,10
13596,9
13596,12
13596,10
13596,6
13596,10
13597,9
13597,12
13597,10
13597,5
13597,11
13597,8
13597,12
13597,8
13597,5
13598,10
13598,9
13598,12
13598,10
13598,6
13598,11
13598,9
13598,11
13598,9
13599,5
13599,11
13599,9
13599,12
13599,9
13599,5
13599,11
13605,5
13605,6
13605,11
13605,9
13605,11
13605,6
13605,8
13605,11
13606,10
13606,11
13606,6
13606,8
13606,12
13606,10
13606,12
13606,6
13606,7
13606,12
13607,9
13607,11
13607,6
13607,8
13607,12
13607,10
13607,12
13607,6
13607,8
13608,12
13608,10
13608,12
13608,6
13608,8
13608,12
13608,10
13608,11
13608,6
13608,9
13609,12
13609,10
13609,12
13609,6
13609,8
13609,13
13615,11
13615,9
13615,11
13615,6
13615,7
13615,11
13615,10
13616,11
13616,6
13616,8
13616,12
13616,10
13616,11
13616,4
13616,8
13616,11
13617,10
13617,11
13617,6
13617,8
13617,12
13617,11
13617,12
13617,6
13617,8
13617,12
13618,9
13618,12
13618,6
13618,10
13618,13
13618,9
13618,11
13618,6
13618,9
13619,12
13619,10
13619,12
13619,6
13619,9
13619,12
13619,8
13633,11
13639,5
13645,11
13645,8
13645,10
13645,6
13645,7
13645,11
13645,9
13646,11
13646,6
13646,7
13646,12
13646,10
13646,12
13646,6
13646,8
13646,12
13646,10
13647,12
13647,6
13647,7
13647,12
13647,10
13647,12
13647,6
13647,8
13647,12
13648,10
13648,11
13648,6
13648,8
13648,11
13648,10
13648,13
13648,7
13648,8
13648,12
13649,10
13649,11
13649,5
13649,8
13649,12
13649,11
13649,12
13655,5
13655,8
13655,11
13655,9
13655,11
13655,6
13656,8
13656,12
13656,8
13656,11
13656,5
13656,9
13656,12
13656,8
13656,10
13657,5
13657,9
13657,12
13657,8
13657,11
13657,5
13657,10
13657,12
13657,8
13657,10
13658,5
13658,10
13658,12
13658,6
13658,10
13658,5
13658,10
13658,12
13658,6
13659,10
13659,5
13659,11
13659,12
13659,6
13659,9
13659,5
13665,11
13665,5
13665,9
13665,8
13665,11
13666,11
13666,6
13666,9
13666,8
13666,12
13666,11
13666,6
13666,10
13666,9
13667,12
13667,12
13667,6
13667,10
13667,9
13667,12
13667,10
13667,6
13667,10
13668,8
13668,12
13668,10
13668,6
13668,10
13668,9
13668,11
13668,9
13668,7
13668,11
13669,9
13669,12
13669,7
13669,6
13669,11
13669,9
13669,12
13680,10
13685,9
13685,11
13685,11
13685,5
13686,9
13686,9
13686,11
13686,11
13686,6
13686,9
13686,9
13686,11
13686,12
13686,5
13687,9
13687,9
13687,11
13687,11
13687,4
13687,9
13687,9
13687,12
13687,12
13688,5
13688,11
13688,8
13688,11
13688,12
13688,6
13688,9
13688,9
13688,11
13688,9
13689,6
13689,10
13689,9
13689,11
13689,12
13689,6
13689,10
13695,7
13695,9
13695,9
13695,11
13695,6
13695,7
13696,9
13696,10
13696,12
13696,6
13696,8
13696,9
13696,10
13696,12
13696,6
13697,8
13697,10
13697,10
13697,12
13697,6
13697,9
13697,9
13697,10
13697,12
13697,7
13698,9
13698,9
13698,11
13698,11
13698,6
13698,9
13698,9
13698,11
13698,12
13699,6
13699,9
13699,9
13699,11
13699,12
13699,6
13699,10
13705,6
13705,9
13705,7
13705,11
13705,11
13705,7
13706,9
13706,7
13706,11
13706,12
13706,6
13706,9
13706,7
13706,11
13706,12
13707,7
13707,10
13707,8
13707,12
13707,11
13707,6
13707,10
13707,8
13707,12
13708,11
13708,7
13708,9
13708,8
13708,12
13708,11
13708,6
13708,9
13708,8
13708,12
13709,10
13709,7
13709,10
13709,8
13709,11
13709,12
13709,7
13715,10
13715,7
13715,11
13715,11
13716,7
13716,9
13716,8
13716,12
13716,11
13716,6
13716,9
13716,8
13716,12
13717,12
13717,7
13717,10
13717,8
13717,12
13717,10
13717,6
13717,10
13717,8
13717,12
13718,11
13718,7
13718,10
13718,8
13718,12
13718,9
13718,7
13718,10
13718,8
13719,12
13719,10
13719,7
13719,10
13719,9
13719,12
13719,9
13730,8
13735,5
13735,9
13735,11
13736,7
13736,9
13736,4
13736,9
13736,12
13736,7
13736,10
13736,5
13736,10
13737,12
13737,7
13737,11
13737,5
13737,10
13737,12
13737,7
13737,11
13737,4
13737,10
13738,12
13738,5
13738,10
13738,5
13738,10
13738,11
13738,7
13738,10
13738,5
13739,10
13739,12
13739,6
13739,9
13739,5
13739,11
13739,12
13745,7
13745,9
13745,8
13745,11
13745,7
13745,7
13746,10
13746,9
13746,12
13746,8
13746,7
13746,10
13746,10
13746,12
13746,6
13747,7
13747,10
13747,10
13747,12
13747,7
13747,8
13747,10
13747,11
13747,12
13747,7
13748,8
13748,10
13748,10
13748,11
13748,6
13748,8
13748,10
13748,10
13748,11
13749,6
13749,9
13749,10
13749,11
13749,11
13749,6
13749,8
13755,8
13755,11
13755,10
13755,5
13755,10
13755,8
13756,11
13756,9
13756,5
13756,10
13756,8
13756,11
13756,8
13756,6
13756,11
13757,9
13757,11
13757,8
13757,6
13757,12
13757,9
13757,11
13757,6
13757,7
13757,12
13758,9
13758,12
13758,6
13758,7
13758,12
13758,10
13758,12
13758,6
13758,8
13759,12
13759,10
13759,12
13759,6
13759,8
13759,12
13759,10
13765,11
13765,5
13765,8
13765,11
13766,8
13766,10
13766,4
13766,9
13766,12
13766,8
13766,11
13766,5
13766,10
13766,12
13767,7
13767,10
13767,5
13767,10
13767,12
13767,7
13767,10
13767,5
13767,10
13768,12
13768,6
13768,10
13768,5
13768,11
13768,12
13768,6
13768,9
13768,6
13769,11
13769,13
13769,6
13769,9
13769,6
13769,11
13769,12
13781,8
13786,8
13786,11
13786,7
13786,7
13786,10
13786,9
13786,11
13786,7
13787,8
13787,10
13787,10
13787,12
13787,6
13787,9
13787,10
13787,10
13787,12
13788,6
13788,8
13788,10
13788,10
13788,12
13788,6
13788,8
13788,10
13788,10
13789,12
13789,7
13789,8
13789,10
13789,10
13789,12
13789,7
13795,8
13795,6
13795,10
13795,9
13795,11
13796,9
13796,6
13796,10
13796,8
13796,12
13796,8
13796,5
13796,11
13796,8
13797,12
13797,10
13797,6
13797,11
13797,9
13797,10
13797,10
13797,5
13797,11
13797,9
13798,12
13798,10
13798,6
13798,10
13798,9
13798,12
13798,9
13798,5
13798,11
13799,9
13799,12
13799,9
13799,5
13799,10
13799,9
13799,12
13805,10
13805,7
13805,7
13805,10
13805,9
13806,11
13806,7
13806,6
13806,9
13806,9
13806,12
13806,8
13806,7
13806,10
13807,9
13807,11
13807,8
13807,7
13807,10
13807,9
13807,12
13807,7
13807,7
13807,10
13808,11
13808,12
13808,7
13808,9
13808,10
13808,10
13808,11
13808,7
13808,8
13809,10
13809,10
13809,12
13809,6
13809,8
13809,10
13809,11
13815,11
13815,5
13815,8
13816,9
13816,10
13816,11
13816,6
13816,8
13816,9
13816,11
13816,12
13816,6
13817,8
13817,10
13817,11
13817,12
13817,6
13817,8
13817,10
13817,11
13817,11
13817,6
13818,8
13818,10
13818,10
13818,12
13818,6
13818,8
13818,10
13818,11
13818,12
13819,6
13819,8
13819,10
13819,11
13819,11
13819,6
13819,9
13833,11
13838,7
13838,9
13838,9
13838,11
13838,7
13838,7
13838,10
13838,9
13838,12
13838,7
13839,6
13839,10
13839,9
13839,11
13839,8
13839,6
13839,10
13845,9
13845,8
13845,12
13846,7
13846,8
13846,10
13846,8
13846,12
13846,9
13846,6
13846,10
13846,9
13846,12
13847,8
13847,7
13847,10
13847,9
13847,12
13847,8
13847,7
13847,10
13847,9
13848,12
13848,8
13848,7
13848,10
13848,9
13848,12
13848,9
13848,8
13848,10
13848,10
13849,12
13849,7
13849,8
13849,10
13849,10
13849,12
13849,7
13855,11
13855,9
13855,11
13856,5
13856,6
13856,11
13856,9
13856,12
13856,6
13856,6
13856,11
13856,9
13856,13
13857,7
13857,6
13857,11
13857,9
13857,12
13857,7
13857,6
13857,12
13857,9
13858,11
13858,7
13858,7
13858,11
13858,9
13858,12
13858,6
13858,7
13858,11
13858,9
13859,12
13859,6
13859,7
13859,11
13859,10
13859,12
13865,11
13865,5
13866,8
13866,12
13866,10
13866,11
13866,5
13866,8
13866,12
13866,11
13866,12
13866,5
13867,8
13867,12
13867,11
13867,11
13867,6
13867,8
13867,12
13867,8
13867,11
13868,6
13868,9
13868,12
13868,10
13868,11
13868,6
13868,9
13868,12
13868,10
13868,11
13869,6
13869,8
13869,12
13869,10
13869,12
13869,6
13869,9
13880,9
13886,5
13886,10
13886,8
13886,11
13886,8
13886,7
13886,10
13886,9
13886,12
13887,8
13887,5
13887,11
13887,9
13887,11
13887,9
13887,6
13887,11
13887,9
13887,12
13888,8
13888,6
13888,11
13888,9
13888,12
13888,8
13888,6
13888,12
13888,8
13889,12
13889,8
13889,7
13889,11
13889,9
13889,12
13889,7
13895,11
13895,5
13895,8
13896,9
13896,11
13896,11
13896,6
13896,9
13896,9
13896,10
13896,11
13896,6
13896,9
13897,10
13897,11
13897,12
13897,7
13897,9
13897,9
13897,11
13897,12
13897,6
13898,9
13898,9
13898,11
13898,11
13898,6
13898,10
13898,9
13898,12
13898,12
13899,6
13899,9
13899,9
13899,11
13899,12
13899,6
13899,10
13905,10
13905,5
13905,10
13906,8
13906,11
13906,9
13906,6
13906,10
13906,8
13906,12
13906,9
13906,6
13907,11
13907,9
13907,11
13907,9
13907,6
13907,11
13907,9
13907,12
13907,8
13907,5
13908,11
13908,9
13908,11
13908,7
13908,6
13908,11
13908,9
13908,12
13908,7
13909,7
13909,11
13909,9
13909,12
13909,7
13909,7
13909,12
13915,6
13916,9
13916,8
13916,11
13916,8
13916,6
13916,11
13916,9
13916,11
13916,7
13917,7
13917,11
13917,9
13917,12
13917,8
13917,7
13917,12
13917,9
13917,13
13917,7
13918,7
13918,11
13918,10
13918,12
13918,6
13918,7
13918,12
13918,9
13918,12
13919,6
13919,7
13919,12
13919,10
13919,11
13919,6
13919,8
13929,9
13935,10
13936,11
13936,5
13936,9
13936,9
13936,10
13936,12
13936,6
13936,9
13936,9
13937,10
13937,12
13937,6
13937,9
13937,8
13937,11
13937,12
13937,6
13937,8
13937,10
13938,11
13938,12
13938,6
13938,9
13938,9
13938,10
13938,12
13938,6
13938,9
13939,10
13939,12
13939,11
13939,6
13939,9
13939,9
13939,13
13945,7
13945,11
13946,9
13946,6
13946,10
13946,7
13946,11
13946,11
13946,7
13946,10
13946,8
13946,11
13947,12
13947,6
13947,10
13947,8
13947,12
13947,12
13947,6
13947,10
13947,8
13948,11
13948,11
13948,7
13948,9
13948,8
13948,12
13948,12
13948,7
13948,10
13948,9
13949,12
13949,11
13949,7
13949,10
13949,8
13949,12
13949,9
13955,9
13955,8
13956,11
13956,11
13956,5
13956,9
13956,9
13956,11
13956,12
13956,6
13956,9
13957,9
13957,11
13957,12
13957,6
13957,9
13957,9
13957,12
13957,12
13957,7
13957,10
13958,9
13958,10
13958,12
13958,6
13958,9
13958,9
13958,11
13958,12
13958,6
13959,9
13959,9
13959,11
13959,12
13959,6
13959,9
13959,9
13966,8
13966,9
13966,8
13966,12
13966,6
13966,8
13966,10
13966,10
13966,12
13967,6
13967,8
13967,10
13967,10
13967,12
13967,6
13967,9
13967,10
13967,10
13968,12
13968,6
13968,8
13968,10
13968,11
13968,11
13968,6
13968,9
13968,9
13968,11
13969,12
13969,6
13969,9
13969,10
13969,11
13969,12
13969,6
13980,11
13986,10
13986,6
13986,8
13986,6
13986,11
13986,11
13987,6
13987,9
13987,6
13987,11
13987,11
13987,6
13987,9
13987,7
13987,11
13988,10
13988,6
13988,9
13988,7
13988,11
13988,11
13988,6
13988,9
13988,6
13988,12
13989,12
13989,6
13989,9
13989,6
13989,11
13989,12
13989,6
13995,11
13996,8
13996,12
13996,8
13996,6
13996,11
13996,8
13996,11
13996,8
13996,5
13997,11
13997,9
13997,12
13997,8
13997,5
13997,11
13997,9
13997,11
13997,7
13997,7
13998,10
13998,9
13998,11
13998,7
13998,7
13998,11
13998,9
13998,12
13998,7
13999,7
13999,11
13999,9
13999,12
13999,8
13999,7
13999,11
14005,10
14006,6
14006,9
14006,7
14006,11
14006,11
14006,6
14006,9
14006,7
14006,11
14006,12
14007,7
14007,9
14007,7
14007,12
14007,11
14007,7
14007,10
14007,8
14007,11
14008,12
14008,7
14008,10
14008,8
14008,12
14008,9
14008,6
14008,10
14008,8
14008,12
14009,11
14009,8
14009,9
14009,8
14009,12
14009,9
14016,10
14016,9
14016,11
14016,7
14016,6
14016,10
14016,9
14016,12
14016,8
14017,7
14017,10
14017,9
14017,12
14017,7
14017,7
14017,10
14017,10
14017,12
14018,7
14018,8
14018,10
14018,11
14018,12
14018,6
14018,8
14018,10
14018,11
14019,11
14019,6
14019,8
14019,10
14019,10
14019,12
14019,6
14029,11
14036,6
14036,10
14036,10
14036,11
14036,6
14036,7
14036,11
14036,9
14036,11
14037,6
14037,9
14037,11
14037,10
14037,11
14037,5
14037,8
14037,12
14037,11
14037,12
14038,6
14038,8
14038,12
14038,11
14038,12
14038,5
14038,9
14038,12
14038,10
14039,11
14039,5
14039,9
14039,12
14039,9
14039,11
14039,5
14045,11
14046,5
14046,9
14046,9
14046,11
14046,11
14046,5
14046,10
14046,8
14046,11
14046,12
14047,6
14047,9
14047,9
14047,12
14047,12
14047,6
14047,10
14047,9
14047,12
14048,10
14048,6
14048,10
14048,9
14048,12
14048,10
14048,5
14048,10
14048,9
14049,12
14049,10
14049,6
14049,11
14049,9
14049,12
14049,10
14055,10
14056,11
14056,5
14056,9
14056,9
14056,11
14056,11
14056,5
14056,10
14056,9
14057,11
14057,11
14057,6
14057,10
14057,9
14057,12
14057,9
14057,6
14057,11
14058,9
14058,12
14058,10
14058,6
14058,11
14058,9
14058,12
14058,9
14058,6
14058,10
14059,8
14059,12
14059,9
14059,6
14059,11
14059,9
14059,11
14066,8
14066,7
14066,10
14066,11
14066,6
14066,9
14066,7
14066,12
14067,12
14067,6
14067,9
14067,7
14067,12
14067,11
14067,7
14067,9
14067,8
14068,12
14068,12
14068,6
14068,10
14068,8
14068,11
14068,11
14068,6
14068,10
14069,8
14069,12
14069,11
14069,6
14069,10
14069,8
14069,12
14083,8
14087,10
14088,11
14088,6
14088,9
14088,5
14088,10
14088,11
14088,6
14088,10
14088,6
14088,10
14089,11
14089,6
14089,9
14089,6
14089,11
14089,11
14089,6
14096,10
14096,10
14096,6
14096,9
14096,7
14096,11
14096,11
14096,6
14096,9
14097,7
14097,12
14097,11
14097,6
14097,10
14097,8
14097,12
14097,11
14097,7
14098,10
14098,8
14098,13
14098,10
14098,6
14098,10
14098,9
14098,12
14098,9
14098,7
14099,10
14099,8
14099,13
14099,8
14099,7
14099,10
14099,9
14106,11
14106,9
14106,5
14106,10
14106,9
14106,10
14106,9
14106,5
14106,10
14107,9
14107,11
14107,9
14107,5
14107,11
14107,9
14107,12
14107,8
14107,6
14108,11
14108,9
14108,12
14108,8
14108,6
14108,11
14108,9
14108,12
14108,7
14108,6
14109,11
14109,9
14109,12
14109,8
14109,6
14109,11
14109,9
14116,8
14116,8
14116,11
14116,10
14116,5
14116,10
14117,9
14117,12
14117,10
14117,5
14117,10
14117,9
14117,12
14117,9
14117,5
14117,11
14118,9
14118,12
14118,9
14118,6
14118,11
14118,9
14118,11
14118,8
14118,7
14119,11
14119,9
14119,12
14119,8
14119,6
14119,11
14119,9
14129,10
14136,7
14136,12
14136,11
14136,6
14136,9
14136,7
14136,12
14136,11
14137,6
14137,10
14137,8
14137,12
14137,10
14137,6
14137,10
14137,8
14137,12
14138,9
14138,6
14138,10
14138,8
14138,11
14138,9
14138,7
14138,10
14138,9
14138,11
14139,8
14139,8
14139,10
14139,9
14139,12
14139,7
14139,8
14146,11
14146,5
14146,8
14146,12
14146,8
14146,11
14146,5
14146,9
14147,12
14147,8
14147,10
14147,5
14147,9
14147,12
14147,8
14147,10
14147,5
14147,10
14148,12
14148,7
14148,12
14148,5
14148,10
14148,12
14148,8
14148,10
14148,8
14149,11
14149,12
14149,6
14149,10
14149,5
14149,11
14149,12
14156,6
14156,10
14156,11
14156,6
14156,9
14156,6
14156,10
14156,12
14157,6
14157,9
14157,5
14157,11
14157,12
14157,6
14157,9
14157,6
14157,11
14157,11
14158,6
14158,9
14158,8
14158,11
14158,12
14158,6
14158,9
14158,7
14158,11
14159,11
14159,7
14159,9
14159,7
14159,12
14159,12
14159,6
14166,10
14166,5
14166,10
14166,11
14166,6
14166,9
14167,5
14167,10
14167,11
14167,6
14167,9
14167,6
14167,11
14167,11
14167,6
14168,9
14168,5
14168,11
14168,11
14168,6
14168,9
14168,7
14168,12
14168,12
14169,7
14169,9
14169,7
14169,12
14169,12
14169,5
14169,10
14180,11
14186,10
14186,11
14186,5
14186,8
14186,12
14187,10
14187,11
14187,6
14187,8
14187,12
14187,11
14187,12
14187,6
14187,9
14187,12
14188,10
14188,12
14188,5
14188,9
14188,12
14188,9
14188,11
14188,5
14188,9
14189,11
14189,9
14189,9
14189,5
14189,9
14189,12
14189,8
14196,5
14196,9
14196,9
14196,11
14196,12
14196,5
14196,10
14197,8
14197,12
14197,10
14197,5
14197,10
14197,9
14197,12
14197,8
14197,6
14197,11
14198,9
14198,12
14198,9
14198,5
14198,11
14198,9
14198,11
14198,8
14198,6
14199,11
14199,9
14199,12
14199,7
14199,6
14199,11
14199,9
14206,8
14206,11
14206,7
14206,7
14206,10
14206,9
14206,11
14207,6
14207,7
14207,10
14207,10
14207,12
14207,6
14207,8
14207,10
14207,10
14207,12
14208,6
14208,8
14208,10
14208,10
14208,12
14208,6
14208,9
14208,9
14208,11
14209,12
14209,6
14209,9
14209,10
14209,11
14209,11
14209,6
14216,9
14216,5
14216,10
14216,8
14216,12
14217,9
14217,5
14217,10
14217,8
14217,13
14217,9
14217,5
14217,10
14217,9
14217,11
14218,9
14218,5
14218,10
14218,8
14218,12
14218,10
14218,5
14218,11
14218,9
14219,12
14219,9
14219,6
14219,11
14219,9
14219,12
14219,8
14230,6
14236,7
14236,9
14236,9
14237,11
14237,6
14237,8
14237,9
14237,10
14237,12
14237,6
14237,8
14237,9
14238,10
14238,11
14238,6
14238,8
14238,10
14238,11
14238,12
14238,6
14238,9
14239,9
14239,11
14239,12
14239,6
14239,9
14239,9
14239,11
14246,5
14246,10
14246,5
14246,10
14246,12
14246,7
14247,10
14247,5
14247,10
14247,12
14247,7
14247,9
14247,6
14247,11
14247,12
14248,6
14248,9
14248,6
14248,11
14248,12
14248,6
14248,8
14248,7
14248,11
14248,12
14249,6
14249,9
14249,7
14249,12
14249,12
14249,6
14249,8
14256,8
14256,11
14256,5
14256,9
14256,11
14257,9
14257,12
14257,5
14257,9
14257,12
14257,8
14257,12
14257,5
14257,10
14257,12
14258,8
14258,12
14258,5
14258,9
14258,12
14258,8
14258,10
14258,5
14258,10
14259,12
14259,7
14259,10
14259,5
14259,10
14259,12
14259,6
14266,8
14266,11
14266,7
14266,10
14267,5
14267,9
14267,11
14267,7
14267,10
14267,5
14267,10
14267,11
14267,7
14268,10
14268,5
14268,10
14268,12
14268,7
14268,10
14268,5
14268,10
14268,12
14268,7
14269,10
14269,5
14269,10
14269,12
14269,7
14269,11
14280,11
14286,8
14287,11
14287,7
14287,6
14287,12
14287,9
14287,12
14287,8
14287,6
14287,11
14287,9
14288,12
14288,7
14288,6
14288,11
14288,9
14288,11
14288,7
14288,7
14288,11
14289,9
14289,12
14289,7
14289,7
14289,11
14289,9
14289,12
14296,10
14296,11
14296,5
14296,8
14296,11
14297,10
14297,11
14297,5
14297,8
14297,12
14297,9
14297,11
14297,5
14297,9
14297,12
14298,10
14298,11
14298,5
14298,9
14298,12
14298,8
14298,10
14298,4
14298,9
14299,12
14299,9
14299,11
14299,5
14299,9
14299,12
14299,9
14306,11
14306,11
14306,6
14306,9
14306,5
14307,11
14307,11
14307,6
14307,9
14307,6
14307,11
14307,11
14307,6
14307,9
14307,6
14308,11
14308,12
14308,6
14308,9
14308,6
14308,12
14308,11
14308,7
14308,9
14309,7
14309,12
14309,11
14309,6
14309,10
14309,7
14309,12
14316,9
14316,11
14316,7
14317,6
14317,11
14317,10
14317,11
14317,7
14317,6
14317,11
14317,9
14317,11
14317,7
14318,6
14318,11
14318,9
14318,11
14318,7
14318,7
14318,11
14318,9
14318,12
14319,6
14319,7
14319,12
14319,10
14319,11
14319,6
14319,8
14333,10
14338,11
14338,6
14338,6
14338,11
14338,9
14338,11
14338,6
14338,8
14338,11
14339,10
14339,11
14339,6
14339,8
14339,12
14339,10
14339,11
14346,11
14346,9
14346,12
14346,6
14346,7
14347,11
14347,9
14347,11
14347,6
14347,8
14347,11
14347,9
14347,12
14347,6
14348,8
14348,12
14348,11
14348,11
14348,6
14348,8
14348,12
14348,10
14348,11
14348,6
14349,8
14349,12
14349,10
14349,11
14349,7
14349,9
14349,12
14356,6
14356,8
14356,9
14356,10
14357,11
14357,6
14357,9
14357,9
14357,11
14357,11
14357,6
14357,9
14357,9
14358,11
14358,12
14358,6
14358,9
14358,9
14358,11
14358,13
14358,6
14358,10
14358,9
14359,11
14359,12
14359,6
14359,9
14359,9
14359,11
14359,12
14366,8
14366,10
14367,9
14367,11
14367,6
14367,7
14367,10
14367,10
14367,12
14367,6
14367,8
14368,10
14368,9
14368,12
14368,6
14368,8
14368,10
14368,10
14368,11
14368,6
14368,8
14369,10
14369,11
14369,12
14369,6
14369,8
14369,10
14369,10
14380,8
14387,4
14387,9
14387,12
14387,8
14387,11
14387,5
14387,9
14387,12
14387,9
14388,9
14388,5
14388,7
14388,11
14388,9
14388,10
14388,5
14388,9
14388,12
14388,8
14389,11
14389,6
14389,9
14389,12
14389,8
14389,12
14389,5
14396,5
14396,8
14396,11
14396,10
14397,12
14397,5
14397,8
14397,11
14397,9
14397,12
14397,6
14397,9
14397,12
14398,10
14398,11
14398,6
14398,8
14398,12
14398,10
14398,12
14398,5
14398,8
14398,12
14399,9
14399,11
14399,5
14399,9
14399,11
14399,9
14406,5
14406,9
14406,10
14407,11
14407,12
14407,6
14407,9
14407,9
14407,11
14407,12
14407,6
14407,9
14407,9
14408,11
14408,11
14408,6
14408,10
14408,9
14408,11
14408,11
14408,5
14408,10
14409,9
14409,13
14409,10
14409,6
14409,10
14409,9
14409,12
14416,6
14417,9
14417,5
14417,10
14417,10
14417,6
14417,10
14417,5
14417,11
14417,11
14417,6
14418,9
14418,6
14418,11
14418,11
14418,6
14418,9
14418,7
14418,11
14418,13
14419,7
14419,9
14419,6
14419,11
14419,12
14419,6
14419,9
14429,10
14436,5
14436,9
14437,9
14437,11
14437,11
14437,5
14437,9
14437,10
14437,11
14437,12
14437,5
14437,9
14438,9
14438,12
14438,11
14438,5
14438,9
14438,9
14438,12
14438,12
14438,6
14439,9
14439,9
14439,12
14439,11
14439,6
14439,10
14439,9
14446,11
14446,9
14446,11
14447,6
14447,7
14447,12
14447,10
14447,11
14447,5
14447,8
14447,12
14447,9
14447,12
14448,5
14448,8
14448,12
14448,8
14448,11
14448,5
14448,9
14448,12
14448,9
14449,12
14449,5
14449,9
14449,12
14449,8
14449,11
14449,6
14456,8
14456,11
14456,5
14457,7
14457,9
14457,10
14457,11
14457,6
14457,9
14457,10
14457,11
14457,12
14458,6
14458,9
14458,10
14458,12
14458,11
14458,6
14458,9
14458,9
14458,12
14458,11
14459,5
14459,11
14459,10
14459,11
14459,12
14459,6
14459,10
14467,8
14467,9
14467,11
14467,11
14467,6
14467,9
14467,10
14467,11
14467,11
14467,6
14468,9
14468,9
14468,11
14468,11
14468,6
14468,10
14468,9
14468,11
14468,11
14469,5
14469,10
14469,9
14469,12
14469,12
14469,6
14469,10
14480,6
14487,8
14487,11
14487,9
14487,11
14487,5
14487,9
14487,12
14487,8
14488,11
14488,5
14488,9
14488,12
14488,8
14488,11
14488,5
14488,10
14488,12
14489,7
14489,10
14489,5
14489,10
14489,12
14489,7
14489,10
14496,6
14496,9
14497,8
14497,11
14497,11
14497,7
14497,10
14497,8
14497,12
14497,9
14497,6
14498,10
14498,8
14498,12
14498,8
14498,7
14498,10
14498,9
14498,12
14498,7
14498,7
14499,10
14499,10
14499,12
14499,7
14499,8
14499,10
14499,10
14506,5
14507,7
14507,9
14507,10
14507,11
14507,6
14507,9
14507,9
14507,11
14507,11
14507,5
14508,9
14508,10
14508,11
14508,11
14508,6
14508,10
14508,9
14508,11
14508,12
14509,6
14509,9
14509,9
14509,11
14509,11
14509,6
14509,9
14517,11
14517,10
14517,11
14517,5
14517,9
14517,12
14517,9
14517,11
14517,5
14517,9
14518,12
14518,9
14518,11
14518,6
14518,9
14518,11
14518,8
14518,10
14518,5
14519,10
14519,12
14519,7
14519,10
14519,5
14519,10
14519,11
14529,6
14529,10
14529,10
14529,5
14529,10
14529,5
14536,11
14536,5
14537,8
14537,10
14537,10
14537,11
14537,6
14537,9
14537,10
14537,11
14537,11
14538,6
14538,8
14538,10
14538,11
14538,11
14538,6
14538,9
14538,9
14538,11
14539,12
14539,6
14539,9
14539,9
14539,11
14539,11
14539,6
14546,7
14547,11
14547,10
14547,11
14547,5
14547,8
14547,12
14547,10
14547,11
14547,6
14547,8
14548,11
14548,10
14548,12
14548,6
14548,8
14548,12
14548,10
14548,12
14548,6
14549,8
14549,12
14549,10
14549,12
14549,5
14549,9
14549,11
14557,5
14557,8
14557,12
14557,7
14557,11
14557,5
14557,9
14557,12
14557,7
14557,10
14558,4
14558,10
14558,12
14558,7
14558,10
14558,6
14558,10
14558,12
14558,6
14559,10
14559,6
14559,10
14559,12
14559,6
14559,9
14559,6
14567,6
14567,9
14567,4
14567,10
14567,11
14567,5
14567,9
14567,6
14567,10
14568,11
14568,6
14568,9
14568,6
14568,11
14568,11
14568,6
14568,9
14568,6
14569,12
14569,11
14569,6
14569,9
14569,7
14569,11
14569,12
14583,6
14588,5
14588,10
14588,8
14589,11
14589,8
14589,6
14589,11
14589,9
14589,11
14589,8
14596,9
14596,7
14597,11
14597,11
14597,6
14597,9
14597,8
14597,12
14597,11
14597,6
14597,10
14597,8
14598,12
14598,11
14598,6
14598,10
14598,8
14598,12
14598,11
14598,7
14598,9
14599,8
14599,12
14599,10
14599,6
14599,10
14599,8
14599,12
14607,5
14607,9
14607,9
14607,11
14607,9
14607,6
14607,10
14607,9
14607,11
14607,11
14608,6
14608,10
14608,9
14608,11
14608,10
14608,6
14608,10
14608,9
14608,13
14609,9
14609,4
14609,10
14609,9
14609,12
14609,9
14609,5
14617,9
14617,8
14617,11
14617,9
14617,6
14617,10
14617,8
14617,11
14617,10
14618,6
14618,10
14618,8
14618,12
14618,9
14618,6
14618,10
14618,9
14618,12
14619,8
14619,6
14619,10
14619,9
14619,11
14619,8
14619,7
14629,11
14629,7
14629,11
14629,6
14629,7
14629,11
14629,10
14637,9
14637,11
14637,5
14637,9
14637,12
14637,8
14637,11
14637,5
14637,9
14637,12
14638,7
14638,10
14638,5
14638,10
14638,12
14638,7
14638,10
14638,7
14638,10
14639,11
14639,7
14639,10
14639,5
14639,10
14639,12
14639,6
14647,4
14647,10
14647,10
14647,6
14647,10
14647,5
14647,11
14647,11
14647,6
14647,9
14648,5
14648,12
14648,11
14648,6
14648,10
14648,6
14648,11
14648,12
14648,6
14649,9
14649,6
14649,11
14649,12
14649,6
14649,9
14649,6
14657,8
14657,11
14657,11
14657,5
14657,11
14657,8
14657,11
14657,10
14657,5
14658,10
14658,9
14658,12
14658,10
14658,6
14658,10
14658,9
14658,12
14658,11
14659,5
14659,10
14659,9
14659,11
14659,10
14659,6
14659,11
14667,7
14667,9
14667,10
14667,12
14667,6
14667,8
14667,10
14667,11
14667,12
14668,6
14668,9
14668,10
14668,10
14668,12
14668,6
14668,9
14668,9
14668,11
14669,12
14669,6
14669,9
14669,9
14669,11
14669,11
14669,6
14679,5
14679,9
14679,9
14679,11
14679,9
14687,10
14687,8
14687,11
14687,10
14687,5
14687,11
14687,8
14687,12
14687,9
14688,6
14688,11
14688,9
14688,11
14688,7
14688,6
14688,11
14688,9
14688,11
14688,6
14689,7
14689,12
14689,10
14689,12
14689,6
14689,7
14689,12
14697,11
14697,11
14697,6
14697,9
14697,9
14697,11
14697,9
14697,6
14697,10
14698,9
14698,12
14698,11
14698,6
14698,10
14698,8
14698,13
14698,10
14698,6
14699,10
14699,9
14699,11
14699,9
14699,5
14699,11
14699,9
14707,9
14707,8
14707,11
14707,8
14707,6
14707,10
14707,8
14707,10
14708,7
14708,7
14708,10
14708,9
14708,12
14708,7
14708,7
14708,10
14708,10
14708,12
14709,7
14709,8
14709,10
14709,10
14709,12
14709,6
14709,8
14717,5
14717,8
14717,11
14717,10
14717,11
14717,5
14718,9
14718,11
14718,8
14718,11
14718,5
14718,9
14718,10
14718,9
14718,12
14718,5
14719,10
14719,12
14719,8
14719,10
14719,5
14719,10
14719,11
14727,10
14727,6
14727,8
14727,9
14727,11
14728,11
14728,6
14728,9
14728,9
14728,11
14728,11
14728,6
14728,9
14728,9
14729,11
14729,12
14729,6
14729,9
14729,9
14729,11
14729,11
14733,6
14733,11
14733,10
14734,6
14734,9
14734,7
14734,12
14734,12
14734,6
14734,10
14734,7
14734,11
14735,11
14735,6
14735,10
14735,8
14735,12
14735,10
14735,6
14735,10
14735,8
14735,11
14736,9
14736,6
14736,10
14736,9
14736,12
14736,9
14736,6
14736,10
14736,10
14737,11
14737,9
14737,7
14737,10
14737,9
14737,12
14737,8
14737,8
14737,10
14737,10
14738,12
14738,6
14738,8
14738,10
14738,11
14738,12
14738,6
14738,8
14738,9
14739,11
14739,12
14739,6
14739,9
14739,9
14739,11
14739,12
14747,4
14747,6
14747,11
14747,10
14747,11
14747,5
14747,7
14748,11
14748,10
14748,10
14748,6
14748,9
14748,12
14748,10
14748,11
14748,5
14749,8
14749,12
14749,9
14749,12
14749,5
14749,9
14749,12
14757,8
14757,11
14757,9
14757,6
14757,10
14757,8
14757,12
14757,8
14757,6
14757,11
14758,9
14758,11
14758,7
14758,6
14758,11
14758,9
14758,12
14758,7
14758,7
14759,12
14759,10
14759,11
14759,6
14759,8
14759,12
14759,10
14767,9
14767,5
14767,10
14767,9
14767,11
14767,8
14768,7
14768,11
14768,9
14768,11
14768,7
14768,7
14768,11
14768,9
14768,11
14769,6
14769,8
14769,12
14769,9
14769,12
14769,6
14769,9
14778,11
14778,6
14778,8
14779,7
14779,11
14779,11
14779,7
14779,9
14779,7
14779,11
14783,7
14783,11
14783,5
14784,9
14784,11
14784,8
14784,10
14784,5
14784,9
14784,12
14784,7
14784,11
14785,5
14785,10
14785,11
14785,7
14785,10
14785,7
14785,11
14785,12
14785,6
14785,9
14786,5
14786,11
14786,11
14786,6
14786,9
14786,6
14786,11
14786,11
14786,6
14787,9
14787,6
14787,10
14787,12
14787,7
14787,9
14787,7
14787,12
14787,12
14788,7
14788,9
14788,7
14788,12
14788,11
14788,7
14788,10
14788,8
14788,12
14788,12
14789,7
14789,10
14789,8
14789,12
14789,11
14789,6
14789,10
14792,11
14792,5
14792,7
14793,11
14793,9
14793,11
14793,6
14793,8
14793,11
14793,8
14793,11
14793,6
14794,8
14794,11
14794,10
14794,11
14794,6
14794,8
14794,12
14794,10
14794,11
14794,6
14795,8
14795,12
14795,10
14795,12
14795,6
14795,8
14795,12
14795,11
14795,11
14796,6
14796,8
14796,12
14796,11
14796,11
14796,6
14796,9
14796,12
14796,9
14796,10
14797,5
14797,9
14797,11
14797,8
14797,11
14797,5
14797,9
14797,12
14797,6
14798,10
14798,6
14798,10
14798,11
14798,6
14798,10
14798,6
14798,11
14798,12
14799,6
14799,9
14799,6
14799,11
14799,12
14799,6
14799,8
14801,11
14801,6
14801,10
14801,5
14801,10
14802,12
14802,7
14802,10
14802,6
14802,10
14802,11
14802,6
14802,9
14802,6
14802,11
14803,12
14803,6
14803,9
14803,7
14803,11
14803,11
14803,6
14803,9
14803,7
14804,12
14804,12
14804,7
14804,8
14804,7
14804,12
14804,11
14804,7
14804,9
14804,7
14805,12
14805,12
14805,7
14805,10
14805,7
14805,12
14805,11
14805,6
14805,10
14806,8
14806,12
14806,11
14806,6
14806,9
14806,8
14806,12
14806,10
14806,6
14807,10
14807,9
14807,12
14807,10
14807,6
14807,10
14807,8
14807,12
14807,9
14807,6
14808,10
14808,9
14808,12
14808,9
14808,7
14808,10
14808,9
14808,12
14808,7
14809,7
14809,10
14809,10
14809,12
14809,6
14809,7
14809,9
14811,9
14811,11
14811,11
14811,5
14811,10
14812,9
14812,11
14812,11
14812,6
14812,9
14812,9
14812,11
14812,12
14812,6
14812,9
14813,9
14813,11
14813,12
14813,6
14813,10
14813,9
14813,11
14813,11
14813,6
14814,11
14814,7
14814,11
14814,10
14814,5
14814,11
14814,9
14814,12
14814,10
14814,5
14815,11
14815,9
14815,12
14815,9
14815,5
14815,11
14815,9
14815,12
14815,8
14816,5
14816,11
14816,9
14816,12
14816,7
14816,7
14816,11
14816,9
14816,12
14816,6
14817,7
14817,11
14817,10
14817,12
14817,7
14817,8
14817,12
14817,10
14817,12
14818,7
14818,7
14818,12
14818,10
14818,11
14818,6
14818,8
14818,12
14818,10
14819,12
14819,6
14819,8
14819,12
14819,10
14819,11
14819,6
14828,9
14829,8
14829,11
14829,11
14829,5
14829,9
14829,9
14829,11
14831,10
14831,11
14831,6
14831,9
14831,9
14831,11
14831,11
14831,5
14831,9
14832,9
14832,11
14832,11
14832,6
14832,10
14832,8
14832,10
14832,10
14832,6
14832,11
14833,9
14833,11
14833,9
14833,6
14833,11
14833,9
14833,11
14833,8
14833,6
14834,11
14834,9
14834,12
14834,7
14834,7
14834,11
14834,10
14834,12
14834,6
14835,8
14835,12
14835,10
14835,12
14835,6
14835,8
14835,12
14835,10
14835,11
14835,6
14836,9
14836,12
14836,10
14836,11
14836,5
14836,9
14836,12
14836,9
14836,10
14837,5
14837,9
14837,12
14837,8
14837,10
14837,5
14837,9
14837,12
14837,7
14837,11
14838,5
14838,10
14838,12
14838,7
14838,10
14838,5
14838,10
14838,12
14838,6
14839,10
14839,5
14839,11
14839,12
14839,7
14839,9
14839,5
14841,9
14841,5
14841,9
14841,11
14841,7
14842,10
14842,4
14842,10
14842,12
14842,7
14842,10
14842,5
14842,11
14842,12
14842,6
14843,10
14843,7
14843,9
14843,12
14843,6
14843,9
14843,6
14843,12
14843,11
14844,7
14844,9
14844,6
14844,12
14844,11
14844,7
14844,9
14844,7
14844,12
14845,11
14845,6
14845,9
14845,7
14845,12
14845,11
14845,6
14845,9
14845,7
14845,12
14846,11
14846,6
14846,10
14846,8
14846,12
14846,12
14846,6
14846,10
14846,8
14847,12
14847,12
14847,7
14847,10
14847,8
14847,12
14847,12
14847,6
14847,10
14847,9
14848,12
14848,11
14848,6
14848,10
14848,8
14848,12
14848,11
14848,7
14848,10
14849,9
14849,11
14849,10
14849,6
14849,10
14849,8
14849,12
14851,5
14851,8
14851,12
14851,10
14851,11
14852,6
14852,8
14852,11
14852,9
14852,11
14852,6
14852,9
14852,12
14852,9
14853,11
14853,4
14853,9
14853,12
14853,9
14853,12
14853,5
14853,9
14853,12
14853,9
14854,12
14854,5
14854,9
14854,11
14854,8
14854,11
14854,5
14854,9
14854,12
14855,8
14855,10
14855,5
14855,10
14855,12
14855,7
14855,11
14855,5
14855,10
14855,12
14856,7
14856,10
14856,5
14856,11
14856,12
14856,7
14856,10
14856,5
14856,11
14857,12
14857,6
14857,9
14857,6
14857,11
14857,12
14857,6
14857,8
14857,6
14857,11
14858,12
14858,6
14858,9
14858,6
14858,11
14858,11
14858,6
14858,9
14858,6
14859,12
14859,12
14859,6
14859,9
14859,6
14859,12
14859,12
14861,11
14861,8
14861,11
14861,6
14861,6
14862,11
14862,9
14862,11
14862,7
14862,6
14862,11
14862,9
14862,12
14862,6
14862,6
14863,12
14863,9
14863,12
14863,6
14863,7
14863,12
14863,10
14863,12
14863,6
14864,8
14864,12
14864,9
14864,11
14864,6
14864,7
14864,12
14864,10
14864,11
14865,6
14865,8
14865,11
14865,10
14865,12
14865,6
14865,8
14865,12
14865,7
14865,12
14866,6
14866,8
14866,13
14866,7
14866,12
14866,6
14866,9
14866,12
14866,8
14867,12
14867,5
14867,9
14867,12
14867,9
14867,8
14867,5
14867,9
14867,12
14867,8
14868,12
14868,5
14868,10
14868,12
14868,9
14868,11
14868,5
14868,10
14868,12
14869,8
14869,11
14869,5
14869,10
14869,12
14869,7
14869,10
14875,9
14875,7
14875,11
14875,11
14875,6
14875,9
14875,7
14875,12
14876,11
14876,6
14876,9
14876,8
14876,11
14876,13
14876,6
14876,9
14876,8
14877,12
14877,9
14877,6
14877,10
14877,8
14877,12
14877,10
14877,6
14877,10
14877,8
14878,12
14878,9
14878,7
14878,10
14878,9
14878,11
14878,7
14878,7
14878,10
14879,9
14879,12
14879,7
14879,7
14879,10
14879,10
14879,12
14881,8
14881,9
14881,10
14881,11
14881,6
14881,8
14881,10
14881,10
14881,11
14882,6
14882,8
14882,9
14882,11
14882,12
14882,6
14882,8
14882,10
14882,11
14882,11
14883,6
14883,8
14883,10
14883,11
14883,11
14883,6
14883,9
14883,10
14883,11
14884,12
14884,5
14884,8
14884,9
14884,11
14884,12
14884,6
14884,9
14884,9
14884,11
14885,12
14885,6
14885,9
14885,9
14885,12
14885,12
14885,5
14885,10
14885,9
14886,12
14886,8
14886,6
14886,10
14886,9
14886,11
14886,9
14886,6
14886,11
14886,9
14887,11
14887,10
14887,6
14887,10
14887,9
14887,12
14887,10
14887,6
14887,10
14888,9
14888,12
14888,10
14888,6
14888,11
14888,9
14888,12
14888,8
14888,8
14889,11
14889,9
14889,11
14889,9
14889,6
14889,11
14889,9
14891,11
14891,6
14891,9
14891,7
14891,12
14891,11
14892,6
14892,9
14892,7
14892,12
14892,8
14892,6
14892,10
14892,8
14892,12
14893,10
14893,6
14893,10
14893,8
14893,12
14893,9
14893,6
14893,10
14893,9
14894,12
14894,9
14894,8
14894,10
14894,9
14894,12
14894,7
14894,7
14894,10
14894,8
14895,12
14895,8
14895,7
14895,9
14895,9
14895,12
14895,7
14895,7
14895,10
14896,8
14896,11
14896,7
14896,7
14896,10
14896,11
14896,12
14896,6
14896,8
14896,10
14897,10
14897,11
14897,6
14897,8
14897,10
14897,11
14897,12
14897,6
14897,9
14898,10
14898,11
14898,11
14898,6
14898,8
14898,10
14898,11
14898,12
14898,6
14898,9
14899,9
14899,11
14899,11
14899,6
14899,9
14899,9
14901,7
14901,11
14901,9
14901,11
14901,6
14901,8
14901,11
14902,10
14902,11
14902,5
14902,8
14902,12
14902,10
14902,12
14902,5
14902,9
14903,12
14903,9
14903,11
14903,7
14903,9
14903,12
14903,9
14903,8
14903,5
14904,9
14904,12
14904,8
14904,11
14904,6
14904,10
14904,12
14904,7
14904,10
14904,5
14905,10
14905,12
14905,7
14905,10
14905,5
14905,10
14905,12
14905,7
14905,10
14906,5
14906,12
14906,11
14906,6
14906,9
14906,6
14906,11
14906,12
14906,6
14906,9
14907,6
14907,11
14907,12
14907,6
14907,9
14907,7
14907,11
14907,11
14907,7
14908,9
14908,7
14908,11
14908,12
14908,6
14908,9
14908,7
14908,12
14908,11
14908,7
14909,10
14909,7
14909,12
14909,11
14909,7
14909,9
14911,5
14911,7
14911,11
14911,9
14911,11
14911,6
14912,7
14912,11
14912,10
14912,12
14912,6
14912,8
14912,11
14912,10
14912,11
14912,6
14913,8
14913,12
14913,10
14913,11
14913,5
14913,9
14913,12
14913,10
14913,11
14914,6
14914,9
14914,12
14914,10
14914,11
14914,5
14914,8
14914,12
14914,8
14914,11
14915,6
14915,9
14915,12
14915,8
14915,11
14915,5
14915,10
14915,12
14915,7
14916,10
14916,5
14916,10
14916,12
14916,7
14916,9
14916,5
14916,11
14916,12
14916,6
14917,9
14917,6
14917,11
14917,11
14917,7
14917,9
14917,6
14917,12
14917,12
14918,6
14918,9
14918,6
14918,12
14918,11
14918,6
14918,9
14918,8
14918,11
14919,12
14919,6
14919,9
14919,7
14919,11
14919,11
14919,7
14929,8
14929,9
14929,11
14929,11
14929,5
14929,8
14931,11
14931,11
14931,6
14931,10
14931,7
14931,11
14931,9
14931,6
14931,10
14932,8
14932,11
14932,10
14932,6
14932,9
14932,9
14932,11
14932,11
14932,7
14933,10
14933,8
14933,12
14933,9
14933,6
14933,10
14933,9
14933,12
14933,8
14933,7
14934,10
14934,8
14934,12
14934,9
14934,7
14934,10
14934,9
14934,12
14934,8
14935,6
14935,10
14935,9
14935,12
14935,7
14935,7
14935,10
14935,9
14935,12
14935,8
14936,7
14936,10
14936,10
14936,12
14936,8
14936,7
14936,10
14936,9
14936,12
14937,6
14937,8
14937,10
14937,10
14937,12
14937,6
14937,8
14937,10
14937,11
14937,12
14938,7
14938,8
14938,10
14938,11
14938,12
14938,6
14938,9
14938,9
14938,11
14939,12
14939,6
14939,9
14939,10
14939,11
14939,11
14939,6
14947,4
14947,10
14947,11
14947,6
14947,10
14947,5
14948,10
14948,12
14948,6
14948,9
14948,6
14948,11
14948,11
14948,6
14948,9
14948,6
14949,11
14949,12
14949,5
14949,9
14949,7
14949,11
14949,11
14957,11
14957,5
14957,8
14957,10
14957,10
14957,11
14957,5
14958,8
14958,10
14958,11
14958,12
14958,6
14958,8
14958,10
14958,11
14958,12
14959,6
14959,9
14959,9
14959,12
14959,12
14959,6
14959,9
14967,11
14967,6
14967,9
14967,8
14968,11
14968,12
14968,6
14968,10
14968,9
14968,11
14968,11
14968,6
14968,10
14968,9
14969,12
14969,12
14969,6
14969,10
14969,9
14969,11
14969,12
14978,9
14978,6
14978,10
14978,11
14979,6
14979,8
14979,6
14979,11
14979,11
14979,6
14979,8
14987,6
14987,9
14987,6
14987,11
14987,11
14987,6
14988,10
14988,6
14988,11
14988,11
14988,6
14988,9
14988,7
14988,12
14988,11
14989,6
14989,9
14989,8
14989,12
14989,12
14989,6
14989,9
14996,11
14997,11
14997,6
14997,9
14997,7
14997,11
14997,11
14997,6
14997,9
14997,8
14998,12
14998,12
14998,6
14998,9
14998,7
14998,12
14998,12
14998,6
14998,10
14998,8
14999,11
14999,11
14999,7
14999,10
14999,8
14999,12
14999,9
15006,11
15006,6
15006,9
15006,6
15006,11
15006,11
15006,6
15007,9
15007,7
15007,12
15007,11
15007,6
15007,9
15007,7
15007,12
15007,11
15007,6
15008,10
15008,8
15008,11
15008,11
15008,6
15008,10
15008,8
15008,12
15008,10
15009,6
15009,11
15009,9
15009,12
15009,8
15009,7
15009,10
15016,6
15016,9
15017,8
15017,12
15017,6
15017,7
15017,10
15017,10
15017,11
15017,6
15017,7
15018,10
15018,10
15018,12
15018,7
15018,8
15018,10
15018,10
15018,12
15018,6
15018,8
15019,10
15019,10
15019,12
15019,6
15019,8
15019,9
15019,10
15027,11
15028,6
15028,9
15028,5
15028,10
15028,11
15028,6
15028,8
15028,6
15028,11
15029,11
15029,6
15029,10
15029,5
15029,11
15029,11
15029,6
15036,9
15036,7
15037,11
15037,11
15037,6
15037,9
15037,7
15037,11
15037,11
15037,6
15037,9
15038,8
15038,12
15038,11
15038,6
15038,10
15038,8
15038,12
15038,11
15038,6
15038,10
15039,8
15039,12
15039,9
15039,6
15039,10
15039,9
15039,12
15046,10
15046,11
15046,5
15046,8
15046,10
15046,11
15046,11
15047,6
15047,9
15047,9
15047,11
15047,12
15047,6
15047,9
15047,10
15047,11
15047,11
15048,6
15048,10
15048,9
15048,11
15048,12
15048,6
15048,9
15048,8
15048,12
15049,12
15049,6
15049,10
15049,10
15049,11
15049,12
15049,5
15056,7
15056,10
15056,4
15056,9
15056,11
15056,6
15056,9
15056,5
15056,10
15057,12
15057,6
15057,12
15057,5
15057,10
15057,12
15057,7
15057,10
15057,5
15057,10
15058,12
15058,7
15058,9
15058,5
15058,11
15058,12
15058,6
15058,10
15058,6
15059,10
15059,12
15059,6
15059,9
15059,7
15059,11
15059,11
15066,8
15066,6
15066,10
15066,11
15066,6
15066,8
15066,6
15067,11
15067,11
15067,6
15067,9
15067,7
15067,12
15067,11
15067,7
15067,9
15068,7
15068,11
15068,11
15068,6
15068,10
15068,7
15068,12
15068,11
15068,7
15068,10
15069,7
15069,12
15069,11
15069,6
15069,9
15069,8
15069,11
15078,6
15078,9
15078,5
15078,10
15078,10
15079,6
15079,10
15079,5
15079,10
15079,12
15079,6
15086,11
15086,9
15086,11
15086,5
15086,8
15086,11
15087,11
15087,11
15087,5
15087,9
15087,12
15087,9
15087,11
15087,6
15087,9
15088,12
15088,8
15088,11
15088,5
15088,10
15088,12
15088,7
15088,10
15088,5
15088,10
15089,12
15089,7
15089,10
15089,7
15089,11
15089,12
15089,6
15096,5
15096,7
15096,11
15096,10
15096,11
15097,5
15097,8
15097,11
15097,10
15097,11
15097,5
15097,8
15097,12
15097,9
15098,12
15098,6
15098,8
15098,11
15098,9
15098,12
15098,5
15098,8
15098,12
15098,9
15099,12
15099,5
15099,9
15099,12
15099,8
15099,9
15099,5
15106,7
15106,11
15106,8
15106,11
15106,5
15106,7
15107,12
15107,10
15107,11
15107,6
15107,7
15107,12
15107,10
15107,11
15107,6
15107,8
15108,12
15108,10
15108,11
15108,6
15108,8
15108,12
15108,9
15108,11
15108,5
15109,8
15109,12
15109,9
15109,11
15109,5
15109,9
15109,11
15115,8
15115,5
15115,10
15115,7
15115,11
15116,9
15116,5
15116,10
15116,9
15116,9
15116,7
15116,6
15116,12
15116,9
15117,12
15117,7
15117,6
15117,12
15117,10
15117,11
15117,6
15117,8
15117,12
15117,9
15118,12
15118,6
15118,8
15118,12
15118,10
15118,13
15118,6
15118,8
15118,12
15119,10
15119,11
15119,6
15119,7
15119,12
15119,10
15119,11
15132,8
15136,10
15136,5
15136,10
15136,9
15136,11
15136,9
15137,5
15137,10
15137,9
15137,11
15137,9
15137,6
15137,11
15137,8
15137,11
15138,9
15138,5
15138,11
15138,10
15138,12
15138,8
15138,6
15138,11
15138,9
15139,11
15139,8
15139,6
15139,11
15139,9
15139,12
15139,7
15145,11
15145,9
15145,11
15145,5
15145,8
15145,11
15146,9
15146,11
15146,5
15146,9
15146,12
15146,8
15146,9
15146,5
15146,8
15146,11
15147,7
15147,11
15147,5
15147,10
15147,11
15147,7
15147,10
15147,6
15147,10
15148,12
15148,7
15148,10
15148,5
15148,11
15148,11
15148,6
15148,10
15148,7
15149,11
15149,11
15149,6
15149,8
15149,6
15149,11
15149,12
15153,11
15153,10
15153,6
15153,9
15153,8
15153,12
15153,9
15153,6
15153,10
15154,8
15154,11
15154,8
15154,8
15154,10
15154,9
15154,12
15154,8
15154,7
15154,10
15155,9
15155,12
15155,6
15155,7
15155,10
15155,11
15155,12
15155,6
15155,8
15156,10
15156,9
15156,12
15156,6
15156,8
15156,9
15156,11
15156,11
15156,5
15157,9
15157,9
15157,11
15157,11
15157,6
15157,9
15157,10
15157,11
15157,12
15157,6
15158,10
15158,9
15158,11
15158,12
15158,6
15158,10
15158,9
15158,12
15158,12
15159,6
15159,10
15159,9
15159,11
15159,10
15159,5
15159,11
15164,8
15164,11
15164,10
15164,11
15164,5
15165,9
15165,12
15165,8
15165,11
15165,5
15165,8
15165,12
15165,9
15165,11
15165,5
15166,9
15166,12
15166,8
15166,11
15166,5
15166,9
15166,11
15166,8
15166,10
15167,5
15167,10
15167,12
15167,7
15167,10
15167,5
15167,10
15167,11
15167,6
15167,10
15168,6
15168,11
15168,11
15168,7
15168,9
15168,6
15168,12
15168,11
15168,6
15169,9
15169,7
15169,11
15169,12
15169,6
15169,9
15169,8
