Timestamp (ms),INT_STRAIN4
5169,10
5169,10
5170,10
5170,9
5170,10
5170,10
5170,10
5170,10
5170,9
5170,10
5170,10
5171,10
5171,10
5171,9
5171,10
5171,10
5171,10
5171,10
5171,8
5171,10
5171,9
5172,10
5172,10
5172,9
5172,9
5172,9
5172,11
5172,10
5172,9
5172,9
5173,9
5173,10
5173,10
5173,9
5173,9
5173,9
5173,11
5173,10
5173,9
5174,10
5174,9
5174,10
5174,10
5174,9
5174,10
5174,8
5174,10
5174,10
5174,9
5175,10
5175,7
5175,10
5175,11
5175,10
5175,10
5175,8
5175,10
5175,10
5176,10
5176,10
5176,8
5176,10
5176,10
5176,10
5176,10
5176,9
5176,10
5176,10
5177,10
5177,10
5177,8
5177,10
5177,11
5177,10
5177,10
5177,9
5177,9
5178,11
5178,10
5178,10
5178,9
5178,9
5178,11
5178,10
5178,12
5178,9
5178,9
5179,11
5179,10
5179,10
5179,9
5179,9
5179,11
5179,9
5186,10
5186,8
5186,10
5186,10
5186,10
5186,10
5186,8
5187,10
5187,11
5187,10
5187,10
5187,9
5187,10
5187,10
5187,10
5187,10
5187,9
5188,9
5188,11
5188,10
5188,10
5188,9
5188,9
5188,11
5188,10
5188,10
5189,10
5189,8
5189,10
5189,9
5189,10
5189,10
5189,9
5194,10
5194,9
5194,9
5195,10
5195,10
5195,10
5195,9
5195,9
5195,10
5195,10
5195,10
5195,10
5196,9
5196,10
5196,10
5196,10
5196,10
5196,9
5196,10
5196,10
5196,10
5196,10
5197,9
5197,9
5197,9
5197,10
5197,10
5197,9
5197,10
5197,10
5197,10
5198,10
5198,8
5198,10
5198,9
5198,11
5198,10
5198,9
5198,10
5198,10
5198,11
5199,9
5199,9
5199,10
5199,9
5199,10
5199,10
5199,8
5206,10
5206,10
5206,9
5206,8
5206,11
5206,10
5206,10
5206,8
5207,9
5207,10
5207,10
5207,10
5207,10
5207,9
5207,11
5207,9
5207,10
5207,10
5208,9
5208,11
5208,10
5208,10
5208,10
5208,9
5208,10
5208,10
5208,10
5209,10
5209,9
5209,10
5209,9
5209,10
5209,10
5209,9
5216,11
5216,9
5216,10
5216,9
5216,9
5216,10
5216,10
5216,10
5217,9
5217,10
5217,10
5217,10
5217,10
5217,8
5217,9
5217,10
5217,10
5217,10
5218,8
5218,10
5218,10
5218,10
5218,10
5218,9
5218,10
5218,10
5218,10
5219,11
5219,9
5219,9
5219,11
5219,9
5219,9
5219,9
5235,9
5239,8
5239,10
5239,10
5239,10
5239,9
5245,9
5245,9
5245,10
5245,9
5245,10
5245,10
5245,9
5245,11
5245,10
5246,10
5246,10
5246,9
5246,10
5246,9
5246,10
5246,10
5246,9
5246,9
5247,9
5247,10
5247,10
5247,9
5247,10
5247,10
5247,11
5247,10
5247,9
5247,9
5248,9
5248,10
5248,10
5248,9
5248,10
5248,10
5248,10
5248,10
5248,9
5249,9
5249,10
5249,10
5249,10
5249,9
5249,9
5249,10
5256,10
5256,9
5256,9
5256,11
5256,9
5256,10
5256,10
5256,9
5257,10
5257,9
5257,10
5257,10
5257,9
5257,10
5257,9
5257,10
5257,10
5258,8
5258,10
5258,10
5258,10
5258,11
5258,9
5258,9
5258,10
5258,10
5259,10
5259,9
5259,9
5259,9
5259,10
5259,10
5259,9
5259,9
5266,10
5266,10
5266,9
5266,10
5266,9
5266,10
5266,10
5267,9
5267,10
5267,10
5267,10
5267,10
5267,9
5267,10
5267,9
5267,10
5268,10
5268,9
5268,9
5268,10
5268,10
5268,10
5268,9
5268,9
5268,10
5269,10
5269,10
5269,9
5269,9
5269,11
5269,10
5269,10
5269,10
5281,10
5287,9
5287,10
5287,10
5287,10
5287,10
5287,9
5287,10
5287,11
5287,10
5288,10
5288,9
5288,10
5288,10
5288,10
5288,10
5288,9
5288,9
5288,11
5289,10
5289,10
5289,9
5289,9
5289,11
5289,10
5289,10
5289,8
5293,9
5293,10
5294,10
5294,10
5294,10
5294,8
5294,10
5294,10
5294,10
5294,9
5294,8
5294,10
5295,10
5295,10
5295,10
5295,9
5295,10
5295,10
5295,11
5295,10
5295,8
5296,10
5296,10
5296,10
5296,10
5296,9
5296,10
5296,9
5296,10
5296,10
5296,9
5297,10
5297,9
5297,11
5297,9
5297,9
5297,10
5297,9
5297,10
5297,10
5298,9
5298,9
5298,9
5298,10
5298,10
5298,9
5298,10
5298,9
5298,10
5299,9
5299,9
5299,9
5299,9
5299,11
5299,10
5299,9
5299,10
5306,9
5306,9
5306,10
5306,10
5306,11
5306,10
5306,9
5307,9
5307,10
5307,10
5307,11
5307,10
5307,9
5307,10
5307,10
5307,10
5308,10
5308,8
5308,10
5308,10
5308,10
5308,9
5308,9
5308,10
5308,10
5308,10
5309,10
5309,9
5309,10
5309,10
5309,10
5309,10
5309,9
5316,9
5316,10
5316,9
5316,11
5316,10
5317,9
5317,10
5317,10
5317,10
5317,10
5317,9
5317,9
5317,10
5317,10
5317,10
5318,9
5318,9
5318,10
5318,10
5318,10
5318,9
5318,9
5318,10
5318,10
5319,10
5319,9
5319,9
5319,10
5319,10
5319,10
5319,9
5331,11
5337,9
5337,10
5337,10
5337,9
5337,10
5338,10
5338,10
5338,10
5338,8
5338,10
5338,9
5338,10
5338,10
5338,9
5339,10
5339,9
5339,10
5339,10
5339,8
5339,9
5339,9
5339,10
5345,10
5345,10
5345,10
5345,9
5345,10
5346,10
5346,10
5346,11
5346,9
5346,10
5346,11
5346,10
5346,10
5346,9
5347,9
5347,11
5347,10
5347,10
5347,9
5347,9
5347,11
5347,9
5347,10
5347,9
5348,8
5348,11
5348,10
5348,10
5348,9
5348,9
5348,11
5348,10
5348,10
5349,10
5349,8
5349,10
5349,10
5349,9
5349,10
5349,9
5356,8
5356,10
5356,10
5356,10
5356,10
5357,9
5357,10
5357,10
5357,10
5357,10
5357,8
5357,10
5357,11
5357,10
5357,10
5358,8
5358,10
5358,10
5358,9
5358,10
5358,8
5358,9
5358,10
5358,10
5359,10
5359,9
5359,9
5359,10
5359,10
5359,10
5359,9
5359,10
5366,10
5366,10
5366,9
5366,10
5366,10
5367,10
5367,10
5367,9
5367,10
5367,11
5367,10
5367,10
5367,9
5367,10
5368,11
5368,10
5368,10
5368,9
5368,10
5368,11
5368,10
5368,10
5368,9
5368,9
5369,11
5369,10
5369,10
5369,9
5369,9
5369,10
5369,10
5381,10
5387,10
5387,9
5387,10
5387,8
5387,9
5387,11
5388,10
5388,11
5388,9
5388,9
5388,11
5388,9
5388,10
5388,9
5388,9
5388,11
5389,9
5389,10
5389,9
5389,9
5389,11
5389,10
5389,10
5395,10
5395,11
5395,10
5395,9
5395,10
5395,10
5395,10
5395,10
5395,9
5396,9
5396,9
5396,11
5396,10
5396,9
5396,10
5396,8
5396,10
5396,11
5397,9
5397,10
5397,8
5397,10
5397,10
5397,10
5397,9
5397,8
5397,10
5397,10
5398,9
5398,10
5398,9
5398,10
5398,10
5398,10
5398,10
5398,9
5398,10
5399,11
5399,10
5399,10
5399,9
5399,10
5399,11
5399,10
5406,10
5406,8
5406,10
5406,9
5406,9
5407,10
5407,8
5407,10
5407,10
5407,11
5407,10
5407,8
5407,10
5407,10
5407,10
5408,11
5408,8
5408,10
5408,11
5408,10
5408,10
5408,9
5408,10
5408,11
5409,10
5409,10
5409,9
5409,9
5409,11
5409,10
5409,10
5416,9
5416,10
5416,10
5416,11
5416,9
5417,9
5417,10
5417,10
5417,10
5417,9
5417,9
5417,10
5417,10
5417,10
5417,9
5418,8
5418,9
5418,10
5418,10
5418,10
5418,9
5418,10
5418,10
5418,10
5419,9
5419,9
5419,10
5419,10
5419,10
5419,10
5419,9
5434,8
5439,10
5439,9
5439,10
5439,10
5439,9
5439,9
5439,8
5439,11
5445,10
5445,10
5445,10
5445,9
5445,8
5446,10
5446,9
5446,10
5446,10
5446,8
5446,9
5446,9
5446,10
5446,10
5446,8
5447,9
5447,9
5447,11
5447,10
5447,9
5447,10
5447,9
5447,10
5447,10
5448,9
5448,10
5448,8
5448,10
5448,10
5448,9
5448,10
5448,9
5448,11
5448,10
5449,10
5449,10
5449,8
5449,10
5449,10
5449,10
5449,11
5456,10
5456,9
5456,9
5456,10
5457,10
5457,10
5457,9
5457,9
5457,9
5457,10
5457,10
5457,9
5457,9
5458,11
5458,10
5458,10
5458,9
5458,9
5458,10
5458,10
5458,10
5458,10
5458,8
5459,10
5459,10
5459,10
5459,9
5459,8
5459,10
5459,10
5466,10
5466,9
5466,10
5467,10
5467,10
5467,10
5467,9
5467,9
5467,10
5467,10
5467,10
5467,8
5467,10
5468,11
5468,10
5468,10
5468,9
5468,10
5468,11
5468,10
5468,10
5468,9
5469,10
5469,10
5469,10
5469,10
5469,9
5469,10
5469,10
5481,10
5487,9
5487,10
5487,10
5488,10
5488,10
5488,9
5488,10
5488,11
5488,9
5488,11
5488,9
5488,9
5488,11
5489,10
5489,10
5489,9
5489,9
5489,11
5489,10
5489,10
5494,9
5494,10
5495,9
5495,11
5495,10
5495,9
5495,9
5495,9
5495,10
5495,10
5495,9
5496,10
5496,8
5496,10
5496,10
5496,9
5496,10
5496,8
5496,10
5496,10
5496,9
5497,10
5497,8
5497,10
5497,10
5497,10
5497,10
5497,9
5497,10
5497,11
5498,9
5498,10
5498,8
5498,10
5498,10
5498,10
5498,10
5498,8
5498,10
5498,10
5499,10
5499,10
5499,9
5499,9
5499,10
5499,10
5499,10
5506,10
5506,10
5506,9
5507,10
5507,8
5507,10
5507,10
5507,10
5507,10
5507,9
5507,10
5507,10
5508,10
5508,10
5508,8
5508,10
5508,10
5508,10
5508,10
5508,8
5508,11
5508,11
5509,10
5509,10
5509,9
5509,10
5509,10
5509,10
5509,10
5516,10
5516,10
5516,10
5517,9
5517,10
5517,10
5517,10
5517,10
5517,9
5517,10
5517,10
5517,11
5518,10
5518,8
5518,10
5518,9
5518,11
5518,10
5518,9
5518,10
5518,9
5518,10
5519,10
5519,9
5519,9
5519,9
5519,10
5519,10
5519,8
5531,10
5537,10
5537,10
5538,9
5538,10
5538,8
5538,10
5538,10
5538,10
5538,10
5538,9
5538,10
5538,11
5539,10
5539,10
5539,9
5539,9
5539,11
5539,10
5539,10
5545,10
5545,9
5545,10
5545,8
5545,11
5545,10
5546,9
5546,10
5546,8
5546,10
5546,10
5546,10
5546,10
5546,8
5546,10
5546,10
5547,10
5547,10
5547,8
5547,10
5547,10
5547,10
5547,10
5547,8
5547,9
5548,11
5548,10
5548,10
5548,9
5548,10
5548,11
5548,10
5548,10
5548,9
5548,9
5549,11
5549,10
5549,10
5549,9
5549,9
5549,11
5549,9
5556,10
5556,10
5556,9
5557,10
5557,10
5557,10
5557,11
5557,9
5557,9
5557,10
5557,10
5557,10
5558,10
5558,9
5558,10
5558,10
5558,11
5558,10
5558,8
5558,10
5558,10
5559,9
5559,9
5559,8
5559,9
5559,9
5559,10
5559,10
5559,8
5566,10
5567,9
5567,10
5567,10
5567,10
5567,9
5567,9
5567,10
5567,10
5567,10
5567,10
5568,8
5568,10
5568,10
5568,10
5568,10
5568,9
5568,10
5568,10
5568,10
5569,10
5569,8
5569,10
5569,10
5569,10
5569,10
5569,8
5569,10
5582,10
5588,10
5588,10
5588,10
5588,9
5588,11
5588,10
5588,10
5588,9
5588,9
5589,10
5589,10
5589,10
5589,9
5589,9
5589,11
5589,9
5594,10
5594,10
5594,10
5594,8
5594,9
5594,10
5595,10
5595,10
5595,8
5595,10
5595,11
5595,10
5595,10
5595,8
5595,9
5596,10
5596,11
5596,10
5596,8
5596,9
5596,11
5596,10
5596,10
5596,9
5596,9
5597,11
5597,9
5597,10
5597,9
5597,9
5597,11
5597,10
5597,10
5597,9
5598,9
5598,11
5598,9
5598,10
5598,9
5598,8
5598,11
5598,10
5598,11
5598,10
5599,8
5599,10
5599,9
5599,10
5599,10
5599,9
5599,11
5606,10
5607,9
5607,10
5607,9
5607,10
5607,10
5607,8
5607,10
5607,8
5607,11
5607,10
5608,9
5608,9
5608,9
5608,11
5608,10
5608,9
5608,10
5608,8
5608,10
5609,10
5609,9
5609,9
5609,8
5609,11
5609,10
5609,9
5609,10
5616,10
5617,11
5617,10
5617,8
5617,10
5617,10
5617,10
5617,10
5617,8
5617,10
5618,10
5618,10
5618,10
5618,8
5618,10
5618,10
5618,10
5618,10
5618,9
5618,10
5619,10
5619,10
5619,10
5619,9
5619,10
5619,10
5619,11
5632,9
5638,11
5638,9
5638,10
5638,10
5638,9
5638,10
5638,8
5639,10
5639,10
5639,10
5639,10
5639,8
5639,10
5639,10
5644,10
5645,9
5645,10
5645,9
5645,10
5645,10
5645,9
5645,10
5645,10
5645,10
5646,10
5646,9
5646,9
5646,10
5646,10
5646,10
5646,9
5646,9
5646,10
5646,10
5647,10
5647,9
5647,9
5647,10
5647,10
5647,10
5647,8
5647,9
5647,10
5648,10
5648,11
5648,9
5648,9
5648,10
5648,11
5648,11
5648,8
5648,9
5649,10
5649,10
5649,10
5649,10
5649,8
5649,10
5649,10
5649,10
5657,10
5657,8
5657,10
5657,10
5657,9
5657,10
5657,8
5657,10
5657,11
5658,10
5658,10
5658,8
5658,9
5658,9
5658,9
5658,12
5658,8
5658,10
5658,10
5659,9
5659,10
5659,8
5659,10
5659,10
5659,9
5659,10
5667,8
5667,10
5667,9
5667,11
5667,10
5667,8
5667,10
5667,9
5667,10
5667,10
5668,9
5668,9
5668,10
5668,10
5668,9
5668,9
5668,9
5668,10
5668,10
5669,10
5669,9
5669,9
5669,10
5669,10
5669,10
5669,9
5684,10
5689,10
5693,9
5693,10
5693,10
5694,10
5694,9
5694,9
5694,10
5694,9
5694,10
5694,9
5694,9
5694,9
5695,9
5695,10
5695,10
5695,8
5695,9
5695,9
5695,11
5695,10
5695,9
5695,9
5696,9
5696,10
5696,10
5696,9
5696,10
5696,8
5696,10
5696,10
5696,9
5697,10
5697,8
5697,11
5697,10
5697,10
5697,10
5697,9
5697,11
5697,10
5697,10
5698,10
5698,9
5698,10
5698,10
5698,10
5698,9
5698,8
5698,10
5698,10
5699,10
5699,10
5699,8
5699,10
5699,11
5699,10
5699,10
5707,10
5707,9
5707,10
5707,10
5707,9
5707,9
5707,9
5707,11
5707,10
5708,8
5708,9
5708,9
5708,10
5708,10
5708,9
5708,10
5708,9
5708,10
5709,10
5709,9
5709,10
5709,8
5709,10
5709,10
5709,9
5709,10
5717,9
5717,10
5717,10
5717,10
5717,9
5717,9
5717,10
5717,10
5718,11
5718,10
5718,8
5718,10
5718,10
5718,10
5718,10
5718,9
5718,9
5718,10
5719,10
5719,11
5719,10
5719,10
5719,9
5719,10
5719,10
5732,10
5738,9
5738,9
5738,10
5738,9
5739,10
5739,9
5739,10
5739,10
5739,9
5739,10
5739,8
5745,9
5745,8
5745,11
5745,9
5745,10
5745,10
5745,9
5745,11
5745,10
5746,11
5746,10
5746,9
5746,11
5746,9
5746,10
5746,10
5746,8
5746,10
5747,10
5747,10
5747,10
5747,9
5747,10
5747,9
5747,10
5747,10
5747,9
5747,10
5748,9
5748,10
5748,10
5748,9
5748,10
5748,9
5748,10
5748,10
5748,8
5749,10
5749,9
5749,10
5749,11
5749,9
5749,9
5749,10
5757,10
5757,10
5757,9
5757,10
5757,9
5757,10
5757,10
5757,9
5758,10
5758,8
5758,10
5758,10
5758,9
5758,9
5758,8
5758,10
5758,10
5759,9
5759,10
5759,8
5759,10
5759,10
5759,10
5759,10
5767,9
5767,10
5767,10
5767,10
5767,9
5767,9
5767,9
5767,9
5768,10
5768,9
5768,9
5768,9
5768,9
5768,10
5768,10
5768,9
5768,10
5769,9
5769,10
5769,10
5769,9
5769,10
5769,7
5769,10
5781,8
5788,10
5788,9
5788,9
5788,9
5788,9
5788,11
5788,10
5789,9
5789,9
5789,9
5789,10
5789,10
5789,9
5789,8
5794,10
5794,10
5794,9
5794,9
5794,9
5794,10
5794,10
5794,9
5794,9
5795,9
5795,11
5795,10
5795,9
5795,9
5795,8
5795,10
5795,10
5795,8
5796,10
5796,8
5796,10
5796,10
5796,9
5796,10
5796,9
5796,10
5796,10
5796,9
5797,10
5797,8
5797,10
5797,10
5797,9
5797,10
5797,9
5797,10
5797,10
5798,10
5798,10
5798,8
5798,10
5798,9
5798,10
5798,10
5798,9
5798,10
5799,10
5799,10
5799,11
5799,9
5799,10
5799,11
5799,10
5799,10
5807,10
5807,9
5807,9
5807,11
5807,10
5807,10
5807,9
5808,10
5808,11
5808,10
5808,10
5808,9
5808,8
5808,11
5808,10
5808,10
5808,9
5809,9
5809,11
5809,9
5809,10
5809,10
5809,9
5809,11
5817,9
5817,10
5817,8
5817,11
5817,9
5817,9
5818,9
5818,8
5818,10
5818,10
5818,10
5818,10
5818,8
5818,10
5818,10
5818,8
5819,10
5819,9
5819,10
5819,10
5819,10
5819,10
5819,9
5832,10
5838,10
5839,9
5839,10
5839,10
5839,10
5839,10
5839,9
5839,10
5843,10
5843,8
5844,9
5844,10
5844,10
5844,10
5844,9
5844,9
5844,10
5844,10
5844,11
5845,9
5845,9
5845,10
5845,10
5845,10
5845,9
5845,9
5845,10
5845,10
5846,10
5846,9
5846,9
5846,11
5846,10
5846,11
5846,10
5846,9
5846,10
5846,10
5847,11
5847,10
5847,9
5847,10
5847,10
5847,10
5847,10
5847,9
5847,10
5848,10
5848,10
5848,10
5848,9
5848,10
5848,10
5848,11
5848,10
5848,9
5848,10
5849,9
5849,10
5849,10
5849,9
5849,10
5849,9
5849,10
5857,10
5857,11
5857,10
5857,9
5857,10
5857,10
5857,10
5857,10
5858,8
5858,10
5858,10
5858,10
5858,10
5858,9
5858,9
5858,9
5858,11
5858,10
5859,9
5859,10
5859,10
5859,10
5859,10
5859,8
5859,9
5867,10
5867,10
5867,9
5867,11
5867,9
5867,10
5867,10
5867,9
5868,10
5868,8
5868,10
5868,10
5868,10
5868,10
5868,8
5868,10
5868,11
5868,10
5869,10
5869,9
5869,10
5869,10
5869,10
5869,10
5869,9
5882,8
5888,9
5888,9
5888,10
5889,10
5889,9
5889,9
5889,10
5889,10
5889,10
5889,9
5893,9
5893,8
5893,10
5894,10
5894,10
5894,10
5894,8
5894,10
5894,10
5894,11
5894,10
5894,8
5895,10
5895,10
5895,10
5895,10
5895,9
5895,10
5895,11
5895,10
5895,10
5895,9
5896,9
5896,10
5896,10
5896,10
5896,9
5896,9
5896,10
5896,9
5896,10
5897,9
5897,9
5897,11
5897,10
5897,10
5897,9
5897,9
5897,11
5897,10
5898,10
5898,10
5898,9
5898,10
5898,10
5898,10
5898,10
5898,8
5898,10
5898,10
5899,10
5899,10
5899,9
5899,10
5899,9
5899,11
5899,10
5907,10
5907,10
5907,10
5907,9
5907,9
5907,11
5907,9
5907,10
5908,9
5908,9
5908,11
5908,9
5908,10
5908,9
5908,8
5908,10
5908,9
5908,10
5909,9
5909,9
5909,11
5909,10
5909,10
5909,10
5909,8
5917,8
5917,10
5917,12
5917,10
5917,9
5917,9
5918,10
5918,10
5918,10
5918,9
5918,10
5918,10
5918,10
5918,10
5918,9
5919,10
5919,10
5919,10
5919,10
5919,9
5919,9
5919,9
5935,10
5940,8
5945,10
5945,10
5945,9
5945,10
5945,11
5945,10
5945,10
5946,9
5946,8
5946,11
5946,9
5946,10
5946,9
5946,9
5946,11
5946,10
5946,10
5947,9
5947,9
5947,11
5947,9
5947,11
5947,9
5947,9
5947,10
5947,10
5948,10
5948,10
5948,9
5948,11
5948,10
5948,10
5948,10
5948,9
5948,11
5949,9
5949,10
5949,10
5949,8
5949,11
5949,10
5949,10
5949,10
5957,9
5957,9
5957,9
5957,10
5957,10
5958,9
5958,10
5958,9
5958,10
5958,10
5958,9
5958,10
5958,9
5958,10
5959,10
5959,9
5959,10
5959,8
5959,10
5959,10
5959,9
5967,10
5967,10
5967,10
5967,9
5967,9
5967,9
5968,10
5968,10
5968,9
5968,9
5968,10
5968,10
5968,10
5968,9
5968,9
5968,11
5969,11
5969,10
5969,9
5969,9
5969,10
5969,11
5969,11
5983,10
5989,11
5989,9
5989,11
5989,10
5989,9
5993,9
5993,10
5994,8
5994,10
5994,10
5994,10
5994,10
5994,9
5994,10
5994,10
5994,9
5994,10
5995,9
5995,9
5995,11
5995,10
5995,10
5995,9
5995,10
5995,11
5995,10
5996,10
5996,9
5996,9
5996,11
5996,10
5996,10
5996,9
5996,9
5996,11
5996,10
5997,9
5997,9
5997,9
5997,10
5997,10
5997,10
5997,9
5997,10
5997,10
5998,10
5998,10
5998,9
5998,9
5998,11
5998,10
5998,10
5998,9
5998,9
5999,11
5999,9
5999,10
5999,9
5999,9
5999,11
5999,9
5999,10
6007,10
6007,10
6007,9
6007,10
6007,8
6008,10
6008,10
6008,9
6008,10
6008,8
6008,10
6008,10
6008,9
6008,10
6009,8
6009,11
6009,9
6009,9
6009,9
6009,8
6009,10
6009,10
6017,10
6017,10
6017,9
6017,10
6017,10
6017,10
6017,9
6017,9
6018,11
6018,9
6018,10
6018,10
6018,9
6018,10
6018,10
6018,11
6018,9
6018,9
6019,10
6019,9
6019,10
6019,10
6019,9
6019,10
6019,10
6031,10
6038,10
6038,10
6038,10
6038,10
6039,10
6039,10
6039,9
6039,9
6039,10
6039,10
6039,10
6043,9
6043,10
6043,9
6044,10
6044,10
6044,9
6044,10
6044,8
6044,10
6044,11
6044,10
6044,10
6045,8
6045,10
6045,10
6045,10
6045,10
6045,9
6045,10
6045,10
6045,10
6046,10
6046,9
6046,10
6046,11
6046,10
6046,10
6046,8
6046,10
6046,10
6046,10
6047,10
6047,9
6047,10
6047,11
6047,10
6047,10
6047,9
6047,9
6047,11
6048,10
6048,10
6048,9
6048,9
6048,11
6048,10
6048,10
6048,9
6048,9
6048,11
6049,10
6049,10
6049,9
6049,9
6049,10
6049,10
6049,10
6057,10
6057,10
6057,9
6057,11
6057,10
6057,10
6057,10
6057,9
6058,10
6058,10
6058,10
6058,10
6058,9
6058,11
6058,10
6058,9
6058,10
6059,8
6059,10
6059,9
6059,10
6059,10
6059,9
6059,10
6067,10
6067,10
6067,9
6067,8
6067,11
6067,10
6067,10
6067,10
6067,9
6067,10
6068,10
6068,10
6068,10
6068,8
6068,10
6068,9
6068,10
6068,10
6068,9
6069,11
6069,9
6069,11
6069,10
6069,9
6069,10
6069,9
6082,10
6089,10
6089,8
6089,10
6089,10
6089,10
6089,10
6089,9
6093,9
6093,9
6093,9
6094,10
6094,10
6094,9
6094,9
6094,10
6094,10
6094,10
6094,9
6094,9
6095,9
6095,10
6095,10
6095,9
6095,9
6095,10
6095,10
6095,10
6095,10
6095,9
6096,10
6096,10
6096,10
6096,9
6096,9
6096,10
6096,10
6096,10
6096,9
6097,9
6097,10
6097,10
6097,10
6097,10
6097,9
6097,10
6097,10
6097,10
6097,10
6098,8
6098,10
6098,10
6098,10
6098,10
6098,8
6098,10
6098,10
6098,10
6099,10
6099,9
6099,10
6099,10
6099,11
6099,10
6099,9
6106,10
6106,10
6107,9
6107,9
6107,10
6107,10
6107,10
6107,9
6107,9
6107,10
6107,10
6108,10
6108,10
6108,9
6108,10
6108,10
6108,10
6108,10
6108,9
6108,10
6108,10
6109,10
6109,10
6109,9
6109,10
6109,10
6109,10
6109,10
6116,10
6116,10
6116,10
6117,9
6117,10
6117,10
6117,11
6117,10
6117,9
6117,10
6117,10
6117,10
6118,9
6118,9
6118,10
6118,10
6118,10
6118,10
6118,9
6118,10
6118,10
6118,10
6119,10
6119,8
6119,10
6119,10
6119,10
6119,10
6119,8
6131,10
6138,8
6139,10
6139,9
6139,10
6139,10
6139,9
6139,10
6139,9
6143,10
6143,9
6143,10
6144,9
6144,10
6144,10
6144,9
6144,10
6144,9
6144,10
6144,10
6144,9
6145,10
6145,8
6145,10
6145,10
6145,9
6145,10
6145,8
6145,10
6145,10
6145,10
6146,10
6146,8
6146,10
6146,11
6146,10
6146,10
6146,8
6146,10
6146,10
6147,10
6147,10
6147,8
6147,10
6147,10
6147,10
6147,10
6147,9
6147,9
6147,10
6148,10
6148,10
6148,8
6148,10
6148,11
6148,10
6148,10
6148,8
6148,10
6149,10
6149,10
6149,10
6149,9
6149,10
6149,11
6149,10
6156,9
6156,11
6156,10
6156,11
6157,10
6157,9
6157,10
6157,9
6157,11
6157,10
6157,8
6157,10
6157,10
6157,11
6158,10
6158,9
6158,10
6158,10
6158,10
6158,10
6158,9
6158,10
6158,10
6159,10
6159,10
6159,9
6159,9
6159,9
6159,10
6159,10
6166,10
6166,9
6166,10
6166,10
6166,11
6167,10
6167,9
6167,10
6167,9
6167,10
6167,10
6167,9
6167,10
6167,9
6167,11
6168,10
6168,10
6168,10
6168,9
6168,10
6168,10
6168,9
6168,10
6168,9
6169,10
6169,10
6169,9
6169,9
6169,10
6169,10
6169,10
6169,9
6181,9
6189,10
6189,9
6189,10
6189,10
6189,8
6189,9
6189,9
6193,11
6193,10
6193,10
6194,9
6194,9
6194,11
6194,9
6194,10
6194,9
6194,9
6194,11
6194,10
6194,10
6195,9
6195,8
6195,10
6195,10
6195,10
6195,9
6195,9
6195,11
6195,9
6196,10
6196,10
6196,9
6196,11
6196,10
6196,10
6196,10
6196,9
6196,11
6197,10
6197,10
6197,10
6197,9
6197,11
6197,10
6197,10
6197,10
6197,8
6197,10
6198,10
6198,10
6198,10
6198,9
6198,9
6198,9
6198,10
6198,10
6198,8
6199,10
6199,9
6199,11
6199,10
6199,9
6199,10
6199,10
6199,10
6206,9
6206,10
6206,10
6206,9
6207,9
6207,9
6207,10
6207,10
6207,9
6207,9
6207,8
6207,10
6207,10
6207,10
6208,9
6208,9
6208,10
6208,10
6208,9
6208,9
6208,8
6208,10
6208,10
6209,9
6209,10
6209,8
6209,10
6209,10
6209,9
6209,11
6209,8
6216,10
6216,9
6216,11
6216,10
6216,10
6216,9
6217,8
6217,11
6217,10
6217,10
6217,10
6217,9
6217,11
6217,10
6217,10
6218,10
6218,9
6218,10
6218,10
6218,10
6218,10
6218,8
6218,11
6218,10
6218,11
6219,10
6219,9
6219,10
6219,9
6219,10
6219,10
6219,9
6234,10
6240,8
6244,11
6244,9
6244,10
6245,8
6245,9
6245,11
6245,10
6245,9
6245,10
6245,9
6245,10
6245,9
6245,10
6246,10
6246,8
6246,11
6246,10
6246,10
6246,9
6246,9
6246,10
6246,10
6247,10
6247,10
6247,9
6247,10
6247,11
6247,10
6247,10
6247,9
6247,10
6247,9
6248,10
6248,10
6248,9
6248,10
6248,10
6248,11
6248,10
6248,8
6248,10
6249,10
6249,10
6249,10
6249,9
6249,9
6249,9
6249,10
6256,10
6256,10
6256,10
6256,9
6256,10
6256,9
6256,10
6256,10
6256,9
6257,10
6257,9
6257,10
6257,10
6257,8
6257,10
6257,10
6257,10
6257,10
6258,9
6258,10
6258,10
6258,10
6258,10
6258,9
6258,9
6258,10
6258,10
6258,10
6259,9
6259,9
6259,10
6259,10
6259,10
6259,8
6259,9
6266,10
6266,10
6266,9
6266,10
6266,10
6266,10
6266,10
6266,9
6266,10
6267,9
6267,10
6267,10
6267,9
6267,10
6267,9
6267,10
6267,10
6267,9
6268,10
6268,10
6268,10
6268,10
6268,9
6268,10
6268,10
6268,11
6268,10
6269,9
6269,9
6269,10
6269,10
6269,10
6269,9
6269,9
6269,10
6281,11
6289,8
6289,10
6289,9
6289,10
6289,10
6293,10
6293,9
6293,9
6294,9
6294,11
6294,10
6294,8
6294,10
6294,9
6294,10
6294,11
6294,9
6295,9
6295,9
6295,10
6295,10
6295,9
6295,10
6295,8
6295,10
6295,10
6296,9
6296,10
6296,8
6296,10
6296,10
6296,9
6296,10
6296,8
6296,10
6296,10
6297,11
6297,9
6297,8
6297,10
6297,10
6297,10
6297,10
6297,8
6297,10
6298,11
6298,10
6298,11
6298,9
6298,10
6298,10
6298,10
6298,10
6298,9
6298,10
6299,11
6299,10
6299,10
6299,9
6299,9
6299,11
6299,10
6306,8
6306,10
6306,9
6306,9
6306,11
6306,9
6306,9
6306,9
6306,10
6307,10
6307,8
6307,10
6307,9
6307,10
6307,11
6307,8
6307,9
6307,9
6307,10
6308,10
6308,9
6308,9
6308,9
6308,10
6308,10
6308,9
6308,10
6308,9
6309,10
6309,10
6309,9
6309,10
6309,8
6309,10
6309,10
6315,9
6316,9
6316,10
6316,10
6316,9
6316,10
6316,9
6316,10
6316,10
6316,9
6316,10
6317,8
6317,10
6317,10
6317,9
6317,10
6317,8
6317,10
6317,9
6317,9
6318,10
6318,8
6318,10
6318,10
6318,9
6318,10
6318,8
6318,11
6318,10
6319,9
6319,9
6319,9
6319,10
6319,10
6319,9
6319,9
6319,8
6331,10
6338,10
6338,10
6338,10
6339,10
6339,9
6339,10
6339,10
6339,10
6339,10
6339,9
6343,10
6343,9
6343,10
6344,11
6344,10
6344,10
6344,9
6344,9
6344,11
6344,10
6344,10
6344,9
6345,9
6345,11
6345,10
6345,10
6345,9
6345,9
6345,11
6345,10
6345,10
6345,9
6346,9
6346,10
6346,9
6346,10
6346,9
6346,9
6346,11
6346,9
6346,10
6347,10
6347,9
6347,10
6347,10
6347,10
6347,9
6347,9
6347,9
6347,10
6347,10
6348,10
6348,9
6348,10
6348,9
6348,10
6348,10
6348,9
6348,10
6348,9
6349,10
6349,10
6349,9
6349,10
6349,9
6349,10
6349,10
6355,9
6355,8
6356,10
6356,10
6356,10
6356,10
6356,9
6356,11
6356,10
6356,10
6356,10
6356,9
6357,10
6357,9
6357,11
6357,10
6357,8
6357,10
6357,9
6357,10
6357,10
6358,9
6358,10
6358,10
6358,10
6358,10
6358,9
6358,9
6358,10
6358,10
6358,10
6359,9
6359,9
6359,10
6359,10
6359,10
6359,9
6359,9
6365,9
6365,9
6366,10
6366,11
6366,11
6366,9
6366,9
6366,10
6366,10
6366,10
6366,10
6367,8
6367,10
6367,10
6367,10
6367,9
6367,8
6367,10
6367,9
6367,10
6367,10
6368,9
6368,10
6368,10
6368,10
6368,8
6368,8
6368,10
6368,10
6368,10
6369,10
6369,8
6369,10
6369,9
6369,11
6369,10
6369,9
6381,9
6388,9
6388,10
6389,9
6389,10
6389,10
6389,9
6389,10
6389,9
6389,10
6389,10
6393,9
6393,10
6394,10
6394,9
6394,9
6394,10
6394,10
6394,10
6394,10
6394,9
6394,10
6394,10
6395,10
6395,10
6395,8
6395,10
6395,9
6395,11
6395,10
6395,9
6395,9
6396,10
6396,10
6396,10
6396,8
6396,10
6396,9
6396,10
6396,10
6396,8
6396,9
6397,9
6397,10
6397,10
6397,9
6397,9
6397,9
6397,10
6397,10
6397,9
6398,10
6398,8
6398,10
6398,10
6398,9
6398,10
6398,8
6398,10
6398,10
6398,9
6399,9
6399,8
6399,10
6399,10
6399,10
6399,10
6399,9
6405,10
6405,10
6405,9
6405,9
6406,11
6406,10
6406,10
6406,8
6406,9
6406,11
6406,10
6406,10
6406,9
6406,9
6407,12
6407,10
6407,9
6407,9
6407,9
6407,11
6407,9
6407,10
6407,10
6408,8
6408,11
6408,10
6408,10
6408,10
6408,9
6408,10
6408,10
6408,10
6408,9
6409,9
6409,10
6409,10
6409,11
6409,9
6409,9
6409,10
6415,9
6415,10
6415,10
6415,10
6415,10
6415,8
6416,10
6416,11
6416,10
6416,11
6416,8
6416,8
6416,11
6416,9
6416,10
6417,11
6417,9
6417,11
6417,10
6417,10
6417,9
6417,10
6417,10
6417,10
6418,10
6418,9
6418,9
6418,10
6418,10
6418,10
6418,9
6418,9
6418,11
6418,10
6419,10
6419,9
6419,9
6419,11
6419,9
6419,10
6419,10
6433,10
6440,10
6444,10
6444,10
6444,9
6444,10
6444,8
6444,10
6444,10
6445,10
6445,10
6445,8
6445,10
6445,10
6445,10
6445,10
6445,9
6445,10
6446,10
6446,10
6446,10
6446,8
6446,10
6446,10
6446,10
6446,10
6446,8
6447,10
6447,11
6447,10
6447,10
6447,8
6447,10
6447,10
6447,10
6447,10
6447,9
6448,10
6448,11
6448,10
6448,10
6448,9
6448,9
6448,10
6448,10
6448,10
6449,9
6449,9
6449,11
6449,9
6449,10
6449,9
6449,9
6449,11
6455,10
6455,9
6455,9
6455,9
6455,10
6456,10
6456,8
6456,10
6456,9
6456,10
6456,10
6456,9
6456,10
6456,9
6457,10
6457,10
6457,9
6457,9
6457,8
6457,10
6457,10
6457,9
6457,9
6457,9
6458,10
6458,10
6458,10
6458,10
6458,10
6458,10
6458,10
6458,10
6458,10
6459,9
6459,10
6459,10
6459,10
6459,10
6459,8
6459,10
6465,9
6465,10
6465,8
6465,10
6465,10
6465,9
6465,11
6465,8
6466,10
6466,10
6466,9
6466,11
6466,8
6466,10
6466,10
6466,10
6466,10
6467,9
6467,10
6467,10
6467,10
6467,10
6467,8
6467,10
6467,10
6467,10
6467,10
6468,8
6468,10
6468,11
6468,10
6468,10
6468,8
6468,9
6468,10
6468,10
6469,10
6469,8
6469,9
6469,11
6469,10
6469,10
6469,9
6469,9
6480,9
6485,9
6486,10
6486,10
6486,9
6486,11
6486,9
6486,11
6486,10
6486,9
6486,11
6486,10
6487,10
6487,10
6487,9
6487,9
6487,8
6487,10
6487,10
6487,8
6487,11
6488,10
6488,10
6488,10
6488,9
6488,10
6488,9
6488,10
6488,10
6488,9
6488,10
6489,9
6489,10
6489,10
6489,8
6489,10
6489,9
6489,10
6493,10
6493,9
6493,10
6494,9
6494,10
6494,10
6494,9
6494,10
6494,9
6494,10
6494,10
6494,9
6495,9
6495,9
6495,10
6495,11
6495,10
6495,10
6495,9
6495,10
6495,10
6496,9
6496,10
6496,8
6496,10
6496,10
6496,9
6496,10
6496,8
6496,10
6496,10
6497,9
6497,9
6497,8
6497,10
6497,10
6497,9
6497,10
6497,8
6497,10
6498,10
6498,9
6498,9
6498,8
6498,10
6498,10
6498,9
6498,10
6498,8
6498,10
6499,10
6499,9
6499,10
6499,8
6499,10
6499,10
6499,9
6505,10
6505,10
6505,8
6505,10
6505,9
6505,10
6505,10
6505,8
6505,9
6506,9
6506,11
6506,10
6506,9
6506,9
6506,9
6506,11
6506,10
6506,8
6506,9
6507,9
6507,10
6507,10
6507,9
6507,9
6507,9
6507,10
6507,10
6507,9
6508,10
6508,8
6508,10
6508,10
6508,9
6508,10
6508,9
6508,10
6508,10
6509,9
6509,9
6509,8
6509,10
6509,10
6509,9
6509,9
6509,8
6515,10
6515,9
6515,9
6515,8
6515,10
6515,10
6515,9
6515,10
6515,8
6516,10
6516,10
6516,9
6516,10
6516,8
6516,11
6516,10
6516,9
6516,10
6516,9
6517,10
6517,10
6517,9
6517,10
6517,8
6517,10
6517,10
6517,10
6517,10
6518,8
6518,10
6518,10
6518,10
6518,9
6518,8
6518,10
6518,10
6518,10
6518,10
6519,8
6519,10
6519,10
6519,10
6519,10
6519,9
6519,10
6529,10
6535,9
6535,10
6535,10
6535,9
6535,9
6535,9
6535,10
6536,10
6536,9
6536,9
6536,9
6536,10
6536,10
6536,9
6536,10
6536,8
6536,10
6537,10
6537,9
6537,10
6537,8
6537,10
6537,10
6537,9
6537,10
6537,8
6538,10
6538,10
6538,9
6538,10
6538,8
6538,11
6538,10
6538,9
6538,10
6538,8
6539,10
6539,10
6539,9
6539,10
6539,8
6539,10
6539,10
6543,9
6543,10
6543,9
6544,9
6544,11
6544,10
6544,11
6544,9
6544,9
6544,11
6544,10
6544,10
6545,9
6545,9
6545,11
6545,9
6545,10
6545,9
6545,9
6545,11
6545,10
6546,10
6546,9
6546,9
6546,11
6546,9
6546,10
6546,9
6546,9
6546,10
6546,10
6547,10
6547,10
6547,9
6547,10
6547,10
6547,10
6547,10
6547,9
6547,9
6548,10
6548,10
6548,10
6548,9
6548,10
6548,10
6548,10
6548,10
6548,9
6548,10
6549,9
6549,10
6549,10
6549,8
6549,10
6549,9
6549,11
6554,10
6554,10
6555,9
6555,10
6555,9
6555,10
6555,10
6555,10
6555,10
6555,8
6555,10
6556,10
6556,10
6556,10
6556,9
6556,10
6556,10
6556,10
6556,10
6556,8
6556,10
6557,10
6557,10
6557,10
6557,9
6557,10
6557,11
6557,10
6557,10
6557,8
6558,10
6558,10
6558,10
6558,10
6558,8
6558,10
6558,11
6558,10
6558,10
6559,9
6559,9
6559,11
6559,10
6559,10
6559,9
6559,9
6559,10
6564,10
6565,9
6565,10
6565,10
6565,9
6565,10
6565,8
6565,10
6565,10
6565,9
6566,10
6566,8
6566,10
6566,10
6566,9
6566,10
6566,9
6566,10
6566,10
6566,10
6567,10
6567,8
6567,10
6567,10
6567,9
6567,10
6567,8
6567,10
6567,10
6568,9
6568,10
6568,8
6568,10
6568,10
6568,9
6568,10
6568,8
6568,10
6568,10
6569,10
6569,10
6569,9
6569,10
6569,11
6569,10
6569,10
6579,9
6585,10
6585,10
6585,10
6585,9
6585,10
6585,11
6585,10
6585,10
6586,9
6586,9
6586,11
6586,9
6586,10
6586,9
6586,9
6586,10
6586,10
6586,10
6587,10
6587,8
6587,11
6587,10
6587,10
6587,9
6587,9
6587,11
6587,10
6588,11
6588,9
6588,9
6588,10
6588,10
6588,10
6588,10
6588,9
6588,11
6589,9
6589,11
6589,10
6589,9
6589,10
6589,10
6589,10
6589,10
6593,10
6593,10
6594,8
6594,10
6594,10
6594,10
6594,10
6594,9
6594,10
6594,10
6594,10
6594,10
6595,9
6595,10
6595,10
6595,10
6595,10
6595,9
6595,11
6595,10
6595,11
6596,11
6596,8
6596,10
6596,10
6596,10
6596,10
6596,9
6596,10
6596,9
6596,11
6597,10
6597,9
6597,9
6597,9
6597,10
6597,10
6597,9
6597,9
6597,9
6598,10
6598,10
6598,9
6598,10
6598,9
6598,10
6598,10
6598,9
6598,9
6599,9
6599,10
6599,10
6599,9
6599,10
6599,9
6599,10
6599,10
6604,8
6604,10
6605,11
6605,10
6605,10
6605,8
6605,10
6605,11
6605,10
6605,10
6605,10
6605,9
6606,11
6606,10
6606,10
6606,9
6606,10
6606,11
6606,10
6606,10
6606,9
6607,9
6607,11
6607,10
6607,10
6607,9
6607,9
6607,11
6607,10
6607,10
6607,9
6608,8
6608,11
6608,9
6608,10
6608,9
6608,9
6608,11
6608,10
6608,11
6609,9
6609,9
6609,11
6609,10
6609,10
6609,10
6609,9
6614,10
6614,10
6614,8
6614,10
6614,11
6615,10
6615,10
6615,9
6615,10
6615,11
6615,11
6615,10
6615,8
6615,9
6615,11
6616,10
6616,10
6616,9
6616,9
6616,10
6616,10
6616,10
6616,9
6616,10
6617,11
6617,10
6617,10
6617,9
6617,9
6617,11
6617,10
6617,10
6617,9
6617,8
6618,11
6618,10
6618,10
6618,9
6618,9
6618,11
6618,9
6618,10
6618,9
6619,9
6619,11
6619,9
6619,10
6619,9
6619,9
6619,11
6632,9
6639,9
6643,10
6643,9
6644,10
6644,10
6644,8
6644,9
6644,10
6644,10
6644,10
6644,9
6644,10
6645,10
6645,10
6645,10
6645,8
6645,10
6645,10
6645,10
6645,10
6645,9
6645,10
6646,9
6646,11
6646,10
6646,9
6646,10
6646,9
6646,10
6646,10
6646,9
6647,10
6647,9
6647,10
6647,10
6647,9
6647,9
6647,9
6647,11
6647,10
6648,8
6648,9
6648,9
6648,10
6648,10
6648,9
6648,9
6648,9
6648,10
6648,10
6649,9
6649,10
6649,8
6649,10
6649,10
6649,9
6649,10
6654,10
6654,10
6654,10
6654,8
6654,10
6654,9
6655,10
6655,9
6655,9
6655,10
6655,10
6655,10
6655,10
6655,8
6655,10
6655,9
6656,10
6656,9
6656,9
6656,10
6656,9
6656,10
6656,10
6656,9
6656,10
6657,9
6657,11
6657,10
6657,9
6657,10
6657,10
6657,10
6657,10
6657,9
6657,10
6658,10
6658,10
6658,10
6658,9
6658,10
6658,10
6658,10
6658,10
6658,9
6659,9
6659,10
6659,10
6659,10
6659,9
6659,9
6659,10
6664,10
6664,9
6664,10
6664,10
6664,9
6664,9
6664,9
6664,10
6665,10
6665,9
6665,9
6665,9
6665,10
6665,10
6665,9
6665,10
6665,9
6666,10
6666,10
6666,8
6666,10
6666,8
6666,10
6666,10
6666,9
6666,10
6666,8
6667,10
6667,10
6667,9
6667,10
6667,8
6667,10
6667,11
6667,9
6667,10
6668,8
6668,10
6668,10
6668,10
6668,10
6668,8
6668,10
6668,10
6668,10
6669,10
6669,8
6669,10
6669,10
6669,10
6669,10
6669,9
6669,10
6679,11
6684,10
6684,10
6684,9
6684,9
6684,11
6685,10
6685,10
6685,9
6685,9
6685,11
6685,9
6685,10
6685,10
6685,9
6685,11
6686,10
6686,10
6686,10
6686,9
6686,10
6686,10
6686,10
6686,10
6686,8
6687,10
6687,10
6687,10
6687,10
6687,8
6687,10
6687,9
6687,10
6687,10
6687,8
6688,10
6688,10
6688,10
6688,10
6688,8
6688,10
6688,10
6688,10
6688,10
6689,9
6689,10
6689,10
6689,10
6689,10
6689,9
6689,9
6693,9
6693,11
6693,10
6694,9
6694,10
6694,9
6694,10
6694,10
6694,9
6694,10
6694,8
6694,10
6695,10
6695,9
6695,10
6695,8
6695,10
6695,10
6695,9
6695,9
6695,9
6695,10
6696,10
6696,9
6696,10
6696,9
6696,10
6696,10
6696,10
6696,10
6696,8
6697,10
6697,10
6697,10
6697,10
6697,9
6697,10
6697,10
6697,10
6697,10
6697,8
6698,10
6698,11
6698,10
6698,10
6698,9
6698,10
6698,11
6698,10
6698,10
6699,9
6699,9
6699,11
6699,10
6699,10
6699,9
6699,9
6704,10
6704,9
6704,9
6704,10
6704,10
6704,10
6704,9
6704,9
6704,10
6705,10
6705,10
6705,10
6705,9
6705,10
6705,10
6705,10
6705,9
6705,8
6706,10
6706,10
6706,10
6706,10
6706,8
6706,10
6706,10
6706,10
6706,10
6707,9
6707,10
6707,10
6707,10
6707,10
6707,9
6707,10
6707,9
6707,10
6707,10
6708,9
6708,10
6708,9
6708,10
6708,10
6708,9
6708,10
6708,9
6708,10
6709,10
6709,9
6709,9
6709,9
6709,10
6709,10
6709,9
6709,9
6714,10
6714,10
6714,9
6714,10
6714,10
6714,10
6714,10
6715,9
6715,10
6715,10
6715,10
6715,10
6715,9
6715,10
6715,10
6715,10
6716,10
6716,9
6716,10
6716,9
6716,10
6716,9
6716,8
6716,9
6716,9
6717,11
6717,10
6717,9
6717,10
6717,8
6717,10
6717,10
6717,9
6717,10
6717,9
6718,10
6718,10
6718,9
6718,10
6718,9
6718,10
6718,9
6718,9
6718,10
6719,7
6719,11
6719,10
6719,8
6719,10
6719,8
6719,10
6719,10
6729,10
6734,10
6734,9
6734,10
6734,10
6735,9
6735,10
6735,9
6735,10
6735,10
6735,8
6735,10
6735,9
6735,10
6736,10
6736,8
6736,10
6736,8
6736,11
6736,10
6736,9
6736,9
6736,10
6737,10
6737,10
6737,9
6737,9
6737,10
6737,10
6737,10
6737,9
6737,9
6737,10
6738,10
6738,10
6738,10
6738,9
6738,10
6738,10
6738,11
6738,9
6738,9
6739,10
6739,10
6739,11
6739,10
6739,10
6739,10
6739,10
6739,10
6743,10
6743,11
6744,9
6744,8
6744,11
6744,10
6744,10
6744,10
6744,9
6744,10
6744,10
6744,10
6745,10
6745,8
6745,11
6745,9
6745,10
6745,10
6745,9
6745,10
6745,10
6746,10
6746,10
6746,8
6746,10
6746,9
6746,10
6746,10
6746,9
6746,10
6746,9
6747,10
6747,10
6747,9
6747,10
6747,10
6747,10
6747,10
6747,9
6747,9
6748,10
6748,10
6748,10
6748,9
6748,9
6748,10
6748,10
6748,10
6748,9
6749,9
6749,10
6749,10
6749,10
6749,9
6749,9
6749,10
6749,10
6754,9
6754,9
6754,10
6754,10
6754,10
6754,9
6754,9
6754,10
6754,10
6755,10
6755,9
6755,9
6755,10
6755,10
6755,10
6755,10
6755,9
6755,10
6755,10
6756,10
6756,10
6756,9
6756,10
6756,10
6756,10
6756,10
6756,9
6756,10
6757,10
6757,10
6757,10
6757,9
6757,10
6757,10
6757,11
6757,10
6757,9
6757,10
6758,9
6758,10
6758,10
6758,8
6758,10
6758,9
6758,11
6758,10
6758,9
6759,9
6759,9
6759,10
6759,10
6759,9
6759,10
6759,8
6763,11
6763,10
6763,10
6764,8
6764,9
6764,11
6764,9
6764,10
6764,9
6764,8
6764,10
6764,9
6765,10
6765,9
6765,9
6765,10
6765,10
6765,10
6765,10
6765,9
6765,10
6765,9
6766,10
6766,9
6766,9
6766,11
6766,10
6766,10
6766,10
6766,9
6766,10
6767,9
6767,10
6767,9
6767,9
6767,10
6767,9
6767,10
6767,10
6767,8
6767,10
6768,9
6768,10
6768,10
6768,9
6768,10
6768,10
6768,10
6768,10
6768,9
6769,10
6769,10
6769,10
6769,10
6769,9
6769,9
6769,10
6782,9
6790,10
6794,9
6794,9
6794,10
6794,10
6794,10
6795,9
6795,9
6795,10
6795,10
6795,11
6795,9
6795,9
6795,10
6795,10
6796,10
6796,9
6796,8
6796,10
6796,10
6796,10
6796,10
6796,8
6796,10
6796,10
6797,11
6797,10
6797,9
6797,10
6797,10
6797,12
6797,10
6797,9
6797,10
6798,10
6798,10
6798,10
6798,9
6798,10
6798,9
6798,10
6798,10
6798,9
6798,10
6799,9
6799,10
6799,10
6799,9
6799,10
6799,9
6799,10
6803,9
6803,10
6804,8
6804,10
6804,10
6804,10
6804,10
6804,9
6804,10
6804,10
6804,10
6804,10
6805,9
6805,9
6805,10
6805,10
6805,10
6805,8
6805,10
6805,11
6805,10
6806,10
6806,9
6806,10
6806,11
6806,10
6806,10
6806,9
6806,9
6806,11
6806,10
6807,10
6807,9
6807,9
6807,11
6807,9
6807,10
6807,9
6807,9
6807,11
6808,9
6808,10
6808,10
6808,9
6808,11
6808,10
6808,10
6808,10
6808,9
6808,10
6809,10
6809,10
6809,9
6809,9
6809,10
6809,9
6809,10
6813,9
6813,9
6813,10
6814,10
6814,10
6814,9
6814,9
6814,10
6814,10
6814,10
6814,9
6814,10
6815,10
6815,10
6815,10
6815,9
6815,9
6815,10
6815,10
6815,10
6815,8
6816,9
6816,10
6816,10
6816,10
6816,9
6816,9
6816,10
6816,10
6816,10
6816,9
6817,9
6817,10
6817,9
6817,10
6817,9
6817,8
6817,10
6817,10
6817,10
6818,10
6818,9
6818,10
6818,10
6818,10
6818,10
6818,9
6818,10
6818,11
6818,10
6819,10
6819,9
6819,10
6819,10
6819,10
6819,10
6819,9
6829,9
6829,9
6829,10
6829,10
6833,10
6833,10
6834,9
6834,9
6834,10
6834,10
6834,10
6834,10
6834,8
6834,10
6834,10
6834,10
6835,9
6835,9
6835,10
6835,10
6835,10
6835,10
6835,9
6835,10
6835,9
6836,10
6836,10
6836,9
6836,10
6836,9
6836,10
6836,10
6836,9
6836,10
6836,10
6837,10
6837,10
6837,8
6837,10
6837,9
6837,10
6837,10
6837,9
6837,9
6838,9
6838,10
6838,10
6838,9
6838,10
6838,9
6838,10
6838,10
6838,9
6838,9
6839,8
6839,10
6839,10
6839,9
6839,10
6839,8
6839,10
6843,9
6843,10
6844,10
6844,10
6844,10
6844,9
6844,10
6844,9
6844,10
6844,10
6844,9
6845,10
6845,9
6845,10
6845,10
6845,9
6845,10
6845,9
6845,10
6845,10
6845,9
6846,9
6846,9
6846,10
6846,10
6846,8
6846,9
6846,9
6846,10
6846,10
6847,9
6847,10
6847,10
6847,10
6847,10
6847,9
6847,9
6847,10
6847,10
6847,10
6848,9
6848,9
6848,10
6848,10
6848,10
6848,9
6848,9
6848,9
6848,10
6849,10
6849,9
6849,9
6849,9
6849,10
6849,10
6849,9
6853,10
6853,9
6853,11
6854,10
6854,10
6854,10
6854,9
6854,11
6854,10
6854,10
6854,10
6854,9
6855,10
6855,10
6855,10
6855,10
6855,9
6855,11
6855,10
6855,10
6855,10
6855,9
6856,10
6856,10
6856,10
6856,10
6856,9
6856,12
6856,9
6856,10
6856,9
6857,9
6857,10
6857,10
6857,10
6857,9
6857,9
6857,10
6857,10
6857,10
6857,10
6858,9
6858,10
6858,9
6858,10
6858,10
6858,9
6858,9
6858,9
6858,10
6859,10
6859,9
6859,10
6859,9
6859,10
6859,10
6859,9
6863,9
6863,9
6863,11
6864,10
6864,10
6864,10
6864,9
6864,10
6864,9
6864,10
6864,9
6864,9
6865,10
6865,10
6865,10
6865,10
6865,9
6865,11
6865,10
6865,10
6865,10
6865,9
6866,10
6866,9
6866,10
6866,10
6866,9
6866,10
6866,9
6866,10
6866,11
6867,9
6867,10
6867,9
6867,10
6867,10
6867,8
6867,10
6867,9
6867,10
6867,10
6868,8
6868,10
6868,9
6868,10
6868,10
6868,9
6868,10
6868,9
6868,10
6869,10
6869,9
6869,9
6869,10
6869,10
6869,10
6869,9
6879,11
6879,10
6879,9
6879,9
6879,10
6883,10
6883,10
6884,8
6884,10
6884,10
6884,10
6884,10
6884,9
6884,10
6884,9
6884,10
6884,10
6885,9
6885,10
6885,10
6885,11
6885,10
6885,9
6885,10
6885,9
6885,10
6886,10
6886,9
6886,10
6886,9
6886,10
6886,9
6886,9
6886,10
6886,9
6886,10
6887,10
6887,9
6887,9
6887,8
6887,10
6887,10
6887,9
6887,10
6887,8
6888,10
6888,10
6888,9
6888,10
6888,9
6888,10
6888,10
6888,9
6888,10
6889,8
6889,10
6889,10
6889,9
6889,10
6889,9
6889,10
6889,10
6894,9
6894,10
6894,10
6894,10
6894,9
6894,10
6894,10
6894,10
6894,10
6894,9
6895,9
6895,10
6895,10
6895,10
6895,9
6895,9
6895,9
6895,10
6895,10
6896,9
6896,9
6896,9
6896,10
6896,10
6896,9
6896,9
6896,10
6896,10
6896,10
6897,9
6897,9
6897,10
6897,10
6897,10
6897,10
6897,9
6897,10
6897,10
6898,10
6898,9
6898,8
6898,10
6898,10
6898,10
6898,10
6898,9
6898,10
6898,10
6899,11
6899,8
6899,8
6899,10
6899,10
6899,10
6899,10
6903,9
6903,8
6904,11
6904,10
6904,10
6904,10
6904,9
6904,11
6904,9
6904,10
6904,9
6905,9
6905,9
6905,10
6905,10
6905,10
6905,8
6905,11
6905,10
6905,10
6905,10
6906,8
6906,10
6906,10
6906,10
6906,10
6906,9
6906,10
6906,10
6906,10
6907,10
6907,9
6907,10
6907,10
6907,10
6907,10
6907,8
6907,10
6907,10
6908,10
6908,10
6908,8
6908,10
6908,9
6908,10
6908,10
6908,9
6908,10
6908,9
6909,10
6909,10
6909,9
6909,10
6909,9
6909,10
6909,10
6913,10
6914,9
6914,8
6914,10
6914,9
6914,10
6914,9
6914,9
6914,10
6914,9
6914,10
6915,9
6915,9
6915,10
6915,10
6915,10
6915,9
6915,9
6915,10
6915,10
6916,10
6916,10
6916,8
6916,11
6916,10
6916,10
6916,10
6916,9
6916,10
6916,9
6917,10
6917,10
6917,9
6917,10
6917,10
6917,10
6917,10
6917,9
6917,10
6918,9
6918,11
6918,10
6918,9
6918,11
6918,10
6918,10
6918,10
6918,9
6918,10
6919,9
6919,10
6919,10
6919,9
6919,10
6919,10
6919,10
6932,9
6940,10
6944,10
6944,10
6944,9
6944,10
6944,8
6945,10
6945,10
6945,9
6945,10
6945,9
6945,10
6945,10
6945,9
6945,10
6945,8
6946,10
6946,10
6946,10
6946,10
6946,8
6946,10
6946,10
6946,10
6946,10
6947,9
6947,10
6947,10
6947,10
6947,10
6947,9
6947,10
6947,11
6947,10
6948,10
6948,9
6948,10
6948,11
6948,10
6948,10
6948,9
6948,9
6948,11
6948,10
6949,10
6949,9
6949,9
6949,11
6949,10
6949,10
6949,9
6953,10
6954,10
6954,8
6954,10
6954,9
6954,10
6954,10
6954,9
6954,10
6954,9
6955,10
6955,10
6955,9
6955,10
6955,8
6955,10
6955,10
6955,9
6955,10
6955,9
6956,11
6956,10
6956,9
6956,10
6956,10
6956,10
6956,10
6956,9
6956,10
6957,9
6957,10
6957,10
6957,9
6957,9
6957,9
6957,10
6957,10
6957,9
6957,9
6958,10
6958,10
6958,10
6958,9
6958,9
6958,9
6958,10
6958,10
6958,9
6959,9
6959,10
6959,10
6959,10
6959,9
6959,9
6959,10
6963,11
6964,10
6964,10
6964,9
6964,9
6964,11
6964,10
6964,10
6964,9
6964,9
6965,11
6965,10
6965,10
6965,9
6965,9
6965,11
6965,9
6965,10
6965,10
6966,9
6966,10
6966,10
6966,10
6966,10
6966,8
6966,10
6966,10
6966,10
6966,10
6967,8
6967,10
6967,10
6967,10
6967,10
6967,9
6967,10
6967,10
6967,10
6968,11
6968,8
6968,10
6968,10
6968,10
6968,10
6968,9
6968,10
6968,9
6968,10
6969,10
6969,8
6969,10
6969,9
6969,10
6969,10
6969,9
6978,10
6978,9
6979,9
6979,8
6979,10
6979,10
6979,9
6979,9
6979,9
6984,10
6984,10
6984,10
6984,10
6984,7
6984,10
6984,10
6984,10
6984,10
6985,8
6985,10
6985,10
6985,11
6985,10
6985,8
6985,10
6985,10
6985,10
6985,10
6986,9
6986,10
6986,9
6986,11
6986,10
6986,9
6986,10
6986,9
6986,11
6987,10
6987,9
6987,10
6987,8
6987,11
6987,10
6987,9
6987,10
6987,9
6987,10
6988,10
6988,9
6988,9
6988,8
6988,10
6988,10
6988,9
6988,10
6988,9
6989,10
6989,10
6989,9
6989,10
6989,8
6989,10
6989,10
6994,9
6994,10
6994,8
6994,10
6994,10
6994,10
6994,10
6994,8
6995,9
6995,11
6995,10
6995,10
6995,8
6995,10
6995,11
6995,10
6995,10
6996,9
6996,9
6996,11
6996,10
6996,10
6996,9
6996,9
6996,10
6996,10
6996,10
6997,10
6997,10
6997,11
6997,10
6997,10
6997,9
6997,9
6997,10
6997,9
6998,10
6998,9
6998,9
6998,10
6998,9
6998,10
6998,10
6998,8
6998,11
6998,10
6999,10
6999,10
6999,9
6999,10
6999,10
6999,10
6999,10
7004,10
7004,9
7004,10
7004,8
7004,10
7004,10
7004,10
7004,10
7004,8
7005,10
7005,10
7005,10
7005,10
7005,8
7005,10
7005,11
7005,10
7005,10
7005,9
7006,10
7006,10
7006,10
7006,10
7006,8
7006,10
7006,10
7006,10
7006,10
7007,8
7007,10
7007,10
7007,10
7007,10
7007,9
7007,10
7007,10
7007,10
7007,10
7008,9
7008,9
7008,11
7008,10
7008,10
7008,9
7008,10
7008,10
7008,10
7009,10
7009,9
7009,9
7009,11
7009,10
7009,10
7009,9
7014,10
7014,9
7014,9
7014,9
7014,10
7014,10
7014,9
7014,10
7014,9
7015,10
7015,10
7015,9
7015,9
7015,9
7015,10
7015,10
7015,9
7015,10
7016,9
7016,10
7016,10
7016,9
7016,9
7016,9
7016,10
7016,11
7016,9
7016,10
7017,8
7017,10
7017,10
7017,9
7017,10
7017,9
7017,10
7017,9
7017,9
7018,10
7018,8
7018,10
7018,10
7018,9
7018,10
7018,8
7018,10
7018,10
7018,9
7019,10
7019,8
7019,10
7019,10
7019,9
7019,10
7019,7
7029,9
7029,10
7029,10
7029,10
7034,9
7034,9
7034,10
7034,10
7034,10
7034,9
7034,9
7034,10
7035,10
7035,10
7035,9
7035,9
7035,10
7035,10
7035,10
7035,9
7035,9
7036,10
7036,10
7036,10
7036,9
7036,9
7036,10
7036,10
7036,10
7036,9
7036,9
7037,10
7037,10
7037,10
7037,10
7037,8
7037,10
7037,10
7037,10
7037,10
7038,9
7038,10
7038,10
7038,10
7038,10
7038,9
7038,10
7038,10
7038,11
7038,10
7039,9
7039,10
7039,10
7039,10
7039,10
7039,8
7039,10
7044,10
7044,9
7044,11
7044,10
7044,10
7044,10
7044,9
7045,10
7045,9
7045,10
7045,10
7045,9
7045,10
7045,10
7045,10
7045,10
7046,8
7046,10
7046,10
7046,10
7046,10
7046,9
7046,10
7046,9
7046,10
7047,10
7047,9
7047,10
7047,9
7047,10
7047,10
7047,9
7047,10
7047,10
7047,11
7048,10
7048,9
7048,9
7048,10
7048,10
7048,10
7048,9
7048,9
7048,10
7049,10
7049,10
7049,9
7049,8
7049,10
7049,10
7049,10
7049,10
7054,10
7054,10
7054,10
7054,10
7054,9
7054,9
7054,10
7054,10
7055,10
7055,9
7055,9
7055,10
7055,10
7055,10
7055,9
7055,9
7055,10
7056,10
7056,10
7056,9
7056,10
7056,10
7056,10
7056,10
7056,9
7056,9
7056,9
7057,10
7057,10
7057,10
7057,9
7057,10
7057,10
7057,10
7057,10
7057,9
7058,10
7058,10
7058,10
7058,10
7058,9
7058,10
7058,10
7058,10
7058,9
7058,9
7059,10
7059,9
7059,10
7059,10
7059,8
7059,10
7059,10
7064,8
7064,10
7064,10
7064,10
7064,10
7064,8
7064,10
7064,10
7065,10
7065,10
7065,8
7065,9
7065,10
7065,10
7065,10
7065,8
7065,10
7065,10
7066,10
7066,10
7066,8
7066,9
7066,11
7066,10
7066,10
7066,8
7066,9
7067,11
7067,10
7067,10
7067,9
7067,8
7067,11
7067,10
7067,10
7067,9
7067,9
7068,10
7068,10
7068,11
7068,9
7068,9
7068,11
7068,10
7068,10
7068,10
7069,8
7069,10
7069,10
7069,10
7069,10
7069,9
7069,10
7079,9
7079,11
7079,10
7079,8
7079,10
7079,10
7079,11
7084,10
7084,10
7084,9
7084,9
7084,8
7084,10
7084,10
7084,9
7085,10
7085,8
7085,10
7085,10
7085,10
7085,10
7085,8
7085,10
7085,10
7086,9
7086,10
7086,8
7086,10
7086,10
7086,10
7086,10
7086,9
7086,10
7086,11
7087,10
7087,10
7087,9
7087,10
7087,11
7087,10
7087,10
7087,9
7087,10
7088,10
7088,11
7088,11
7088,9
7088,9
7088,10
7088,10
7088,10
7088,9
7089,9
7089,11
7089,9
7089,9
7089,9
7089,9
7089,11
7089,9
7094,10
7094,9
7094,11
7094,10
7094,11
7095,10
7095,9
7095,10
7095,10
7095,11
7095,10
7095,9
7095,10
7095,10
7096,10
7096,10
7096,9
7096,10
7096,9
7096,11
7096,10
7096,8
7096,10
7096,9
7097,10
7097,10
7097,9
7097,10
7097,9
7097,10
7097,10
7097,9
7097,10
7098,10
7098,10
7098,10
7098,9
7098,9
7098,10
7098,10
7098,10
7098,9
7098,9
7099,10
7099,10
7099,10
7099,9
7099,10
7099,10
7099,10
7104,9
7104,10
7104,9
7104,11
7104,10
7104,9
7104,9
7105,9
7105,10
7105,10
7105,9
7105,10
7105,10
7105,10
7105,10
7105,9
7106,10
7106,8
7106,10
7106,10
7106,9
7106,9
7106,8
7106,10
7106,10
7107,9
7107,10
7107,8
7107,10
7107,10
7107,10
7107,10
7107,8
7107,10
7107,10
7108,9
7108,10
7108,9
7108,11
7108,10
7108,10
7108,10
7108,8
7108,10
7109,10
7109,10
7109,10
7109,8
7109,10
7109,10
7109,9
7114,8
7114,10
7114,9
7114,10
7114,9
7114,9
7114,10
7115,10
7115,10
7115,9
7115,8
7115,11
7115,10
7115,10
7115,10
7115,9
7116,10
7116,10
7116,10
7116,10
7116,9
7116,11
7116,9
7116,10
7116,9
7116,9
7117,10
7117,9
7117,10
7117,10
7117,9
7117,10
7117,10
7117,10
7117,10
7118,8
7118,10
7118,10
7118,10
7118,10
7118,9
7118,10
7118,9
7118,10
7118,10
7119,8
7119,10
7119,9
7119,11
7119,10
7119,8
7119,10
7132,10
7139,10
7139,9
7139,10
7139,10
7144,9
7144,10
7144,10
7144,8
7145,11
7145,10
7145,10
7145,10
7145,8
7145,10
7145,10
7145,10
7145,8
7146,9
7146,10
7146,10
7146,10
7146,10
7146,9
7146,10
7146,10
7146,10
7146,10
7147,9
7147,10
7147,9
7147,10
7147,10
7147,8
7147,10
7147,9
7147,10
7148,10
7148,8
7148,10
7148,9
7148,10
7148,10
7148,8
7148,10
7148,9
7148,10
7149,10
7149,8
7149,9
7149,10
7149,10
7149,10
7149,8
7154,8
7154,10
7154,10
7154,9
7154,10
7154,8
7155,10
7155,10
7155,9
7155,10
7155,8
7155,10
7155,9
7155,10
7155,10
7156,9
7156,10
7156,10
7156,9
7156,10
7156,8
7156,10
7156,10
7156,9
7156,10
7157,8
7157,10
7157,10
7157,10
7157,10
7157,9
7157,10
7157,10
7157,10
7158,10
7158,8
7158,10
7158,10
7158,10
7158,10
7158,8
7158,10
7158,10
7158,10
7159,10
7159,9
7159,10
7159,11
7159,10
7159,10
7159,9
7164,9
7164,10
7164,8
7164,10
7164,10
7164,9
7165,10
7165,8
7165,10
7165,10
7165,9
7165,10
7165,8
7165,10
7165,10
7165,9
7166,10
7166,9
7166,10
7166,10
7166,10
7166,10
7166,8
7166,10
7166,10
7167,10
7167,10
7167,9
7167,10
7167,9
7167,9
7167,10
7167,8
7167,10
7168,11
7168,10
7168,11
7168,8
7168,10
7168,10
7168,9
7168,10
7168,8
7168,9
7169,11
7169,10
7169,10
7169,8
7169,10
7169,10
7169,10
7180,9
7184,8
7184,10
7184,10
7185,9
7185,10
7185,8
7185,10
7185,10
7185,10
7185,10
7185,8
7185,10
7185,10
7186,10
7186,10
7186,8
7186,10
7186,9
7186,10
7186,10
7186,8
7186,11
7187,10
7187,9
7187,10
7187,8
7187,10
7187,10
7187,10
7187,10
7187,8
7187,10
7188,11
7188,10
7188,10
7188,8
7188,9
7188,10
7188,10
7188,10
7188,8
7189,9
7189,11
7189,10
7189,10
7189,9
7189,9
7189,11
7194,10
7194,9
7194,10
7194,8
7194,10
7195,11
7195,9
7195,10
7195,8
7195,10
7195,10
7195,9
7195,10
7195,8
7196,10
7196,11
7196,10
7196,10
7196,8
7196,9
7196,10
7196,10
7196,10
7196,9
7197,10
7197,10
7197,10
7197,10
7197,8
7197,10
7197,10
7197,10
7197,10
7198,9
7198,10
7198,10
7198,10
7198,10
7198,8
7198,10
7198,10
7198,10
7199,10
7199,9
7199,10
7199,11
7199,10
7199,10
7199,9
7199,9
7204,10
7204,10
7204,10
7204,10
7204,8
7204,10
7205,10
7205,10
7205,10
7205,8
7205,10
7205,10
7205,10
7205,10
7205,8
7206,10
7206,9
7206,10
7206,10
7206,9
7206,9
7206,10
7206,11
7206,10
7206,9
7207,9
7207,8
7207,10
7207,10
7207,9
7207,9
7207,9
7207,10
7207,10
7208,9
7208,10
7208,8
7208,10
7208,10
7208,9
7208,10
7208,8
7208,10
7209,10
7209,9
7209,10
7209,8
7209,10
7209,11
7209,9
7209,10
7214,10
7214,8
7214,9
7214,10
7214,10
7214,10
7215,11
7215,9
7215,10
7215,10
7215,10
7215,10
7215,8
7215,10
7215,10
7216,10
7216,10
7216,9
7216,9
7216,11
7216,10
7216,10
7216,9
7216,10
7216,11
7217,10
7217,10
7217,9
7217,9
7217,11
7217,10
7217,10
7217,9
7217,9
7218,11
7218,9
7218,10
7218,9
7218,9
7218,10
7218,10
7218,10
7218,9
7219,9
7219,10
7219,9
7219,10
7219,9
7219,9
7219,11
7219,10
7229,10
7234,8
7234,10
7234,10
7234,10
7235,10
7235,8
7235,10
7235,10
7235,10
7235,10
7235,9
7235,10
7235,10
7235,10
7236,10
7236,8
7236,10
7236,10
7236,9
7236,10
7236,8
7236,10
7236,10
7237,10
7237,10
7237,8
7237,10
7237,10
7237,10
7237,10
7237,8
7237,10
7237,10
7238,10
7238,10
7238,8
7238,10
7238,10
7238,10
7238,10
7238,8
7238,10
7239,10
7239,10
7239,10
7239,8
7239,10
7239,10
7239,10
7244,10
7244,9
7244,10
7244,10
7245,9
7245,10
7245,9
7245,10
7245,10
7245,9
7245,10
7245,9
7245,10
7246,10
7246,9
7246,10
7246,10
7246,10
7246,9
7246,9
7246,9
7246,10
7246,10
7247,10
7247,9
7247,10
7247,10
7247,10
7247,10
7247,9
7247,9
7247,10
7248,10
7248,10
7248,9
7248,10
7248,10
7248,10
7248,10
7248,9
7248,9
7249,10
7249,10
7249,10
7249,9
7249,9
7249,10
7249,9
7249,10
7254,10
7254,9
7254,9
7254,10
7254,9
7255,10
7255,10
7255,9
7255,10
7255,10
7255,10
7255,10
7255,9
7255,10
7256,10
7256,10
7256,10
7256,8
7256,10
7256,10
7256,10
7256,10
7256,9
7257,10
7257,9
7257,11
7257,10
7257,9
7257,9
7257,9
7257,10
7257,10
7257,9
7258,10
7258,9
7258,10
7258,9
7258,9
7258,10
7258,9
7258,10
7258,10
7259,9
7259,9
7259,9
7259,10
7259,10
7259,9
7259,9
7264,10
7264,10
7264,11
7264,10
7265,8
7265,10
7265,9
7265,10
7265,10
7265,8
7265,10
7265,10
7265,10
7265,10
7266,9
7266,10
7266,10
7266,10
7266,10
7266,8
7266,10
7266,9
7266,10
7267,9
7267,9
7267,10
7267,9
7267,10
7267,10
7267,9
7267,10
7267,10
7267,10
7268,10
7268,9
7268,10
7268,9
7268,10
7268,10
7268,9
7268,10
7268,10
7269,10
7269,10
7269,8
7269,10
7269,9
7269,10
7269,10
7283,9
7290,10
7295,9
7295,10
7295,10
7295,10
7295,10
7295,9
7295,9
7295,10
7295,10
7295,10
7296,8
7296,9
7296,10
7296,10
7296,10
7296,9
7296,9
7296,10
7296,10
7297,10
7297,9
7297,9
7297,10
7297,10
7297,10
7297,9
7297,9
7297,9
7298,10
7298,10
7298,10
7298,8
7298,10
7298,10
7298,10
7298,10
7298,9
7298,10
7299,10
7299,11
7299,10
7299,8
7299,10
7299,10
7299,10
7304,9
7304,10
7304,9
7304,10
7305,10
7305,9
7305,10
7305,10
7305,10
7305,10
7305,9
7305,9
7305,10
7306,11
7306,10
7306,9
7306,9
7306,10
7306,10
7306,10
7306,9
7306,9
7306,10
7307,10
7307,10
7307,9
7307,10
7307,10
7307,10
7307,10
7307,8
7307,9
7308,10
7308,10
7308,10
7308,9
7308,10
7308,10
7308,10
7308,10
7308,9
7308,9
7309,9
7309,10
7309,10
7309,9
7309,9
7309,10
7309,10
7314,10
7314,10
7314,10
7314,8
7315,10
7315,10
7315,9
7315,10
7315,9
7315,10
7315,10
7315,9
7315,10
7316,8
7316,9
7316,10
7316,10
7316,10
7316,8
7316,10
7316,10
7316,10
7317,10
7317,9
7317,10
7317,10
7317,10
7317,10
7317,8
7317,10
7317,10
7317,10
7318,10
7318,8
7318,9
7318,11
7318,10
7318,10
7318,9
7318,9
7318,11
7319,10
7319,10
7319,8
7319,10
7319,10
7319,10
7319,10
7330,8
7334,10
7335,11
7335,10
7335,9
7335,10
7335,10
7335,11
7335,9
7335,9
7335,9
7335,9
7336,10
7336,10
7336,9
7336,10
7336,9
7336,10
7336,10
7336,9
7336,9
7337,9
7337,11
7337,10
7337,9
7337,10
7337,9
7337,10
7337,10
7337,9
7337,10
7338,9
7338,10
7338,10
7338,9
7338,9
7338,9
7338,10
7338,10
7338,9
7339,9
7339,8
7339,10
7339,10
7339,8
7339,9
7339,8
7344,10
7345,9
7345,9
7345,10
7345,10
7345,11
7345,10
7345,8
7345,9
7345,10
7346,10
7346,10
7346,9
7346,9
7346,10
7346,10
7346,10
7346,8
7346,10
7346,9
7347,10
7347,10
7347,9
7347,10
7347,9
7347,11
7347,10
7347,8
7347,10
7348,9
7348,11
7348,10
7348,9
7348,9
7348,9
7348,11
7348,10
7348,9
7348,9
7349,9
7349,11
7349,10
7349,9
7349,10
7349,9
7349,10
7354,9
7354,9
7354,11
7355,10
7355,10
7355,9
7355,8
7355,10
7355,10
7355,10
7355,9
7355,9
7356,11
7356,10
7356,10
7356,10
7356,9
7356,11
7356,10
7356,10
7356,10
7357,9
7357,10
7357,9
7357,10
7357,10
7357,9
7357,10
7357,10
7357,10
7357,10
7358,9
7358,10
7358,10
7358,10
7358,10
7358,8
7358,10
7358,9
7358,10
7359,10
7359,9
7359,10
7359,9
7359,10
7359,10
7359,9
7359,9
7364,10
7364,8
7365,10
7365,10
7365,10
7365,10
7365,9
7365,9
7365,10
7365,10
7365,10
7365,9
7366,9
7366,10
7366,10
7366,10
7366,9
7366,9
7366,10
7366,10
7366,10
7367,9
7367,9
7367,10
7367,11
7367,10
7367,8
7367,9
7367,10
7367,10
7368,11
7368,10
7368,9
7368,9
7368,10
7368,10
7368,10
7368,9
7368,10
7368,10
7369,10
7369,10
7369,9
7369,9
7369,10
7369,10
7369,10
7380,10
7385,10
7385,9
7385,10
7385,9
7385,11
7385,10
7385,9
7385,9
7386,9
7386,11
7386,10
7386,8
7386,10
7386,9
7386,10
7386,10
7386,9
7386,9
7387,9
7387,10
7387,10
7387,8
7387,9
7387,9
7387,10
7387,10
7387,8
7388,9
7388,9
7388,11
7388,10
7388,9
7388,10
7388,8
7388,10
7388,10
7388,9
7389,9
7389,8
7389,10
7389,10
7389,9
7389,9
7389,8
7395,10
7395,10
7395,9
7395,10
7395,10
7395,10
7395,10
7395,9
7395,10
7395,10
7396,11
7396,9
7396,9
7396,10
7396,10
7396,10
7396,10
7396,9
7396,10
7397,10
7397,9
7397,9
7397,9
7397,10
7397,10
7397,11
7397,10
7397,9
7397,9
7398,10
7398,10
7398,10
7398,9
7398,10
7398,10
7398,10
7398,10
7398,9
7399,10
7399,10
7399,10
7399,10
7399,9
7399,10
7399,10
7404,9
7404,9
7405,11
7405,10
7405,9
7405,10
7405,9
7405,10
7405,10
7405,9
7405,9
7405,8
7406,11
7406,10
7406,9
7406,9
7406,8
7406,10
7406,10
7406,9
7406,10
7407,8
7407,9
7407,10
7407,9
7407,10
7407,8
7407,10
7407,10
7407,10
7408,10
7408,8
7408,10
7408,11
7408,10
7408,10
7408,8
7408,10
7408,10
7408,10
7409,10
7409,8
7409,10
7409,10
7409,10
7409,10
7409,9
7414,9
7414,10
7415,9
7415,10
7415,10
7415,8
7415,10
7415,9
7415,10
7415,10
7415,9
7416,10
7416,8
7416,10
7416,10
7416,9
7416,9
7416,9
7416,10
7416,11
7416,9
7417,10
7417,9
7417,10
7417,10
7417,8
7417,10
7417,9
7417,10
7417,10
7418,10
7418,10
7418,8
7418,10
7418,10
7418,9
7418,10
7418,8
7418,10
7419,10
7419,10
7419,10
7419,8
7419,10
7419,10
7419,10
7419,10
7430,11
7435,9
7435,9
7435,10
7435,10
7435,10
7435,9
7435,10
7435,10
7435,11
7436,10
7436,9
7436,9
7436,10
7436,10
7436,10
7436,9
7436,8
7436,10
7436,10
7437,10
7437,9
7437,8
7437,10
7437,11
7437,10
7437,9
7437,9
7437,9
7438,9
7438,10
7438,10
7438,8
7438,10
7438,10
7438,10
7438,10
7438,9
7438,10
7439,9
7439,11
7439,10
7439,8
7439,10
7439,9
7439,10
7445,9
7445,10
7445,10
7445,9
7445,10
7445,9
7445,11
7445,10
7445,9
7446,9
7446,11
7446,10
7446,10
7446,9
7446,9
7446,10
7446,10
7446,10
7447,9
7447,9
7447,10
7447,10
7447,10
7447,8
7447,8
7447,10
7447,10
7447,10
7448,9
7448,8
7448,10
7448,10
7448,10
7448,10
7448,9
7448,10
7448,10
7449,11
7449,10
7449,8
7449,10
7449,10
7449,11
7449,10
7449,9
7454,10
7455,10
7455,9
7455,10
7455,9
7455,10
7455,10
7455,9
7455,10
7455,9
7456,10
7456,10
7456,9
7456,9
7456,9
7456,10
7456,10
7456,8
7456,10
7456,10
7457,11
7457,10
7457,9
7457,10
7457,8
7457,10
7457,10
7457,9
7457,10
7458,8
7458,10
7458,10
7458,9
7458,10
7458,8
7458,10
7458,10
7458,9
7458,10
7459,9
7459,10
7459,10
7459,9
7459,9
7459,8
7459,10
7464,10
7465,10
7465,9
7465,9
7465,11
7465,9
7465,10
7465,9
7465,9
7465,10
7466,10
7466,10
7466,10
7466,9
7466,11
7466,9
7466,10
7466,10
7466,9
7467,11
7467,10
7467,9
7467,9
7467,9
7467,11
7467,10
7467,11
7467,10
7467,8
7468,10
7468,10
7468,10
7468,10
7468,9
7468,10
7468,10
7468,10
7468,10
7469,8
7469,10
7469,9
7469,10
7469,10
7469,9
7469,10
7469,9
7482,10
7487,10
7487,9
7487,9
7488,9
7488,10
7488,10
7488,9
7488,10
7488,10
7488,11
7488,10
7488,9
7488,9
7489,10
7489,10
7489,10
7489,9
7489,9
7489,10
7489,10
7495,10
7495,9
7495,9
7495,10
7495,10
7495,10
7495,9
7495,10
7496,9
7496,10
7496,10
7496,9
7496,9
7496,10
7496,10
7496,10
7496,8
7497,9
7497,10
7497,11
7497,10
7497,9
7497,9
7497,10
7497,10
7497,11
7497,9
7498,9
7498,10
7498,10
7498,10
7498,9
7498,9
7498,10
7498,10
7498,10
7499,9
7499,9
7499,10
7499,10
7499,10
7499,9
7499,9
7504,11
7505,10
7505,9
7505,10
7505,10
7505,11
7505,10
7505,9
7505,9
7505,9
7506,10
7506,10
7506,8
7506,10
7506,10
7506,11
7506,10
7506,8
7506,10
7506,10
7507,10
7507,10
7507,9
7507,9
7507,9
7507,10
7507,10
7507,9
7507,9
7508,10
7508,10
7508,10
7508,9
7508,9
7508,10
7508,10
7508,10
7508,9
7508,9
7509,10
7509,10
7509,10
7509,9
7509,9
7509,10
7509,10
7515,10
7515,9
7515,10
7515,10
7515,10
7515,10
7515,9
7515,10
7515,10
7515,10
7516,10
7516,9
7516,10
7516,9
7516,10
7516,10
7516,8
7516,10
7516,9
7517,10
7517,10
7517,8
7517,10
7517,9
7517,10
7517,10
7517,8
7517,10
7517,9
7518,10
7518,10
7518,9
7518,10
7518,10
7518,10
7518,10
7518,9
7518,10
7519,10
7519,10
7519,10
7519,9
7519,10
7519,10
7519,11
7530,9
7535,11
7535,9
7535,10
7535,9
7535,9
7535,11
7536,10
7536,10
7536,9
7536,9
7536,11
7536,10
7536,10
7536,9
7536,10
7536,11
7537,10
7537,10
7537,9
7537,9
7537,11
7537,10
7537,10
7537,9
7537,9
7538,11
7538,10
7538,10
7538,9
7538,9
7538,11
7538,10
7538,10
7538,9
7538,10
7539,10
7539,10
7539,10
7539,9
7539,9
7539,11
7539,10
7545,9
7545,9
7545,10
7545,10
7545,10
7545,10
7545,9
7546,10
7546,9
7546,11
7546,10
7546,9
7546,10
7546,10
7546,10
7546,10
7547,9
7547,10
7547,10
7547,10
7547,10
7547,9
7547,10
7547,9
7547,10
7547,10
7548,9
7548,10
7548,10
7548,10
7548,10
7548,9
7548,10
7548,9
7548,11
7549,9
7549,9
7549,10
7549,10
7549,10
7549,10
7549,8
7555,9
7555,10
7555,10
7555,10
7555,10
7555,9
7555,11
7555,10
7555,10
7556,10
7556,8
7556,11
7556,11
7556,10
7556,10
7556,9
7556,11
7556,9
7556,10
7557,10
7557,8
7557,11
7557,9
7557,10
7557,10
7557,8
7557,10
7557,10
7558,10
7558,10
7558,9
7558,10
7558,9
7558,11
7558,10
7558,9
7558,10
7559,10
7559,10
7559,10
7559,9
7559,10
7559,10
7559,10
7559,10
7565,10
7565,9
7565,11
7565,9
7565,10
7565,10
7565,9
7565,11
7566,9
7566,10
7566,10
7566,7
7566,11
7566,10
7566,10
7566,10
7566,9
7566,10
7567,10
7567,10
7567,10
7567,8
7567,10
7567,10
7567,10
7567,10
7567,9
7568,10
7568,9
7568,10
7568,10
7568,8
7568,10
7568,10
7568,10
7568,10
7568,8
7569,10
7569,10
7569,10
7569,10
7569,8
7569,11
7569,10
7580,10
7585,8
7585,10
7585,10
7585,11
7586,10
7586,9
7586,10
7586,10
7586,10
7586,10
7586,9
7586,10
7586,10
7587,10
7587,10
7587,8
7587,10
7587,10
7587,10
7587,10
7587,9
7587,10
7587,10
7588,10
7588,10
7588,9
7588,10
7588,10
7588,10
7588,10
7588,9
7588,10
7589,10
7589,10
7589,10
7589,9
7589,10
7589,9
7589,10
7595,10
7595,9
7595,11
7595,9
7595,10
7595,9
7595,9
7596,11
7596,10
7596,10
7596,9
7596,9
7596,11
7596,10
7596,10
7596,9
7597,9
7597,11
7597,10
7597,10
7597,10
7597,8
7597,11
7597,9
7597,10
7598,9
7598,9
7598,11
7598,10
7598,10
7598,9
7598,9
7598,11
7598,10
7598,10
7599,9
7599,9
7599,11
7599,10
7599,10
7599,9
7599,9
7605,9
7605,10
7605,11
7605,10
7605,10
7605,9
7605,9
7605,11
7606,10
7606,10
7606,9
7606,10
7606,11
7606,10
7606,10
7606,9
7606,10
7607,10
7607,10
7607,10
7607,10
7607,9
7607,10
7607,10
7607,10
7607,7
7607,9
7608,10
7608,10
7608,10
7608,8
7608,9
7608,10
7608,10
7608,10
7608,9
7609,9
7609,11
7609,10
7609,10
7609,9
7609,9
7609,10
7615,10
7615,9
7615,10
7615,10
7615,10
7615,10
7615,8
7615,10
7616,9
7616,10
7616,10
7616,9
7616,10
7616,9
7616,11
7616,10
7616,8
7616,10
7617,9
7617,10
7617,10
7617,9
7617,10
7617,9
7617,10
7617,10
7617,8
7618,10
7618,10
7618,10
7618,10
7618,8
7618,10
7618,10
7618,10
7618,10
7619,9
7619,9
7619,9
7619,10
7619,10
7619,9
7619,10
7619,10
7633,10
7638,9
7638,10
7639,10
7639,10
7639,9
7639,9
7639,10
7639,10
7639,10
7645,10
7645,8
7645,10
7645,10
7645,10
7646,10
7646,8
7646,10
7646,10
7646,10
7646,10
7646,8
7646,10
7646,11
7647,10
7647,10
7647,8
7647,9
7647,11
7647,10
7647,10
7647,9
7647,9
7647,11
7648,10
7648,10
7648,9
7648,9
7648,11
7648,10
7648,10
7648,8
7648,10
7649,11
7649,10
7649,10
7649,9
7649,10
7649,11
7649,10
7655,9
7655,10
7655,10
7655,10
7655,10
7655,9
7656,9
7656,10
7656,10
7656,10
7656,9
7656,9
7656,10
7656,10
7656,10
7656,9
7657,9
7657,10
7657,10
7657,10
7657,9
7657,9
7657,10
7657,10
7657,10
7658,9
7658,9
7658,10
7658,10
7658,10
7658,9
7658,9
7658,10
7658,10
7659,10
7659,9
7659,8
7659,10
7659,10
7659,11
7659,9
7659,8
7665,8
7665,11
7665,9
7665,10
7665,9
7665,8
7666,11
7666,10
7666,10
7666,9
7666,9
7666,10
7666,10
7666,10
7666,9
7667,9
7667,10
7667,10
7667,10
7667,10
7667,9
7667,11
7667,10
7667,10
7667,10
7668,9
7668,11
7668,10
7668,10
7668,10
7668,8
7668,10
7668,10
7668,10
7669,10
7669,8
7669,10
7669,10
7669,10
7669,10
7669,8
7669,10
7681,10
7686,9
7686,8
7686,10
7686,10
7686,9
7686,10
7686,8
7686,10
7686,10
7687,9
7687,10
7687,8
7687,10
7687,10
7687,9
7687,10
7687,8
7687,10
7687,10
7688,10
7688,10
7688,8
7688,10
7688,10
7688,9
7688,10
7688,8
7688,10
7689,10
7689,10
7689,10
7689,8
7689,10
7689,10
7689,10
7695,9
7695,10
7695,10
7695,9
7696,9
7696,9
7696,9
7696,10
7696,10
7696,9
7696,10
7696,9
7696,8
7696,10
7697,9
7697,9
7697,9
7697,10
7697,10
7697,9
7697,10
7697,8
7697,10
7698,10
7698,9
7698,9
7698,9
7698,10
7698,10
7698,9
7698,10
7698,8
7698,10
7699,10
7699,9
7699,10
7699,9
7699,10
7699,10
7699,9
7705,10
7705,9
7705,9
7705,11
7705,10
7705,11
7705,9
7706,8
7706,11
7706,9
7706,10
7706,9
7706,9
7706,10
7706,10
7706,10
7706,9
7707,8
7707,10
7707,10
7707,10
7707,9
7707,9
7707,11
7707,10
7707,10
7708,9
7708,9
7708,11
7708,10
7708,10
7708,9
7708,9
7708,11
7708,10
7708,10
7709,9
7709,9
7709,9
7709,9
7709,10
7709,10
7709,8
7715,9
7715,9
7715,10
7715,10
7715,11
7715,9
7716,10
7716,9
7716,11
7716,10
7716,9
7716,10
7716,9
7716,10
7716,10
7717,9
7717,9
7717,10
7717,10
7717,10
7717,9
7717,9
7717,10
7717,10
7717,10
7718,9
7718,9
7718,10
7718,11
7718,10
7718,9
7718,9
7718,10
7718,10
7719,10
7719,9
7719,10
7719,9
7719,10
7719,10
7719,9
7730,10
7735,10
7735,9
7735,9
7736,9
7736,11
7736,10
7736,8
7736,10
7736,10
7736,10
7736,10
7736,8
7737,9
7737,10
7737,10
7737,10
7737,9
7737,9
7737,10
7737,10
7737,10
7738,8
7738,10
7738,10
7738,10
7738,10
7738,9
7738,9
7738,10
7738,10
7738,10
7739,9
7739,9
7739,10
7739,10
7739,10
7739,9
7739,9
7745,10
7745,9
7745,10
7745,10
7746,10
7746,10
7746,9
7746,10
7746,10
7746,10
7746,9
7746,9
7746,10
7747,10
7747,11
7747,10
7747,8
7747,10
7747,10
7747,11
7747,10
7747,9
7747,10
7748,10
7748,11
7748,10
7748,9
7748,10
7748,9
7748,11
7748,10
7748,9
7749,10
7749,10
7749,10
7749,10
7749,9
7749,10
7749,10
7755,11
7755,10
7755,10
7755,8
7755,9
7755,10
7756,10
7756,10
7756,9
7756,9
7756,11
7756,10
7756,10
7756,9
7756,10
7757,10
7757,10
7757,10
7757,8
7757,10
7757,10
7757,10
7757,10
7757,9
7758,9
7758,10
7758,10
7758,10
7758,9
7758,10
7758,11
7758,10
7758,10
7758,8
7759,9
7759,11
7759,10
7759,11
7759,9
7759,9
7759,11
7765,10
7765,8
7765,10
7765,10
7765,10
7765,10
7766,9
7766,10
7766,9
7766,10
7766,10
7766,9
7766,10
7766,9
7766,11
7767,10
7767,9
7767,9
7767,10
7767,10
7767,10
7767,9
7767,9
7767,10
7768,10
7768,10
7768,9
7768,10
7768,10
7768,10
7768,10
7768,9
7768,9
7768,9
7769,10
7769,11
7769,9
7769,9
7769,10
7769,10
7769,10
7780,9
7786,9
7786,10
7786,10
7786,10
7786,10
7786,7
7786,10
7786,9
7786,10
7787,9
7787,9
7787,9
7787,10
7787,10
7787,11
7787,9
7787,10
7787,10
7787,10
7788,10
7788,8
7788,10
7788,10
7788,10
7788,10
7788,9
7788,10
7788,9
7789,10
7789,10
7789,9
7789,10
7789,9
7789,10
7789,10
7789,9
7795,10
7795,10
7796,11
7796,10
7796,9
7796,10
7796,10
7796,11
7796,10
7796,9
7796,10
7796,10
7797,10
7797,10
7797,9
7797,10
7797,9
7797,10
7797,10
7797,9
7797,10
7798,10
7798,10
7798,9
7798,9
7798,10
7798,10
7798,11
7798,10
7798,9
7798,10
7799,9
7799,10
7799,10
7799,9
7799,10
7799,9
7799,10
7805,10
7805,10
7805,10
7805,10
7805,9
7805,10
7805,10
7805,10
7806,10
7806,8
7806,10
7806,10
7806,10
7806,10
7806,8
7806,9
7806,10
7807,10
7807,10
7807,8
7807,10
7807,11
7807,10
7807,10
7807,8
7807,10
7807,10
7808,10
7808,10
7808,8
7808,9
7808,10
7808,10
7808,10
7808,9
7808,10
7809,11
7809,10
7809,10
7809,9
7809,10
7809,11
7809,10
7815,9
7815,10
7815,10
7815,10
7815,10
7816,8
7816,10
7816,10
7816,10
7816,10
7816,8
7816,10
7816,10
7816,10
7817,10
7817,8
7817,10
7817,10
7817,10
7817,10
7817,8
7817,10
7817,11
7817,10
7818,10
7818,9
7818,10
7818,10
7818,10
7818,10
7818,8
7818,10
7818,11
7819,10
7819,10
7819,8
7819,10
7819,10
7819,10
7819,10
7834,10
7839,10
7845,10
7845,10
7846,9
7846,9
7846,9
7846,10
7846,10
7846,8
7846,10
7846,9
7846,10
7846,10
7847,8
7847,10
7847,9
7847,10
7847,10
7847,9
7847,10
7847,10
7847,10
7848,10
7848,9
7848,10
7848,10
7848,10
7848,10
7848,9
7848,9
7848,10
7848,11
7849,10
7849,9
7849,9
7849,9
7849,10
7849,10
7849,9
7855,10
7855,9
7855,9
7855,11
7856,10
7856,10
7856,9
7856,9
7856,11
7856,10
7856,9
7856,9
7856,8
7856,11
7857,10
7857,10
7857,10
7857,8
7857,11
7857,10
7857,11
7857,9
7857,9
7858,11
7858,10
7858,10
7858,9
7858,9
7858,10
7858,10
7858,10
7858,10
7859,9
7859,11
7859,9
7859,10
7859,11
7859,9
7859,10
7859,10
7865,10
7865,9
7865,9
7866,10
7866,10
7866,9
7866,10
7866,8
7866,10
7866,9
7866,10
7866,9
7867,9
7867,11
7867,9
7867,10
7867,10
7867,9
7867,10
7867,10
7867,10
7867,10
7868,9
7868,11
7868,9
7868,10
7868,10
7868,9
7868,10
7868,10
7868,10
7869,10
7869,9
7869,10
7869,9
7869,10
7869,10
7869,9
7880,9
7886,10
7886,8
7886,10
7886,10
7886,10
7886,10
7886,9
7887,10
7887,10
7887,10
7887,10
7887,8
7887,10
7887,10
7887,10
7887,10
7887,9
7888,10
7888,9
7888,10
7888,10
7888,9
7888,10
7888,10
7888,10
7888,10
7889,8
7889,10
7889,9
7889,10
7889,10
7889,9
7889,10
7895,10
7895,10
7896,9
7896,10
7896,8
7896,10
7896,10
7896,10
7896,10
7896,9
7896,10
7897,10
7897,10
7897,10
7897,8
7897,10
7897,10
7897,9
7897,10
7897,8
7897,10
7898,10
7898,10
7898,10
7898,8
7898,10
7898,10
7898,10
7898,10
7898,8
7899,10
7899,10
7899,10
7899,10
7899,8
7899,10
7899,10
7905,10
7905,10
7905,8
7905,10
7905,9
7905,10
7906,10
7906,8
7906,9
7906,9
7906,10
7906,10
7906,9
7906,10
7906,10
7906,10
7907,10
7907,8
7907,10
7907,10
7907,10
7907,10
7907,9
7907,10
7907,10
7908,11
7908,10
7908,9
7908,10
7908,9
7908,10
7908,10
7908,9
7908,10
7908,9
7909,11
7909,10
7909,8
7909,10
7909,9
7909,11
7909,10
7915,10
7915,9
7916,9
7916,11
7916,9
7916,10
7916,9
7916,9
7916,11
7916,9
7916,10
7916,9
7917,10
7917,11
7917,9
7917,11
7917,9
7917,9
7917,11
7917,10
7917,10
7918,9
7918,8
7918,10
7918,9
7918,10
7918,10
7918,7
7918,11
7918,10
7919,10
7919,10
7919,8
7919,10
7919,10
7919,10
7919,8
7919,9
7930,10
7936,9
7936,10
7936,10
7936,10
7936,9
7936,9
7936,9
7937,10
7937,10
7937,10
7937,9
7937,10
7937,9
7937,10
7937,9
7937,9
7937,10
7938,10
7938,10
7938,10
7938,9
7938,10
7938,10
7938,10
7938,10
7938,9
7939,10
7939,10
7939,10
7939,10
7939,8
7939,10
7939,10
7939,11
7946,10
7946,9
7946,9
7946,10
7946,10
7946,10
7946,9
7946,9
7946,11
7947,9
7947,10
7947,9
7947,9
7947,11
7947,10
7947,10
7947,9
7947,10
7947,11
7948,10
7948,10
7948,9
7948,9
7948,11
7948,9
7948,10
7948,10
7948,9
7949,11
7949,9
7949,10
7949,9
7949,9
7949,10
7949,10
7949,10
7955,9
7955,10
7955,9
7955,10
7956,10
7956,8
7956,9
7956,9
7956,10
7956,9
7956,9
7956,9
7956,9
7956,10
7957,11
7957,9
7957,9
7957,9
7957,11
7957,10
7957,9
7957,10
7957,9
7958,10
7958,10
7958,9
7958,10
7958,9
7958,10
7958,10
7958,9
7958,9
7958,9
7959,11
7959,10
7959,9
7959,9
7959,9
7959,11
7959,10
7965,10
7965,10
7966,9
7966,10
7966,9
7966,10
7966,10
7966,9
7966,10
7966,8
7966,10
7967,10
7967,9
7967,9
7967,9
7967,10
7967,10
7967,9
7967,11
7967,8
7967,10
7968,10
7968,9
7968,10
7968,9
7968,10
7968,10
7968,10
7968,10
7968,8
7969,10
7969,10
7969,10
7969,10
7969,9
7969,10
7969,10
7969,10
7980,9
7986,10
7986,10
7986,10
7986,9
7986,10
7986,9
7987,11
7987,10
7987,8
7987,10
7987,9
7987,10
7987,10
7987,9
7987,10
7988,9
7988,11
7988,10
7988,9
7988,9
7988,10
7988,10
7988,10
7988,9
7988,10
7989,9
7989,10
7989,9
7989,9
7989,10
7989,9
7989,10
7996,9
7996,10
7996,11
7996,10
7996,9
7996,10
7996,10
7996,10
7997,10
7997,8
7997,9
7997,10
7997,10
7997,10
7997,9
7997,9
7997,10
7997,9
7998,10
7998,9
7998,9
7998,10
7998,10
7998,11
7998,9
7998,9
7998,10
7999,10
7999,10
7999,9
7999,9
7999,10
7999,11
7999,10
8005,11
8005,10
8005,9
8005,10
8005,10
8005,10
8005,9
8005,9
8005,10
8006,9
8006,10
8006,10
8006,8
8006,10
8006,9
8006,11
8006,10
8006,9
8007,10
8007,9
8007,10
8007,10
8007,8
8007,10
8007,9
8007,10
8007,10
8007,8
8008,9
8008,9
8008,10
8008,10
8008,9
8008,9
8008,9
8008,11
8008,10
8009,9
8009,9
8009,9
8009,10
8009,10
8009,9
8009,9
8015,9
8016,8
8016,10
8016,10
8016,10
8016,10
8016,9
8016,10
8016,10
8016,10
8016,9
8017,8
8017,10
8017,10
8017,10
8017,9
8017,9
8017,10
8017,11
8017,10
8018,9
8018,9
8018,10
8018,10
8018,10
8018,9
8018,9
8018,10
8018,10
8019,10
8019,9
8019,9
8019,10
8019,10
8019,10
8019,9
8019,9
8031,9
8036,10
8036,9
8037,10
8037,9
8037,9
8037,10
8037,10
8037,10
8037,10
8037,9
8037,11
8037,9
8038,10
8038,10
8038,9
8038,11
8038,10
8038,10
8038,10
8038,8
8038,10
8039,9
8039,10
8039,9
8039,9
8039,11
8039,10
8039,11
8046,10
8046,10
8046,8
8046,10
8046,11
8046,10
8046,10
8046,9
8047,11
8047,9
8047,11
8047,10
8047,9
8047,9
8047,10
8047,10
8047,10
8047,9
8048,10
8048,10
8048,10
8048,10
8048,9
8048,10
8048,9
8048,10
8048,10
8049,9
8049,9
8049,10
8049,10
8049,10
8049,9
8049,9
8055,10
8055,9
8055,10
8055,10
8055,8
8056,9
8056,9
8056,10
8056,10
8056,9
8056,9
8056,9
8056,10
8056,10
8056,9
8057,9
8057,9
8057,10
8057,10
8057,9
8057,8
8057,9
8057,10
8057,10
8058,9
8058,9
8058,9
8058,10
8058,10
8058,9
8058,10
8058,9
8058,10
8058,10
8059,9
8059,10
8059,8
8059,10
8059,10
8059,9
8059,10
8066,10
8066,10
8066,10
8066,9
8066,9
8066,10
8066,10
8066,10
8066,8
8067,10
8067,11
8067,10
8067,11
8067,10
8067,9
8067,10
8067,10
8067,10
8067,10
8068,9
8068,10
8068,10
8068,11
8068,10
8068,9
8068,10
8068,10
8068,10
8069,10
8069,9
8069,10
8069,10
8069,10
8069,10
8069,9
8069,10
8084,9
8089,10
8096,9
8096,9
8096,9
8096,10
8096,10
8096,9
8097,9
8097,10
8097,10
8097,10
8097,9
8097,10
8097,10
8097,10
8097,10
8098,9
8098,9
8098,9
8098,10
8098,10
8098,9
8098,9
8098,8
8098,11
8098,10
8099,9
8099,10
8099,10
8099,10
8099,10
8099,9
8099,9
8105,10
8105,9
8105,10
8105,10
8105,10
8105,10
8105,9
8105,10
8105,10
8105,10
8106,11
8106,9
8106,9
8106,11
8106,10
8106,10
8106,9
8106,9
8106,11
8107,10
8107,10
8107,9
8107,9
8107,10
8107,11
8107,11
8107,9
8107,9
8108,11
8108,9
8108,10
8108,9
8108,9
8108,11
8108,11
8108,10
8108,9
8108,9
8109,11
8109,9
8109,10
8109,9
8109,9
8109,10
8109,10
8116,9
8116,9
8116,10
8116,10
8116,10
8116,9
8116,9
8116,10
8117,10
8117,10
8117,10
8117,9
8117,10
8117,10
8117,11
8117,10
8117,9
8117,10
8118,10
8118,10
8118,10
8118,9
8118,10
8118,9
8118,10
8118,10
8118,9
8119,10
8119,10
8119,10
8119,10
8119,9
8119,10
8119,10
8131,10
8137,8
8137,10
8137,9
8137,11
8137,10
8137,9
8137,10
8137,9
8137,10
8137,10
8138,9
8138,9
8138,9
8138,10
8138,10
8138,9
8138,9
8138,9
8138,10
8139,10
8139,8
8139,9
8139,9
8139,11
8139,10
8139,9
8146,10
8146,9
8146,9
8146,10
8146,10
8146,10
8146,9
8147,9
8147,10
8147,10
8147,10
8147,9
8147,9
8147,10
8147,10
8147,10
8148,9
8148,9
8148,10
8148,10
8148,10
8148,9
8148,9
8148,10
8148,10
8148,10
8149,9
8149,8
8149,10
8149,10
8149,10
8149,9
8149,9
8155,9
8155,9
8155,9
8155,10
8156,10
8156,9
8156,10
8156,9
8156,10
8156,10
8156,9
8156,9
8156,9
8157,10
8157,10
8157,9
8157,10
8157,8
8157,10
8157,10
8157,9
8157,9
8157,10
8158,10
8158,10
8158,9
8158,9
8158,9
8158,10
8158,10
8158,9
8158,9
8159,9
8159,11
8159,10
8159,9
8159,9
8159,9
8159,10
8159,10
8166,10
8166,9
8166,10
8166,10
8166,10
8166,10
8166,9
8166,10
8167,10
8167,10
8167,10
8167,9
8167,11
8167,10
8167,10
8167,10
8167,9
8168,10
8168,9
8168,10
8168,10
8168,8
8168,10
8168,10
8168,10
8168,10
8168,9
8169,10
8169,9
8169,11
8169,10
8169,8
8169,10
8169,9
8181,10
8186,8
8187,9
8187,10
8187,10
8187,10
8187,9
8187,10
8187,10
8187,11
8187,10
8187,10
8188,10
8188,10
8188,10
8188,10
8188,8
8188,10
8188,10
8188,10
8188,9
8189,9
8189,10
8189,10
8189,10
8189,10
8189,9
8189,10
8196,10
8196,10
8196,10
8196,9
8196,10
8197,10
8197,10
8197,10
8197,9
8197,10
8197,10
8197,10
8197,10
8197,8
8197,10
8198,10
8198,10
8198,10
8198,9
8198,10
8198,10
8198,11
8198,10
8198,9
8199,10
8199,10
8199,11
8199,10
8199,9
8199,10
8199,10
8199,10
8205,9
8205,9
8205,11
8205,9
8205,10
8205,10
8205,8
8205,11
8206,10
8206,10
8206,10
8206,9
8206,10
8206,9
8206,10
8206,9
8206,9
8206,11
8207,10
8207,10
8207,10
8207,9
8207,10
8207,9
8207,10
8207,10
8207,9
8208,11
8208,10
8208,10
8208,9
8208,9
8208,10
8208,10
8208,10
8208,10
8209,8
8209,10
8209,10
8209,10
8209,10
8209,9
8209,10
8209,9
8216,10
8216,10
8216,10
8216,9
8216,9
8216,10
8216,10
8217,10
8217,9
8217,10
8217,10
8217,10
8217,10
8217,8
8217,9
8217,10
8218,10
8218,10
8218,9
8218,9
8218,10
8218,10
8218,10
8218,9
8218,9
8218,10
8219,10
8219,10
8219,9
8219,9
8219,10
8219,10
8219,10
8231,10
8237,10
8237,9
8237,9
8237,9
8237,11
8237,10
8237,9
8237,9
8237,8
8238,10
8238,11
8238,9
8238,10
8238,8
8238,10
8238,10
8238,9
8238,9
8238,8
8239,10
8239,10
8239,9
8239,11
8239,8
8239,10
8239,10
8246,10
8246,10
8246,11
8247,10
8247,9
8247,10
8247,10
8247,10
8247,10
8247,9
8247,10
8247,10
8247,10
8248,10
8248,8
8248,10
8248,9
8248,10
8248,10
8248,9
8248,10
8248,11
8249,10
8249,10
8249,9
8249,10
8249,10
8249,11
8249,10
8249,8
8255,10
8255,10
8255,10
8256,10
8256,9
8256,10
8256,10
8256,10
8256,10
8256,8
8256,10
8256,10
8256,10
8257,10
8257,8
8257,10
8257,10
8257,10
8257,10
8257,8
8257,10
8257,10
8258,11
8258,10
8258,9
8258,10
8258,10
8258,10
8258,10
8258,8
8258,10
8258,10
8259,10
8259,10
8259,9
8259,10
8259,10
8259,10
8259,10
8266,10
8266,9
8266,9
8266,9
8266,10
8267,10
8267,9
8267,10
8267,9
8267,11
8267,10
8267,9
8267,9
8267,9
8268,10
8268,10
8268,9
8268,10
8268,9
8268,10
8268,10
8268,9
8268,10
8268,9
8269,10
8269,10
8269,9
8269,10
8269,9
8269,10
8269,10
8281,9
8287,9
8287,10
8287,11
8287,10
8287,10
8288,9
8288,9
8288,11
8288,9
8288,10
8288,9
8288,10
8288,11
8288,10
8288,11
8289,9
8289,10
8289,10
8289,10
8289,10
8289,9
8289,9
8296,10
8296,9
8296,9
8296,10
8297,11
8297,10
8297,9
8297,9
8297,10
8297,10
8297,10
8297,9
8297,10
8298,10
8298,10
8298,10
8298,9
8298,9
8298,9
8298,10
8298,10
8298,9
8298,10
8299,10
8299,10
8299,10
8299,9
8299,9
8299,10
8299,10
8305,11
8305,10
8305,9
8305,9
8305,10
8305,10
8305,10
8305,9
8306,9
8306,10
8306,10
8306,10
8306,8
8306,10
8306,10
8306,10
8306,10
8307,9
8307,9
8307,10
8307,10
8307,10
8307,9
8307,9
8307,10
8307,10
8307,10
8308,9
8308,10
8308,10
8308,10
8308,10
8308,8
8308,10
8308,9
8308,10
8309,10
8309,9
8309,10
8309,10
8309,10
8309,10
8309,9
8309,9
8316,8
8316,10
8316,11
8316,10
8317,10
8317,8
8317,10
8317,11
8317,10
8317,10
8317,8
8317,10
8317,10
8317,10
8318,10
8318,9
8318,10
8318,11
8318,10
8318,10
8318,8
8318,10
8318,10
8319,10
8319,10
8319,8
8319,10
8319,10
8319,10
8319,10
8334,10
8338,9
8338,10
8338,11
8338,10
8339,9
8339,9
8339,10
8339,10
8339,10
8339,9
8339,9
8346,10
8346,8
8346,10
8347,10
8347,10
8347,9
8347,9
8347,11
8347,9
8347,10
8347,10
8347,9
8347,11
8348,9
8348,11
8348,10
8348,9
8348,11
8348,9
8348,10
8348,10
8348,9
8349,11
8349,10
8349,11
8349,10
8349,9
8349,11
8349,10
8355,10
8355,10
8355,10
8355,9
8355,9
8356,10
8356,10
8356,10
8356,9
8356,9
8356,10
8356,10
8356,11
8356,9
8356,9
8357,10
8357,10
8357,10
8357,9
8357,9
8357,10
8357,10
8357,10
8357,9
8358,9
8358,10
8358,10
8358,10
8358,9
8358,9
8358,10
8358,10
8358,10
8358,10
8359,9
8359,10
8359,10
8359,10
8359,10
8359,9
8359,10
8366,10
8366,9
8366,7
8366,11
8367,10
8367,10
8367,9
8367,9
8367,11
8367,9
8367,10
8367,9
8367,9
8367,11
8368,10
8368,10
8368,9
8368,9
8368,11
8368,8
8368,10
8368,9
8368,9
8369,10
8369,10
8369,10
8369,9
8369,9
8369,10
8369,10
8381,9
8387,10
8387,10
8387,9
8387,9
8387,11
8388,9
8388,11
8388,9
8388,9
8388,10
8388,10
8388,10
8388,10
8388,9
8389,11
8389,10
8389,10
8389,10
8389,9
8389,10
8389,10
8396,10
8396,10
8397,8
8397,10
8397,10
8397,10
8397,10
8397,9
8397,10
8397,10
8397,10
8397,10
8398,8
8398,10
8398,10
8398,9
8398,10
8398,8
8398,10
8398,10
8398,10
8399,10
8399,8
8399,10
8399,10
8399,10
8399,10
8399,8
8399,10
8405,10
8405,10
8405,8
8405,10
8405,10
8405,10
8405,9
8405,10
8406,10
8406,10
8406,10
8406,10
8406,9
8406,10
8406,10
8406,10
8406,10
8407,8
8407,10
8407,10
8407,10
8407,10
8407,8
8407,10
8407,10
8407,10
8407,9
8408,8
8408,10
8408,10
8408,10
8408,10
8408,9
8408,10
8408,10
8408,10
8409,10
8409,9
8409,10
8409,10
8409,10
8409,10
8409,8
8416,10
8416,10
8416,9
8417,9
8417,9
8417,10
8417,11
8417,10
8417,9
8417,10
8417,10
8417,10
8418,9
8418,9
8418,10
8418,10
8418,10
8418,10
8418,9
8418,10
8418,10
8418,10
8419,10
8419,9
8419,10
8419,10
8419,10
8419,9
8419,9
8431,9
8437,11
8437,9
8437,10
8437,10
8438,8
8438,10
8438,10
8438,10
8438,10
8438,9
8438,10
8438,10
8438,10
8439,10
8439,8
8439,10
8439,10
8439,11
8439,10
8439,9
8439,11
8447,10
8447,9
8447,10
8447,9
8447,10
8447,10
8447,9
8447,10
8447,10
8447,11
8448,10
8448,9
8448,10
8448,9
8448,9
8448,10
8448,9
8448,10
8448,10
8449,10
8449,10
8449,9
8449,10
8449,9
8449,10
8449,10
8449,8
8455,10
8455,8
8455,10
8455,10
8455,9
8456,9
8456,9
8456,10
8456,10
8456,9
8456,10
8456,8
8456,10
8456,10
8456,9
8457,9
8457,9
8457,10
8457,10
8457,9
8457,9
8457,9
8457,9
8457,10
8458,9
8458,11
8458,9
8458,10
8458,10
8458,9
8458,10
8458,8
8458,10
8459,10
8459,8
8459,10
8459,8
8459,11
8459,10
8459,9
8459,10
8466,9
8466,9
8467,9
8467,10
8467,10
8467,9
8467,9
8467,10
8467,10
8467,10
8467,9
8467,9
8468,10
8468,10
8468,10
8468,8
8468,8
8468,9
8468,10
8468,10
8468,10
8469,9
8469,10
8469,10
8469,10
8469,9
8469,9
8469,10
8481,10
8487,8
8487,10
8487,11
8488,10
8488,10
8488,8
8488,9
8488,11
8488,10
8488,10
8488,8
8488,10
8489,10
8489,10
8489,10
8489,9
8489,10
8489,11
8489,10
8489,10
8497,9
8497,10
8497,10
8497,9
8497,9
8497,10
8497,11
8497,10
8497,9
8498,10
8498,10
8498,10
8498,10
8498,8
8498,10
8498,10
8498,10
8498,10
8498,8
8499,10
8499,9
8499,11
8499,10
8499,9
8499,10
8499,9
8504,10
8504,10
8504,9
8504,10
8505,8
8505,10
8505,10
8505,9
8505,11
8505,8
8505,10
8505,10
8505,10
8505,9
8506,9
8506,10
8506,10
8506,9
8506,10
8506,8
8506,10
8506,10
8506,9
8507,10
8507,8
8507,10
8507,10
8507,9
8507,9
8507,8
8507,10
8507,9
8508,9
8508,10
8508,8
8508,10
8508,10
8508,9
8508,10
8508,8
8508,10
8508,10
8509,9
8509,10
8509,9
8509,10
8509,10
8509,9
8509,10
8516,10
8516,10
8517,9
8517,9
8517,10
8517,10
8517,10
8517,9
8517,8
8517,10
8517,10
8518,10
8518,9
8518,9
8518,10
8518,10
8518,11
8518,10
8518,10
8518,10
8519,10
8519,10
8519,9
8519,9
8519,10
8519,10
8519,10
8519,9
8532,9
8537,10
8538,10
8538,8
8538,9
8538,11
8538,10
8538,10
8538,9
8538,9
8538,11
8539,10
8539,10
8539,9
8539,10
8539,10
8539,10
8539,10
8547,10
8547,10
8547,8
8547,10
8547,10
8547,10
8547,10
8547,9
8547,10
8548,10
8548,11
8548,9
8548,9
8548,10
8548,11
8548,10
8548,10
8548,9
8549,10
8549,11
8549,10
8549,10
8549,8
8549,10
8549,11
8549,10
8555,10
8555,9
8555,9
8555,10
8555,10
8555,10
8556,9
8556,9
8556,10
8556,10
8556,10
8556,9
8556,9
8556,10
8556,10
8556,10
8557,9
8557,9
8557,9
8557,10
8557,10
8557,9
8557,9
8557,10
8557,11
8558,10
8558,9
8558,9
8558,10
8558,11
8558,11
8558,9
8558,10
8558,9
8558,10
8559,10
8559,9
8559,10
8559,10
8559,10
8559,10
8559,9
8567,10
8567,10
8567,9
8567,10
8567,10
8567,10
8567,9
8567,9
8567,10
8567,10
8568,10
8568,9
8568,9
8568,10
8568,10
8568,10
8568,10
8568,9
8568,10
8569,11
8569,10
8569,10
8569,8
8569,10
8569,10
8569,10
8585,8
8589,10
8589,9
8597,9
8597,10
8597,10
8597,10
8597,10
8597,9
8597,9
8597,10
8597,11
8598,10
8598,9
8598,10
8598,10
8598,10
8598,10
8598,9
8598,10
8598,10
8599,10
8599,10
8599,8
8599,10
8599,10
8599,10
8599,11
8599,9
8604,10
8604,10
8604,9
8604,10
8604,9
8604,11
8605,10
8605,8
8605,10
8605,10
8605,10
8605,10
8605,9
8605,10
8605,10
8606,10
8606,10
8606,9
8606,10
8606,10
8606,11
8606,10
8606,9
8606,10
8606,10
8607,10
8607,9
8607,8
8607,10
8607,10
8607,11
8607,10
8607,9
8607,10
8608,10
8608,10
8608,10
8608,8
8608,10
8608,10
8608,10
8608,10
8608,9
8609,10
8609,10
8609,11
8609,10
8609,8
8609,10
8609,10
8609,10
8617,10
8617,9
8617,10
8617,10
8617,10
8617,10
8617,9
8617,11
8617,10
8618,10
8618,10
8618,9
8618,10
8618,9
8618,10
8618,10
8618,9
8618,10
8618,10
8619,10
8619,10
8619,8
8619,11
8619,9
8619,10
8619,10
8630,9
8637,10
8637,8
8637,10
8637,10
8638,10
8638,10
8638,8
8638,10
8638,10
8638,10
8638,10
8638,8
8638,10
8638,10
8639,10
8639,10
8639,8
8639,10
8639,11
8639,10
8639,10
8647,10
8647,10
8647,10
8647,9
8647,9
8647,11
8647,10
8648,10
8648,10
8648,9
8648,11
8648,10
8648,10
8648,9
8648,9
8648,10
8649,10
8649,10
8649,9
8649,8
8649,11
8649,9
8649,10
8649,9
8654,10
8655,9
8655,10
8655,10
8655,10
8655,10
8655,9
8655,10
8655,10
8655,10
8655,10
8656,9
8656,10
8656,9
8656,10
8656,10
8656,9
8656,11
8656,9
8656,10
8657,9
8657,9
8657,11
8657,10
8657,10
8657,10
8657,9
8657,10
8657,10
8657,10
8658,8
8658,8
8658,11
8658,10
8658,10
8658,10
8658,9
8658,11
8658,10
8659,10
8659,10
8659,8
8659,11
8659,9
8659,10
8659,9
8667,10
8667,10
8667,10
8667,10
8667,9
8667,10
8667,9
8667,10
8667,10
8668,8
8668,9
8668,9
8668,11
8668,10
8668,9
8668,10
8668,10
8668,10
8669,10
8669,9
8669,10
8669,9
8669,10
8669,10
8669,9
8669,10
8681,9
8688,10
8688,9
8688,10
8688,10
8688,8
8688,10
8688,9
8688,10
8688,10
8688,9
8689,10
8689,9
8689,10
8689,10
8689,8
8689,10
8689,9
8697,8
8697,10
8697,10
8697,10
8697,10
8697,9
8697,10
8698,10
8698,10
8698,10
8698,9
8698,10
8698,10
8698,10
8698,9
8698,9
8698,11
8699,10
8699,10
8699,9
8699,9
8699,10
8699,9
8699,10
8703,10
8703,10
8703,10
8704,9
8704,10
8704,10
8704,10
8704,9
8704,9
8704,10
8704,10
8704,10
8705,9
8705,9
8705,10
8705,10
8705,11
8705,9
8705,9
8705,10
8705,10
8705,10
8706,9
8706,9
8706,10
8706,10
8706,10
8706,9
8706,10
8706,10
8706,10
8707,10
8707,9
8707,9
8707,10
8707,10
8707,10
8707,9
8707,9
8707,10
8708,10
8708,10
8708,9
8708,10
8708,10
8708,10
8708,10
8708,9
8708,9
8708,10
8709,10
8709,10
8709,9
8709,10
8709,10
8709,10
8709,11
8717,9
8717,11
8717,10
8717,9
8717,10
8717,9
8717,10
8717,10
8718,9
8718,10
8718,9
8718,10
8718,10
8718,9
8718,10
8718,10
8718,10
8718,10
8719,9
8719,10
8719,10
8719,10
8719,10
8719,9
8719,10
8732,10
8738,10
8738,11
8738,9
8738,9
8738,9
8738,10
8739,10
8739,10
8739,9
8739,9
8739,10
8739,10
8739,10
8739,9
8747,10
8747,10
8747,9
8747,10
8747,11
8747,10
8747,10
8748,9
8748,10
8748,11
8748,10
8748,10
8748,9
8748,9
8748,11
8748,9
8748,10
8749,9
8749,9
8749,11
8749,10
8749,10
8749,9
8749,9
8754,9
8754,9
8754,9
8754,10
8754,10
8754,9
8755,10
8755,9
8755,10
8755,10
8755,9
8755,10
8755,9
8755,10
8755,10
8755,9
8756,10
8756,9
8756,10
8756,10
8756,10
8756,9
8756,10
8756,11
8756,10
8757,9
8757,10
8757,9
8757,10
8757,10
8757,9
8757,10
8757,9
8757,10
8758,10
8758,8
8758,10
8758,9
8758,10
8758,10
8758,8
8758,9
8758,9
8758,10
8759,10
8759,9
8759,9
8759,9
8759,10
8759,9
8759,9
8767,9
8767,10
8767,10
8767,9
8767,9
8767,9
8767,10
8767,10
8768,9
8768,10
8768,9
8768,10
8768,10
8768,9
8768,9
8768,9
8768,11
8769,10
8769,8
8769,9
8769,9
8769,11
8769,10
8769,9
8782,10
8788,11
8788,10
8788,9
8788,10
8788,10
8789,10
8789,9
8789,8
8789,10
8789,9
8789,11
8789,10
8789,8
8797,10
8797,9
8797,10
8797,10
8797,9
8797,10
8797,9
8798,10
8798,10
8798,9
8798,9
8798,8
8798,10
8798,10
8798,9
8798,9
8799,8
8799,10
8799,10
8799,9
8799,10
8799,8
8799,10
8799,10
8803,10
8803,8
8804,10
8804,10
8804,10
8804,10
8804,8
8804,10
8804,10
8804,10
8804,10
8804,8
8805,10
8805,10
8805,10
8805,10
8805,8
8805,10
8805,10
8805,10
8805,10
8806,9
8806,10
8806,10
8806,10
8806,10
8806,8
8806,10
8806,10
8806,10
8806,10
8807,9
8807,10
8807,10
8807,10
8807,10
8807,8
8807,10
8807,10
8807,9
8808,10
8808,8
8808,10
8808,10
8808,10
8808,10
8808,9
8808,10
8808,10
8808,9
8809,10
8809,9
8809,10
8809,10
8809,9
8809,11
8809,8
8817,11
8817,11
8817,10
8817,8
8817,10
8817,11
8817,10
8817,10
8818,7
8818,10
8818,10
8818,10
8818,10
8818,8
8818,10
8818,10
8818,10
8819,10
8819,8
8819,10
8819,11
8819,10
8819,11
8819,9
8835,10
8840,9
8847,10
8847,10
8848,11
8848,10
8848,9
8848,10
8848,10
8848,10
8848,10
8848,9
8848,10
8848,10
8849,10
8849,10
8849,9
8849,10
8849,10
8849,10
8849,10
8853,10
8854,9
8854,11
8854,10
8854,9
8854,10
8854,9
8854,10
8854,10
8854,8
8854,10
8855,9
8855,10
8855,10
8855,9
8855,9
8855,9
8855,10
8855,10
8855,10
8856,10
8856,9
8856,11
8856,10
8856,8
8856,10
8856,10
8856,11
8856,10
8856,9
8857,9
8857,9
8857,11
8857,10
8857,9
8857,10
8857,10
8857,11
8857,10
8858,8
8858,10
8858,9
8858,11
8858,9
8858,9
8858,10
8858,10
8858,10
8858,10
8859,8
8859,10
8859,10
8859,10
8859,10
8859,9
8859,10
8867,8
8867,11
8867,9
8867,10
8867,9
8867,9
8867,11
8867,10
8868,10
8868,10
8868,9
8868,11
8868,10
8868,10
8868,10
8868,9
8868,11
8869,9
8869,10
8869,9
8869,8
8869,11
8869,10
8869,10
8869,10
8882,10
8889,9
8889,9
8889,9
8889,11
8889,10
8889,8
8889,10
8897,10
8897,10
8897,9
8897,10
8897,10
8897,10
8897,10
8897,9
8898,10
8898,10
8898,11
8898,10
8898,9
8898,10
8898,10
8898,10
8898,10
8898,9
8899,10
8899,10
8899,10
8899,10
8899,8
8899,10
8899,10
8903,10
8903,9
8904,10
8904,10
8904,10
8904,10
8904,9
8904,9
8904,10
8904,10
8904,10
8904,9
8905,8
8905,10
8905,10
8905,11
8905,9
8905,9
8905,10
8905,10
8905,10
8906,10
8906,9
8906,10
8906,10
8906,11
8906,9
8906,9
8906,10
8906,10
8906,11
8907,9
8907,9
8907,10
8907,10
8907,10
8907,9
8907,9
8907,10
8907,10
8908,10
8908,9
8908,9
8908,10
8908,10
8908,10
8908,9
8908,9
8908,10
8908,10
8909,10
8909,9
8909,9
8909,10
8909,10
8909,10
8909,9
8917,10
8917,10
8917,9
8917,10
8917,9
8917,11
8917,10
8917,9
8918,10
8918,9
8918,10
8918,10
8918,9
8918,10
8918,9
8918,10
8918,10
8919,9
8919,10
8919,10
8919,11
8919,10
8919,8
8919,10
8919,9
8932,10
8938,10
8938,10
8939,10
8939,9
8939,10
8939,10
8939,10
8939,9
8939,9
8947,8
8947,10
8947,10
8947,10
8947,10
8947,8
8947,10
8948,10
8948,10
8948,10
8948,9
8948,10
8948,9
8948,10
8948,10
8948,8
8948,10
8949,10
8949,10
8949,10
8949,8
8949,10
8949,10
8949,9
8953,9
8953,10
8953,9
8954,10
8954,10
8954,8
8954,10
8954,9
8954,10
8954,10
8954,8
8954,11
8955,10
8955,10
8955,9
8955,9
8955,11
8955,10
8955,10
8955,10
8955,8
8956,11
8956,10
8956,10
8956,9
8956,8
8956,11
8956,10
8956,10
8956,9
8956,9
8957,10
8957,10
8957,10
8957,8
8957,9
8957,11
8957,9
8957,10
8957,9
8958,8
8958,11
8958,9
8958,11
8958,9
8958,9
8958,11
8958,10
8958,10
8958,10
8959,9
8959,11
8959,10
8959,11
8959,9
8959,9
8959,11
8967,9
8967,10
8967,10
8967,9
8967,9
8967,9
8967,10
8967,10
8968,8
8968,9
8968,9
8968,10
8968,10
8968,9
8968,10
8968,9
8968,11
8968,10
8969,9
8969,9
8969,9
8969,11
8969,10
8969,8
8969,10
8982,9
8988,9
8988,10
8989,10
8989,10
8989,9
8989,9
8989,11
8989,10
8989,10
8997,9
8997,10
8997,8
8997,10
8997,10
8997,9
8997,9
8998,8
8998,10
8998,10
8998,9
8998,10
8998,8
8998,10
8998,10
8998,8
8999,10
8999,8
8999,10
8999,9
8999,9
8999,10
8999,8
9003,10
9003,10
9003,10
9004,9
9004,10
9004,10
9004,10
9004,10
9004,9
9004,10
9004,11
9004,10
9004,11
9005,9
9005,9
9005,10
9005,10
9005,10
9005,8
9005,9
9005,11
9005,10
9006,10
9006,8
9006,9
9006,11
9006,10
9006,10
9006,9
9006,10
9006,11
9007,10
9007,10
9007,9
9007,10
9007,11
9007,10
9007,10
9007,9
9007,9
9007,11
9008,10
9008,10
9008,8
9008,9
9008,11
9008,10
9008,10
9008,9
9008,9
9009,10
9009,10
9009,10
9009,9
9009,10
9009,11
9009,10
9017,9
9017,10
9017,11
9017,9
9017,9
9017,11
9017,10
9017,10
9018,9
9018,10
9018,11
9018,9
9018,10
9018,9
9018,9
9018,10
9018,10
9019,10
9019,9
9019,9
9019,11
9019,10
9019,10
9019,9
9032,8
9039,11
9039,10
9039,10
9039,9
9039,9
9039,11
9039,10
9039,10
9046,10
9047,10
9047,10
9047,8
9047,10
9047,10
9047,10
9047,10
9047,9
9047,10
9047,10
9048,10
9048,10
9048,8
9048,10
9048,10
9048,9
9048,10
9048,9
9048,10
9049,10
9049,10
9049,10
9049,9
9049,10
9049,10
9049,10
9053,8
9053,10
9053,10
9054,9
9054,10
9054,8
9054,10
9054,10
9054,9
9054,10
9054,9
9054,10
9055,10
9055,10
9055,10
9055,9
9055,10
9055,10
9055,9
9055,9
9055,8
9055,10
9056,10
9056,9
9056,9
9056,8
9056,10
9056,10
9056,8
9056,9
9056,9
9057,10
9057,10
9057,9
9057,9
9057,10
9057,11
9057,11
9057,9
9057,9
9057,9
9058,10
9058,10
9058,8
9058,9
9058,9
9058,10
9058,10
9058,9
9058,10
9059,9
9059,11
9059,10
9059,8
9059,9
9059,9
9059,10
9066,10
9066,9
9067,10
9067,10
9067,10
9067,10
9067,9
9067,10
9067,10
9067,10
9067,10
9068,8
9068,10
9068,10
9068,11
9068,9
9068,9
9068,10
9068,10
9068,10
9068,10
9069,9
9069,10
9069,10
9069,10
9069,10
9069,8
9069,10
9081,10
9088,9
9088,10
9088,10
9089,10
9089,10
9089,8
9089,10
9089,10
9089,11
9089,10
9089,9
9096,10
9096,10
9096,10
9096,10
9097,8
9097,10
9097,9
9097,10
9097,10
9097,8
9097,10
9097,10
9097,10
9098,10
9098,9
9098,10
9098,10
9098,9
9098,10
9098,8
9098,10
9098,10
9098,10
9099,10
9099,8
9099,10
9099,10
9099,10
9099,10
9099,8
9103,10
9103,11
9103,10
9104,10
9104,9
9104,9
9104,11
9104,10
9104,10
9104,9
9104,9
9104,10
9105,10
9105,10
9105,9
9105,9
9105,11
9105,10
9105,10
9105,9
9105,9
9106,11
9106,10
9106,10
9106,9
9106,9
9106,11
9106,10
9106,10
9106,9
9106,9
9107,11
9107,10
9107,10
9107,9
9107,9
9107,11
9107,10
9107,10
9107,9
9108,8
9108,11
9108,10
9108,9
9108,9
9108,9
9108,11
9108,10
9108,11
9108,9
9109,9
9109,11
9109,10
9109,10
9109,9
9109,9
9109,11
9116,11
9116,10
9116,10
9116,10
9117,10
9117,9
9117,10
9117,10
9117,10
9117,10
9117,9
9117,10
9117,10
9117,10
9118,10
9118,8
9118,10
9118,10
9118,10
9118,10
9118,8
9118,10
9118,10
9119,10
9119,10
9119,9
9119,9
9119,11
9119,10
9119,10
9135,10
9140,9
9147,10
9148,9
9148,10
9148,9
9148,10
9148,10
9148,8
9148,9
9148,9
9148,11
9148,9
9149,9
9149,9
9149,9
9149,10
9149,10
9149,10
9149,9
9153,10
9153,10
9153,10
9154,10
9154,8
9154,9
9154,10
9154,10
9154,10
9154,8
9154,10
9154,10
9155,10
9155,10
9155,9
9155,9
9155,10
9155,10
9155,10
9155,8
9155,10
9155,11
9156,10
9156,10
9156,9
9156,10
9156,10
9156,10
9156,10
9156,8
9156,10
9157,10
9157,11
9157,10
9157,9
9157,10
9157,11
9157,10
9157,10
9157,9
9157,10
9158,11
9158,10
9158,10
9158,8
9158,10
9158,10
9158,10
9158,10
9158,9
9159,10
9159,11
9159,10
9159,10
9159,8
9159,9
9159,10
9166,10
9166,9
9166,10
9166,9
9166,10
9166,10
9166,9
9167,10
9167,8
9167,10
9167,10
9167,10
9167,10
9167,8
9167,10
9167,10
9168,9
9168,10
9168,8
9168,10
9168,10
9168,10
9168,9
9168,9
9168,10
9169,10
9169,10
9169,10
9169,8
9169,10
9169,10
9169,10
9169,10
9182,10
9189,9
9189,10
9189,9
9189,9
9189,8
9189,8
9196,9
9196,10
9196,10
9196,9
9196,10
9196,9
9196,11
9196,9
9196,8
9197,10
9197,9
9197,11
9197,10
9197,9
9197,10
9197,9
9197,11
9197,10
9198,9
9198,10
9198,9
9198,10
9198,10
9198,9
9198,10
9198,9
9198,10
9198,10
9199,8
9199,10
9199,9
9199,10
9199,10
9199,8
9199,10
9203,10
9203,8
9203,10
9204,10
9204,9
9204,10
9204,9
9204,10
9204,10
9204,9
9204,9
9204,9
9205,10
9205,10
9205,9
9205,10
9205,8
9205,10
9205,10
9205,9
9205,10
9205,8
9206,10
9206,11
9206,9
9206,10
9206,8
9206,10
9206,10
9206,9
9206,10
9207,8
9207,10
9207,10
9207,9
9207,9
9207,8
9207,10
9207,10
9207,8
9207,10
9208,8
9208,10
9208,10
9208,9
9208,10
9208,8
9208,10
9208,10
9208,9
9209,10
9209,9
9209,10
9209,10
9209,9
9209,10
9209,9
9216,10
9216,9
9216,10
9216,8
9216,10
9216,10
9216,9
9216,10
9216,8
9217,10
9217,9
9217,9
9217,10
9217,8
9217,11
9217,10
9217,9
9217,9
9218,8
9218,10
9218,10
9218,9
9218,10
9218,8
9218,10
9218,10
9218,9
9218,10
9219,8
9219,10
9219,10
9219,9
9219,9
9219,8
9219,10
9230,10
9237,10
9238,9
9238,9
9238,9
9238,10
9238,10
9238,9
9238,9
9238,9
9238,10
9239,10
9239,9
9239,9
9239,9
9239,10
9239,10
9239,9
9246,10
9246,10
9246,9
9246,10
9246,9
9246,10
9246,10
9246,8
9246,11
9246,9
9247,11
9247,8
9247,9
9247,11
9247,9
9247,10
9247,10
9247,9
9247,11
9248,10
9248,10
9248,10
9248,9
9248,10
9248,9
9248,10
9248,10
9248,9
9248,11
9249,10
9249,10
9249,10
9249,9
9249,10
9249,9
9249,10
9253,8
9253,10
9253,9
9254,10
9254,10
9254,9
9254,9
9254,9
9254,10
9254,10
9254,8
9254,9
9255,10
9255,10
9255,10
9255,7
9255,9
9255,10
9255,10
9255,10
9255,9
9256,10
9256,10
9256,11
9256,10
9256,9
9256,10
9256,10
9256,10
9256,10
9256,9
9257,10
9257,10
9257,10
9257,10
9257,9
9257,9
9257,10
9257,10
9257,10
9258,8
9258,10
9258,10
9258,11
9258,10
9258,9
9258,10
9258,10
9258,10
9258,10
9259,7
9259,10
9259,10
9259,10
9259,10
9259,9
9259,9
9266,10
9266,7
9266,10
9266,10
9266,9
9266,10
9266,8
9266,10
9266,10
9267,9
9267,10
9267,8
9267,10
9267,10
9267,10
9267,10
9267,8
9267,10
9267,10
9268,10
9268,10
9268,8
9268,10
9268,10
9268,10
9268,10
9268,8
9268,10
9269,11
9269,10
9269,10
9269,9
9269,10
9269,10
9269,10
9281,9
9288,9
9288,10
9288,10
9289,10
9289,10
9289,9
9289,10
9289,9
9289,10
9289,10
9295,10
9295,10
9295,10
9296,10
9296,8
9296,10
9296,11
9296,10
9296,10
9296,8
9296,10
9296,10
9297,10
9297,10
9297,8
9297,10
9297,10
9297,10
9297,10
9297,8
9297,10
9298,11
9298,9
9298,10
9298,9
9298,10
9298,10
9298,10
9298,10
9298,8
9298,10
9299,10
9299,10
9299,10
9299,8
9299,10
9299,10
9299,10
9303,8
9303,10
9303,11
9304,10
9304,10
9304,8
9304,10
9304,11
9304,10
9304,9
9304,9
9304,10
9305,10
9305,9
9305,10
9305,8
9305,9
9305,10
9305,10
9305,10
9305,8
9305,10
9306,11
9306,10
9306,10
9306,8
9306,10
9306,10
9306,10
9306,10
9306,8
9307,10
9307,10
9307,10
9307,10
9307,9
9307,10
9307,10
9307,9
9307,10
9307,8
9308,10
9308,10
9308,10
9308,10
9308,9
9308,10
9308,10
9308,10
9308,10
9309,8
9309,10
9309,10
9309,10
9309,10
9309,8
9309,10
9315,10
9315,9
9316,11
9316,10
9316,8
9316,10
9316,10
9316,10
9316,10
9316,9
9316,10
9316,10
9317,10
9317,10
9317,9
9317,10
9317,9
9317,10
9317,10
9317,8
9317,10
9318,9
9318,10
9318,10
9318,8
9318,10
9318,10
9318,10
9318,10
9318,8
9319,10
9319,10
9319,10
9319,10
9319,9
9319,10
9319,9
9319,10
9340,8
9347,10
9347,10
9347,10
9347,9
9348,11
9348,10
9348,10
9348,9
9348,9
9348,11
9348,10
9348,10
9348,9
9348,9
9349,11
9349,10
9349,10
9349,10
9349,9
9349,11
9349,10
9353,10
9353,9
9353,9
9354,9
9354,10
9354,10
9354,10
9354,8
9354,10
9354,9
9354,10
9354,9
9355,9
9355,10
9355,10
9355,11
9355,9
9355,9
9355,10
9355,10
9355,11
9356,10
9356,9
9356,10
9356,10
9356,10
9356,10
9356,9
9356,10
9356,10
9356,10
9357,10
9357,8
9357,10
9357,9
9357,10
9357,10
9357,9
9357,10
9357,9
9358,11
9358,10
9358,8
9358,10
9358,9
9358,10
9358,9
9358,9
9358,10
9358,9
9359,10
9359,10
9359,9
9359,9
9359,9
9359,10
9359,9
9365,10
9365,9
9365,9
9365,10
9365,10
9366,10
9366,9
9366,9
9366,11
9366,10
9366,10
9366,10
9366,9
9366,11
9367,10
9367,10
9367,9
9367,9
9367,11
9367,9
9367,10
9367,9
9367,9
9368,10
9368,10
9368,10
9368,9
9368,9
9368,11
9368,9
9368,10
9368,9
9368,10
9369,11
9369,9
9369,10
9369,10
9369,9
9369,11
9369,10
9382,10
9389,10
9389,8
9395,10
9395,11
9395,9
9395,10
9395,9
9395,10
9395,10
9395,9
9396,10
9396,9
9396,11
9396,10
9396,9
9396,10
9396,9
9396,10
9396,10
9397,8
9397,9
9397,9
9397,10
9397,9
9397,9
9397,10
9397,9
9397,10
9397,10
9398,9
9398,10
9398,9
9398,10
9398,10
9398,9
9398,10
9398,9
9398,10
9399,10
9399,9
9399,9
9399,7
9399,10
9399,10
9399,9
9403,9
9403,9
9403,10
9404,10
9404,9
9404,10
9404,8
9404,10
9404,10
9404,10
9404,11
9404,8
9405,10
9405,11
9405,9
9405,10
9405,9
9405,10
9405,10
9405,10
9405,10
9405,8
9406,10
9406,10
9406,10
9406,10
9406,8
9406,10
9406,10
9406,10
9406,10
9407,8
9407,10
9407,10
9407,9
9407,11
9407,8
9407,10
9407,11
9407,9
9407,10
9408,9
9408,10
9408,10
9408,10
9408,10
9408,8
9408,9
9408,9
9408,10
9409,10
9409,8
9409,10
9409,11
9409,10
9409,10
9409,8
9415,11
9415,9
9415,8
9415,10
9415,10
9415,10
9415,9
9416,9
9416,10
9416,10
9416,10
9416,10
9416,8
9416,10
9416,10
9416,10
9417,10
9417,9
9417,10
9417,10
9417,11
9417,10
9417,8
9417,10
9417,10
9417,10
9418,10
9418,9
9418,10
9418,9
9418,9
9418,9
9418,8
9418,10
9418,9
9419,10
9419,10
9419,9
9419,10
9419,9
9419,11
9419,10
9419,9
9429,10
9429,9
9429,10
9429,8
9429,10
9435,10
9435,10
9435,8
9435,11
9435,10
9435,10
9435,9
9435,9
9436,10
9436,10
9436,10
9436,9
9436,8
9436,10
9436,10
9436,10
9436,10
9437,9
9437,9
9437,9
9437,10
9437,10
9437,9
9437,10
9437,10
9437,10
9437,10
9438,8
9438,10
9438,10
9438,10
9438,10
9438,9
9438,10
9438,10
9438,10
9439,10
9439,9
9439,9
9439,10
9439,10
9439,10
9439,8
9445,9
9445,10
9445,10
9445,10
9445,10
9445,8
9445,10
9445,10
9445,10
9446,10
9446,9
9446,10
9446,10
9446,10
9446,10
9446,9
9446,10
9446,10
9446,10
9447,9
9447,8
9447,10
9447,10
9447,10
9447,9
9447,9
9447,10
9447,9
9448,11
9448,10
9448,9
9448,10
9448,10
9448,10
9448,9
9448,9
9448,10
9448,10
9449,10
9449,10
9449,9
9449,10
9449,10
9449,10
9449,10
9453,10
9453,8
9453,10
9454,10
9454,9
9454,9
9454,8
9454,10
9454,10
9454,9
9454,10
9454,8
9455,10
9455,10
9455,8
9455,10
9455,8
9455,10
9455,11
9455,9
9455,10
9456,8
9456,10
9456,10
9456,10
9456,10
9456,8
9456,10
9456,10
9456,10
9456,10
9457,8
9457,10
9457,10
9457,10
9457,10
9457,9
9457,10
9457,10
9457,10
9458,10
9458,8
9458,9
9458,11
9458,10
9458,10
9458,8
9458,10
9458,10
9458,10
9459,10
9459,8
9459,10
9459,10
9459,10
9459,10
9459,9
9465,10
9465,10
9465,8
9465,10
9465,10
9465,10
9465,10
9465,8
9465,10
9466,10
9466,10
9466,10
9466,9
9466,10
9466,11
9466,10
9466,10
9466,8
9466,10
9467,10
9467,10
9467,10
9467,8
9467,10
9467,10
9467,10
9467,10
9467,8
9468,10
9468,11
9468,10
9468,10
9468,9
9468,9
9468,11
9468,10
9468,9
9468,9
9469,10
9469,11
9469,10
9469,10
9469,9
9469,9
9469,11
9480,10
9485,9
9486,10
9486,10
9486,8
9486,11
9486,10
9486,10
9486,10
9486,9
9486,10
9487,10
9487,10
9487,10
9487,9
9487,10
9487,10
9487,10
9487,10
9487,9
9488,10
9488,9
9488,10
9488,10
9488,9
9488,10
9488,9
9488,10
9488,10
9488,9
9489,10
9489,10
9489,10
9489,10
9489,8
9489,10
9489,9
9494,10
9495,9
9495,9
9495,10
9495,10
9495,10
9495,9
9495,9
9495,10
9495,10
9496,10
9496,10
9496,9
9496,10
9496,10
9496,10
9496,9
9496,9
9496,9
9496,10
9497,10
9497,9
9497,9
9497,10
9497,10
9497,10
9497,9
9497,9
9497,10
9498,10
9498,10
9498,9
9498,9
9498,10
9498,10
9498,10
9498,9
9498,8
9499,10
9499,10
9499,10
9499,10
9499,9
9499,9
9499,10
9499,10
9503,9
9503,10
9504,8
9504,10
9504,10
9504,10
9504,10
9504,8
9504,10
9504,10
9504,10
9504,10
9505,9
9505,11
9505,10
9505,10
9505,10
9505,9
9505,10
9505,10
9505,10
9506,10
9506,8
9506,10
9506,10
9506,10
9506,10
9506,8
9506,10
9506,12
9506,10
9507,10
9507,9
9507,10
9507,11
9507,10
9507,10
9507,9
9507,10
9507,11
9508,10
9508,10
9508,9
9508,9
9508,11
9508,10
9508,10
9508,9
9508,9
9508,11
9509,10
9509,10
9509,9
9509,9
9509,10
9509,10
9509,10
9515,10
9515,10
9515,9
9515,10
9515,10
9515,11
9515,10
9515,9
9515,10
9515,10
9516,10
9516,10
9516,9
9516,10
9516,10
9516,10
9516,10
9516,9
9516,10
9517,9
9517,10
9517,10
9517,9
9517,10
9517,10
9517,11
9517,10
9517,9
9517,10
9518,10
9518,10
9518,10
9518,8
9518,10
9518,10
9518,11
9518,10
9518,9
9519,10
9519,9
9519,11
9519,10
9519,9
9519,10
9519,9
9532,9
9539,9
9545,10
9545,10
9545,9
9545,9
9545,10
9545,10
9546,10
9546,9
9546,9
9546,10
9546,10
9546,10
9546,9
9546,9
9546,10
9547,10
9547,10
9547,9
9547,9
9547,10
9547,10
9547,10
9547,10
9547,9
9547,9
9548,10
9548,10
9548,10
9548,8
9548,10
9548,10
9548,10
9548,10
9548,8
9549,10
9549,9
9549,10
9549,10
9549,8
9549,10
9549,10
9549,10
9553,10
9553,9
9554,11
9554,10
9554,10
9554,10
9554,8
9554,10
9554,10
9554,10
9554,10
9554,8
9555,10
9555,10
9555,10
9555,10
9555,9
9555,10
9555,10
9555,11
9555,10
9556,8
9556,10
9556,9
9556,10
9556,10
9556,9
9556,10
9556,9
9556,10
9557,10
9557,9
9557,10
9557,9
9557,10
9557,10
9557,9
9557,10
9557,9
9557,10
9558,10
9558,9
9558,10
9558,9
9558,10
9558,10
9558,8
9558,9
9558,10
9559,10
9559,10
9559,9
9559,9
9559,10
9559,10
9559,10
9559,8
9564,10
9564,10
9564,10
9565,10
9565,8
9565,10
9565,10
9565,10
9565,10
9565,8
9565,10
9565,11
9566,10
9566,10
9566,8
9566,10
9566,11
9566,10
9566,10
9566,9
9566,9
9566,11
9567,10
9567,10
9567,9
9567,9
9567,11
9567,9
9567,10
9567,9
9567,10
9568,10
9568,10
9568,10
9568,9
9568,9
9568,11
9568,10
9568,10
9568,9
9569,9
9569,11
9569,10
9569,10
9569,9
9569,9
9569,11
9569,9
9579,10
9584,10
9584,9
9584,9
9584,9
9584,10
9585,10
9585,9
9585,9
9585,9
9585,10
9585,10
9585,9
9585,10
9585,9
9585,10
9586,10
9586,9
9586,10
9586,8
9586,10
9586,10
9586,9
9586,10
9586,9
9587,10
9587,9
9587,9
9587,10
9587,8
9587,10
9587,10
9587,9
9587,10
9587,8
9588,10
9588,10
9588,10
9588,10
9588,8
9588,10
9588,10
9588,10
9588,10
9589,8
9589,10
9589,10
9589,10
9589,10
9589,9
9589,10
9594,9
9594,9
9594,11
9594,10
9594,10
9595,9
9595,9
9595,10
9595,10
9595,10
9595,9
9595,9
9595,11
9595,9
9596,10
9596,10
9596,9
9596,11
9596,9
9596,10
9596,10
9596,9
9596,11
9596,10
9597,10
9597,10
9597,9
9597,11
9597,10
9597,10
9597,9
9597,9
9597,11
9598,10
9598,11
9598,10
9598,9
9598,11
9598,10
9598,10
9598,10
9598,9
9598,10
9599,10
9599,10
9599,10
9599,9
9599,10
9599,9
9599,10
9603,10
9603,9
9603,9
9604,9
9604,10
9604,10
9604,10
9604,10
9604,8
9604,10
9604,10
9604,9
9605,9
9605,8
9605,10
9605,10
9605,9
9605,10
9605,7
9605,10
9605,10
9606,9
9606,10
9606,8
9606,10
9606,10
9606,9
9606,10
9606,9
9606,10
9606,10
9607,8
9607,10
9607,8
9607,10
9607,11
9607,10
9607,10
9607,6
9607,9
9608,12
9608,10
9608,10
9608,9
9608,10
9608,11
9608,10
9608,10
9608,8
9608,10
9609,10
9609,10
9609,10
9609,8
9609,10
9609,11
9609,10
9614,9
9614,8
9614,10
9614,10
9614,9
9615,10
9615,9
9615,10
9615,10
9615,10
9615,10
9615,8
9615,10
9615,10
9616,10
9616,10
9616,9
9616,10
9616,10
9616,10
9616,10
9616,9
9616,10
9616,10
9617,10
9617,10
9617,9
9617,10
9617,11
9617,10
9617,10
9617,9
9617,10
9618,10
9618,10
9618,10
9618,9
9618,9
9618,11
9618,10
9618,10
9618,9
9618,9
9619,11
9619,10
9619,10
9619,8
9619,10
9619,11
9619,10
9630,9
9635,10
9635,9
9635,11
9635,10
9635,10
9635,10
9636,9
9636,10
9636,10
9636,10
9636,10
9636,9
9636,10
9636,10
9636,10
9637,10
9637,9
9637,10
9637,9
9637,10
9637,10
9637,8
9637,10
9637,9
9637,11
9638,10
9638,9
9638,10
9638,9
9638,10
9638,10
9638,9
9638,10
9638,10
9639,10
9639,10
9639,9
9639,10
9639,10
9639,10
9639,10
9644,8
9644,9
9644,10
9644,10
9644,10
9644,9
9644,9
9644,10
9645,10
9645,11
9645,9
9645,9
9645,10
9645,10
9645,10
9645,9
9645,8
9646,10
9646,10
9646,10
9646,9
9646,9
9646,10
9646,10
9646,10
9646,9
9646,10
9647,10
9647,10
9647,10
9647,9
9647,9
9647,10
9647,10
9647,10
9647,10
9648,9
9648,10
9648,10
9648,10
9648,9
9648,9
9648,10
9648,10
9648,10
9648,9
9649,9
9649,10
9649,10
9649,11
9649,10
9649,9
9649,10
9653,10
9653,10
9654,9
9654,10
9654,8
9654,10
9654,10
9654,9
9654,10
9654,8
9654,10
9654,10
9655,9
9655,10
9655,8
9655,10
9655,10
9655,10
9655,10
9655,8
9655,10
9656,10
9656,10
9656,10
9656,8
9656,10
9656,10
9656,10
9656,10
9656,9
9656,10
9657,11
9657,10
9657,10
9657,8
9657,9
9657,11
9657,10
9657,10
9657,8
9658,10
9658,10
9658,10
9658,10
9658,9
9658,10
9658,11
9658,10
9658,10
9658,9
9659,9
9659,11
9659,10
9659,10
9659,9
9659,10
9659,10
9664,9
9664,10
9664,8
9664,10
9664,10
9664,9
9664,9
9665,8
9665,10
9665,10
9665,9
9665,10
9665,9
9665,10
9665,10
9665,9
9665,10
9666,8
9666,10
9666,10
9666,9
9666,10
9666,8
9666,10
9666,11
9666,9
9667,9
9667,9
9667,10
9667,10
9667,9
9667,10
9667,8
9667,10
9667,10
9668,10
9668,9
9668,8
9668,10
9668,10
9668,10
9668,10
9668,8
9668,11
9668,10
9669,10
9669,10
9669,8
9669,10
9669,9
9669,10
9669,10
9679,9
9679,9
9679,11
9684,9
9684,10
9684,8
9684,10
9684,10
9684,8
9684,10
9684,9
9685,10
9685,10
9685,9
9685,9
9685,9
9685,11
9685,10
9685,9
9685,10
9685,9
9686,10
9686,10
9686,9
9686,10
9686,9
9686,10
9686,10
9686,9
9686,9
9687,9
9687,11
9687,10
9687,9
9687,9
9687,9
9687,10
9687,10
9687,9
9687,9
9688,9
9688,10
9688,10
9688,9
9688,10
9688,8
9688,10
9688,10
9688,9
9689,10
9689,8
9689,10
9689,10
9689,9
9689,9
9689,8
9693,10
9694,9
9694,11
9694,8
9694,10
9694,10
9694,9
9694,9
9694,8
9694,10
9695,10
9695,9
9695,10
9695,8
9695,10
9695,10
9695,9
9695,10
9695,7
9695,11
9696,10
9696,9
9696,9
9696,8
9696,10
9696,10
9696,9
9696,9
9696,9
9697,10
9697,10
9697,10
9697,10
9697,9
9697,10
9697,10
9697,10
9697,10
9697,9
9698,10
9698,10
9698,10
9698,10
9698,8
9698,10
9698,10
9698,10
9698,10
9699,8
9699,10
9699,10
9699,9
9699,10
9699,8
9699,10
9703,9
9703,10
9703,10
9704,10
9704,9
9704,9
9704,10
9704,10
9704,10
9704,9
9704,8
9704,10
9705,10
9705,10
9705,9
9705,9
9705,10
9705,10
9705,10
9705,10
9705,9
9705,10
9706,10
9706,10
9706,11
9706,8
9706,10
9706,10
9706,10
9706,9
9706,9
9707,10
9707,10
9707,10
9707,10
9707,8
9707,10
9707,10
9707,10
9707,10
9707,9
9708,10
9708,10
9708,10
9708,9
9708,8
9708,10
9708,10
9708,10
9708,10
9709,9
9709,10
9709,10
9709,10
9709,9
9709,9
9709,10
9714,10
9714,11
9714,10
9714,10
9714,8
9714,9
9714,11
9714,10
9714,10
9714,9
9715,10
9715,11
9715,10
9715,11
9715,9
9715,10
9715,10
9715,10
9715,10
9716,9
9716,9
9716,11
9716,10
9716,10
9716,9
9716,10
9716,10
9716,10
9717,9
9717,9
9717,9
9717,11
9717,10
9717,10
9717,9
9717,9
9717,11
9717,10
9718,10
9718,9
9718,10
9718,11
9718,9
9718,10
9718,9
9718,9
9718,11
9719,10
9719,10
9719,9
9719,9
9719,10
9719,10
9719,10
9731,8
9738,9
9738,9
9738,10
9738,10
9738,10
9739,9
9739,9
9739,10
9739,10
9739,10
9739,9
9739,9
9739,10
9743,10
9744,9
9744,10
9744,10
9744,10
9744,10
9744,8
9744,10
9744,9
9744,10
9745,11
9745,9
9745,10
9745,10
9745,10
9745,9
9745,9
9745,10
9745,10
9745,10
9746,9
9746,8
9746,10
9746,10
9746,10
9746,10
9746,9
9746,10
9746,9
9747,10
9747,10
9747,9
9747,10
9747,10
9747,10
9747,10
9747,9
9747,10
9748,8
9748,10
9748,10
9748,8
9748,10
9748,10
9748,10
9748,9
9748,9
9748,10
9749,9
9749,10
9749,10
9749,8
9749,10
9749,9
9749,10
9753,10
9753,10
9753,8
9754,10
9754,11
9754,10
9754,10
9754,8
9754,10
9754,10
9754,10
9754,10
9755,8
9755,10
9755,10
9755,10
9755,10
9755,9
9755,10
9755,10
9755,10
9755,10
9756,9
9756,10
9756,10
9756,10
9756,10
9756,8
9756,10
9756,10
9756,10
9757,10
9757,9
9757,10
9757,10
9757,10
9757,10
9757,8
9757,10
9757,10
9757,10
9758,10
9758,8
9758,10
9758,10
9758,10
9758,10
9758,8
9758,9
9758,11
9759,10
9759,11
9759,9
9759,9
9759,10
9759,10
9759,10
9763,9
9763,10
9763,10
9764,10
9764,9
9764,9
9764,11
9764,10
9764,10
9764,10
9764,9
9764,11
9765,10
9765,10
9765,9
9765,9
9765,10
9765,9
9765,11
9765,10
9765,8
9765,11
9766,10
9766,10
9766,9
9766,9
9766,11
9766,9
9766,10
9766,9
9766,9
9767,10
9767,9
9767,10
9767,9
9767,9
9767,11
9767,10
9767,10
9767,9
9767,9
9768,11
9768,10
9768,10
9768,9
9768,9
9768,11
9768,9
9768,10
9768,9
9769,8
9769,10
9769,10
9769,10
9769,9
9769,9
9769,11
9778,9
9779,8
9779,10
9779,9
9779,10
9779,9
9779,9
9779,10
9783,10
9783,10
9783,9
9784,10
9784,10
9784,10
9784,10
9784,9
9784,10
9784,9
9784,10
9784,10
9785,9
9785,10
9785,10
9785,10
9785,9
9785,9
9785,9
9785,10
9785,10
9785,10
9786,9
9786,9
9786,9
9786,10
9786,10
9786,9
9786,9
9786,10
9786,10
9787,10
9787,9
9787,9
9787,10
9787,10
9787,11
9787,9
9787,10
9787,10
9787,10
9788,10
9788,9
9788,9
9788,10
9788,10
9788,10
9788,9
9788,9
9788,10
9789,10
9789,10
9789,9
9789,9
9789,10
9789,10
9789,10
9793,9
9793,10
9793,8
9794,10
9794,10
9794,9
9794,10
9794,8
9794,10
9794,10
9794,9
9794,10
9795,9
9795,10
9795,10
9795,9
9795,10
9795,8
9795,10
9795,10
9795,9
9795,9
9796,8
9796,10
9796,10
9796,9
9796,9
9796,8
9796,10
9796,10
9796,9
9797,10
9797,8
9797,10
9797,10
9797,9
9797,10
9797,8
9797,10
9797,10
9797,9
9798,10
9798,8
9798,10
9798,10
9798,10
9798,10
9798,9
9798,10
9798,10
9799,9
9799,10
9799,9
9799,10
9799,10
9799,9
9799,10
9803,10
9803,10
9803,10
9804,10
9804,9
9804,10
9804,11
9804,11
9804,10
9804,8
9804,10
9804,10
9805,10
9805,10
9805,9
9805,10
9805,10
9805,10
9805,10
9805,8
9805,10
9806,11
9806,10
9806,10
9806,9
9806,9
9806,11
9806,10
9806,10
9806,8
9806,10
9807,11
9807,10
9807,9
9807,9
9807,9
9807,11
9807,10
9807,10
9807,8
9808,9
9808,11
9808,10
9808,10
9808,9
9808,10
9808,11
9808,10
9808,10
9808,9
9809,10
9809,11
9809,9
9809,10
9809,9
9809,10
9809,10
9813,10
9813,10
9813,8
9814,10
9814,9
9814,10
9814,10
9814,9
9814,10
9814,9
9814,10
9814,10
9815,9
9815,10
9815,9
9815,10
9815,10
9815,9
9815,10
9815,9
9815,10
9816,10
9816,9
9816,10
9816,8
9816,10
9816,10
9816,8
9816,10
9816,10
9816,10
9817,10
9817,9
9817,10
9817,10
9817,10
9817,10
9817,8
9817,10
9817,9
9818,10
9818,10
9818,9
9818,10
9818,11
9818,11
9818,10
9818,9
9818,10
9818,9
9819,10
9819,10
9819,9
9819,10
9819,10
9819,10
9819,10
9828,9
9828,9
9828,10
9828,10
9828,10
9829,9
9829,9
9829,10
9829,10
9829,9
9829,9
9829,9
9833,9
9833,10
9833,10
9834,9
9834,9
9834,9
9834,11
9834,10
9834,9
9834,10
9834,9
9834,10
9835,10
9835,9
9835,9
9835,9
9835,10
9835,10
9835,9
9835,9
9835,9
9836,9
9836,10
9836,9
9836,9
9836,9
9836,10
9836,10
9836,9
9836,9
9836,9
9837,10
9837,10
9837,9
9837,10
9837,9
9837,10
9837,10
9837,9
9837,10
9838,9
9838,10
9838,11
9838,8
9838,9
9838,9
9838,10
9838,10
9838,8
9838,10
9839,9
9839,10
9839,10
9839,9
9839,10
9839,9
9839,10
9843,10
9843,9
9843,9
9844,11
9844,9
9844,10
9844,10
9844,9
9844,11
9844,9
9844,11
9844,10
9845,9
9845,11
9845,10
9845,10
9845,9
9845,9
9845,11
9845,9
9845,10
9846,10
9846,9
9846,10
9846,10
9846,11
9846,10
9846,9
9846,11
9846,9
9846,10
9847,10
9847,9
9847,10
9847,10
9847,10
9847,10
9847,9
9847,11
9847,9
9848,11
9848,9
9848,8
9848,11
9848,9
9848,10
9848,10
9848,9
9848,11
9848,9
9849,10
9849,10
9849,9
9849,11
9849,10
9849,10
9849,9
9853,10
9854,10
9854,10
9854,9
9854,9
9854,11
9854,10
9854,10
9854,9
9854,9
9855,11
9855,10
9855,10
9855,9
9855,9
9855,10
9855,10
9855,10
9855,8
9855,9
9856,10
9856,10
9856,10
9856,9
9856,9
9856,11
9856,10
9856,10
9856,9
9857,9
9857,11
9857,10
9857,10
9857,9
9857,9
9857,11
9857,10
9857,10
9857,9
9858,9
9858,10
9858,10
9858,10
9858,9
9858,9
9858,10
9858,10
9858,10
9859,9
9859,9
9859,11
9859,10
9859,10
9859,9
9859,9
9863,10
9863,10
9863,10
9864,9
9864,9
9864,9
9864,10
9864,10
9864,9
9864,9
9864,10
9864,10
9865,10
9865,9
9865,9
9865,10
9865,10
9865,10
9865,9
9865,9
9865,9
9866,10
9866,9
9866,9
9866,9
9866,10
9866,10
9866,10
9866,9
9866,9
9866,9
9867,10
9867,10
9867,9
9867,9
9867,10
9867,10
9867,10
9867,9
9867,9
9868,10
9868,10
9868,10
9868,9
9868,9
9868,10
9868,10
9868,10
9868,9
9868,9
9869,9
9869,10
9869,10
9869,8
9869,9
9869,9
9869,10
9881,10
9887,10
9887,8
9887,10
9887,10
9887,10
9888,10
9888,9
9888,10
9888,10
9888,10
9888,10
9888,9
9888,9
9888,10
9889,10
9889,11
9889,9
9889,9
9889,9
9889,10
9889,10
9893,9
9893,10
9894,8
9894,10
9894,10
9894,9
9894,9
9894,9
9894,11
9894,10
9894,9
9895,9
9895,8
9895,10
9895,10
9895,8
9895,9
9895,9
9895,10
9895,10
9896,9
9896,9
9896,9
9896,10
9896,10
9896,9
9896,9
9896,9
9896,10
9896,10
9897,9
9897,10
9897,9
9897,11
9897,10
9897,9
9897,10
9897,9
9897,11
9898,10
9898,9
9898,10
9898,9
9898,10
9898,10
9898,8
9898,10
9898,9
9898,10
9899,10
9899,9
9899,10
9899,9
9899,10
9899,10
9899,8
9904,9
9904,11
9904,10
9904,10
9904,9
9904,9
9904,11
9904,10
9904,10
9905,9
9905,9
9905,10
9905,10
9905,10
9905,9
9905,8
9905,11
9905,9
9906,10
9906,9
9906,9
9906,11
9906,9
9906,10
9906,9
9906,8
9906,11
9906,9
9907,10
9907,9
9907,9
9907,11
9907,9
9907,10
9907,9
9907,9
9907,11
9908,10
9908,10
9908,9
9908,9
9908,11
9908,10
9908,10
9908,9
9908,8
9908,11
9909,10
9909,10
9909,9
9909,9
9909,10
9909,10
9909,10
9913,9
9914,9
9914,10
9914,9
9914,9
9914,9
9914,9
9914,11
9914,10
9914,9
9915,10
9915,9
9915,10
9915,10
9915,9
9915,9
9915,9
9915,11
9915,9
9915,8
9916,10
9916,9
9916,11
9916,10
9916,9
9916,9
9916,9
9916,11
9916,11
9917,9
9917,10
9917,9
9917,11
9917,10
9917,8
9917,10
9917,10
9917,11
9917,10
9918,9
9918,10
9918,9
9918,11
9918,9
9918,9
9918,10
9918,10
9918,11
9919,10
9919,9
9919,10
9919,10
9919,10
9919,10
9919,9
9929,10
9929,9
9929,9
9929,10
9929,10
9929,10
9934,9
9934,11
9934,10
9934,9
9934,10
9934,9
9934,10
9934,10
9934,9
9934,10
9935,10
9935,10
9935,10
9935,9
9935,10
9935,9
9935,10
9935,10
9935,9
9936,10
9936,10
9936,10
9936,10
9936,9
9936,10
9936,10
9936,10
9936,10
9936,8
9937,9
9937,10
9937,10
9937,9
9937,9
9937,9
9937,10
9937,10
9937,10
9938,9
9938,8
9938,10
9938,10
9938,10
9938,9
9938,9
9938,10
9938,10
9939,10
9939,9
9939,9
9939,10
9939,10
9939,10
9939,9
9939,9
9944,10
9944,8
9944,10
9944,10
9944,10
9944,10
9944,8
9944,10
9944,10
9945,9
9945,10
9945,8
9945,10
9945,11
9945,10
9945,10
9945,8
9945,10
9945,10
9946,10
9946,10
9946,9
9946,10
9946,10
9946,10
9946,10
9946,8
9946,9
9947,10
9947,10
9947,9
9947,9
9947,10
9947,10
9947,10
9947,10
9947,8
9947,10
9948,10
9948,10
9948,10
9948,8
9948,10
9948,10
9948,9
9948,10
9948,9
9949,10
9949,10
9949,10
9949,10
9949,8
9949,10
9949,10
9954,8
9954,9
9954,10
9954,10
9954,10
9954,10
9954,9
9954,10
9955,10
9955,10
9955,9
9955,8
9955,10
9955,10
9955,10
9955,10
9955,9
9955,10
9956,9
9956,10
9956,10
9956,9
9956,10
9956,10
9956,10
9956,10
9956,8
9957,9
9957,10
9957,10
9957,10
9957,9
9957,10
9957,11
9957,11
9957,8
9958,9
9958,10
9958,10
9958,10
9958,10
9958,8
9958,10
9958,10
9958,10
9958,9
9959,9
9959,9
9959,10
9959,10
9959,10
9959,9
9959,10
9964,10
9964,10
9964,10
9964,9
9964,9
9964,11
9964,10
9964,10
9964,9
9964,9
9965,11
9965,10
9965,10
9965,9
9965,10
9965,11
9965,10
9965,10
9965,8
9966,9
9966,11
9966,10
9966,10
9966,9
9966,9
9966,11
9966,10
9966,10
9967,9
9967,10
9967,11
9967,10
9967,10
9967,9
9967,10
9967,10
9967,10
9967,10
9968,9
9968,9
9968,10
9968,10
9968,10
9968,9
9968,9
9968,11
9968,10
9969,10
9969,9
9969,9
9969,11
9969,10
9969,10
9969,9
9969,9
9978,10
9979,9
9979,9
9979,11
9979,10
9979,10
9979,9
9979,9
9984,10
9984,8
9984,10
9984,10
9984,10
9984,10
9984,9
9984,10
9984,10
9984,10
9985,10
9985,8
9985,10
9985,10
9985,10
9985,10
9985,9
9985,10
9985,9
9986,10
9986,10
9986,9
9986,10
9986,10
9986,10
9986,10
9986,8
9986,10
9986,10
9987,10
9987,10
9987,8
9987,11
9987,10
9987,11
9987,10
9987,9
9987,11
9988,10
9988,10
9988,8
9988,9
9988,10
9988,10
9988,10
9988,10
9988,9
9989,11
9989,10
9989,10
9989,10
9989,9
9989,10
9989,10
9989,9
9994,10
9994,10
9994,9
9994,9
9994,9
9994,10
9994,10
9994,9
9994,9
9995,9
9995,10
9995,9
9995,9
9995,10
9995,8
9995,10
9995,10
9995,10
9995,9
9996,8
9996,10
9996,10
9996,9
9996,10
9996,8
9996,10
9996,10
9996,9
9997,9
9997,8
9997,10
9997,10
9997,9
9997,10
9997,9
9997,10
9997,10
9998,9
9998,10
9998,8
9998,10
9998,10
9998,9
9998,10
9998,9
9998,10
9998,10
9999,9
9999,10
9999,8
9999,10
9999,10
9999,9
9999,9
10004,10
10004,10
10004,8
10004,9
10004,9
10004,10
10004,10
10004,9
10005,10
10005,10
10005,10
10005,10
10005,9
10005,9
10005,10
10005,10
10005,10
10006,9
10006,9
10006,10
10006,10
10006,10
10006,9
10006,9
10006,10
10006,10
10006,10
10007,9
10007,9
10007,10
10007,10
10007,10
10007,9
10007,9
10007,10
10007,10
10008,10
10008,9
10008,9
10008,10
10008,10
10008,10
10008,9
10008,9
10008,10
10009,10
10009,10
10009,9
10009,9
10009,9
10009,11
10009,10
10009,9
10014,9
10014,10
10014,9
10014,10
10014,10
10014,9
10014,10
10014,9
10014,11
10015,10
10015,8
10015,10
10015,9
10015,10
10015,10
10015,8
10015,10
10015,9
10015,10
10016,10
10016,9
10016,10
10016,10
10016,10
10016,10
10016,9
10016,10
10016,10
10017,10
10017,10
10017,8
10017,10
10017,10
10017,10
10017,10
10017,9
10017,10
10018,10
10018,11
10018,10
10018,9
10018,10
10018,9
10018,10
10018,9
10018,8
10018,10
10019,10
10019,10
10019,9
10019,9
10019,10
10019,10
10019,10
10031,9
10037,11
10037,10
10038,10
10038,8
10038,10
10038,10
10038,10
10038,10
10038,9
10038,10
10038,10
10039,10
10039,10
10039,9
10039,10
10039,10
10039,10
10039,10
10039,8
10044,10
10044,9
10044,10
10044,9
10044,10
10044,10
10044,9
10044,10
10045,9
10045,10
10045,10
10045,8
10045,9
10045,9
10045,10
10045,10
10045,8
10046,10
10046,9
10046,11
10046,10
10046,8
10046,9
10046,9
10046,10
10046,10
10046,9
10047,10
10047,9
10047,11
10047,10
10047,9
10047,9
10047,9
10047,10
10047,10
10048,9
10048,9
10048,9
10048,10
10048,10
10048,9
10048,9
10048,9
10048,10
10048,10
10049,9
10049,9
10049,9
10049,10
10049,10
10049,8
10049,9
10054,10
10054,10
10054,10
10054,9
10054,11
10054,10
10054,10
10055,9
10055,9
10055,10
10055,10
10055,10
10055,9
10055,8
10055,10
10055,10
10056,10
10056,10
10056,9
10056,10
10056,10
10056,10
10056,9
10056,8
10056,10
10057,10
10057,10
10057,10
10057,9
10057,10
10057,10
10057,10
10057,9
10057,9
10057,10
10058,10
10058,10
10058,9
10058,8
10058,10
10058,10
10058,10
10058,9
10058,8
10059,10
10059,10
10059,11
10059,9
10059,9
10059,10
10059,10
10059,10
10064,11
10064,10
10064,10
10064,8
10064,10
10064,11
10064,10
10064,10
10065,8
10065,10
10065,10
10065,9
10065,10
10065,8
10065,10
10065,10
10065,10
10066,10
10066,8
10066,10
10066,10
10066,9
10066,10
10066,8
10066,10
10066,10
10066,10
10067,10
10067,8
10067,10
10067,10
10067,10
10067,10
10067,8
10067,10
10067,10
10068,9
10068,10
10068,9
10068,10
10068,10
10068,10
10068,10
10068,8
10068,10
10068,10
10069,9
10069,10
10069,8
10069,10
10069,10
10069,9
10069,10
10079,10
10084,10
10084,11
10084,10
10084,9
10084,10
10084,10
10085,10
10085,10
10085,8
10085,10
10085,10
10085,10
10085,9
10085,8
10085,10
10085,10
10086,10
10086,9
10086,9
10086,10
10086,10
10086,10
10086,9
10086,9
10086,10
10087,10
10087,10
10087,9
10087,9
10087,10
10087,10
10087,10
10087,9
10087,9
10087,10
10088,10
10088,10
10088,9
10088,9
10088,10
10088,10
10088,10
10088,9
10088,9
10089,10
10089,10
10089,9
10089,9
10089,9
10089,10
10089,10
10094,10
10094,9
10094,10
10094,10
10094,10
10094,10
10094,9
10095,10
10095,10
10095,10
10095,10
10095,9
10095,10
10095,10
10095,10
10095,9
10096,9
10096,10
10096,10
10096,10
10096,10
10096,8
10096,10
10096,10
10096,10
10096,10
10097,9
10097,10
10097,10
10097,10
10097,10
10097,9
10097,10
10097,10
10097,11
10098,9
10098,9
10098,10
10098,10
10098,11
10098,9
10098,8
10098,10
10098,10
10098,10
10099,9
10099,9
10099,10
10099,10
10099,10
10099,9
10099,10
10104,9
10104,10
10104,11
10104,10
10104,10
10105,8
10105,9
10105,11
10105,10
10105,10
10105,8
10105,9
10105,11
10105,10
10106,10
10106,8
10106,10
10106,11
10106,10
10106,10
10106,8
10106,10
10106,10
10107,10
10107,10
10107,8
10107,10
10107,10
10107,10
10107,10
10107,8
10107,10
10107,10
10108,10
10108,10
10108,8
10108,10
10108,10
10108,10
10108,10
10108,9
10108,10
10109,10
10109,9
10109,10
10109,8
10109,10
10109,10
10109,10
10109,10
10114,10
10114,9
10114,10
10114,8
10114,10
10114,10
10115,9
10115,10
10115,8
10115,10
10115,10
10115,9
10115,10
10115,8
10115,10
10115,10
10116,9
10116,9
10116,8
10116,10
10116,10
10116,9
10116,10
10116,8
10116,10
10117,10
10117,9
10117,10
10117,9
10117,11
10117,10
10117,9
10117,8
10117,8
10118,10
10118,10
10118,9
10118,10
10118,8
10118,10
10118,10
10118,9
10118,9
10118,9
10119,10
10119,10
10119,9
10119,10
10119,8
10119,10
10119,10
10130,10
10134,10
10134,9
10134,9
10134,10
10134,10
10135,10
10135,9
10135,9
10135,10
10135,10
10135,10
10135,9
10135,10
10135,9
10136,10
10136,10
10136,9
10136,9
10136,10
10136,10
10136,10
10136,9
10136,9
10137,10
10137,10
10137,10
10137,9
10137,9
10137,10
10137,10
10137,10
10137,9
10137,9
10138,10
10138,10
10138,10
10138,9
10138,9
10138,9
10138,10
10138,10
10138,8
10139,9
10139,10
10139,10
10139,10
10139,8
10139,9
10139,10
10139,10
10144,10
10144,8
10144,10
10144,10
10144,10
10144,10
10145,8
10145,10
10145,10
10145,10
10145,10
10145,8
10145,10
10145,10
10145,10
10146,10
10146,8
10146,10
10146,10
10146,9
10146,10
10146,8
10146,10
10146,10
10146,10
10147,10
10147,8
10147,10
10147,10
10147,9
10147,10
10147,8
10147,10
10147,10
10148,9
10148,10
10148,8
10148,10
10148,10
10148,8
10148,10
10148,8
10148,10
10148,10
10149,9
10149,10
10149,8
10149,10
10149,10
10149,10
10149,10
10154,9
10154,10
10154,9
10154,10
10155,10
10155,10
10155,10
10155,8
10155,10
10155,10
10155,9
10155,9
10155,8
10155,10
10156,10
10156,9
10156,10
10156,8
10156,10
10156,10
10156,10
10156,9
10156,8
10157,10
10157,10
10157,9
10157,10
10157,8
10157,10
10157,10
10157,9
10157,10
10157,9
10158,10
10158,10
10158,9
10158,9
10158,8
10158,10
10158,10
10158,9
10158,10
10159,8
10159,11
10159,10
10159,9
10159,9
10159,8
10159,10
10164,11
10164,9
10164,9
10164,10
10164,10
10164,10
10165,8
10165,9
10165,9
10165,11
10165,10
10165,9
10165,9
10165,10
10165,11
10165,10
10166,9
10166,10
10166,10
10166,10
10166,10
10166,9
10166,10
10166,10
10166,10
10167,10
10167,9
10167,10
10167,10
10167,10
10167,10
10167,9
10167,9
10167,10
10167,11
10168,10
10168,9
10168,9
10168,10
10168,10
10168,10
10168,9
10168,9
10168,10
10169,10
10169,10
10169,9
10169,11
10169,9
10169,10
10169,10
10182,10
10189,10
10189,9
10189,10
10189,9
10194,10
10194,10
10194,9
10194,10
10194,8
10194,10
10195,10
10195,9
10195,10
10195,9
10195,10
10195,10
10195,9
10195,9
10195,9
10196,10
10196,10
10196,9
10196,9
10196,8
10196,10
10196,10
10196,9
10196,10
10196,9
10197,10
10197,9
10197,9
10197,10
10197,7
10197,10
10197,10
10197,9
10197,10
10198,9
10198,10
10198,10
10198,9
10198,10
10198,9
10198,10
10198,10
10198,9
10198,9
10199,8
10199,10
10199,10
10199,9
10199,10
10199,8
10199,11
10204,9
10204,10
10204,9
10205,10
10205,10
10205,9
10205,9
10205,10
10205,10
10205,10
10205,9
10205,9
10205,9
10206,10
10206,10
10206,9
10206,10
10206,8
10206,10
10206,11
10206,9
10206,9
10207,8
10207,10
10207,10
10207,9
10207,10
10207,9
10207,10
10207,10
10207,9
10208,10
10208,8
10208,10
10208,10
10208,9
10208,10
10208,8
10208,10
10208,10
10208,10
10209,10
10209,8
10209,10
10209,10
10209,9
10209,9
10209,8
10214,11
10214,10
10214,10
10214,9
10214,10
10215,11
10215,10
10215,10
10215,9
10215,9
10215,11
10215,10
10215,10
10215,9
10215,9
10216,11
10216,10
10216,10
10216,9
10216,9
10216,11
10216,10
10216,10
10216,9
10217,10
10217,12
10217,10
10217,10
10217,9
10217,10
10217,10
10217,10
10217,10
10218,9
10218,9
10218,11
10218,10
10218,10
10218,9
10218,10
10218,11
10218,10
10218,10
10219,9
10219,10
10219,10
10219,10
10219,10
10219,9
10219,10
10230,9
10234,10
10234,10
10234,9
10235,10
10235,9
10235,10
10235,10
10235,10
10235,10
10235,8
10235,10
10235,10
10236,9
10236,10
10236,9
10236,10
10236,8
10236,9
10236,10
10236,9
10236,10
10237,10
10237,9
10237,9
10237,8
10237,10
10237,10
10237,8
10237,9
10237,8
10237,11
10238,10
10238,9
10238,9
10238,8
10238,10
10238,10
10238,9
10238,10
10238,8
10239,10
10239,10
10239,8
10239,9
10239,8
10239,10
10239,10
10239,9
10244,10
10244,10
10244,9
10244,9
10245,11
10245,10
10245,10
10245,9
10245,9
10245,11
10245,9
10245,10
10245,9
10245,9
10246,11
10246,10
10246,10
10246,10
10246,9
10246,10
10246,10
10246,10
10246,10
10247,9
10247,11
10247,9
10247,10
10247,10
10247,8
10247,11
10247,10
10247,10
10247,10
10248,9
10248,11
10248,9
10248,10
10248,9
10248,8
10248,11
10248,10
10248,10
10249,10
10249,9
10249,10
10249,9
10249,10
10249,10
10249,9
10254,10
10254,9
10254,10
10255,11
10255,10
10255,10
10255,9
10255,10
10255,10
10255,10
10255,10
10255,9
10256,8
10256,11
10256,10
10256,10
10256,10
10256,9
10256,11
10256,10
10256,10
10257,9
10257,9
10257,11
10257,9
10257,10
10257,9
10257,9
10257,11
10257,10
10257,10
10258,9
10258,9
10258,11
10258,10
10258,10
10258,9
10258,9
10258,10
10258,10
10259,10
10259,8
10259,10
10259,11
10259,10
10259,10
10259,9
10264,10
10264,10
10264,10
10264,9
10265,10
10265,10
10265,10
10265,11
10265,9
10265,10
10265,10
10265,10
10265,10
10265,9
10266,9
10266,9
10266,10
10266,10
10266,9
10266,10
10266,9
10266,10
10266,10
10267,8
10267,10
10267,10
10267,9
10267,10
10267,9
10267,9
10267,10
10267,10
10267,10
10268,9
10268,10
10268,10
10268,10
10268,10
10268,8
10268,10
10268,9
10268,10
10269,10
10269,8
10269,10
10269,10
10269,10
10269,10
10269,9
10280,10
10284,10
10284,10
10285,10
10285,10
10285,9
10285,10
10285,10
10285,10
10285,10
10285,9
10285,10
10285,10
10286,10
10286,10
10286,9
10286,10
10286,10
10286,11
10286,10
10286,8
10286,10
10287,10
10287,10
10287,10
10287,9
10287,10
10287,10
10287,10
10287,11
10287,8
10287,10
10288,10
10288,10
10288,10
10288,9
10288,10
10288,10
10288,10
10288,9
10288,8
10289,10
10289,10
10289,10
10289,9
10289,9
10289,10
10289,10
10294,10
10294,9
10294,9
10294,9
10295,10
10295,10
10295,8
10295,10
10295,9
10295,10
10295,10
10295,8
10295,10
10295,10
10296,11
10296,10
10296,8
10296,10
10296,10
10296,10
10296,10
10296,9
10296,10
10297,9
10297,11
10297,10
10297,9
10297,10
10297,9
10297,10
10297,10
10297,9
10298,10
10298,9
10298,11
10298,9
10298,9
10298,10
10298,10
10298,10
10298,10
10298,9
10299,10
10299,9
10299,10
10299,10
10299,8
10299,10
10299,10
10304,8
10304,11
10305,10
10305,11
10305,10
10305,9
10305,10
10305,10
10305,10
10305,10
10305,9
10305,10
10306,9
10306,10
10306,10
10306,9
10306,10
10306,9
10306,10
10306,10
10306,9
10307,10
10307,9
10307,10
10307,10
10307,9
10307,10
10307,9
10307,10
10307,10
10308,8
10308,10
10308,9
10308,10
10308,10
10308,9
10308,10
10308,9
10308,10
10308,10
10309,9
10309,10
10309,9
10309,11
10309,10
10309,9
10309,9
10314,10
10314,10
10314,9
10314,10
10315,9
10315,10
10315,10
10315,10
10315,9
10315,9
10315,10
10315,10
10315,9
10316,10
10316,9
10316,11
10316,10
10316,9
10316,10
10316,10
10316,10
10316,10
10316,9
10317,10
10317,9
10317,10
10317,10
10317,9
10317,10
10317,9
10317,10
10317,10
10318,9
10318,10
10318,9
10318,10
10318,10
10318,8
10318,10
10318,9
10318,10
10318,10
10319,9
10319,10
10319,9
10319,10
10319,10
10319,9
10319,10
10330,10
10335,8
10335,10
10335,10
10335,9
10335,10
10335,8
10335,10
10335,10
10335,9
10336,10
10336,8
10336,10
10336,10
10336,9
10336,10
10336,8
10336,10
10336,10
10337,9
10337,10
10337,9
10337,10
10337,11
10337,9
10337,9
10337,8
10337,10
10337,10
10338,9
10338,10
10338,8
10338,10
10338,10
10338,9
10338,10
10338,8
10338,10
10339,10
10339,9
10339,10
10339,9
10339,10
10339,10
10339,9
10344,10
10344,8
10344,10
10345,11
10345,9
10345,10
10345,8
10345,10
10345,10
10345,10
10345,10
10345,8
10346,10
10346,11
10346,10
10346,10
10346,8
10346,10
10346,10
10346,10
10346,10
10346,8
10347,10
10347,10
10347,10
10347,10
10347,8
10347,10
10347,10
10347,10
10347,10
10348,8
10348,10
10348,10
10348,9
10348,10
10348,9
10348,10
10348,10
10348,10
10348,10
10349,8
10349,10
10349,10
10349,9
10349,10
10349,8
10349,10
10354,9
10355,10
10355,10
10355,9
10355,10
10355,9
10355,10
10355,10
10355,9
10355,9
10356,10
10356,10
10356,10
10356,9
10356,10
10356,10
10356,10
10356,10
10356,9
10356,11
10357,10
10357,10
10357,9
10357,9
10357,11
10357,10
10357,10
10357,9
10357,9
10358,10
10358,10
10358,10
10358,9
10358,8
10358,11
10358,9
10358,10
10358,9
10358,9
10359,10
10359,10
10359,10
10359,9
10359,9
10359,11
10359,10
10364,10
10364,10
10364,10
10365,8
10365,11
10365,9
10365,10
10365,9
10365,8
10365,10
10365,10
10365,10
10366,10
10366,9
10366,11
10366,10
10366,11
10366,10
10366,9
10366,10
10366,10
10367,10
10367,9
10367,9
10367,10
10367,10
10367,10
10367,9
10367,9
10367,11
10367,10
10368,10
10368,9
10368,9
10368,10
10368,10
10368,10
10368,9
10368,9
10368,11
10369,10
10369,10
10369,9
10369,10
10369,10
10369,10
10369,9
10369,9
10383,10
10389,8
10394,9
10394,9
10395,8
10395,10
10395,10
10395,9
10395,10
10395,8
10395,10
10395,10
10395,9
10396,9
10396,8
10396,10
10396,10
10396,9
10396,10
10396,8
10396,10
10396,10
10396,9
10397,10
10397,8
10397,10
10397,10
10397,9
10397,10
10397,8
10397,10
10397,10
10398,9
10398,9
10398,9
10398,10
10398,11
10398,9
10398,9
10398,9
10398,10
10399,10
10399,9
10399,10
10399,8
10399,10
10399,10
10399,9
10399,10
10405,10
10405,10
10405,8
10405,10
10405,9
10405,11
10405,10
10405,8
10405,10
10406,9
10406,11
10406,10
10406,9
10406,10
10406,9
10406,10
10406,10
10406,8
10407,10
10407,9
10407,10
10407,10
10407,9
10407,10
10407,10
10407,10
10407,10
10407,9
10408,10
10408,10
10408,11
10408,10
10408,9
10408,10
10408,9
10408,10
10408,10
10409,8
10409,10
10409,9
10409,10
10409,10
10409,9
10409,10
10414,8
10414,10
10415,10
10415,10
10415,10
10415,9
10415,10
10415,10
10415,10
10415,10
10415,9
10415,10
10416,11
10416,10
10416,10
10416,8
10416,10
10416,11
10416,10
10416,10
10416,9
10417,10
10417,11
10417,10
10417,10
10417,8
10417,10
10417,10
10417,9
10417,10
10418,8
10418,10
10418,11
10418,10
10418,10
10418,8
10418,9
10418,9
10418,9
10418,10
10419,8
10419,10
10419,9
10419,10
10419,10
10419,8
10419,10
10430,10
10435,9
10435,10
10435,11
10435,9
10435,9
10435,9
10435,11
10435,9
10436,9
10436,10
10436,9
10436,10
10436,10
10436,9
10436,9
10436,9
10436,10
10437,10
10437,8
10437,9
10437,9
10437,11
10437,10
10437,9
10437,9
10437,9
10438,10
10438,10
10438,9
10438,9
10438,9
10438,10
10438,10
10438,9
10438,9
10438,9
10439,10
10439,10
10439,9
10439,10
10439,9
10439,11
10439,9
10444,9
10444,9
10445,11
10445,9
10445,10
10445,9
10445,9
10445,11
10445,10
10445,10
10445,9
10446,9
10446,11
10446,9
10446,10
10446,10
10446,8
10446,11
10446,10
10446,10
10447,9
10447,9
10447,11
10447,10
10447,10
10447,9
10447,9
10447,10
10447,10
10447,10
10448,10
10448,8
10448,11
10448,9
10448,10
10448,9
10448,9
10448,10
10448,9
10449,10
10449,10
10449,8
10449,11
10449,10
10449,10
10449,9
10455,10
10455,10
10455,9
10455,10
10455,9
10455,11
10455,10
10455,9
10455,10
10456,9
10456,10
10456,10
10456,9
10456,9
10456,9
10456,10
10456,9
10456,9
10457,9
10457,9
10457,11
10457,10
10457,9
10457,9
10457,9
10457,11
10457,10
10458,9
10458,10
10458,9
10458,10
10458,9
10458,9
10458,9
10458,8
10458,10
10458,10
10459,9
10459,9
10459,10
10459,10
10459,11
10459,9
10459,10
10464,9
10465,10
10465,9
10465,10
10465,9
10465,9
10465,10
10465,9
10465,10
10465,10
10466,9
10466,10
10466,9
10466,10
10466,10
10466,9
10466,10
10466,10
10466,10
10466,10
10467,9
10467,9
10467,10
10467,10
10467,10
10467,8
10467,9
10467,10
10467,10
10468,10
10468,9
10468,10
10468,10
10468,10
10468,10
10468,9
10468,9
10468,10
10469,10
10469,10
10469,9
10469,9
10469,10
10469,10
10469,10
10469,9
10480,7
10485,10
10485,10
10485,9
10485,9
10485,11
10485,9
10485,10
10486,10
10486,9
10486,11
10486,8
10486,10
10486,10
10486,9
10486,11
10486,10
10487,10
10487,9
10487,9
10487,10
10487,9
10487,10
10487,9
10487,9
10487,11
10487,10
10488,10
10488,10
10488,9
10488,11
10488,9
10488,10
10488,10
10488,9
10488,11
10489,9
10489,11
10489,9
10489,9
10489,11
10489,10
10489,10
10489,10
10495,10
10495,10
10495,10
10495,7
10495,10
10495,10
10495,10
10495,10
10495,8
10495,10
10496,11
10496,10
10496,10
10496,9
10496,10
10496,11
10496,10
10496,10
10496,9
10497,10
10497,10
10497,10
10497,10
10497,9
10497,9
10497,10
10497,10
10497,10
10498,9
10498,9
10498,11
10498,10
10498,10
10498,9
10498,9
10498,10
10498,10
10498,10
10499,8
10499,10
10499,10
10499,10
10499,10
10499,8
10499,10
10505,10
10505,8
10505,10
10505,11
10505,10
10505,10
10505,9
10505,10
10506,10
10506,10
10506,10
10506,9
10506,10
10506,11
10506,10
10506,10
10506,9
10506,10
10507,11
10507,10
10507,10
10507,9
10507,9
10507,11
10507,10
10507,10
10507,9
10508,9
10508,11
10508,10
10508,10
10508,9
10508,9
10508,11
10508,10
10508,10
10508,9
10509,9
10509,11
10509,10
10509,10
10509,9
10509,9
10509,11
10515,9
10515,9
10515,10
10515,10
10515,10
10515,9
10515,9
10515,10
10515,10
10516,10
10516,9
10516,9
10516,10
10516,10
10516,10
10516,8
10516,9
10516,10
10516,10
10517,10
10517,9
10517,9
10517,10
10517,10
10517,10
10517,8
10517,9
10517,10
10518,11
10518,10
10518,9
10518,9
10518,10
10518,10
10518,8
10518,8
10518,10
10518,9
10519,10
10519,10
10519,9
10519,9
10519,9
10519,10
10519,10
10532,10
10537,10
10537,10
10537,10
10537,10
10537,9
10538,9
10538,10
10538,10
10538,10
10538,9
10538,9
10538,10
10538,10
10538,10
10538,9
10539,9
10539,10
10539,10
10539,10
10539,9
10539,9
10539,10
10545,9
10545,11
10545,9
10545,10
10545,10
10545,9
10545,10
10545,9
10545,10
10546,10
10546,9
10546,10
10546,9
10546,11
10546,10
10546,9
10546,10
10546,9
10547,10
10547,10
10547,9
10547,11
10547,9
10547,10
10547,10
10547,9
10547,11
10547,10
10548,10
10548,10
10548,9
10548,11
10548,10
10548,10
10548,9
10548,9
10548,11
10549,10
10549,10
10549,10
10549,9
10549,11
10549,9
10549,11
10549,9
10555,11
10555,10
10555,8
10555,10
10555,9
10555,11
10555,10
10556,9
10556,10
10556,9
10556,10
10556,10
10556,8
10556,10
10556,10
10556,10
10557,10
10557,9
10557,10
10557,9
10557,10
10557,10
10557,9
10557,11
10557,10
10558,10
10558,10
10558,7
10558,10
10558,10
10558,10
10558,10
10558,9
10558,11
10558,10
10559,10
10559,10
10559,9
10559,11
10559,9
10559,10
10559,10
10565,10
10565,10
10565,10
10565,9
10565,9
10565,10
10565,10
10565,10
10565,9
10566,9
10566,10
10566,10
10566,10
10566,9
10566,10
10566,10
10566,10
10566,10
10567,9
10567,9
10567,10
10567,10
10567,10
10567,9
10567,10
10567,10
10567,10
10567,10
10568,9
10568,9
10568,10
10568,10
10568,10
10568,9
10568,9
10568,10
10568,10
10569,10
10569,10
10569,10
10569,10
10569,10
10569,10
10569,9
10580,10
10585,9
10585,10
10585,10
10585,9
10585,10
10585,9
10586,10
10586,10
10586,8
10586,10
10586,9
10586,10
10586,10
10586,9
10586,10
10587,9
10587,10
10587,9
10587,9
10587,10
10587,9
10587,11
10587,10
10587,9
10587,10
10588,9
10588,11
10588,11
10588,9
10588,10
10588,10
10588,10
10588,10
10588,9
10589,10
10589,9
10589,10
10589,10
10589,9
10589,10
10589,9
10595,10
10595,10
10595,9
10595,10
10595,10
10595,10
10595,10
10595,9
10596,9
10596,11
10596,10
10596,10
10596,8
10596,10
10596,10
10596,10
10596,10
10596,9
10597,10
10597,11
10597,9
10597,10
10597,8
10597,10
10597,10
10597,10
10597,10
10598,9
10598,10
10598,10
10598,10
10598,10
10598,8
10598,10
10598,10
10598,10
10599,10
10599,9
10599,10
10599,11
10599,10
10599,10
10599,9
10599,10
10605,10
10605,9
10605,9
10605,10
10605,10
10605,10
10606,9
10606,9
10606,9
10606,10
10606,10
10606,9
10606,9
10606,10
10606,10
10607,10
10607,9
10607,9
10607,10
10607,10
10607,10
10607,8
10607,10
10607,9
10608,11
10608,10
10608,8
10608,9
10608,10
10608,10
10608,10
10608,9
10608,10
10608,10
10609,10
10609,10
10609,8
10609,10
10609,10
10609,10
10609,10
10615,10
10615,10
10615,8
10615,10
10615,10
10615,11
10615,10
10615,8
10616,11
10616,9
10616,11
10616,10
10616,8
10616,10
10616,9
10616,10
10616,10
10616,9
10617,10
10617,10
10617,10
10617,10
10617,9
10617,10
10617,10
10617,10
10617,10
10618,9
10618,10
10618,9
10618,10
10618,10
10618,9
10618,11
10618,10
10618,10
10619,10
10619,9
10619,11
10619,9
10619,10
10619,10
10619,9
10619,11
10631,10
10635,9
10635,9
10636,11
10636,10
10636,10
10636,9
10636,9
10636,11
10636,10
10636,10
10636,9
10637,9
10637,11
10637,10
10637,11
10637,9
10637,9
10637,10
10637,10
10637,10
10637,9
10638,9
10638,11
10638,10
10638,10
10638,9
10638,9
10638,10
10638,10
10638,10
10639,9
10639,9
10639,10
10639,10
10639,10
10639,9
10639,9
10645,10
10645,10
10645,10
10645,10
10645,9
10645,11
10646,9
10646,10
10646,10
10646,9
10646,11
10646,10
10646,10
10646,10
10646,8
10646,10
10647,10
10647,10
10647,10
10647,9
10647,10
10647,10
10647,10
10647,10
10647,9
10648,10
10648,9
10648,10
10648,10
10648,8
10648,11
10648,10
10648,10
10648,10
10648,9
10649,11
10649,10
10649,10
10649,11
10649,9
10649,11
10649,10
10655,9
10655,10
10655,11
10655,10
10656,10
10656,9
10656,10
10656,10
10656,10
10656,10
10656,9
10656,10
10656,11
10656,10
10657,10
10657,9
10657,10
10657,11
10657,10
10657,10
10657,9
10657,10
10657,10
10658,10
10658,10
10658,8
10658,10
10658,10
10658,10
10658,10
10658,8
10658,9
10658,11
10659,10
10659,10
10659,9
10659,10
10659,10
10659,9
10659,11
10665,10
10665,9
10665,10
10665,9
10665,10
10665,10
10665,9
10666,10
10666,9
10666,10
10666,10
10666,9
10666,10
10666,9
10666,10
10666,10
10667,9
10667,10
10667,9
10667,10
10667,10
10667,9
10667,9
10667,9
10667,10
10667,10
10668,9
10668,9
10668,9
10668,10
10668,10
10668,9
10668,9
10668,9
10668,9
10669,9
10669,9
10669,10
10669,9
10669,10
10669,10
10669,9
10679,9
10679,10
10685,10
10685,10
10685,9
10685,8
10685,11
10686,10
10686,10
10686,9
10686,9
10686,10
10686,9
10686,10
10686,10
10686,9
10686,11
10687,10
10687,10
10687,9
10687,9
10687,10
10687,10
10687,10
10687,9
10687,8
10688,11
10688,9
10688,10
10688,10
10688,7
10688,10
10688,10
10688,10
10688,9
10688,8
10689,11
10689,10
10689,10
10689,10
10689,9
10689,11
10689,9
10695,10
10695,10
10695,9
10695,9
10695,10
10695,10
10696,10
10696,9
10696,9
10696,10
10696,10
10696,10
10696,9
10696,9
10696,9
10697,10
10697,10
10697,9
10697,9
10697,10
10697,10
10697,10
10697,8
10697,9
10697,10
10698,10
10698,10
10698,9
10698,9
10698,10
10698,10
10698,10
10698,9
10698,9
10699,10
10699,10
10699,10
10699,9
10699,9
10699,10
10699,10
10705,8
10705,10
10705,10
10705,10
10706,10
10706,8
10706,10
10706,10
10706,10
10706,10
10706,9
10706,10
10706,10
10706,9
10707,10
10707,8
10707,10
10707,10
10707,9
10707,10
10707,8
10707,10
10707,11
10708,9
10708,10
10708,8
10708,11
10708,10
10708,9
10708,9
10708,8
10708,10
10708,10
10709,9
10709,10
10709,8
10709,10
10709,10
10709,10
10709,9
10715,10
10715,10
10715,11
10715,10
10715,9
10715,10
10715,9
10715,11
10715,10
10715,8
10716,9
10716,10
10716,10
10716,10
10716,9
10716,10
10716,9
10716,11
10716,10
10717,9
10717,10
10717,10
10717,11
10717,10
10717,8
10717,10
10717,9
10717,10
10718,10
10718,9
10718,10
10718,9
10718,11
10718,10
10718,9
10718,10
10718,9
10718,10
10719,10
10719,9
10719,10
10719,9
10719,10
10719,10
10719,9
10734,10
10739,10
10739,10
10745,10
10745,9
10745,11
10745,10
10745,9
10745,9
10746,9
10746,10
10746,10
10746,9
10746,9
10746,9
10746,11
10746,10
10746,9
10747,9
10747,9
10747,10
10747,10
10747,8
10747,9
10747,10
10747,10
10747,10
10748,9
10748,9
10748,9
10748,10
10748,10
10748,9
10748,10
10748,9
10748,11
10748,10
10749,9
10749,10
10749,9
10749,10
10749,10
10749,9
10749,10
10755,10
10755,9
10755,10
10755,10
10756,10
10756,10
10756,8
10756,10
10756,11
10756,11
10756,10
10756,9
10756,10
10757,10
10757,10
10757,9
10757,9
10757,10
10757,10
10757,10
10757,10
10757,9
10757,10
10758,10
10758,10
10758,10
10758,9
10758,10
10758,10
10758,10
10758,9
10758,9
10759,10
10759,10
10759,10
10759,9
10759,9
10759,10
10759,10
10765,10
10765,8
10765,10
10765,10
10765,9
10765,10
10766,9
10766,10
10766,10
10766,9
10766,10
10766,9
10766,11
10766,10
10766,8
10766,10
10767,10
10767,11
10767,10
10767,9
10767,10
10767,10
10767,10
10767,10
10767,8
10768,10
10768,10
10768,10
10768,9
10768,9
10768,10
10768,10
10768,10
10768,10
10768,9
10769,10
10769,10
10769,11
10769,9
10769,8
10769,10
10769,10
10780,10
10785,9
10785,10
10785,10
10786,8
10786,10
10786,10
10786,10
10786,10
10786,8
10786,9
10786,10
10786,10
10787,10
10787,8
10787,10
10787,10
10787,10
10787,10
10787,8
10787,10
10787,10
10787,10
10788,10
10788,8
10788,10
10788,10
10788,9
10788,10
10788,8
10788,10
10788,10
10789,9
10789,9
10789,9
10789,11
10789,10
10789,9
10789,9
10795,9
10795,9
10795,10
10795,10
10795,10
10796,9
10796,10
10796,10
10796,10
10796,10
10796,9
10796,9
10796,10
10796,10
10797,10
10797,9
10797,10
10797,10
10797,11
10797,10
10797,9
10797,10
10797,9
10797,10
10798,10
10798,8
10798,10
10798,9
10798,10
10798,10
10798,8
10798,10
10798,9
10799,10
10799,10
10799,9
10799,10
10799,9
10799,10
10799,10
10805,10
10805,10
10805,8
10806,9
10806,10
10806,9
10806,10
10806,9
10806,10
10806,10
10806,10
10806,10
10806,9
10807,10
10807,10
10807,10
10807,10
10807,9
10807,9
10807,10
10807,10
10807,10
10808,9
10808,10
10808,9
10808,10
10808,10
10808,9
10808,9
10808,10
10808,11
10809,10
10809,9
10809,9
10809,10
10809,10
10809,10
10809,8
10809,10
10815,10
10815,9
10815,10
10815,9
10815,10
10815,10
10815,9
10815,9
10815,9
10816,10
10816,10
10816,9
10816,9
10816,9
10816,11
10816,10
10816,9
10816,9
10816,9
10817,11
10817,10
10817,8
10817,10
10817,9
10817,11
10817,10
10817,9
10817,10
10818,9
10818,10
10818,9
10818,9
10818,10
10818,9
10818,10
10818,10
10818,8
10818,10
10819,9
10819,11
10819,10
10819,9
10819,9
10819,9
10819,11
10830,10
10836,10
10836,11
10836,9
10836,8
10836,11
10836,9
10836,10
10836,9
10836,9
10837,11
10837,10
10837,10
10837,10
10837,9
10837,10
10837,10
10837,10
10837,9
10838,9
10838,11
10838,10
10838,10
10838,9
10838,9
10838,11
10838,9
10838,10
10838,9
10839,9
10839,11
10839,10
10839,10
10839,9
10839,9
10839,11
10845,10
10845,8
10845,11
10846,10
10846,9
10846,10
10846,9
10846,9
10846,10
10846,9
10846,10
10846,8
10846,10
10847,10
10847,9
10847,9
10847,9
10847,10
10847,10
10847,9
10847,10
10847,9
10848,10
10848,10
10848,9
10848,9
10848,9
10848,10
10848,10
10848,9
10848,9
10848,9
10849,10
10849,10
10849,9
10849,9
10849,9
10849,10
10849,10
10855,10
10856,9
10856,10
10856,8
10856,10
10856,10
10856,9
10856,10
10856,8
10856,10
10856,10
10857,9
10857,10
10857,8
10857,10
10857,10
10857,9
10857,10
10857,8
10857,10
10858,10
10858,9
10858,10
10858,8
10858,10
10858,10
10858,10
10858,10
10858,8
10859,10
10859,10
10859,10
10859,10
10859,9
10859,10
10859,10
10859,10
10865,10
10865,9
10865,12
10865,10
10865,8
10865,9
10865,9
10866,10
10866,10
10866,8
10866,11
10866,10
10866,10
10866,10
10866,8
10866,10
10866,9
10867,10
10867,10
10867,9
10867,10
10867,10
10867,10
10867,10
10867,9
10867,10
10868,9
10868,11
10868,10
10868,8
10868,11
10868,10
10868,10
10868,11
10868,9
10868,11
10869,10
10869,10
10869,10
10869,9
10869,11
10869,9
10869,10
10881,9
10886,10
10886,10
10886,10
10886,9
10886,10
10887,10
10887,10
10887,10
10887,8
10887,7
10887,10
10887,9
10887,10
10887,8
10888,10
10888,10
10888,10
10888,10
10888,9
10888,10
10888,10
10888,10
10888,10
10888,8
10889,10
10889,10
10889,10
10889,10
10889,9
10889,10
10889,10
10895,10
10895,10
10895,9
10896,10
10896,9
10896,10
10896,10
10896,8
10896,9
10896,9
10896,10
10896,10
10896,9
10897,10
10897,10
10897,10
10897,10
10897,9
10897,10
10897,10
10897,10
10897,10
10898,8
10898,10
10898,9
10898,10
10898,10
10898,9
10898,10
10898,9
10898,10
10899,10
10899,9
10899,10
10899,10
10899,10
10899,10
10899,9
10899,10
10905,10
10906,8
10906,9
10906,10
10906,10
10906,10
10906,8
10906,10
10906,10
10906,10
10906,10
10907,8
10907,10
10907,10
10907,10
10907,10
10907,9
10907,10
10907,10
10907,10
10908,10
10908,9
10908,10
10908,11
10908,10
10908,10
10908,9
10908,10
10908,10
10909,10
10909,10
10909,8
10909,10
10909,10
10909,10
10909,10
10909,9
10915,9
10915,10
10915,11
10915,10
10915,11
10915,8
10915,10
10915,12
10915,10
10916,10
10916,9
10916,10
10916,10
10916,10
10916,10
10916,9
10916,10
10916,10
10916,10
10917,10
10917,8
10917,9
10917,11
10917,10
10917,10
10917,9
10917,10
10917,11
10918,10
10918,10
10918,9
10918,10
10918,11
10918,10
10918,10
10918,9
10918,9
10919,11
10919,10
10919,10
10919,9
10919,9
10919,10
10919,10
10919,10
10934,10
10938,10
10938,9
10938,9
10938,9
10939,10
10939,10
10939,9
10939,10
10939,8
10939,10
10939,10
10939,9
10945,10
10946,10
10946,10
10946,9
10946,10
10946,10
10946,10
10946,10
10946,8
10946,10
10946,10
10947,10
10947,10
10947,9
10947,10
10947,10
10947,10
10947,10
10947,9
10947,10
10948,9
10948,11
10948,8
10948,8
10948,10
10948,10
10948,10
10948,10
10948,9
10948,10
10949,10
10949,10
10949,10
10949,9
10949,10
10949,10
10949,11
10956,9
10956,10
10956,9
10956,10
10956,9
10956,9
10956,10
10956,9
10956,10
10956,10
10957,9
10957,10
10957,8
10957,10
10957,10
10957,8
10957,10
10957,8
10957,10
10958,10
10958,9
10958,10
10958,8
10958,10
10958,10
10958,9
10958,10
10958,9
10959,10
10959,10
10959,9
10959,10
10959,8
10959,10
10959,10
10959,9
10965,10
10965,8
10966,10
10966,10
10966,9
10966,10
10966,8
10966,10
10966,10
10966,9
10966,9
10967,8
10967,10
10967,10
10967,9
10967,10
10967,8
10967,10
10967,10
10967,9
10968,9
10968,8
10968,10
10968,10
10968,10
10968,10
10968,8
10968,10
10968,10
10968,10
10969,10
10969,8
10969,10
10969,10
10969,10
10969,10
10969,8
10980,10
10986,9
10986,10
10986,11
10986,10
10986,10
10986,8
10986,10
10987,11
10987,10
10987,10
10987,9
10987,9
10987,10
10987,9
10987,10
10987,9
10988,10
10988,11
10988,10
10988,10
10988,9
10988,9
10988,11
10988,10
10988,10
10989,9
10989,9
10989,11
10989,10
10989,10
10989,9
10989,9
10989,10
10995,11
10996,10
10996,10
10996,7
10996,9
10996,11
10996,10
10996,10
10996,9
10996,8
10997,10
10997,10
10997,10
10997,9
10997,9
10997,10
10997,10
10997,10
10997,9
10998,10
10998,11
10998,10
10998,10
10998,9
10998,9
10998,11
10998,10
10998,11
10998,9
10999,9
10999,11
10999,10
10999,10
10999,9
10999,9
10999,10
11006,10
11006,9
11006,10
11006,9
11006,10
11006,10
11006,9
11006,10
11006,10
11007,11
11007,10
11007,9
11007,9
11007,10
11007,10
11007,10
11007,9
11007,10
11008,10
11008,10
11008,10
11008,9
11008,10
11008,9
11008,11
11008,9
11008,9
11008,9
11009,9
11009,10
11009,10
11009,9
11009,9
11009,10
11009,11
11015,10
11015,10
11015,9
11015,9
11015,10
11015,10
11015,10
11015,9
11016,9
11016,10
11016,10
11016,10
11016,10
11016,9
11016,10
11016,10
11016,10
11016,10
11017,9
11017,10
11017,10
11017,11
11017,9
11017,9
11017,10
11017,10
11017,10
11018,10
11018,10
11018,9
11018,10
11018,9
11018,10
11018,9
11018,10
11018,10
11019,10
11019,10
11019,9
11019,10
11019,10
11019,10
11019,10
11019,9
11030,8
11036,10
11036,8
11036,10
11036,10
11036,10
11037,10
11037,8
11037,10
11037,11
11037,10
11037,11
11037,9
11037,9
11037,10
11038,10
11038,10
11038,8
11038,10
11038,10
11038,10
11038,10
11038,8
11038,10
11038,11
11039,10
11039,10
11039,9
11039,10
11039,11
11039,10
11039,11
11045,9
11046,10
11046,10
11046,9
11046,10
11046,9
11046,10
11046,10
11046,9
11046,10
11047,10
11047,10
11047,10
11047,9
11047,10
11047,9
11047,11
11047,10
11047,9
11047,10
11048,10
11048,10
11048,10
11048,9
11048,10
11048,10
11048,10
11048,10
11048,9
11049,10
11049,10
11049,10
11049,9
11049,9
11049,10
11049,10
11056,10
11056,10
11056,8
11056,10
11056,10
11056,10
11056,10
11056,8
11057,11
11057,10
11057,10
11057,10
11057,8
11057,10
11057,10
11057,9
11057,10
11058,8
11058,11
11058,10
11058,10
11058,10
11058,8
11058,10
11058,10
11058,9
11058,10
11059,8
11059,10
11059,10
11059,10
11059,10
11059,8
11059,10
11065,10
11065,9
11065,10
11065,9
11065,10
11066,10
11066,9
11066,10
11066,9
11066,11
11066,10
11066,9
11066,10
11066,9
11067,10
11067,10
11067,9
11067,10
11067,9
11067,10
11067,10
11067,9
11067,10
11067,9
11068,11
11068,10
11068,8
11068,10
11068,10
11068,10
11068,10
11068,9
11068,10
11069,10
11069,10
11069,10
11069,9
11069,12
11069,9
11069,10
11069,10
11081,10
11086,9
11087,10
11087,10
11087,9
11087,10
11087,9
11087,10
11087,10
11087,9
11087,9
11087,9
11088,10
11088,10
11088,9
11088,9
11088,9
11088,10
11088,10
11088,9
11088,9
11089,9
11089,11
11089,10
11089,9
11089,9
11089,9
11089,10
11089,9
11096,9
11096,9
11096,10
11096,10
11096,10
11096,10
11096,9
11096,10
11096,10
11097,10
11097,9
11097,9
11097,10
11097,10
11097,10
11097,9
11097,9
11097,10
11098,10
11098,10
11098,10
11098,9
11098,10
11098,9
11098,10
11098,10
11098,9
11099,9
11099,10
11099,10
11099,9
11099,9
11099,10
11099,10
11099,10
11106,10
11106,10
11106,9
11106,11
11106,10
11106,10
11106,10
11107,9
11107,10
11107,9
11107,10
11107,10
11107,9
11107,10
11107,10
11107,10
11107,9
11108,9
11108,11
11108,9
11108,10
11108,10
11108,9
11108,11
11108,10
11108,10
11109,10
11109,8
11109,10
11109,10
11109,10
11109,9
11109,8
11115,8
11115,11
11115,9
11115,10
11115,10
11115,9
11115,11
11115,10
11116,10
11116,10
11116,9
11116,11
11116,10
11116,11
11116,10
11116,9
11116,11
11116,10
11117,10
11117,10
11117,9
11117,10
11117,9
11117,11
11117,9
11117,9
11117,11
11118,11
11118,10
11118,10
11118,9
11118,10
11118,9
11118,10
11118,10
11118,9
11118,10
11119,9
11119,10
11119,10
11119,9
11119,11
11119,10
11119,10
11132,10
11137,11
11137,10
11137,10
11137,10
11137,9
11137,11
11137,10
11137,10
11138,10
11138,9
11138,11
11138,10
11138,10
11138,9
11138,9
11138,10
11138,9
11138,10
11139,10
11139,9
11139,11
11139,9
11139,10
11139,10
11139,9
11146,10
11146,11
11146,10
11146,10
11146,9
11146,10
11146,11
11146,10
11147,10
11147,8
11147,9
11147,11
11147,10
11147,10
11147,8
11147,10
11147,11
11147,10
11148,10
11148,9
11148,10
11148,10
11148,10
11148,10
11148,9
11148,10
11148,11
11149,10
11149,10
11149,8
11149,10
11149,11
11149,10
11149,10
11156,10
11156,10
11156,8
11156,9
11156,10
11156,11
11156,10
11157,9
11157,9
11157,10
11157,10
11157,10
11157,8
11157,9
11157,10
11157,10
11158,10
11158,8
11158,9
11158,10
11158,10
11158,10
11158,9
11158,9
11158,10
11158,10
11159,10
11159,9
11159,9
11159,10
11159,10
11159,10
11159,9
11165,10
11165,9
11165,10
11166,8
11166,10
11166,10
11166,9
11166,10
11166,8
11166,10
11166,10
11166,9
11166,10
11167,8
11167,10
11167,10
11167,9
11167,10
11167,8
11167,10
11167,10
11167,9
11168,10
11168,8
11168,10
11168,10
11168,9
11168,9
11168,8
11168,10
11168,10
11168,9
11169,10
11169,8
11169,10
11169,10
11169,9
11169,10
11169,8
11184,9
11188,10
11188,10
11188,8
11188,10
11188,9
11188,10
11188,10
11188,9
11189,10
11189,10
11189,10
11189,10
11189,9
11189,10
11189,10
11196,10
11196,10
11196,10
11196,9
11196,10
11196,10
11196,10
11197,10
11197,8
11197,10
11197,10
11197,10
11197,10
11197,9
11197,10
11197,10
11198,10
11198,10
11198,8
11198,9
11198,10
11198,10
11198,11
11198,8
11198,10
11198,10
11199,10
11199,10
11199,8
11199,10
11199,11
11199,10
11199,10
11206,10
11206,8
11206,10
11206,10
11206,10
11207,10
11207,9
11207,10
11207,10
11207,10
11207,10
11207,8
11207,10
11207,10
11207,9
11208,10
11208,8
11208,10
11208,10
11208,10
11208,10
11208,9
11208,10
11208,11
11209,10
11209,10
11209,9
11209,10
11209,11
11209,10
11209,10
11215,8
11215,10
11215,10
11215,10
11215,10
11215,8
11215,10
11215,10
11215,10
11216,10
11216,8
11216,11
11216,11
11216,9
11216,10
11216,9
11216,10
11216,10
11217,10
11217,10
11217,8
11217,10
11217,10
11217,10
11217,10
11217,8
11217,10
11217,10
11218,10
11218,10
11218,8
11218,10
11218,10
11218,9
11218,10
11218,9
11218,10
11219,10
11219,10
11219,10
11219,8
11219,10
11219,10
11219,10
11231,10
11236,8
11237,9
11237,9
11237,10
11237,10
11237,8
11237,9
11237,9
11237,10
11237,10
11238,9
11238,9
11238,10
11238,10
11238,10
11238,9
11238,10
11238,9
11238,10
11239,10
11239,9
11239,9
11239,9
11239,10
11239,10
11239,9
11239,9
11246,10
11246,9
11246,8
11246,10
11246,10
11247,9
11247,10
11247,8
11247,10
11247,10
11247,10
11247,10
11247,9
11247,10
11248,10
11248,10
11248,9
11248,9
11248,11
11248,10
11248,10
11248,9
11248,9
11248,10
11249,10
11249,10
11249,9
11249,9
11249,10
11249,10
11249,10
11256,8
11256,10
11256,10
11257,10
11257,10
11257,9
11257,9
11257,10
11257,10
11257,10
11257,9
11257,9
11257,10
11258,10
11258,10
11258,9
11258,10
11258,9
11258,11
11258,10
11258,9
11258,10
11259,10
11259,11
11259,10
11259,9
11259,10
11259,10
11259,11
11265,10
11265,9
11265,9
11265,9
11265,10
11265,10
11265,9
11266,9
11266,9
11266,10
11266,10
11266,9
11266,10
11266,8
11266,11
11266,10
11267,9
11267,10
11267,8
11267,10
11267,10
11267,9
11267,9
11267,8
11267,10
11267,10
11268,9
11268,9
11268,8
11268,10
11268,10
11268,9
11268,10
11268,9
11268,10
11269,10
11269,9
11269,10
11269,9
11269,10
11269,10
11269,9
11281,9
11287,10
11287,10
11287,9
11287,9
11287,10
11287,10
11287,10
11287,9
11288,9
11288,10
11288,11
11288,10
11288,9
11288,9
11288,10
11288,10
11288,10
11289,9
11289,9
11289,10
11289,10
11289,10
11289,9
11289,9
11289,10
11296,9
11296,10
11296,9
11296,10
11296,10
11297,9
11297,10
11297,8
11297,10
11297,9
11297,9
11297,10
11297,8
11297,10
11298,10
11298,9
11298,9
11298,8
11298,10
11298,10
11298,9
11298,10
11298,8
11298,10
11299,10
11299,9
11299,10
11299,8
11299,10
11299,10
11299,9
11306,10
11306,8
11306,10
11306,10
11307,10
11307,10
11307,9
11307,10
11307,9
11307,10
11307,10
11307,9
11307,10
11308,9
11308,10
11308,10
11308,9
11308,10
11308,9
11308,11
11308,10
11308,8
11308,10
11309,9
11309,10
11309,10
11309,8
11309,10
11309,9
11309,10
11315,10
11315,9
11315,11
11315,10
11315,10
11315,10
11315,9
11315,10
11315,10
11316,10
11316,10
11316,8
11316,10
11316,10
11316,10
11316,10
11316,9
11316,10
11317,10
11317,10
11317,10
11317,9
11317,10
11317,10
11317,10
11317,10
11317,8
11317,10
11318,9
11318,10
11318,10
11318,9
11318,10
11318,9
11318,10
11318,10
11318,9
11319,10
11319,10
11319,10
11319,10
11319,9
11319,10
11319,9
11331,9
11337,10
11337,10
11337,10
11337,10
11337,9
11337,10
11337,9
11338,10
11338,10
11338,9
11338,9
11338,9
11338,10
11338,10
11338,9
11338,10
11339,10
11339,11
11339,10
11339,9
11339,10
11339,9
11339,10
11346,10
11346,9
11346,9
11346,9
11346,10
11347,10
11347,9
11347,9
11347,9
11347,10
11347,10
11347,9
11347,9
11347,9
11348,10
11348,10
11348,9
11348,10
11348,8
11348,10
11348,10
11348,9
11348,10
11348,9
11349,10
11349,10
11349,9
11349,9
11349,8
11349,10
11349,10
11356,8
11356,11
11356,10
11357,8
11357,10
11357,9
11357,10
11357,10
11357,8
11357,10
11357,9
11357,10
11357,11
11358,9
11358,10
11358,9
11358,11
11358,10
11358,8
11358,10
11358,9
11358,10
11359,9
11359,9
11359,9
11359,9
11359,11
11359,10
11359,9
11365,10
11365,9
11365,10
11365,11
11365,10
11365,10
11366,9
11366,9
11366,11
11366,10
11366,10
11366,9
11366,9
11366,11
11366,10
11367,10
11367,8
11367,10
11367,11
11367,10
11367,10
11367,9
11367,9
11367,10
11368,10
11368,10
11368,8
11368,10
11368,11
11368,10
11368,10
11368,8
11368,10
11368,11
11369,10
11369,10
11369,8
11369,9
11369,11
11369,10
11369,10
11381,10
11387,10
11387,10
11387,10
11387,9
11387,10
11388,10
11388,10
11388,10
11388,9
11388,10
11388,11
11388,10
11388,10
11388,8
11388,10
11389,10
11389,10
11389,10
11389,9
11389,10
11389,10
11389,10
11396,8
11396,10
11396,10
11396,10
11397,10
11397,9
11397,10
11397,10
11397,10
11397,11
11397,9
11397,10
11397,10
11398,10
11398,10
11398,9
11398,10
11398,10
11398,11
11398,10
11398,9
11398,10
11399,10
11399,10
11399,10
11399,9
11399,10
11399,10
11399,10
11399,10
11406,10
11406,9
11407,10
11407,9
11407,11
11407,10
11407,8
11407,10
11407,9
11407,10
11407,10
11408,9
11408,9
11408,8
11408,10
11408,10
11408,9
11408,9
11408,8
11408,10
11408,10
11409,9
11409,10
11409,9
11409,10
11409,10
11409,9
11409,9
11415,10
11415,9
11415,11
11415,9
11415,10
11415,10
11415,8
11415,9
11416,8
11416,10
11416,10
11416,9
11416,10
11416,8
11416,10
11416,10
11416,9
11417,10
11417,9
11417,10
11417,10
11417,9
11417,10
11417,8
11417,10
11417,10
11418,9
11418,10
11418,8
11418,10
11418,10
11418,9
11418,10
11418,8
11418,10
11418,10
11419,10
11419,9
11419,8
11419,10
11419,11
11419,9
11419,10
11434,8
11438,9
11439,10
11439,9
11439,10
11439,10
11439,9
11439,10
11439,10
11446,10
11446,9
11446,10
11447,10
11447,8
11447,10
11447,10
11447,11
11447,10
11447,9
11447,10
11447,9
11448,11
11448,10
11448,8
11448,10
11448,9
11448,10
11448,10
11448,8
11448,10
11449,10
11449,10
11449,10
11449,9
11449,10
11449,9
11449,11
11449,10
11457,10
11457,10
11457,10
11457,9
11457,10
11457,10
11457,10
11457,10
11457,9
11457,10
11458,10
11458,10
11458,10
11458,9
11458,10
11458,10
11458,11
11458,10
11458,9
11459,10
11459,9
11459,10
11459,10
11459,9
11459,9
11459,9
11465,10
11465,10
11465,9
11465,10
11465,10
11465,10
11465,10
11466,9
11466,10
11466,10
11466,8
11466,10
11466,8
11466,10
11466,10
11466,10
11467,10
11467,8
11467,10
11467,9
11467,10
11467,10
11467,9
11467,10
11467,10
11468,10
11468,10
11468,8
11468,10
11468,10
11468,9
11468,10
11468,8
11468,10
11468,10
11469,10
11469,10
11469,9
11469,10
11469,10
11469,10
11469,10
11480,10
11487,10
11487,9
11487,9
11487,11
11487,10
11487,10
11487,9
11488,10
11488,11
11488,10
11488,10
11488,9
11488,10
11488,11
11488,10
11488,10
11488,9
11489,9
11489,11
11489,10
11489,10
11489,9
11489,9
11489,11
11496,9
11496,10
11497,10
11497,9
11497,9
11497,9
11497,10
11497,10
11497,9
11497,9
11497,9
11498,10
11498,10
11498,9
11498,9
11498,10
11498,10
11498,10
11498,9
11498,9
11498,10
11499,10
11499,10
11499,9
11499,9
11499,9
11499,10
11499,10
11507,11
11507,10
11507,8
11507,10
11507,9
11507,10
11507,10
11507,9
11507,10
11508,10
11508,10
11508,10
11508,9
11508,9
11508,10
11508,10
11508,10
11508,9
11509,9
11509,10
11509,10
11509,10
11509,9
11509,9
11509,8
11509,10
11514,8
11514,10
11514,10
11514,8
11515,10
11515,9
11515,10
11515,11
11515,9
11515,10
11515,9
11515,10
11515,10
11516,9
11516,10
11516,8
11516,10
11516,10
11516,9
11516,10
11516,9
11516,10
11517,11
11517,10
11517,10
11517,9
11517,10
11517,10
11517,10
11517,10
11517,8
11517,10
11518,10
11518,10
11518,10
11518,8
11518,10
11518,10
11518,10
11518,10
11518,9
11519,10
11519,11
11519,9
11519,10
11519,9
11519,10
11519,11
11519,9
11530,9
11537,11
11537,9
11537,10
11537,9
11537,9
11537,11
11538,10
11538,10
11538,9
11538,9
11538,11
11538,9
11538,10
11538,10
11538,8
11539,11
11539,10
11539,10
11539,9
11539,9
11539,10
11539,9
11539,10
11546,10
11547,9
11547,10
11547,10
11547,9
11547,9
11547,9
11547,10
11547,10
11547,9
11548,10
11548,10
11548,10
11548,10
11548,9
11548,10
11548,10
11548,10
11548,10
11548,9
11549,9
11549,10
11549,10
11549,10
11549,9
11549,9
11549,10
11557,10
11557,9
11557,10
11557,10
11557,11
11557,10
11557,9
11557,10
11558,10
11558,11
11558,10
11558,9
11558,10
11558,10
11558,11
11558,10
11558,9
11559,10
11559,10
11559,10
11559,10
11559,9
11559,10
11559,10
11559,10
11565,11
11565,10
11565,10
11565,9
11565,9
11565,10
11565,10
11565,10
11565,9
11566,9
11566,10
11566,10
11566,10
11566,9
11566,9
11566,11
11566,10
11566,11
11567,9
11567,9
11567,11
11567,9
11567,10
11567,9
11567,9
11567,11
11567,10
11567,10
11568,8
11568,9
11568,11
11568,10
11568,10
11568,9
11568,9
11568,11
11568,9
11569,10
11569,10
11569,9
11569,11
11569,9
11569,10
11569,9
11582,8
11588,10
11588,10
11588,10
11588,10
11588,9
11588,10
11588,9
11588,10
11589,10
11589,9
11589,10
11589,10
11589,10
11589,10
11589,8
11597,9
11597,10
11597,10
11597,11
11597,10
11597,9
11597,11
11597,10
11597,10
11598,10
11598,9
11598,11
11598,9
11598,10
11598,10
11598,8
11598,10
11598,10
11598,10
11599,10
11599,9
11599,10
11599,11
11599,10
11599,9
11599,9
11607,9
11607,9
11607,10
11607,10
11607,10
11607,9
11607,9
11608,10
11608,10
11608,11
11608,10
11608,9
11608,10
11608,10
11608,10
11608,9
11608,9
11609,10
11609,10
11609,10
11609,9
11609,9
11609,10
11609,10
11613,9
11614,9
11614,10
11614,10
11614,10
11614,9
11614,9
11614,10
11614,10
11614,10
11615,9
11615,9
11615,10
11615,10
11615,10
11615,9
11615,9
11615,10
11615,10
11616,10
11616,9
11616,8
11616,10
11616,10
11616,10
11616,10
11616,8
11616,10
11616,10
11617,10
11617,9
11617,9
11617,10
11617,10
11617,11
11617,10
11617,9
11617,10
11618,10
11618,10
11618,10
11618,9
11618,10
11618,10
11618,10
11618,10
11618,8
11618,10
11619,9
11619,10
11619,10
11619,9
11619,9
11619,9
11619,10
11632,9
11638,9
11638,9
11638,9
11638,10
11638,10
11638,9
11639,9
11639,9
11639,10
11639,9
11639,9
11639,9
11639,9
11639,10
11647,10
11647,10
11647,10
11647,9
11647,9
11647,10
11647,11
11647,10
11647,9
11647,9
11648,9
11648,10
11648,10
11648,9
11648,10
11648,10
11648,11
11648,10
11648,9
11649,9
11649,10
11649,10
11649,10
11649,9
11649,9
11649,10
11657,10
11657,9
11657,9
11657,10
11657,10
11657,10
11657,9
11658,9
11658,10
11658,10
11658,10
11658,10
11658,8
11658,10
11658,10
11658,10
11659,9
11659,9
11659,10
11659,10
11659,10
11659,9
11659,9
11659,10
11664,11
11664,10
11665,10
11665,9
11665,9
11665,10
11665,10
11665,10
11665,10
11665,8
11665,11
11665,10
11666,10
11666,10
11666,9
11666,10
11666,10
11666,10
11666,10
11666,8
11666,10
11667,10
11667,10
11667,10
11667,9
11667,10
11667,9
11667,10
11667,10
11667,9
11667,10
11668,10
11668,10
11668,10
11668,9
11668,10
11668,10
11668,10
11668,10
11668,9
11669,10
11669,9
11669,10
11669,10
11669,9
11669,10
11669,9
11685,10
11689,8
11697,10
11697,9
11697,9
11697,9
11697,11
11697,10
11697,9
11698,10
11698,9
11698,10
11698,10
11698,9
11698,9
11698,8
11698,10
11698,10
11698,8
11699,9
11699,8
11699,10
11699,10
11699,9
11699,10
11699,9
11707,10
11707,9
11707,9
11707,10
11707,10
11707,10
11707,9
11708,9
11708,10
11708,10
11708,10
11708,9
11708,9
11708,10
11708,10
11708,10
11708,9
11709,9
11709,10
11709,10
11709,10
11709,9
11709,9
11709,10
11713,8
11713,9
11713,11
11714,10
11714,10
11714,8
11714,9
11714,10
11714,10
11714,10
11714,8
11714,10
11715,10
11715,10
11715,10
11715,9
11715,10
11715,11
11715,10
11715,10
11715,9
11715,10
11716,10
11716,10
11716,10
11716,9
11716,10
11716,11
11716,10
11716,10
11716,8
11717,10
11717,11
11717,10
11717,10
11717,9
11717,10
11717,11
11717,10
11717,10
11718,9
11718,10
11718,11
11718,10
11718,10
11718,8
11718,10
11718,11
11718,10
11718,10
11719,8
11719,10
11719,11
11719,10
11719,10
11719,10
11719,10
11732,10
11738,10
11738,10
11738,9
11738,9
11738,10
11739,10
11739,10
11739,9
11739,9
11739,10
11739,10
11739,10
11747,8
11747,10
11747,10
11747,10
11747,10
11747,9
11747,11
11747,10
11748,10
11748,8
11748,9
11748,10
11748,11
11748,10
11748,11
11748,8
11748,10
11748,10
11749,10
11749,10
11749,9
11749,10
11749,10
11749,10
11749,9
11757,10
11757,8
11757,10
11757,9
11757,11
11757,10
11757,8
11758,9
11758,10
11758,10
11758,10
11758,9
11758,9
11758,9
11758,10
11758,10
11758,9
11759,9
11759,10
11759,10
11759,10
11759,9
11759,9
11759,10
11764,10
11764,10
11764,10
11764,9
11764,10
11765,9
11765,10
11765,10
11765,9
11765,10
11765,10
11765,11
11765,10
11765,9
11766,10
11766,10
11766,10
11766,10
11766,8
11766,10
11766,10
11766,10
11766,10
11766,9
11767,10
11767,10
11767,10
11767,10
11767,9
11767,10
11767,10
11767,10
11767,10
11768,9
11768,10
11768,9
11768,10
11768,10
11768,8
11768,10
11768,10
11768,10
11769,10
11769,8
11769,10
11769,10
11769,10
11769,10
11769,8
11769,10
11782,10
11788,10
11788,9
11788,10
11788,8
11788,11
11788,11
11789,9
11789,10
11789,9
11789,10
11789,10
11789,9
11789,10
11797,10
11797,8
11797,10
11797,10
11797,10
11797,10
11797,9
11797,10
11797,9
11797,10
11798,10
11798,9
11798,10
11798,9
11798,10
11798,10
11798,9
11798,10
11798,10
11799,10
11799,10
11799,9
11799,10
11799,10
11799,10
11799,10
11807,10
11807,9
11807,9
11807,9
11807,10
11807,10
11807,9
11808,9
11808,10
11808,10
11808,10
11808,9
11808,9
11808,10
11808,10
11808,10
11809,10
11809,8
11809,10
11809,10
11809,11
11809,10
11809,9
11813,9
11813,10
11813,10
11814,9
11814,10
11814,9
11814,10
11814,10
11814,9
11814,10
11814,8
11814,9
11814,10
11815,9
11815,10
11815,8
11815,11
11815,11
11815,9
11815,10
11815,9
11815,10
11816,10
11816,9
11816,10
11816,9
11816,10
11816,10
11816,9
11816,10
11816,8
11817,10
11817,10
11817,9
11817,10
11817,8
11817,10
11817,10
11817,9
11817,10
11817,8
11818,10
11818,10
11818,10
11818,10
11818,8
11818,10
11818,10
11818,9
11818,10
11819,8
11819,10
11819,10
11819,9
11819,10
11819,8
11819,10
11831,10
11838,9
11838,10
11838,9
11838,9
11838,11
11838,10
11839,10
11839,10
11839,9
11839,11
11839,10
11839,10
11839,10
11847,9
11847,9
11847,9
11847,10
11847,10
11847,9
11847,9
11847,10
11847,10
11848,10
11848,9
11848,9
11848,10
11848,10
11848,10
11848,9
11848,9
11848,10
11849,10
11849,11
11849,10
11849,9
11849,10
11849,10
11849,10
11849,10
11857,9
11857,8
11857,10
11857,10
11857,9
11857,10
11858,8
11858,10
11858,10
11858,9
11858,10
11858,8
11858,10
11858,10
11858,9
11858,10
11859,8
11859,10
11859,10
11859,9
11859,10
11859,8
11859,10
11864,9
11864,10
11864,9
11864,10
11864,10
11864,9
11864,9
11864,9
11864,12
11865,10
11865,9
11865,9
11865,9
11865,11
11865,10
11865,9
11865,9
11865,9
11865,10
11866,10
11866,9
11866,9
11866,9
11866,11
11866,10
11866,8
11866,10
11866,9
11867,10
11867,10
11867,9
11867,10
11867,9
11867,10
11867,10
11867,9
11867,10
11868,9
11868,10
11868,10
11868,9
11868,9
11868,9
11868,10
11868,10
11868,8
11868,9
11869,9
11869,11
11869,10
11869,9
11869,9
11869,8
11869,11
11882,10
11888,9
11888,10
11888,9
11889,9
11889,10
11889,9
11889,10
11889,9
11889,9
11889,11
11896,9
11897,10
11897,10
11897,10
11897,10
11897,9
11897,10
11897,10
11897,11
11897,9
11898,9
11898,10
11898,10
11898,11
11898,10
11898,8
11898,10
11898,10
11898,10
11899,10
11899,9
11899,10
11899,10
11899,10
11899,10
11899,9
11899,10
11907,10
11907,10
11907,10
11907,10
11907,8
11907,10
11908,10
11908,10
11908,9
11908,9
11908,10
11908,10
11908,10
11908,9
11908,9
11909,10
11909,10
11909,10
11909,10
11909,9
11909,10
11909,10
11909,10
11913,11
11913,10
11914,9
11914,10
11914,9
11914,10
11914,10
11914,9
11914,10
11914,9
11914,10
11914,10
11915,9
11915,10
11915,9
11915,11
11915,10
11915,9
11915,10
11915,9
11915,10
11916,10
11916,8
11916,10
11916,10
11916,10
11916,10
11916,8
11916,10
11916,9
11916,11
11917,9
11917,9
11917,10
11917,9
11917,10
11917,10
11917,9
11917,9
11917,9
11918,10
11918,10
11918,9
11918,10
11918,9
11918,10
11918,10
11918,9
11918,10
11919,9
11919,11
11919,10
11919,9
11919,10
11919,10
11919,11
11919,10
11932,7
11938,9
11939,9
11939,9
11939,10
11939,10
11939,9
11939,9
11939,9
11947,9
11947,8
11947,11
11947,10
11947,10
11947,9
11947,9
11947,10
11947,9
11948,10
11948,9
11948,9
11948,11
11948,10
11948,10
11948,9
11948,8
11948,11
11949,10
11949,10
11949,9
11949,8
11949,11
11949,9
11949,10
11949,9
11957,9
11957,9
11957,11
11957,10
11957,10
11957,9
11957,9
11958,11
11958,9
11958,10
11958,9
11958,8
11958,11
11958,10
11958,10
11958,9
11958,9
11959,11
11959,10
11959,10
11959,9
11959,9
11959,11
11959,10
11963,10
11963,8
11963,11
11964,10
11964,10
11964,9
11964,8
11964,10
11964,10
11964,9
11964,10
11964,8
11965,10
11965,10
11965,9
11965,10
11965,8
11965,10
11965,10
11965,9
11965,9
11965,8
11966,10
11966,9
11966,9
11966,10
11966,8
11966,10
11966,10
11966,9
11966,10
11967,8
11967,10
11967,10
11967,9
11967,10
11967,8
11967,10
11967,10
11967,9
11968,9
11968,9
11968,10
11968,10
11968,9
11968,10
11968,8
11968,11
11968,10
11968,9
11969,9
11969,9
11969,10
11969,10
11969,9
11969,9
11969,9
11985,10
11990,10
11997,10
11997,9
11997,9
11998,8
11998,10
11998,10
11998,9
11998,9
11998,10
11998,10
11998,10
11998,8
11999,10
11999,9
11999,10
11999,10
11999,9
11999,9
11999,9
12007,10
12007,12
12007,9
12007,9
12007,11
12007,10
12008,10
12008,9
12008,9
12008,11
12008,10
12008,10
12008,9
12008,9
12008,11
12008,10
12009,10
12009,9
12009,9
12009,11
12009,10
12009,10
12009,9
12013,10
12013,10
12013,10
12014,8
12014,10
12014,11
12014,10
12014,10
12014,8
12014,10
12014,10
12014,10
12015,10
12015,8
12015,10
12015,10
12015,10
12015,10
12015,9
12015,10
12015,10
12016,10
12016,10
12016,9
12016,9
12016,11
12016,10
12016,10
12016,9
12016,10
12016,11
12017,10
12017,10
12017,8
12017,10
12017,11
12017,10
12017,10
12017,7
12017,10
12018,10
12018,10
12018,10
12018,8
12018,10
12018,10
12018,10
12018,10
12018,8
12018,10
12019,11
12019,10
12019,9
12019,8
12019,10
12019,10
12019,10
12032,10
12039,9
12039,10
12039,10
12039,9
12039,10
12039,9
12039,10
12046,8
12046,10
12046,11
12047,10
12047,10
12047,9
12047,10
12047,10
12047,10
12047,10
12047,8
12047,10
12048,10
12048,10
12048,10
12048,9
12048,10
12048,10
12048,10
12048,10
12048,8
12048,10
12049,10
12049,10
12049,10
12049,8
12049,10
12049,10
12049,10
12057,10
12057,10
12057,8
12057,10
12057,10
12057,9
12057,9
12057,8
12057,11
12058,10
12058,9
12058,10
12058,8
12058,10
12058,10
12058,10
12058,10
12058,8
12058,10
12059,10
12059,10
12059,10
12059,8
12059,10
12059,10
12059,10
12063,10
12063,10
12063,10
12064,11
12064,8
12064,9
12064,9
12064,10
12064,10
12064,9
12064,10
12064,9
12065,10
12065,10
12065,9
12065,9
12065,9
12065,11
12065,10
12065,9
12065,10
12065,9
12066,11
12066,10
12066,9
12066,10
12066,9
12066,10
12066,8
12066,9
12066,10
12067,9
12067,10
12067,10
12067,9
12067,11
12067,9
12067,10
12067,10
12067,9
12068,9
12068,9
12068,10
12068,10
12068,9
12068,9
12068,9
12068,11
12068,10
12068,9
12069,9
12069,9
12069,11
12069,10
12069,9
12069,9
12069,8
12081,11
12088,10
12088,10
12088,9
12089,9
12089,11
12089,10
12089,10
12089,8
12089,9
12089,11
12096,10
12096,10
12096,9
12096,9
12097,10
12097,10
12097,10
12097,9
12097,9
12097,10
12097,10
12097,10
12097,9
12098,10
12098,10
12098,10
12098,10
12098,9
12098,10
12098,9
12098,11
12098,10
12098,9
12099,10
12099,9
12099,11
12099,10
12099,9
12099,10
12099,10
12106,10
12106,11
12106,10
12106,8
12107,10
12107,10
12107,10
12107,9
12107,9
12107,10
12107,10
12107,10
12107,10
12108,9
12108,10
12108,10
12108,10
12108,9
12108,9
12108,10
12108,10
12108,11
12108,10
12109,9
12109,10
12109,10
12109,10
12109,10
12109,9
12109,10
12113,10
12113,10
12113,9
12114,10
12114,10
12114,10
12114,10
12114,9
12114,10
12114,11
12114,10
12114,10
12115,9
12115,10
12115,10
12115,10
12115,10
12115,9
12115,10
12115,10
12115,10
12115,10
12116,9
12116,10
12116,10
12116,11
12116,10
12116,9
12116,10
12116,10
12116,10
12117,9
12117,8
12117,10
12117,10
12117,10
12117,10
12117,8
12117,10
12117,10
12117,10
12118,10
12118,8
12118,10
12118,10
12118,10
12118,10
12118,9
12118,10
12118,10
12119,10
12119,10
12119,8
12119,10
12119,10
12119,10
12119,10
12131,10
12138,9
12138,10
12139,10
12139,10
12139,10
12139,9
12139,10
12139,10
12139,11
12146,9
12146,10
12146,9
12146,10
12146,10
12146,9
12146,10
12146,9
12147,10
12147,10
12147,10
12147,10
12147,9
12147,10
12147,10
12147,10
12147,10
12148,8
12148,10
12148,10
12148,8
12148,10
12148,9
12148,10
12148,11
12148,10
12148,10
12149,8
12149,10
12149,10
12149,10
12149,10
12149,8
12149,10
12156,10
12156,10
12156,10
12156,10
12156,9
12157,10
12157,10
12157,10
12157,11
12157,8
12157,10
12157,10
12157,9
12157,10
12158,8
12158,10
12158,10
12158,9
12158,10
12158,8
12158,10
12158,9
12158,10
12158,9
12159,8
12159,10
12159,10
12159,9
12159,9
12159,9
12159,10
12163,10
12163,10
12164,10
12164,9
12164,11
12164,10
12164,10
12164,9
12164,9
12164,11
12164,10
12164,10
12165,9
12165,9
12165,10
12165,10
12165,10
12165,10
12165,9
12165,10
12165,9
12166,10
12166,10
12166,8
12166,10
12166,10
12166,10
12166,10
12166,8
12166,10
12166,9
12167,11
12167,10
12167,8
12167,10
12167,10
12167,11
12167,8
12167,8
12167,10
12168,9
12168,10
12168,10
12168,9
12168,10
12168,9
12168,10
12168,10
12168,9
12168,10
12169,9
12169,10
12169,10
12169,9
12169,10
12169,9
12169,10
12181,10
12189,9
12189,10
12189,10
12189,10
12189,9
12189,9
12189,11
12195,10
12196,10
12196,11
12196,10
12196,9
12196,10
12196,9
12196,10
12196,10
12196,9
12197,10
12197,9
12197,10
12197,10
12197,9
12197,10
12197,9
12197,11
12197,10
12197,9
12198,10
12198,9
12198,11
12198,10
12198,9
12198,10
12198,9
12198,10
12198,10
12199,8
12199,9
12199,9
12199,11
12199,10
12199,9
12199,10
12199,9
12206,10
12206,10
12206,10
12206,8
12206,9
12206,10
12206,10
12207,10
12207,8
12207,10
12207,10
12207,9
12207,10
12207,8
12207,10
12207,10
12208,10
12208,10
12208,8
12208,10
12208,10
12208,9
12208,10
12208,8
12208,10
12208,11
12209,9
12209,10
12209,8
12209,10
12209,10
12209,10
12209,10
12213,9
12213,11
12214,10
12214,10
12214,9
12214,9
12214,10
12214,9
12214,10
12214,9
12214,9
12214,11
12215,10
12215,10
12215,9
12215,9
12215,11
12215,10
12215,10
12215,8
12215,9
12216,11
12216,10
12216,10
12216,9
12216,9
12216,10
12216,10
12216,10
12216,9
12216,10
12217,11
12217,10
12217,10
12217,9
12217,9
12217,11
12217,10
12217,10
12217,9
12218,9
12218,10
12218,10
12218,10
12218,9
12218,10
12218,10
12218,10
12218,10
12218,9
12219,9
12219,10
12219,10
12219,10
12219,8
12219,9
12219,10
12234,10
12240,9
12246,10
12246,10
12246,10
12247,9
12247,9
12247,10
12247,10
12247,10
12247,9
12247,9
12247,10
12247,10
12247,10
12248,8
12248,9
12248,10
12248,10
12248,10
12248,9
12248,9
12248,10
12248,10
12249,10
12249,9
12249,8
12249,10
12249,10
12249,11
12249,9
12256,10
12256,9
12256,9
12256,11
12256,10
12256,10
12256,9
12256,9
12256,11
12256,10
12257,10
12257,9
12257,9
12257,10
12257,10
12257,10
12257,9
12257,9
12257,10
12258,10
12258,10
12258,9
12258,9
12258,10
12258,10
12258,10
12258,9
12258,9
12259,11
12259,10
12259,10
12259,9
12259,9
12259,11
12259,10
12259,10
12263,9
12263,10
12264,9
12264,9
12264,10
12264,10
12264,10
12264,10
12264,9
12264,10
12264,10
12264,10
12265,10
12265,9
12265,9
12265,10
12265,10
12265,10
12265,8
12265,10
12265,10
12266,10
12266,9
12266,9
12266,10
12266,10
12266,10
12266,9
12266,9
12266,10
12266,10
12267,10
12267,9
12267,8
12267,10
12267,10
12267,10
12267,9
12267,9
12267,10
12268,10
12268,10
12268,9
12268,9
12268,10
12268,10
12268,10
12268,9
12268,9
12269,10
12269,10
12269,10
12269,9
12269,9
12269,10
12269,10
12269,10
12280,10
12287,10
12287,8
12287,10
12287,10
12287,9
12287,10
12288,10
12288,11
12288,10
12288,9
12288,10
12288,10
12288,11
12288,10
12288,8
12288,10
12289,9
12289,10
12289,9
12289,9
12289,10
12289,9
12289,10
12295,8
12295,10
12296,10
12296,9
12296,10
12296,8
12296,10
12296,10
12296,10
12296,10
12296,8
12296,10
12297,10
12297,10
12297,10
12297,8
12297,10
12297,10
12297,10
12297,10
12297,8
12298,10
12298,10
12298,9
12298,10
12298,8
12298,10
12298,10
12298,9
12298,11
12298,9
12299,10
12299,10
12299,9
12299,10
12299,9
12299,10
12299,10
12305,10
12306,10
12306,10
12306,9
12306,9
12306,10
12306,10
12306,10
12306,9
12306,9
12307,10
12307,10
12307,10
12307,9
12307,9
12307,10
12307,11
12307,10
12307,9
12307,10
12308,10
12308,10
12308,10
12308,9
12308,9
12308,9
12308,10
12308,10
12308,9
12309,9
12309,9
12309,10
12309,10
12309,8
12309,9
12309,9
12313,11
12313,10
12313,9
12314,10
12314,9
12314,11
12314,10
12314,9
12314,10
12314,9
12314,11
12314,10
12315,9
12315,10
12315,9
12315,10
12315,10
12315,8
12315,10
12315,9
12315,11
12315,10
12316,8
12316,10
12316,9
12316,11
12316,10
12316,9
12316,10
12316,10
12316,10
12317,10
12317,9
12317,10
12317,10
12317,10
12317,10
12317,8
12317,9
12317,10
12317,10
12318,10
12318,8
12318,10
12318,10
12318,11
12318,9
12318,9
12318,10
12318,9
12319,10
12319,10
12319,9
12319,10
12319,9
12319,11
12319,10
12330,10
12337,10
12337,10
12337,10
12337,10
12338,9
12338,10
12338,9
12338,11
12338,10
12338,9
12338,10
12338,10
12338,11
12338,9
12339,9
12339,10
12339,9
12339,10
12339,10
12339,8
12339,10
12345,10
12345,10
12345,10
12345,10
12346,9
12346,10
12346,9
12346,10
12346,10
12346,9
12346,10
12346,10
12346,10
12347,10
12347,9
12347,10
12347,9
12347,10
12347,10
12347,9
12347,10
12347,9
12348,10
12348,10
12348,9
12348,10
12348,9
12348,11
12348,10
12348,8
12348,10
12348,9
12349,10
12349,10
12349,9
12349,10
12349,10
12349,10
12349,10
12355,8
12355,10
12355,10
12355,10
12355,10
12356,9
12356,10
12356,10
12356,10
12356,10
12356,8
12356,10
12356,10
12356,10
12357,10
12357,9
12357,10
12357,10
12357,10
12357,10
12357,8
12357,10
12357,11
12357,10
12358,10
12358,8
12358,10
12358,10
12358,10
12358,10
12358,8
12358,11
12358,11
12359,10
12359,10
12359,9
12359,9
12359,10
12359,10
12359,9
12363,8
12363,10
12363,9
12364,10
12364,10
12364,9
12364,10
12364,10
12364,11
12364,10
12364,9
12364,10
12365,9
12365,10
12365,10
12365,8
12365,9
12365,9
12365,10
12365,10
12365,9
12365,9
12366,10
12366,10
12366,10
12366,8
12366,10
12366,9
12366,10
12366,10
12366,8
12367,9
12367,10
12367,10
12367,10
12367,8
12367,9
12367,10
12367,10
12367,10
12367,9
12368,10
12368,9
12368,10
12368,10
12368,8
12368,10
12368,10
12368,10
12368,10
12369,9
12369,9
12369,9
12369,10
12369,10
12369,9
12369,9
12380,10
12387,10
12387,9
12387,9
12387,9
12387,10
12387,10
12387,10
12387,9
12387,9
12388,10
12388,10
12388,10
12388,9
12388,9
12388,10
12388,10
12388,10
12388,9
12389,9
12389,10
12389,10
12389,10
12389,9
12389,10
12389,9
12389,10
12395,10
12395,10
12395,10
12395,9
12395,9
12396,10
12396,10
12396,10
12396,9
12396,9
12396,10
12396,10
12396,10
12396,9
12396,9
12397,10
12397,10
12397,10
12397,9
12397,8
12397,10
12397,10
12397,11
12397,9
12398,9
12398,10
12398,10
12398,11
12398,9
12398,9
12398,10
12398,10
12398,10
12398,9
12399,9
12399,10
12399,10
12399,10
12399,9
12399,9
12399,10
12405,10
12405,8
12405,9
12405,9
12405,10
12405,10
12405,8
12406,10
12406,9
12406,10
12406,10
12406,9
12406,9
12406,9
12406,10
12406,10
12407,8
12407,10
12407,9
12407,10
12407,10
12407,9
12407,10
12407,9
12407,11
12407,10
12408,9
12408,9
12408,9
12408,10
12408,10
12408,9
12408,10
12408,8
12408,10
12409,10
12409,9
12409,10
12409,9
12409,10
12409,10
12409,9
12409,10
12413,9
12413,11
12414,10
12414,10
12414,9
12414,10
12414,11
12414,9
12414,10
12414,9
12414,9
12414,10
12415,10
12415,10
12415,9
12415,9
12415,11
12415,10
12415,10
12415,9
12415,10
12416,9
12416,10
12416,9
12416,9
12416,9
12416,11
12416,10
12416,10
12416,9
12416,10
12417,11
12417,10
12417,10
12417,10
12417,9
12417,11
12417,10
12417,10
12417,9
12418,9
12418,10
12418,10
12418,10
12418,9
12418,10
12418,10
12418,10
12418,10
12419,9
12419,9
12419,11
12419,10
12419,10
12419,8
12419,10
12419,10
12434,9
12440,9
12446,9
12447,9
12447,10
12447,10
12447,9
12447,10
12447,9
12447,10
12447,10
12447,9
12448,10
12448,9
12448,10
12448,10
12448,9
12448,10
12448,8
12448,10
12448,10
12448,9
12449,10
12449,9
12449,10
12449,10
12449,9
12449,10
12449,8
12455,10
12455,8
12455,10
12455,10
12455,9
12455,9
12455,8
12455,10
12455,10
12456,9
12456,10
12456,9
12456,10
12456,10
12456,10
12456,11
12456,8
12456,10
12456,10
12457,10
12457,10
12457,8
12457,10
12457,10
12457,9
12457,9
12457,9
12457,10
12458,10
12458,10
12458,10
12458,9
12458,10
12458,10
12458,9
12458,10
12458,8
12459,10
12459,10
12459,10
12459,9
12459,9
12459,10
12459,10
12459,9
12463,8
12463,9
12464,10
12464,9
12464,10
12464,8
12464,11
12464,10
12464,9
12464,10
12464,8
12464,10
12465,10
12465,9
12465,10
12465,8
12465,10
12465,10
12465,9
12465,9
12465,8
12466,10
12466,10
12466,9
12466,10
12466,8
12466,11
12466,10
12466,9
12466,10
12466,8
12467,10
12467,10
12467,9
12467,9
12467,8
12467,10
12467,10
12467,9
12467,11
12468,8
12468,11
12468,10
12468,9
12468,10
12468,8
12468,10
12468,10
12468,9
12468,9
12469,8
12469,10
12469,11
12469,9
12469,10
12469,8
12469,10
12479,10
12485,10
12485,9
12485,9
12485,10
12485,10
12485,10
12486,8
12486,9
12486,10
12486,10
12486,10
12486,9
12486,10
12486,10
12486,10
12486,10
12487,8
12487,10
12487,11
12487,10
12487,10
12487,9
12487,10
12487,11
12487,10
12488,10
12488,8
12488,10
12488,10
12488,10
12488,10
12488,9
12488,10
12488,11
12488,10
12489,10
12489,8
12489,11
12489,11
12489,10
12489,10
12489,8
12495,8
12495,10
12495,10
12495,9
12495,10
12495,9
12495,10
12495,10
12495,9
12495,10
12496,8
12496,10
12496,10
12496,9
12496,10
12496,8
12496,10
12496,10
12496,9
12497,10
12497,8
12497,10
12497,10
12497,9
12497,10
12497,8
12497,10
12497,11
12497,9
12498,9
12498,8
12498,10
12498,10
12498,9
12498,10
12498,8
12498,10
12498,10
12499,9
12499,10
12499,8
12499,10
12499,10
12499,10
12499,10
12504,10
12504,10
12505,10
12505,8
12505,11
12505,9
12505,10
12505,9
12505,9
12505,11
12505,9
12505,10
12506,10
12506,9
12506,9
12506,10
12506,11
12506,10
12506,9
12506,10
12506,10
12507,10
12507,10
12507,8
12507,10
12507,10
12507,10
12507,10
12507,9
12507,10
12507,9
12508,10
12508,10
12508,8
12508,11
12508,10
12508,11
12508,10
12508,9
12508,10
12509,10
12509,10
12509,10
12509,9
12509,10
12509,10
12509,11
12513,10
12513,8
12513,10
12514,10
12514,10
12514,11
12514,9
12514,10
12514,10
12514,10
12514,10
12514,9
12515,10
12515,10
12515,11
12515,11
12515,8
12515,10
12515,10
12515,10
12515,10
12515,9
12516,9
12516,10
12516,10
12516,10
12516,9
12516,10
12516,10
12516,10
12516,10
12517,8
12517,10
12517,10
12517,11
12517,11
12517,8
12517,10
12517,9
12517,10
12517,10
12518,8
12518,10
12518,10
12518,10
12518,10
12518,9
12518,10
12518,10
12518,10
12519,10
12519,8
12519,10
12519,10
12519,10
12519,10
12519,8
12530,9
12535,9
12536,10
12536,9
12536,9
12536,11
12536,9
12536,10
12536,9
12536,9
12536,10
12536,9
12537,11
12537,10
12537,9
12537,11
12537,10
12537,10
12537,9
12537,9
12537,10
12538,9
12538,10
12538,10
12538,9
12538,11
12538,10
12538,11
12538,8
12538,8
12538,11
12539,10
12539,11
12539,10
12539,9
12539,11
12539,10
12539,11
12544,10
12544,8
12544,10
12545,9
12545,10
12545,10
12545,9
12545,10
12545,9
12545,10
12545,10
12545,9
12546,10
12546,10
12546,10
12546,10
12546,9
12546,11
12546,10
12546,10
12546,10
12546,9
12547,10
12547,9
12547,10
12547,10
12547,8
12547,10
12547,10
12547,10
12547,10
12548,9
12548,10
12548,9
12548,10
12548,10
12548,9
12548,10
12548,9
12548,10
12548,10
12549,9
12549,10
12549,10
12549,10
12549,11
12549,8
12549,10
12554,10
12554,10
12554,10
12554,9
12555,10
12555,10
12555,10
12555,10
12555,8
12555,11
12555,10
12555,10
12555,10
12555,8
12556,10
12556,10
12556,10
12556,10
12556,9
12556,10
12556,10
12556,10
12556,10
12557,9
12557,11
12557,9
12557,10
12557,9
12557,8
12557,11
12557,9
12557,10
12557,10
12558,9
12558,11
12558,9
12558,10
12558,10
12558,9
12558,10
12558,10
12558,10
12559,10
12559,9
12559,10
12559,10
12559,10
12559,10
12559,9
12563,10
12563,10
12563,10
12564,9
12564,9
12564,10
12564,10
12564,10
12564,9
12564,9
12564,10
12564,10
12565,10
12565,9
12565,9
12565,10
12565,10
12565,10
12565,9
12565,9
12565,10
12565,10
12566,10
12566,9
12566,8
12566,10
12566,10
12566,10
12566,9
12566,9
12566,10
12567,10
12567,10
12567,10
12567,9
12567,10
12567,10
12567,11
12567,10
12567,9
12567,10
12568,10
12568,10
12568,9
12568,9
12568,10
12568,10
12568,10
12568,9
12568,9
12569,10
12569,10
12569,10
12569,10
12569,9
12569,10
12569,10
12580,10
12586,10
12586,10
12586,9
12586,10
12586,9
12586,10
12586,10
12586,9
12587,9
12587,8
12587,10
12587,10
12587,9
12587,9
12587,9
12587,10
12587,10
12587,9
12588,9
12588,8
12588,11
12588,10
12588,9
12588,10
12588,9
12588,10
12588,10
12589,9
12589,10
12589,8
12589,10
12589,10
12589,9
12589,10
12594,8
12594,10
12594,9
12594,9
12594,10
12595,9
12595,10
12595,10
12595,9
12595,10
12595,9
12595,10
12595,10
12595,9
12595,10
12596,8
12596,11
12596,10
12596,9
12596,10
12596,9
12596,10
12596,10
12596,10
12597,10
12597,8
12597,10
12597,11
12597,9
12597,10
12597,8
12597,10
12597,10
12597,9
12598,10
12598,9
12598,10
12598,10
12598,9
12598,10
12598,9
12598,10
12598,10
12599,9
12599,10
12599,9
12599,10
12599,10
12599,9
12599,10
12604,10
12604,9
12604,10
12604,10
12604,10
12604,11
12604,9
12605,10
12605,10
12605,10
12605,10
12605,9
12605,10
12605,10
12605,10
12605,10
12606,8
12606,10
12606,10
12606,10
12606,10
12606,9
12606,10
12606,10
12606,10
12607,10
12607,9
12607,9
12607,10
12607,10
12607,10
12607,9
12607,10
12607,10
12607,10
12608,10
12608,9
12608,10
12608,10
12608,11
12608,8
12608,8
12608,10
12608,10
12609,10
12609,10
12609,9
12609,10
12609,10
12609,10
12609,10
12609,8
12613,10
12613,8
12614,10
12614,10
12614,10
12614,10
12614,8
12614,10
12614,11
12614,10
12614,10
12614,9
12615,9
12615,10
12615,10
12615,10
12615,8
12615,10
12615,10
12615,9
12615,10
12616,8
12616,10
12616,11
12616,10
12616,10
12616,8
12616,10
12616,10
12616,10
12617,10
12617,9
12617,10
12617,10
12617,10
12617,10
12617,9
12617,10
12617,10
12617,10
12618,10
12618,8
12618,10
12618,10
12618,10
12618,10
12618,9
12618,10
12618,10
12619,10
12619,10
12619,9
12619,10
12619,10
12619,10
12619,10
12619,8
12632,10
12640,11
12645,9
12645,9
12646,10
12646,10
12646,10
12646,10
12646,9
12646,11
12646,9
12646,10
12646,9
12646,10
12647,11
12647,10
12647,10
12647,10
12647,9
12647,11
12647,9
12647,10
12647,10
12648,9
12648,11
12648,10
12648,10
12648,9
12648,8
12648,11
12648,10
12648,10
12649,9
12649,8
12649,12
12649,10
12649,10
12649,9
12649,9
12649,11
12654,11
12654,10
12654,9
12654,9
12654,9
12654,10
12654,10
12655,8
12655,10
12655,9
12655,10
12655,10
12655,9
12655,10
12655,9
12655,10
12656,10
12656,8
12656,10
12656,9
12656,11
12656,10
12656,8
12656,10
12656,9
12656,11
12657,10
12657,9
12657,10
12657,9
12657,10
12657,10
12657,9
12657,10
12657,9
12658,10
12658,10
12658,8
12658,9
12658,9
12658,11
12658,10
12658,9
12658,10
12658,9
12659,10
12659,10
12659,9
12659,9
12659,9
12659,10
12659,10
12663,10
12663,9
12663,9
12664,10
12664,10
12664,10
12664,8
12664,10
12664,10
12664,10
12664,10
12664,8
12665,9
12665,11
12665,10
12665,10
12665,8
12665,10
12665,10
12665,10
12665,10
12665,8
12666,10
12666,10
12666,10
12666,10
12666,8
12666,10
12666,10
12666,9
12666,10
12667,8
12667,9
12667,10
12667,10
12667,10
12667,8
12667,10
12667,10
12667,11
12668,10
12668,8
12668,10
12668,11
12668,10
12668,10
12668,8
12668,10
12668,10
12668,10
12669,10
12669,8
12669,10
12669,10
12669,10
12669,10
12669,9
12678,10
12678,10
12679,8
12679,9
12679,10
12679,10
12679,10
12679,9
12679,9
12684,10
12684,9
12684,10
12684,10
12684,9
12684,10
12684,9
12684,10
12685,10
12685,9
12685,10
12685,9
12685,10
12685,10
12685,9
12685,10
12685,9
12685,10
12686,10
12686,9
12686,10
12686,9
12686,10
12686,10
12686,9
12686,10
12686,9
12687,10
12687,10
12687,9
12687,10
12687,9
12687,10
12687,10
12687,8
12687,10
12687,9
12688,11
12688,10
12688,9
12688,10
12688,10
12688,10
12688,10
12688,8
12688,9
12689,9
12689,10
12689,10
12689,9
12689,9
12689,9
12689,10
12694,10
12694,10
12694,9
12694,10
12694,9
12694,10
12694,10
12694,9
12694,10
12694,9
12695,11
12695,10
12695,9
12695,10
12695,9
12695,10
12695,10
12695,9
12695,10
12696,9
12696,10
12696,10
12696,8
12696,9
12696,9
12696,10
12696,10
12696,9
12696,9
12697,9
12697,10
12697,10
12697,9
12697,10
12697,9
12697,10
12697,9
12697,9
12698,9
12698,9
12698,11
12698,10
12698,8
12698,10
12698,9
12698,10
12698,10
12699,9
12699,10
12699,9
12699,10
12699,10
12699,9
12699,10
12699,9
12704,9
12704,10
12704,9
12704,10
12704,10
12704,9
12704,10
12704,8
12705,10
12705,11
12705,9
12705,10
12705,8
12705,10
12705,10
12705,9
12705,10
12706,8
12706,10
12706,10
12706,9
12706,10
12706,9
12706,10
12706,10
12706,9
12706,9
12707,9
12707,11
12707,10
12707,9
12707,9
12707,9
12707,10
12707,10
12707,9
12708,9
12708,9
12708,10
12708,10
12708,9
12708,9
12708,9
12708,10
12708,10
12708,8
12709,10
12709,9
12709,10
12709,10
12709,9
12709,9
12709,9
12713,8
12713,10
12713,10
12714,10
12714,10
12714,8
12714,10
12714,10
12714,10
12714,9
12714,9
12714,10
12715,10
12715,10
12715,10
12715,8
12715,10
12715,10
12715,10
12715,11
12715,8
12716,10
12716,10
12716,10
12716,10
12716,8
12716,11
12716,10
12716,10
12716,10
12716,8
12717,10
12717,9
12717,10
12717,10
12717,8
12717,10
12717,10
12717,10
12717,10
12718,8
12718,10
12718,10
12718,10
12718,10
12718,9
12718,9
12718,10
12718,10
12718,10
12719,8
12719,10
12719,10
12719,10
12719,10
12719,9
12719,10
12728,10
12728,9
12728,10
12729,9
12729,11
12729,10
12729,9
12729,10
12729,9
12729,11
12733,9
12733,9
12733,10
12734,10
12734,10
12734,9
12734,9
12734,10
12734,10
12734,10
12734,9
12734,9
12734,10
12735,10
12735,10
12735,9
12735,8
12735,10
12735,11
12735,11
12735,9
12735,9
12736,10
12736,10
12736,11
12736,10
12736,9
12736,10
12736,10
12736,10
12736,8
12737,8
12737,10
12737,10
12737,10
12737,10
12737,9
12737,10
12737,10
12737,10
12737,9
12738,9
12738,10
12738,9
12738,10
12738,10
12738,9
12738,10
12738,10
12738,10
12739,10
12739,9
12739,10
12739,10
12739,10
12739,9
12739,9
12743,10
12743,9
12743,10
12744,10
12744,9
12744,9
12744,9
12744,10
12744,10
12744,9
12744,9
12744,9
12744,11
12745,10
12745,8
12745,9
12745,9
12745,11
12745,9
12745,8
12745,10
12745,9
12746,10
12746,10
12746,9
12746,9
12746,9
12746,10
12746,10
12746,9
12746,10
12747,9
12747,10
12747,10
12747,9
12747,9
12747,9
12747,10
12747,10
12747,9
12747,9
12748,9
12748,10
12748,10
12748,9
12748,10
12748,9
12748,10
12748,9
12748,8
12749,10
12749,9
12749,11
12749,10
12749,9
12749,9
12749,9
12749,10
12753,9
12754,10
12754,10
12754,9
12754,10
12754,10
12754,10
12754,10
12754,9
12754,10
12755,9
12755,10
12755,10
12755,8
12755,10
12755,9
12755,11
12755,10
12755,8
12756,9
12756,9
12756,11
12756,10
12756,9
12756,9
12756,9
12756,11
12756,10
12756,8
12757,10
12757,9
12757,11
12757,10
12757,9
12757,10
12757,8
12757,11
12757,10
12758,9
12758,9
12758,9
12758,10
12758,10
12758,9
12758,10
12758,9
12758,11
12758,11
12759,9
12759,9
12759,8
12759,10
12759,10
12759,9
12759,10
12763,10
12763,10
12763,10
12764,9
12764,10
12764,10
12764,10
12764,9
12764,9
12764,10
12764,10
12764,10
12765,9
12765,9
12765,10
12765,10
12765,10
12765,9
12765,8
12765,10
12765,10
12765,10
12766,10
12766,9
12766,10
12766,10
12766,10
12766,9
12766,9
12766,9
12766,10
12767,10
12767,9
12767,9
12767,10
12767,10
12767,10
12767,9
12767,9
12767,10
12768,10
12768,10
12768,9
12768,9
12768,10
12768,10
12768,10
12768,9
12768,9
12768,10
12769,10
12769,10
12769,9
12769,9
12769,10
12769,10
12769,10
12782,10
12790,10
12794,11
12794,9
12794,10
12794,10
12794,9
12795,11
12795,10
12795,10
12795,10
12795,9
12795,11
12795,10
12795,10
12795,10
12796,8
12796,11
12796,10
12796,10
12796,10
12796,9
12796,10
12796,10
12796,10
12796,10
12797,9
12797,11
12797,10
12797,10
12797,10
12797,9
12797,10
12797,10
12797,10
12798,10
12798,8
12798,10
12798,9
12798,10
12798,10
12798,9
12798,10
12798,10
12799,10
12799,10
12799,9
12799,10
12799,10
12799,11
12799,10
12799,8
12803,8
12803,9
12804,9
12804,10
12804,10
12804,9
12804,9
12804,9
12804,10
12804,10
12804,9
12804,10
12805,8
12805,10
12805,10
12805,9
12805,10
12805,9
12805,10
12805,10
12805,9
12806,9
12806,8
12806,10
12806,10
12806,9
12806,10
12806,8
12806,10
12806,10
12806,9
12807,10
12807,9
12807,10
12807,10
12807,9
12807,10
12807,9
12807,10
12807,10
12808,9
12808,9
12808,8
12808,10
12808,10
12808,9
12808,10
12808,9
12808,10
12808,10
12809,9
12809,9
12809,8
12809,10
12809,10
12809,9
12809,9
12813,8
12813,10
12814,11
12814,10
12814,10
12814,8
12814,10
12814,10
12814,10
12814,10
12814,8
12815,10
12815,10
12815,10
12815,10
12815,8
12815,10
12815,10
12815,10
12815,10
12815,8
12816,10
12816,10
12816,10
12816,10
12816,8
12816,10
12816,10
12816,10
12816,10
12817,8
12817,10
12817,10
12817,10
12817,10
12817,8
12817,10
12817,10
12817,10
12817,11
12818,9
12818,10
12818,10
12818,10
12818,10
12818,9
12818,10
12818,10
12818,10
12819,10
12819,8
12819,10
12819,10
12819,10
12819,10
12819,9
12828,9
12828,10
12828,9
12828,10
12829,10
12829,9
12829,10
12829,9
12829,11
12829,10
12829,8
12833,10
12833,9
12833,10
12834,9
12834,9
12834,11
12834,10
12834,10
12834,9
12834,10
12834,11
12834,10
12835,10
12835,9
12835,10
12835,11
12835,10
12835,10
12835,9
12835,9
12835,11
12835,10
12836,10
12836,8
12836,9
12836,10
12836,10
12836,10
12836,9
12836,9
12836,11
12837,10
12837,10
12837,9
12837,9
12837,11
12837,10
12837,10
12837,9
12837,9
12837,11
12838,10
12838,10
12838,9
12838,10
12838,10
12838,10
12838,10
12838,9
12838,9
12839,10
12839,10
12839,10
12839,9
12839,9
12839,11
12839,10
12843,10
12843,9
12843,10
12844,10
12844,10
12844,10
12844,8
12844,10
12844,11
12844,10
12844,10
12844,8
12845,10
12845,11
12845,10
12845,10
12845,9
12845,10
12845,11
12845,10
12845,10
12845,9
12846,9
12846,11
12846,10
12846,10
12846,9
12846,9
12846,11
12846,10
12846,10
12847,9
12847,9
12847,11
12847,10
12847,10
12847,9
12847,8
12847,11
12847,9
12847,11
12848,9
12848,9
12848,11
12848,10
12848,10
12848,9
12848,9
12848,11
12848,10
12849,10
12849,9
12849,8
12849,11
12849,9
12849,10
12849,10
12853,9
12853,9
12853,9
12854,10
12854,10
12854,9
12854,9
12854,9
12854,11
12854,10
12854,9
12854,9
12855,8
12855,10
12855,10
12855,9
12855,10
12855,9
12855,10
12855,10
12855,9
12856,9
12856,8
12856,10
12856,10
12856,9
12856,10
12856,9
12856,10
12856,10
12856,9
12857,10
12857,8
12857,10
12857,10
12857,9
12857,10
12857,8
12857,10
12857,10
12858,9
12858,10
12858,8
12858,10
12858,10
12858,9
12858,9
12858,8
12858,10
12858,10
12859,10
12859,10
12859,9
12859,10
12859,10
12859,9
12859,10
12864,10
12864,10
12864,8
12864,10
12864,10
12864,10
12864,10
12864,9
12864,10
12864,10
12865,10
12865,10
12865,9
12865,10
12865,10
12865,10
12865,10
12865,8
12865,10
12866,12
12866,10
12866,10
12866,8
12866,10
12866,11
12866,10
12866,10
12866,9
12866,10
12867,10
12867,10
12867,10
12867,9
12867,10
12867,11
12867,10
12867,10
12867,8
12868,10
12868,9
12868,10
12868,10
12868,9
12868,10
12868,10
12868,10
12868,10
12868,8
12869,10
12869,11
12869,10
12869,10
12869,8
12869,9
12869,11
12879,10
12879,9
12879,10
12879,9
12879,10
12879,10
12883,9
12883,10
12884,8
12884,10
12884,10
12884,9
12884,10
12884,8
12884,10
12884,10
12884,9
12885,10
12885,8
12885,10
12885,10
12885,9
12885,10
12885,8
12885,10
12885,10
12886,9
12886,10
12886,9
12886,10
12886,10
12886,10
12886,10
12886,8
12886,10
12886,10
12887,9
12887,10
12887,8
12887,11
12887,10
12887,10
12887,10
12887,8
12887,10
12888,10
12888,10
12888,10
12888,8
12888,10
12888,10
12888,9
12888,10
12888,8
12888,10
12889,10
12889,10
12889,10
12889,8
12889,12
12889,10
12889,9
12893,9
12894,10
12894,9
12894,11
12894,10
12894,9
12894,10
12894,9
12894,10
12894,10
12894,9
12895,10
12895,8
12895,10
12895,11
12895,9
12895,10
12895,8
12895,10
12895,10
12896,8
12896,11
12896,8
12896,10
12896,10
12896,9
12896,10
12896,8
12896,10
12896,10
12897,9
12897,10
12897,8
12897,10
12897,10
12897,9
12897,10
12897,8
12897,11
12898,10
12898,9
12898,9
12898,8
12898,10
12898,10
12898,9
12898,9
12898,8
12899,11
12899,10
12899,8
12899,10
12899,8
12899,10
12899,10
12899,9
12903,10
12904,9
12904,9
12904,10
12904,10
12904,10
12904,9
12904,9
12904,10
12904,10
12905,10
12905,9
12905,9
12905,10
12905,10
12905,11
12905,9
12905,9
12905,10
12905,10
12906,10
12906,9
12906,9
12906,10
12906,10
12906,10
12906,10
12906,8
12906,10
12907,10
12907,10
12907,10
12907,9
12907,10
12907,10
12907,11
12907,9
12907,9
12907,10
12908,10
12908,10
12908,10
12908,8
12908,10
12908,10
12908,10
12908,9
12908,10
12909,10
12909,8
12909,10
12909,10
12909,9
12909,10
12909,10
12914,10
12914,10
12914,10
12914,9
12914,10
12914,10
12914,10
12914,10
12915,9
12915,9
12915,10
12915,10
12915,10
12915,8
12915,10
12915,10
12915,10
12915,10
12916,9
12916,9
12916,11
12916,10
12916,10
12916,8
12916,10
12916,11
12916,10
12917,9
12917,8
12917,10
12917,11
12917,10
12917,10
12917,9
12917,9
12917,10
12917,10
12918,10
12918,9
12918,10
12918,11
12918,10
12918,10
12918,9
12918,10
12918,11
12919,10
12919,10
12919,9
12919,9
12919,11
12919,10
12919,10
12932,9
12940,9
12944,8
12944,10
12944,10
12944,9
12944,10
12944,9
12945,11
12945,10
12945,9
12945,10
12945,9
12945,10
12945,10
12945,9
12945,10
12945,8
12946,10
12946,10
12946,9
12946,9
12946,9
12946,10
12946,10
12946,9
12946,9
12947,8
12947,10
12947,10
12947,9
12947,10
12947,7
12947,10
12947,10
12947,9
12947,9
12948,8
12948,10
12948,10
12948,9
12948,11
12948,10
12948,10
12948,10
12948,9
12949,9
12949,9
12949,10
12949,10
12949,9
12949,10
12949,9
12954,9
12954,11
12954,9
12954,9
12954,9
12954,9
12954,11
12954,10
12954,10
12954,9
12955,8
12955,11
12955,10
12955,10
12955,9
12955,9
12955,11
12955,10
12955,10
12956,9
12956,9
12956,11
12956,9
12956,10
12956,9
12956,9
12956,9
12956,10
12956,10
12957,9
12957,9
12957,11
12957,10
12957,10
12957,9
12957,9
12957,10
12957,10
12958,10
12958,10
12958,9
12958,10
12958,9
12958,10
12958,10
12958,9
12958,10
12959,9
12959,10
12959,10
12959,9
12959,11
12959,10
12959,10
12959,10
12964,10
12964,10
12964,8
12964,9
12964,10
12964,9
12964,10
12964,10
12965,9
12965,10
12965,10
12965,10
12965,10
12965,9
12965,11
12965,9
12965,10
12966,10
12966,9
12966,11
12966,10
12966,10
12966,10
12966,9
12966,11
12966,9
12967,10
12967,10
12967,8
12967,10
12967,10
12967,11
12967,10
12967,9
12967,11
12967,9
12968,10
12968,10
12968,9
12968,10
12968,9
12968,10
12968,10
12968,8
12968,10
12969,10
12969,11
12969,10
12969,8
12969,11
12969,10
12969,10
12979,10
12979,10
12979,9
12979,10
12984,10
12984,10
12984,10
12984,9
12984,10
12984,10
12984,10
12984,10
12984,9
12985,10
12985,10
12985,10
12985,9
12985,9
12985,10
12985,10
12985,10
12985,10
12986,9
12986,10
12986,10
12986,11
12986,9
12986,9
12986,10
12986,10
12986,11
12986,10
12987,9
12987,10
12987,10
12987,11
12987,10
12987,8
12987,10
12987,10
12987,10
12988,10
12988,10
12988,10
12988,10
12988,10
12988,9
12988,9
12988,10
12988,10
12988,9
12989,9
12989,9
12989,10
12989,9
12989,10
12989,9
12989,9
12994,10
12994,9
12994,10
12994,10
12994,9
12994,9
12994,8
12994,10
12994,10
12995,9
12995,10
12995,9
12995,10
12995,10
12995,9
12995,10
12995,9
12995,11
12995,10
12996,9
12996,10
12996,8
12996,10
12996,10
12996,9
12996,9
12996,9
12996,10
12997,10
12997,9
12997,9
12997,8
12997,10
12997,10
12997,9
12997,9
12997,8
12997,10
12998,10
12998,8
12998,10
12998,8
12998,10
12998,9
12998,9
12998,10
12998,10
12999,10
12999,10
12999,9
12999,10
12999,8
12999,10
12999,10
13004,9
13004,9
13004,9
13004,9
13004,10
13004,10
13004,9
13004,9
13004,10
13005,10
13005,9
13005,10
13005,9
13005,10
13005,10
13005,9
13005,10
13005,9
13006,10
13006,10
13006,9
13006,10
13006,9
13006,10
13006,10
13006,8
13006,9
13006,9
13007,10
13007,10
13007,9
13007,9
13007,9
13007,10
13007,10
13007,9
13007,10
13008,8
13008,10
13008,10
13008,9
13008,10
13008,9
13008,10
13008,10
13008,9
13009,10
13009,8
13009,10
13009,10
13009,9
13009,9
13009,8
13009,10
13014,10
13014,9
13014,11
13014,10
13014,8
13014,10
13015,9
13015,10
13015,10
13015,9
13015,10
13015,9
13015,10
13015,10
13015,9
13015,10
13016,10
13016,11
13016,10
13016,9
13016,10
13016,9
13016,10
13016,10
13016,9
13017,10
13017,9
13017,11
13017,10
13017,9
13017,10
13017,9
13017,10
13017,10
13017,8
13018,10
13018,9
13018,11
13018,10
13018,9
13018,10
13018,10
13018,10
13018,10
13019,9
13019,9
13019,10
13019,10
13019,10
13019,9
13019,10
13029,10
13034,11
13034,10
13034,10
13034,9
13034,10
13034,10
13034,10
13034,10
13035,9
13035,9
13035,11
13035,10
13035,10
13035,9
13035,10
13035,10
13035,10
13035,10
13036,8
13036,10
13036,10
13036,10
13036,10
13036,8
13036,10
13036,10
13036,10
13037,10
13037,9
13037,10
13037,10
13037,10
13037,10
13037,9
13037,10
13037,11
13037,10
13038,10
13038,8
13038,10
13038,11
13038,10
13038,10
13038,9
13038,10
13038,10
13039,10
13039,10
13039,9
13039,10
13039,11
13039,10
13039,10
13044,8
13044,10
13044,10
13044,9
13044,10
13044,8
13044,11
13044,10
13044,9
13045,10
13045,8
13045,10
13045,10
13045,9
13045,10
13045,8
13045,10
13045,10
13046,9
13046,10
13046,9
13046,10
13046,10
13046,9
13046,9
13046,8
13046,10
13046,10
13047,9
13047,9
13047,8
13047,10
13047,10
13047,9
13047,9
13047,8
13047,10
13048,10
13048,9
13048,9
13048,8
13048,10
13048,10
13048,9
13048,9
13048,8
13049,10
13049,10
13049,9
13049,9
13049,8
13049,10
13049,10
13049,9
13054,9
13054,8
13054,10
13054,10
13054,9
13054,9
13054,8
13054,11
13055,10
13055,9
13055,10
13055,8
13055,10
13055,10
13055,9
13055,10
13055,8
13055,10
13056,10
13056,9
13056,10
13056,9
13056,10
13056,10
13056,9
13056,10
13056,8
13057,10
13057,10
13057,9
13057,10
13057,8
13057,10
13057,10
13057,10
13057,9
13058,9
13058,11
13058,10
13058,9
13058,10
13058,9
13058,10
13058,10
13058,9
13058,10
13059,8
13059,10
13059,10
13059,9
13059,10
13059,8
13059,10
13064,10
13064,10
13064,10
13064,9
13064,9
13065,10
13065,10
13065,10
13065,9
13065,9
13065,10
13065,10
13065,9
13065,9
13066,9
13066,10
13066,10
13066,13
13066,9
13066,9
13066,10
13066,10
13066,10
13066,9
13067,9
13067,9
13067,10
13067,11
13067,9
13067,9
13067,10
13067,10
13067,10
13068,8
13068,9
13068,10
13068,10
13068,10
13068,8
13068,9
13068,10
13068,10
13068,10
13069,9
13069,9
13069,10
13069,10
13069,10
13069,9
13069,9
13082,8
13089,8
13094,10
13094,9
13094,9
13094,9
13094,10
13094,10
13094,9
13095,10
13095,8
13095,10
13095,10
13095,9
13095,9
13095,8
13095,11
13095,10
13095,9
13096,11
13096,9
13096,10
13096,10
13096,9
13096,10
13096,8
13096,10
13096,10
13097,9
13097,11
13097,8
13097,10
13097,10
13097,10
13097,10
13097,9
13097,10
13097,10
13098,9
13098,10
13098,8
13098,10
13098,9
13098,10
13098,9
13098,9
13098,10
13099,10
13099,9
13099,10
13099,8
13099,10
13099,10
13099,9
13104,11
13104,10
13104,9
13104,10
13104,10
13104,10
13104,10
13105,8
13105,10
13105,10
13105,11
13105,9
13105,9
13105,10
13105,10
13105,11
13106,10
13106,9
13106,10
13106,10
13106,10
13106,10
13106,9
13106,10
13106,10
13106,11
13107,10
13107,9
13107,10
13107,10
13107,10
13107,10
13107,9
13107,10
13107,10
13108,9
13108,9
13108,9
13108,10
13108,10
13108,10
13108,9
13108,9
13108,10
13109,10
13109,10
13109,9
13109,9
13109,10
13109,10
13109,10
13109,9
13114,10
13114,10
13114,9
13114,9
13115,10
13115,10
13115,10
13115,9
13115,9
13115,10
13115,10
13115,10
13115,9
13115,9
13116,10
13116,10
13116,10
13116,9
13116,9
13116,9
13116,10
13116,10
13116,9
13117,9
13117,9
13117,10
13117,10
13117,9
13117,10
13117,9
13117,11
13117,10
13118,9
13118,10
13118,9
13118,10
13118,10
13118,9
13118,10
13118,9
13118,10
13118,10
13119,8
13119,10
13119,10
13119,10
13119,10
13119,9
13119,10
13129,11
13129,10
13129,9
13129,9
13129,8
13129,10
13134,10
13134,9
13134,10
13134,10
13134,10
13134,9
13135,9
13135,10
13135,10
13135,10
13135,10
13135,9
13135,10
13135,9
13135,10
13135,10
13136,9
13136,10
13136,10
13136,10
13136,9
13136,9
13136,11
13136,10
13136,10
13137,9
13137,9
13137,11
13137,11
13137,10
13137,9
13137,9
13137,11
13137,9
13137,10
13138,9
13138,9
13138,11
13138,10
13138,10
13138,9
13138,9
13138,11
13138,10
13139,10
13139,9
13139,9
13139,11
13139,10
13139,10
13139,9
13144,10
13144,10
13144,10
13144,8
13144,10
13144,10
13144,11
13145,10
13145,9
13145,10
13145,10
13145,11
13145,10
13145,9
13145,9
13145,10
13146,10
13146,10
13146,9
13146,10
13146,10
13146,11
13146,10
13146,8
13146,10
13147,10
13147,10
13147,10
13147,9
13147,10
13147,9
13147,11
13147,10
13147,9
13147,10
13148,10
13148,10
13148,9
13148,9
13148,10
13148,11
13148,10
13148,10
13148,9
13149,9
13149,10
13149,10
13149,9
13149,9
13149,10
13149,10
13154,9
13154,9
13154,9
13154,11
13154,10
13154,9
13155,10
13155,9
13155,11
13155,10
13155,9
13155,10
13155,9
13155,11
13155,10
13155,9
13156,9
13156,7
13156,10
13156,10
13156,9
13156,9
13156,9
13156,10
13156,10
13157,8
13157,9
13157,9
13157,11
13157,10
13157,9
13157,9
13157,9
13157,10
13157,10
13158,8
13158,10
13158,9
13158,11
13158,11
13158,8
13158,9
13158,9
13158,11
13159,10
13159,9
13159,10
13159,9
13159,11
13159,10
13159,9
13164,10
13164,9
13164,9
13164,8
13164,10
13165,10
13165,10
13165,10
13165,8
13165,10
13165,10
13165,9
13165,10
13165,8
13166,10
13166,11
13166,9
13166,10
13166,8
13166,10
13166,10
13166,9
13166,10
13166,8
13167,10
13167,10
13167,9
13167,9
13167,8
13167,10
13167,10
13167,9
13167,9
13168,9
13168,10
13168,10
13168,9
13168,9
13168,8
13168,10
13168,10
13168,9
13169,11
13169,9
13169,10
13169,10
13169,9
13169,11
13169,9
13169,10
13179,10
13184,10
13184,9
13184,8
13184,10
13184,10
13184,10
13185,9
13185,9
13185,10
13185,10
13185,10
13185,9
13185,9
13185,11
13185,9
13186,10
13186,9
13186,9
13186,10
13186,10
13186,10
13186,9
13186,9
13186,10
13186,10
13187,10
13187,9
13187,9
13187,10
13187,9
13187,10
13187,10
13187,9
13187,10
13188,10
13188,10
13188,9
13188,9
13188,11
13188,9
13188,9
13188,10
13188,9
13188,11
13189,10
13189,10
13189,10
13189,9
13189,11
13189,9
13189,10
13194,10
13194,9
13194,10
13194,10
13194,10
13194,10
13195,9
13195,10
13195,10
13195,10
13195,10
13195,9
13195,10
13195,10
13195,11
13196,10
13196,9
13196,10
13196,11
13196,10
13196,9
13196,9
13196,10
13196,11
13196,10
13197,10
13197,10
13197,10
13197,10
13197,10
13197,9
13197,9
13197,10
13197,10
13198,10
13198,8
13198,9
13198,10
13198,10
13198,10
13198,9
13198,9
13198,10
13198,10
13199,10
13199,9
13199,8
13199,10
13199,10
13199,10
13199,9
13204,9
13204,9
13204,10
13204,10
13204,9
13205,10
13205,9
13205,10
13205,10
13205,9
13205,10
13205,9
13205,11
13205,10
13206,9
13206,9
13206,9
13206,10
13206,10
13206,8
13206,10
13206,9
13206,10
13206,10
13207,8
13207,9
13207,9
13207,10
13207,10
13207,9
13207,10
13207,9
13207,11
13208,10
13208,8
13208,9
13208,9
13208,11
13208,10
13208,9
13208,10
13208,9
13208,11
13209,10
13209,9
13209,10
13209,10
13209,11
13209,10
13209,9
13214,10
13214,9
13214,10
13215,10
13215,9
13215,9
13215,9
13215,10
13215,10
13215,9
13215,9
13215,9
13215,10
13216,10
13216,9
13216,9
13216,9
13216,10
13216,10
13216,9
13216,9
13216,9
13217,11
13217,11
13217,9
13217,10
13217,9
13217,10
13217,10
13217,8
13217,10
13218,9
13218,10
13218,10
13218,9
13218,10
13218,9
13218,10
13218,10
13218,8
13218,10
13219,9
13219,11
13219,10
13219,9
13219,9
13219,9
13219,11
13230,10
13234,10
13234,10
13235,10
13235,10
13235,9
13235,10
13235,10
13235,10
13235,10
13235,9
13235,10
13236,10
13236,10
13236,9
13236,8
13236,10
13236,10
13236,10
13236,10
13236,8
13236,10
13237,10
13237,10
13237,9
13237,8
13237,10
13237,10
13237,10
13237,9
13237,9
13238,10
13238,10
13238,10
13238,9
13238,9
13238,10
13238,10
13238,10
13238,9
13238,8
13239,10
13239,10
13239,10
13239,10
13239,9
13239,10
13239,11
13244,10
13244,9
13244,9
13244,11
13244,10
13245,10
13245,9
13245,9
13245,11
13245,9
13245,10
13245,9
13245,9
13245,11
13245,10
13246,10
13246,9
13246,9
13246,11
13246,9
13246,10
13246,9
13246,9
13246,11
13247,10
13247,10
13247,9
13247,9
13247,11
13247,10
13247,11
13247,9
13247,10
13248,11
13248,10
13248,10
13248,9
13248,9
13248,11
13248,10
13248,10
13248,9
13248,9
13249,11
13249,10
13249,10
13249,9
13249,9
13249,11
13249,10
13254,9
13254,10
13254,10
13254,10
13254,9
13255,9
13255,10
13255,10
13255,10
13255,9
13255,9
13255,10
13255,10
13255,10
13256,9
13256,9
13256,9
13256,10
13256,11
13256,9
13256,9
13256,10
13256,10
13256,10
13257,9
13257,9
13257,10
13257,10
13257,10
13257,9
13257,9
13257,9
13257,10
13258,10
13258,8
13258,9
13258,9
13258,10
13258,9
13258,8
13258,9
13258,10
13258,10
13259,10
13259,9
13259,9
13259,10
13259,10
13259,9
13259,9
13264,10
13264,8
13265,9
13265,11
13265,10
13265,10
13265,9
13265,9
13265,11
13265,10
13265,10
13265,9
13266,9
13266,11
13266,10
13266,10
13266,9
13266,9
13266,10
13266,10
13266,10
13267,9
13267,9
13267,11
13267,10
13267,10
13267,9
13267,9
13267,11
13267,10
13267,10
13268,9
13268,9
13268,11
13268,10
13268,10
13268,9
13268,9
13268,11
13268,10
13269,10
13269,9
13269,9
13269,11
13269,10
13269,10
13269,9
13282,9
13289,9
13289,10
13289,9
13289,10
13289,10
13289,9
13289,10
13294,11
13294,10
13294,10
13294,9
13295,9
13295,11
13295,9
13295,10
13295,9
13295,9
13295,10
13295,9
13295,10
13296,10
13296,9
13296,11
13296,9
13296,10
13296,10
13296,9
13296,10
13296,9
13296,10
13297,10
13297,9
13297,11
13297,10
13297,10
13297,9
13297,9
13297,11
13297,9
13298,10
13298,10
13298,10
13298,11
13298,9
13298,10
13298,9
13298,9
13298,11
13298,10
13299,10
13299,10
13299,8
13299,11
13299,10
13299,10
13299,9
13304,10
13304,9
13304,11
13304,10
13305,9
13305,10
13305,9
13305,10
13305,10
13305,9
13305,9
13305,9
13305,10
13306,10
13306,9
13306,10
13306,9
13306,11
13306,10
13306,9
13306,9
13306,9
13306,10
13307,10
13307,9
13307,9
13307,9
13307,10
13307,10
13307,8
13307,9
13307,9
13308,10
13308,10
13308,8
13308,10
13308,9
13308,10
13308,10
13308,9
13308,10
13309,9
13309,11
13309,10
13309,9
13309,9
13309,9
13309,10
13309,10
13314,11
13314,10
13315,9
13315,9
13315,9
13315,10
13315,10
13315,8
13315,9
13315,9
13315,10
13316,10
13316,9
13316,9
13316,9
13316,10
13316,11
13316,8
13316,9
13316,9
13316,10
13317,11
13317,8
13317,9
13317,9
13317,11
13317,10
13317,9
13317,10
13317,9
13318,10
13318,10
13318,9
13318,9
13318,9
13318,11
13318,10
13318,9
13318,9
13318,9
13319,10
13319,10
13319,9
13319,10
13319,10
13319,11
13319,10
13330,8
13335,10
13335,8
13335,10
13335,10
13335,9
13335,10
13335,8
13335,10
13335,10
13336,9
13336,10
13336,9
13336,11
13336,10
13336,9
13336,10
13336,9
13336,10
13337,10
13337,9
13337,9
13337,10
13337,10
13337,10
13337,8
13337,10
13337,9
13338,11
13338,10
13338,8
13338,10
13338,9
13338,11
13338,10
13338,8
13338,10
13338,9
13339,11
13339,10
13339,9
13339,10
13339,10
13339,10
13339,10
13344,10
13344,9
13344,10
13345,10
13345,9
13345,10
13345,9
13345,10
13345,9
13345,9
13345,9
13345,9
13346,10
13346,10
13346,9
13346,10
13346,9
13346,10
13346,10
13346,9
13346,10
13347,10
13347,11
13347,10
13347,9
13347,10
13347,9
13347,10
13347,10
13347,9
13347,10
13348,9
13348,10
13348,10
13348,8
13348,10
13348,9
13348,10
13348,10
13348,8
13349,10
13349,10
13349,10
13349,10
13349,9
13349,10
13349,10
13349,11
13354,10
13354,9
13355,9
13355,10
13355,9
13355,9
13355,9
13355,9
13355,11
13355,10
13355,10
13356,9
13356,9
13356,11
13356,10
13356,10
13356,9
13356,8
13356,11
13356,10
13356,10
13357,10
13357,9
13357,11
13357,10
13357,10
13357,10
13357,9
13357,11
13357,9
13358,10
13358,10
13358,9
13358,11
13358,10
13358,10
13358,9
13358,9
13358,11
13358,10
13359,10
13359,9
13359,9
13359,10
13359,9
13359,10
13359,9
13364,10
13365,10
13365,10
13365,10
13365,8
13365,10
13365,10
13365,10
13365,10
13365,8
13366,10
13366,10
13366,10
13366,10
13366,8
13366,9
13366,10
13366,10
13366,10
13366,8
13367,10
13367,10
13367,10
13367,10
13367,9
13367,10
13367,10
13367,9
13367,10
13368,9
13368,10
13368,10
13368,10
13368,10
13368,9
13368,10
13368,10
13368,9
13368,10
13369,8
13369,10
13369,10
13369,9
13369,10
13369,8
13369,10
13380,9
13384,9
13385,10
13385,8
13385,10
13385,10
13385,9
13385,10
13385,9
13385,10
13385,10
13386,9
13386,10
13386,8
13386,10
13386,10
13386,9
13386,9
13386,9
13386,10
13386,10
13387,9
13387,10
13387,9
13387,10
13387,10
13387,9
13387,9
13387,10
13387,10
13388,11
13388,9
13388,9
13388,9
13388,10
13388,10
13388,8
13388,9
13388,9
13389,10
13389,10
13389,9
13389,10
13389,9
13389,10
13389,10
13389,9
13394,10
13395,9
13395,10
13395,9
13395,11
13395,10
13395,9
13395,10
13395,10
13395,10
13395,10
13396,9
13396,10
13396,9
13396,10
13396,9
13396,9
13396,10
13396,10
13396,10
13397,10
13397,9
13397,10
13397,9
13397,11
13397,10
13397,9
13397,10
13397,10
13397,10
13398,10
13398,8
13398,10
13398,10
13398,10
13398,10
13398,8
13398,10
13398,10
13399,10
13399,9
13399,9
13399,10
13399,10
13399,11
13399,10
13404,10
13404,10
13405,9
13405,9
13405,10
13405,10
13405,10
13405,9
13405,9
13405,10
13405,10
13406,10
13406,9
13406,9
13406,10
13406,10
13406,10
13406,9
13406,9
13406,10
13406,10
13407,10
13407,9
13407,9
13407,10
13407,10
13407,10
13407,9
13407,9
13407,10
13408,10
13408,10
13408,9
13408,9
13408,10
13408,10
13408,10
13408,9
13408,10
13409,9
13409,11
13409,10
13409,9
13409,10
13409,10
13409,10
13409,10
13415,11
13415,10
13415,10
13415,9
13415,9
13415,11
13415,9
13415,10
13415,9
13416,7
13416,11
13416,9
13416,10
13416,10
13416,9
13416,11
13416,10
13416,10
13417,9
13417,9
13417,10
13417,10
13417,10
13417,9
13417,9
13417,10
13417,10
13417,10
13418,9
13418,9
13418,11
13418,10
13418,10
13418,9
13418,10
13418,11
13418,10
13419,10
13419,9
13419,10
13419,10
13419,10
13419,10
13419,8
13432,9
13437,10
13437,10
13437,9
13437,9
13437,9
13437,10
13438,10
13438,9
13438,9
13438,10
13438,10
13438,10
13438,9
13438,9
13438,10
13438,10
13439,10
13439,8
13439,10
13439,9
13439,10
13439,10
13439,8
13444,8
13445,10
13445,11
13445,10
13445,10
13445,9
13445,10
13445,10
13445,10
13445,10
13446,8
13446,10
13446,10
13446,9
13446,10
13446,9
13446,10
13446,9
13446,10
13447,10
13447,9
13447,10
13447,10
13447,10
13447,10
13447,8
13447,10
13447,10
13447,11
13448,10
13448,8
13448,10
13448,10
13448,10
13448,10
13448,9
13448,10
13448,10
13449,10
13449,10
13449,8
13449,10
13449,10
13449,10
13449,10
13449,8
13455,10
13455,10
13455,8
13455,10
13455,10
13455,9
13455,10
13455,8
13455,10
13455,10
13456,9
13456,10
13456,8
13456,10
13456,10
13456,9
13456,10
13456,8
13456,10
13457,11
13457,10
13457,10
13457,8
13457,10
13457,10
13457,9
13457,9
13457,8
13457,10
13458,10
13458,9
13458,9
13458,8
13458,10
13458,10
13458,9
13458,10
13458,8
13459,10
13459,10
13459,9
13459,10
13459,9
13459,10
13459,10
13465,9
13465,10
13465,10
13465,10
13465,10
13465,9
13465,9
13465,10
13466,10
13466,10
13466,9
13466,9
13466,10
13466,10
13466,10
13466,9
13466,9
13466,10
13467,10
13467,10
13467,9
13467,10
13467,10
13467,10
13467,9
13467,9
13467,9
13468,9
13468,10
13468,10
13468,9
13468,9
13468,10
13468,10
13468,10
13468,8
13468,9
13469,10
13469,11
13469,10
13469,9
13469,9
13469,10
13469,10
13480,10
13485,10
13485,9
13485,9
13485,9
13485,10
13485,10
13485,9
13485,10
13486,9
13486,11
13486,10
13486,9
13486,9
13486,9
13486,10
13486,10
13486,9
13487,10
13487,9
13487,11
13487,10
13487,8
13487,10
13487,9
13487,10
13487,10
13488,9
13488,10
13488,9
13488,10
13488,10
13488,9
13488,10
13488,9
13488,10
13488,10
13489,8
13489,10
13489,9
13489,10
13489,10
13489,9
13489,9
13495,9
13495,10
13495,10
13495,10
13495,10
13495,9
13495,10
13495,9
13495,11
13495,10
13496,9
13496,11
13496,9
13496,10
13496,10
13496,8
13496,10
13496,10
13496,10
13497,10
13497,9
13497,11
13497,10
13497,10
13497,9
13497,9
13497,11
13497,10
13497,11
13498,10
13498,9
13498,11
13498,9
13498,10
13498,10
13498,9
13498,11
13498,10
13499,10
13499,9
13499,9
13499,11
13499,10
13499,10
13499,10
13505,10
13505,10
13505,8
13505,10
13505,9
13505,10
13505,10
13505,9
13505,10
13506,10
13506,10
13506,10
13506,8
13506,10
13506,10
13506,9
13506,10
13506,8
13506,9
13507,10
13507,10
13507,10
13507,8
13507,10
13507,10
13507,10
13507,10
13507,8
13508,10
13508,10
13508,10
13508,10
13508,7
13508,10
13508,10
13508,10
13508,10
13508,8
13509,10
13509,11
13509,10
13509,10
13509,8
13509,10
13509,10
13515,10
13515,10
13515,9
13515,10
13515,10
13515,11
13515,10
13516,9
13516,10
13516,10
13516,10
13516,10
13516,9
13516,9
13516,10
13516,10
13517,10
13517,8
13517,10
13517,10
13517,10
13517,10
13517,8
13517,10
13517,10
13517,10
13518,10
13518,8
13518,10
13518,10
13518,10
13518,9
13518,8
13518,10
13518,10
13519,10
13519,10
13519,9
13519,10
13519,10
13519,10
13519,9
13530,9
13535,10
13535,10
13535,10
13535,8
13536,9
13536,10
13536,10
13536,10
13536,8
13536,10
13536,10
13536,10
13536,10
13537,9
13537,10
13537,10
13537,9
13537,10
13537,9
13537,10
13537,10
13537,10
13537,10
13538,9
13538,10
13538,10
13538,9
13538,9
13538,8
13538,10
13538,10
13538,9
13539,10
13539,8
13539,10
13539,10
13539,9
13539,11
13539,8
13545,9
13545,10
13545,10
13545,10
13545,9
13545,9
13545,10
13545,10
13545,10
13546,9
13546,10
13546,10
13546,10
13546,10
13546,9
13546,9
13546,10
13546,10
13546,10
13547,8
13547,9
13547,9
13547,10
13547,10
13547,9
13547,10
13547,10
13547,10
13548,10
13548,9
13548,9
13548,9
13548,10
13548,10
13548,9
13548,9
13548,10
13548,10
13549,10
13549,9
13549,9
13549,10
13549,10
13549,10
13549,8
13555,10
13555,10
13555,9
13555,9
13555,9
13555,10
13555,10
13555,10
13555,10
13556,9
13556,10
13556,10
13556,8
13556,9
13556,9
13556,10
13556,10
13556,9
13557,10
13557,9
13557,10
13557,9
13557,8
13557,10
13557,10
13557,10
13557,10
13558,9
13558,10
13558,10
13558,10
13558,10
13558,8
13558,10
13558,10
13558,10
13558,10
13559,9
13559,10
13559,10
13559,10
13559,9
13559,9
13559,11
13565,10
13565,8
13565,10
13565,10
13565,10
13565,9
13565,9
13566,10
13566,10
13566,10
13566,10
13566,9
13566,10
13566,10
13566,10
13566,9
13567,9
13567,10
13567,10
13567,10
13567,9
13567,9
13567,10
13567,10
13567,10
13567,9
13568,9
13568,10
13568,10
13568,10
13568,9
13568,9
13568,10
13568,10
13568,10
13569,9
13569,9
13569,10
13569,10
13569,10
13569,9
13569,9
13580,9
13585,11
13585,10
13585,9
13585,10
13586,9
13586,10
13586,10
13586,9
13586,10
13586,8
13586,10
13586,10
13586,9
13586,10
13587,8
13587,10
13587,10
13587,9
13587,10
13587,9
13587,10
13587,10
13587,9
13588,10
13588,9
13588,10
13588,10
13588,9
13588,10
13588,8
13588,10
13588,10
13588,8
13589,9
13589,8
13589,10
13589,10
13589,9
13589,10
13589,9
13595,10
13595,8
13595,10
13595,10
13595,9
13595,10
13595,9
13595,10
13596,10
13596,10
13596,10
13596,9
13596,10
13596,10
13596,9
13596,9
13596,9
13597,10
13597,10
13597,10
13597,10
13597,8
13597,11
13597,10
13597,9
13597,10
13597,8
13598,10
13598,10
13598,10
13598,10
13598,9
13598,10
13598,10
13598,9
13598,10
13599,8
13599,10
13599,10
13599,10
13599,10
13599,8
13599,10
13605,10
13605,8
13605,10
13605,10
13605,8
13605,10
13605,9
13605,10
13606,9
13606,9
13606,10
13606,9
13606,10
13606,10
13606,8
13606,10
13606,9
13607,10
13607,10
13607,9
13607,10
13607,9
13607,10
13607,10
13607,9
13607,10
13607,9
13608,11
13608,10
13608,9
13608,10
13608,10
13608,11
13608,9
13608,9
13608,10
13609,10
13609,10
13609,10
13609,8
13609,10
13609,9
13609,10
13615,10
13615,10
13615,9
13615,10
13615,9
13615,10
13616,10
13616,9
13616,9
13616,9
13616,10
13616,10
13616,9
13616,10
13616,9
13616,10
13617,10
13617,8
13617,9
13617,9
13617,11
13617,10
13617,8
13617,10
13617,10
13618,11
13618,10
13618,9
13618,9
13618,10
13618,11
13618,10
13618,9
13618,10
13618,10
13619,10
13619,10
13619,9
13619,10
13619,10
13619,10
13619,10
13634,10
13639,10
13645,10
13645,10
13645,9
13645,10
13645,8
13645,10
13645,10
13646,9
13646,10
13646,9
13646,10
13646,10
13646,8
13646,10
13646,9
13646,11
13647,10
13647,9
13647,9
13647,9
13647,10
13647,10
13647,8
13647,9
13647,9
13647,11
13648,10
13648,8
13648,10
13648,9
13648,11
13648,10
13648,9
13648,10
13648,9
13649,10
13649,9
13649,9
13649,9
13649,9
13649,11
13649,11
13649,9
13655,10
13655,9
13655,10
13655,10
13655,9
13655,10
13656,9
13656,10
13656,10
13656,9
13656,10
13656,10
13656,10
13656,10
13656,9
13657,10
13657,10
13657,10
13657,10
13657,8
13657,10
13657,10
13657,11
13657,9
13658,9
13658,10
13658,10
13658,10
13658,10
13658,9
13658,10
13658,10
13658,10
13658,9
13659,9
13659,10
13659,10
13659,10
13659,9
13659,9
13659,10
13665,11
13665,8
13665,9
13665,10
13666,10
13666,10
13666,8
13666,10
13666,10
13666,10
13666,10
13666,8
13666,10
13666,10
13667,10
13667,10
13667,8
13667,10
13667,10
13667,10
13667,11
13667,9
13667,10
13668,11
13668,9
13668,10
13668,9
13668,10
13668,10
13668,9
13668,10
13668,8
13669,10
13669,10
13669,9
13669,9
13669,8
13669,10
13669,10
13669,9
13680,10
13685,11
13685,10
13685,10
13685,9
13686,10
13686,11
13686,10
13686,10
13686,9
13686,9
13686,11
13686,10
13686,10
13686,8
13687,10
13687,11
13687,10
13687,10
13687,9
13687,10
13687,11
13687,10
13687,10
13688,8
13688,10
13688,11
13688,10
13688,11
13688,8
13688,10
13688,11
13688,10
13689,10
13689,9
13689,10
13689,10
13689,10
13689,10
13689,9
13689,10
13695,9
13695,11
13695,10
13695,10
13695,9
13696,9
13696,10
13696,9
13696,10
13696,10
13696,9
13696,10
13696,10
13696,10
13696,10
13697,9
13697,11
13697,10
13697,10
13697,9
13697,8
13697,11
13697,10
13697,10
13698,9
13698,9
13698,11
13698,10
13698,10
13698,9
13698,9
13698,11
13698,10
13698,10
13699,9
13699,10
13699,11
13699,10
13699,10
13699,9
13699,9
13705,9
13705,9
13705,10
13705,11
13705,9
13706,9
13706,10
13706,9
13706,10
13706,10
13706,9
13706,10
13706,10
13706,10
13706,10
13707,9
13707,10
13707,10
13707,11
13707,10
13707,9
13707,10
13707,9
13707,10
13708,10
13708,8
13708,10
13708,10
13708,10
13708,10
13708,9
13708,10
13708,10
13708,10
13709,10
13709,9
13709,10
13709,9
13709,10
13709,10
13709,8
13715,10
13715,10
13715,11
13716,10
13716,9
13716,10
13716,9
13716,10
13716,10
13716,8
13716,10
13716,9
13716,10
13717,10
13717,9
13717,10
13717,9
13717,10
13717,9
13717,9
13717,10
13717,9
13718,10
13718,10
13718,9
13718,10
13718,9
13718,11
13718,10
13718,9
13718,10
13718,10
13719,10
13719,10
13719,8
13719,10
13719,9
13719,11
13719,10
13730,9
13735,10
13735,10
13736,10
13736,10
13736,9
13736,10
13736,10
13736,10
13736,9
13736,9
13736,10
13736,10
13737,10
13737,10
13737,9
13737,10
13737,10
13737,10
13737,9
13737,9
13737,10
13738,10
13738,10
13738,10
13738,9
13738,10
13738,10
13738,10
13738,9
13738,10
13738,10
13739,10
13739,10
13739,9
13739,9
13739,10
13739,10
13739,10
13745,9
13745,11
13745,9
13745,10
13745,10
13746,9
13746,10
13746,10
13746,10
13746,10
13746,8
13746,10
13746,10
13746,10
13746,9
13747,9
13747,11
13747,9
13747,10
13747,9
13747,9
13747,11
13747,9
13747,10
13748,9
13748,8
13748,11
13748,9
13748,10
13748,9
13748,9
13748,10
13748,10
13748,10
13749,9
13749,9
13749,11
13749,10
13749,10
13749,9
13749,9
13755,10
13755,10
13755,10
13755,8
13755,10
13755,10
13756,10
13756,10
13756,8
13756,10
13756,10
13756,9
13756,9
13756,8
13756,10
13757,10
13757,9
13757,10
13757,8
13757,10
13757,9
13757,9
13757,10
13757,9
13758,10
13758,10
13758,9
13758,10
13758,9
13758,10
13758,10
13758,9
13758,9
13758,9
13759,10
13759,10
13759,9
13759,9
13759,9
13759,11
13759,10
13765,9
13765,10
13765,10
13765,10
13766,10
13766,9
13766,10
13766,10
13766,10
13766,9
13766,9
13766,10
13766,10
13767,10
13767,10
13767,9
13767,10
13767,10
13767,10
13767,10
13767,9
13767,10
13767,10
13768,10
13768,9
13768,9
13768,9
13768,10
13768,10
13768,9
13768,9
13768,10
13769,11
13769,10
13769,9
13769,9
13769,10
13769,10
13769,10
13781,10
13786,9
13786,10
13786,10
13786,9
13786,10
13786,10
13786,10
13787,9
13787,9
13787,11
13787,9
13787,10
13787,9
13787,9
13787,11
13787,10
13787,10
13788,9
13788,9
13788,11
13788,9
13788,10
13788,10
13788,10
13788,11
13788,10
13789,10
13789,9
13789,9
13789,11
13789,10
13789,10
13789,9
13795,10
13795,8
13795,10
13795,10
13795,9
13796,10
13796,9
13796,10
13796,10
13796,10
13796,10
13796,8
13796,10
13796,10
13797,9
13797,10
13797,8
13797,10
13797,10
13797,10
13797,9
13797,9
13797,10
13798,10
13798,10
13798,9
13798,9
13798,10
13798,10
13798,9
13798,10
13798,8
13798,10
13799,10
13799,9
13799,10
13799,8
13799,10
13799,10
13799,10
13805,10
13805,10
13805,9
13805,10
13806,10
13806,10
13806,9
13806,9
13806,10
13806,9
13806,10
13806,9
13806,9
13806,11
13807,10
13807,10
13807,10
13807,9
13807,11
13807,10
13807,10
13807,9
13807,9
13808,11
13808,9
13808,10
13808,10
13808,9
13808,11
13808,10
13808,10
13808,9
13808,9
13809,11
13809,10
13809,10
13809,9
13809,8
13809,10
13809,9
13815,10
13815,9
13815,9
13816,11
13816,9
13816,10
13816,9
13816,9
13816,10
13816,10
13816,10
13816,10
13817,9
13817,10
13817,10
13817,10
13817,10
13817,9
13817,11
13817,10
13817,10
13818,9
13818,9
13818,11
13818,10
13818,10
13818,9
13818,9
13818,11
13818,10
13818,10
13819,9
13819,9
13819,11
13819,10
13819,10
13819,9
13819,9
13833,10
13838,9
13838,11
13838,9
13838,10
13838,10
13838,9
13838,11
13838,9
13838,10
13838,8
13839,9
13839,11
13839,10
13839,10
13839,9
13839,9
13839,10
13845,10
13845,10
13845,10
13846,9
13846,8
13846,10
13846,10
13846,10
13846,10
13846,8
13846,10
13846,10
13846,10
13847,10
13847,8
13847,10
13847,10
13847,10
13847,10
13847,9
13847,11
13847,9
13848,10
13848,10
13848,9
13848,11
13848,9
13848,10
13848,10
13848,9
13848,10
13849,9
13849,10
13849,10
13849,9
13849,11
13849,9
13849,10
13849,10
13855,10
13855,10
13855,9
13856,9
13856,8
13856,10
13856,10
13856,9
13856,10
13856,8
13856,11
13856,10
13857,9
13857,9
13857,8
13857,10
13857,10
13857,9
13857,9
13857,8
13857,10
13857,10
13858,9
13858,10
13858,8
13858,10
13858,10
13858,9
13858,10
13858,8
13858,10
13859,10
13859,9
13859,10
13859,8
13859,10
13859,10
13859,9
13865,9
13865,9
13866,9
13866,10
13866,10
13866,8
13866,10
13866,9
13866,10
13866,10
13866,9
13867,10
13867,9
13867,11
13867,10
13867,9
13867,10
13867,9
13867,10
13867,10
13867,9
13868,10
13868,10
13868,11
13868,10
13868,8
13868,10
13868,9
13868,10
13868,9
13869,8
13869,10
13869,9
13869,10
13869,9
13869,9
13869,9
13869,9
13880,10
13886,8
13886,10
13886,10
13886,9
13886,10
13886,9
13886,10
13886,10
13886,10
13887,10
13887,8
13887,10
13887,10
13887,9
13887,9
13887,8
13887,10
13887,9
13888,9
13888,9
13888,8
13888,10
13888,10
13888,9
13888,10
13888,9
13888,10
13888,10
13889,9
13889,9
13889,8
13889,10
13889,10
13889,10
13889,9
13895,10
13895,9
13895,10
13896,11
13896,10
13896,11
13896,9
13896,10
13896,11
13896,10
13896,10
13896,8
13897,10
13897,10
13897,10
13897,10
13897,9
13897,10
13897,11
13897,9
13897,10
13897,8
13898,10
13898,10
13898,10
13898,10
13898,8
13898,10
13898,10
13898,10
13898,11
13899,9
13899,10
13899,11
13899,11
13899,10
13899,8
13899,10
13905,10
13905,8
13905,10
13906,10
13906,10
13906,10
13906,8
13906,10
13906,10
13906,10
13906,10
13906,8
13907,10
13907,10
13907,10
13907,10
13907,8
13907,9
13907,10
13907,9
13907,10
13908,8
13908,10
13908,10
13908,9
13908,9
13908,8
13908,10
13908,10
13908,9
13908,10
13909,8
13909,10
13909,10
13909,9
13909,10
13909,7
13909,11
13916,8
13916,10
13916,10
13916,9
13916,10
13916,8
13916,10
13916,10
13916,9
13916,10
13917,8
13917,10
13917,10
13917,9
13917,10
13917,9
13917,10
13917,9
13917,9
13918,9
13918,8
13918,10
13918,10
13918,9
13918,10
13918,8
13918,10
13918,10
13918,9
13919,9
13919,9
13919,11
13919,10
13919,8
13919,10
13919,9
13930,9
13935,10
13936,10
13936,8
13936,9
13936,10
13936,10
13936,10
13936,9
13936,9
13936,10
13937,10
13937,10
13937,9
13937,9
13937,11
13937,10
13937,10
13937,9
13937,9
13938,10
13938,10
13938,10
13938,9
13938,9
13938,11
13938,10
13938,10
13938,9
13938,10
13939,11
13939,10
13939,11
13939,9
13939,10
13939,10
13939,10
13945,9
13945,10
13946,10
13946,9
13946,10
13946,10
13946,10
13946,10
13946,9
13946,10
13946,9
13947,10
13947,10
13947,9
13947,10
13947,9
13947,10
13947,10
13947,8
13947,10
13947,9
13948,10
13948,10
13948,9
13948,10
13948,9
13948,9
13948,10
13948,8
13948,10
13949,9
13949,10
13949,10
13949,8
13949,10
13949,9
13949,10
13949,9
13955,10
13955,11
13956,10
13956,10
13956,9
13956,9
13956,10
13956,11
13956,10
13956,9
13956,10
13957,11
13957,10
13957,10
13957,8
13957,10
13957,11
13957,10
13957,10
13957,8
13958,9
13958,11
13958,10
13958,10
13958,8
13958,10
13958,10
13958,10
13958,10
13958,9
13959,10
13959,11
13959,10
13959,10
13959,8
13959,9
13959,10
13966,10
13966,11
13966,10
13966,10
13966,10
13966,9
13966,11
13966,9
13966,10
13967,9
13967,8
13967,11
13967,9
13967,10
13967,9
13967,9
13967,11
13967,10
13968,10
13968,9
13968,9
13968,11
13968,10
13968,10
13968,9
13968,9
13968,10
13968,9
13969,10
13969,9
13969,9
13969,10
13969,10
13969,10
13969,9
13980,10
13986,10
13986,9
13986,9
13986,10
13986,10
13986,10
13987,9
13987,9
13987,10
13987,10
13987,10
13987,9
13987,9
13987,10
13987,10
13988,10
13988,9
13988,9
13988,10
13988,10
13988,10
13988,9
13988,10
13988,10
13989,10
13989,10
13989,9
13989,10
13989,10
13989,10
13989,10
13989,9
13995,10
13996,10
13996,9
13996,10
13996,8
13996,10
13996,10
13996,9
13996,10
13996,8
13997,10
13997,10
13997,9
13997,10
13997,9
13997,10
13997,10
13997,9
13997,9
13998,9
13998,10
13998,10
13998,9
13998,10
13998,8
13998,10
13998,10
13998,9
13998,10
13999,8
13999,10
13999,10
13999,8
13999,9
13999,9
13999,10
14005,10
14006,9
14006,9
14006,10
14006,9
14006,10
14006,8
14006,10
14006,9
14006,10
14007,10
14007,8
14007,10
14007,10
14007,10
14007,10
14007,8
14007,10
14007,9
14007,10
14008,10
14008,9
14008,10
14008,9
14008,10
14008,10
14008,9
14008,10
14008,10
14009,10
14009,10
14009,9
14009,10
14009,9
14009,10
14009,10
14016,11
14016,10
14016,10
14016,9
14016,9
14016,11
14016,9
14016,10
14017,10
14017,8
14017,11
14017,10
14017,10
14017,9
14017,9
14017,10
14017,9
14017,10
14018,10
14018,9
14018,11
14018,10
14018,10
14018,10
14018,9
14018,11
14018,10
14019,11
14019,9
14019,9
14019,11
14019,9
14019,10
14019,9
14029,9
14036,9
14036,10
14036,10
14036,9
14036,9
14036,8
14036,10
14036,10
14036,9
14037,10
14037,9
14037,10
14037,10
14037,8
14037,10
14037,9
14037,11
14037,10
14037,9
14038,9
14038,9
14038,10
14038,9
14038,8
14038,9
14038,10
14038,10
14038,10
14039,9
14039,10
14039,10
14039,9
14039,9
14039,9
14039,10
14045,10
14046,9
14046,9
14046,10
14046,10
14046,10
14046,9
14046,10
14046,11
14046,10
14047,10
14047,9
14047,10
14047,11
14047,10
14047,10
14047,9
14047,10
14047,11
14047,10
14048,10
14048,9
14048,10
14048,10
14048,10
14048,10
14048,8
14048,10
14048,10
14049,10
14049,10
14049,9
14049,11
14049,10
14049,9
14049,10
14056,10
14056,10
14056,8
14056,10
14056,10
14056,10
14056,10
14056,8
14056,10
14056,11
14057,10
14057,10
14057,8
14057,10
14057,10
14057,10
14057,10
14057,8
14057,10
14058,10
14058,10
14058,10
14058,8
14058,10
14058,10
14058,10
14058,10
14058,9
14058,10
14059,9
14059,9
14059,10
14059,9
14059,10
14059,10
14059,9
14066,10
14066,9
14066,10
14066,10
14066,9
14066,10
14066,10
14067,10
14067,10
14067,9
14067,10
14067,10
14067,10
14067,10
14067,9
14067,10
14067,10
14068,10
14068,10
14068,9
14068,10
14068,9
14068,11
14068,10
14068,8
14068,10
14069,9
14069,10
14069,10
14069,8
14069,10
14069,10
14069,10
14083,10
14087,10
14088,10
14088,9
14088,8
14088,10
14088,10
14088,10
14088,9
14088,9
14088,10
14089,10
14089,10
14089,9
14089,9
14089,10
14089,10
14089,10
14089,9
14096,10
14096,10
14096,9
14096,10
14096,9
14096,11
14096,10
14096,9
14096,10
14097,9
14097,11
14097,10
14097,8
14097,10
14097,9
14097,11
14097,10
14097,8
14098,10
14098,9
14098,11
14098,10
14098,9
14098,10
14098,10
14098,10
14098,10
14099,9
14099,10
14099,10
14099,10
14099,10
14099,9
14099,10
14099,10
14106,10
14106,10
14106,8
14106,10
14106,10
14106,10
14106,10
14106,8
14106,10
14107,10
14107,9
14107,10
14107,9
14107,10
14107,12
14107,9
14107,10
14107,8
14108,10
14108,10
14108,9
14108,9
14108,7
14108,10
14108,9
14108,9
14108,10
14109,9
14109,10
14109,10
14109,9
14109,9
14109,8
14109,10
14109,10
14116,10
14116,10
14116,9
14116,10
14116,8
14116,10
14117,10
14117,10
14117,11
14117,9
14117,10
14117,10
14117,10
14117,10
14117,8
14118,10
14118,10
14118,9
14118,10
14118,8
14118,11
14118,10
14118,9
14118,9
14118,8
14119,10
14119,10
14119,9
14119,10
14119,8
14119,11
14119,10
14129,10
14136,9
14136,10
14136,10
14136,9
14136,10
14136,9
14136,10
14136,10
14137,9
14137,10
14137,9
14137,10
14137,9
14137,9
14137,10
14137,10
14137,10
14138,10
14138,8
14138,10
14138,10
14138,10
14138,10
14138,9
14138,10
14138,9
14138,11
14139,10
14139,9
14139,11
14139,10
14139,10
14139,10
14139,8
14146,9
14146,10
14146,10
14146,10
14146,10
14146,9
14146,10
14146,10
14147,10
14147,10
14147,8
14147,10
14147,10
14147,10
14147,9
14147,9
14147,10
14148,10
14148,10
14148,9
14148,9
14148,10
14148,10
14148,10
14148,10
14148,9
14148,10
14149,10
14149,10
14149,9
14149,8
14149,10
14149,10
14149,10
14156,9
14156,10
14156,9
14156,9
14156,9
14156,10
14156,10
14156,10
14157,9
14157,9
14157,10
14157,11
14157,11
14157,9
14157,9
14157,10
14157,10
14158,10
14158,9
14158,9
14158,10
14158,10
14158,10
14158,9
14158,9
14158,9
14158,10
14159,10
14159,9
14159,10
14159,10
14159,11
14159,10
14159,8
14166,9
14166,10
14166,10
14166,10
14166,9
14167,9
14167,10
14167,10
14167,10
14167,9
14167,9
14167,10
14167,10
14167,10
14167,9
14168,9
14168,10
14168,10
14168,10
14168,9
14168,10
14168,10
14168,10
14168,10
14169,9
14169,10
14169,9
14169,10
14169,10
14169,9
14169,10
14180,9
14186,10
14186,9
14186,10
14186,9
14186,10
14187,10
14187,9
14187,10
14187,9
14187,10
14187,10
14187,8
14187,10
14187,10
14188,11
14188,10
14188,9
14188,11
14188,10
14188,11
14188,10
14188,8
14188,10
14188,10
14189,11
14189,10
14189,9
14189,10
14189,10
14189,10
14189,10
14196,8
14196,10
14196,10
14196,10
14196,10
14196,8
14196,10
14197,10
14197,10
14197,10
14197,8
14197,10
14197,10
14197,10
14197,10
14197,8
14198,10
14198,10
14198,9
14198,10
14198,8
14198,9
14198,10
14198,9
14198,10
14198,8
14199,10
14199,10
14199,9
14199,9
14199,8
14199,10
14199,10
14206,10
14206,10
14206,9
14206,9
14206,10
14206,9
14206,10
14207,10
14207,9
14207,10
14207,10
14207,10
14207,9
14207,9
14207,11
14207,10
14208,10
14208,9
14208,9
14208,11
14208,10
14208,10
14208,9
14208,10
14208,11
14208,10
14209,10
14209,9
14209,9
14209,11
14209,10
14209,10
14209,9
14216,9
14216,8
14216,10
14216,10
14216,9
14217,10
14217,8
14217,10
14217,10
14217,9
14217,10
14217,8
14217,10
14217,10
14218,9
14218,10
14218,8
14218,10
14218,10
14218,10
14218,10
14218,8
14218,10
14218,10
14219,10
14219,10
14219,8
14219,10
14219,10
14219,9
14219,9
14230,10
14236,9
14236,11
14237,10
14237,10
14237,9
14237,8
14237,11
14237,10
14237,10
14237,10
14237,9
14237,11
14238,10
14238,10
14238,9
14238,9
14238,11
14238,9
14238,10
14238,9
14238,10
14239,11
14239,10
14239,10
14239,9
14239,10
14239,11
14239,10
14246,9
14246,9
14246,10
14246,10
14246,10
14247,9
14247,9
14247,10
14247,10
14247,10
14247,9
14247,9
14247,10
14247,10
14247,10
14248,9
14248,9
14248,10
14248,10
14248,10
14248,9
14248,9
14248,10
14248,10
14249,10
14249,9
14249,10
14249,10
14249,10
14249,10
14249,9
14249,10
14256,10
14256,8
14256,10
14256,10
14256,11
14257,10
14257,9
14257,10
14257,10
14257,10
14257,10
14257,9
14257,10
14257,10
14258,10
14258,10
14258,9
14258,10
14258,10
14258,11
14258,10
14258,9
14258,10
14258,10
14259,10
14259,10
14259,8
14259,10
14259,10
14259,10
14259,10
14266,10
14266,10
14266,9
14267,9
14267,10
14267,10
14267,10
14267,10
14267,9
14267,10
14267,10
14267,11
14267,10
14268,9
14268,9
14268,11
14268,10
14268,9
14268,9
14268,9
14268,10
14268,10
14269,9
14269,9
14269,10
14269,10
14269,11
14269,9
14269,9
14280,10
14286,10
14287,9
14287,9
14287,8
14287,10
14287,10
14287,9
14287,9
14287,8
14287,10
14288,10
14288,9
14288,9
14288,8
14288,10
14288,10
14288,9
14288,10
14288,8
14288,10
14289,10
14289,9
14289,10
14289,9
14289,10
14289,10
14289,9
14296,10
14296,9
14296,9
14296,9
14296,11
14297,10
14297,9
14297,10
14297,9
14297,11
14297,10
14297,9
14297,10
14297,10
14298,10
14298,10
14298,8
14298,10
14298,10
14298,10
14298,10
14298,8
14298,10
14298,9
14299,11
14299,10
14299,8
14299,10
14299,10
14299,11
14299,10
14306,10
14306,10
14306,9
14306,9
14306,10
14307,10
14307,10
14307,10
14307,9
14307,10
14307,10
14307,10
14307,9
14307,9
14308,10
14308,10
14308,10
14308,9
14308,9
14308,10
14308,10
14308,10
14308,9
14308,10
14309,10
14309,10
14309,10
14309,9
14309,10
14309,9
14309,10
14316,10
14316,9
14316,10
14317,8
14317,10
14317,10
14317,9
14317,10
14317,8
14317,10
14317,10
14317,9
14317,10
14318,9
14318,10
14318,10
14318,9
14318,9
14318,9
14318,10
14318,10
14318,9
14319,10
14319,8
14319,10
14319,10
14319,9
14319,10
14319,8
14333,9
14338,9
14338,10
14338,8
14338,10
14338,9
14338,9
14338,10
14338,9
14339,10
14339,10
14339,9
14339,10
14339,9
14339,10
14339,10
14339,9
14346,10
14346,10
14346,8
14346,9
14346,9
14347,10
14347,9
14347,9
14347,10
14347,9
14347,10
14347,10
14347,9
14347,10
14348,9
14348,10
14348,10
14348,9
14348,10
14348,9
14348,10
14348,10
14348,9
14349,9
14349,9
14349,11
14349,10
14349,8
14349,10
14349,9
14349,10
14356,9
14356,9
14356,10
14356,10
14357,10
14357,9
14357,9
14357,11
14357,10
14357,10
14357,9
14357,10
14357,10
14358,10
14358,10
14358,8
14358,10
14358,11
14358,10
14358,10
14358,10
14358,10
14359,11
14359,10
14359,10
14359,8
14359,10
14359,10
14359,10
14359,10
14366,8
14366,10
14367,9
14367,10
14367,10
14367,9
14367,11
14367,9
14367,10
14367,10
14367,9
14368,11
14368,9
14368,10
14368,9
14368,9
14368,11
14368,9
14368,10
14368,9
14368,9
14369,11
14369,10
14369,10
14369,9
14369,8
14369,10
14369,10
14380,10
14387,10
14387,10
14387,10
14387,10
14387,9
14387,10
14387,10
14387,10
14387,10
14388,9
14388,10
14388,10
14388,10
14388,10
14388,9
14388,10
14388,10
14388,11
14389,9
14389,9
14389,10
14389,10
14389,10
14389,8
14389,9
14389,10
14396,9
14396,9
14396,11
14397,10
14397,9
14397,10
14397,10
14397,10
14397,10
14397,9
14397,10
14397,10
14397,10
14398,10
14398,9
14398,10
14398,9
14398,10
14398,9
14398,9
14398,10
14398,10
14399,10
14399,10
14399,9
14399,10
14399,10
14399,10
14399,10
14406,9
14406,10
14406,10
14407,10
14407,10
14407,9
14407,9
14407,11
14407,10
14407,10
14407,8
14407,10
14408,10
14408,10
14408,10
14408,9
14408,10
14408,11
14408,10
14408,10
14408,9
14408,10
14409,10
14409,10
14409,10
14409,8
14409,10
14409,10
14409,10
14416,9
14417,9
14417,10
14417,10
14417,10
14417,9
14417,8
14417,10
14417,10
14417,10
14418,9
14418,9
14418,10
14418,10
14418,10
14418,10
14418,10
14418,10
14418,10
14418,10
14419,9
14419,9
14419,10
14419,10
14419,10
14419,9
14419,10
14429,10
14436,9
14436,9
14437,11
14437,10
14437,10
14437,9
14437,10
14437,11
14437,10
14437,10
14437,9
14438,10
14438,11
14438,10
14438,10
14438,9
14438,10
14438,11
14438,10
14438,10
14438,8
14439,10
14439,10
14439,10
14439,10
14439,8
14439,10
14439,10
14446,10
14446,10
14446,9
14447,10
14447,9
14447,10
14447,9
14447,9
14447,9
14447,9
14447,10
14447,10
14448,9
14448,10
14448,9
14448,11
14448,11
14448,9
14448,10
14448,10
14448,11
14448,10
14449,8
14449,10
14449,10
14449,10
14449,10
14449,9
14449,10
14456,9
14456,10
14457,9
14457,9
14457,11
14457,9
14457,10
14457,9
14457,9
14457,11
14457,10
14457,10
14458,9
14458,10
14458,11
14458,10
14458,10
14458,9
14458,10
14458,10
14458,10
14459,10
14459,9
14459,10
14459,10
14459,10
14459,10
14459,9
14459,10
14467,9
14467,11
14467,10
14467,10
14467,9
14467,10
14467,10
14467,10
14467,10
14467,9
14468,10
14468,11
14468,10
14468,10
14468,9
14468,10
14468,11
14468,10
14468,10
14469,9
14469,10
14469,10
14469,10
14469,10
14469,9
14469,10
14480,10
14487,10
14487,10
14487,10
14487,9
14487,10
14487,10
14487,10
14488,10
14488,9
14488,10
14488,10
14488,10
14488,10
14488,9
14488,10
14488,10
14488,11
14489,9
14489,9
14489,10
14489,9
14489,10
14489,9
14489,9
14496,9
14496,10
14497,9
14497,10
14497,10
14497,9
14497,10
14497,9
14497,11
14497,9
14497,9
14498,10
14498,10
14498,10
14498,10
14498,8
14498,10
14498,10
14498,10
14498,9
14499,9
14499,11
14499,10
14499,10
14499,9
14499,9
14499,10
14499,9
14506,9
14507,9
14507,10
14507,10
14507,10
14507,9
14507,9
14507,10
14507,10
14507,10
14507,8
14508,9
14508,10
14508,10
14508,10
14508,9
14508,10
14508,10
14508,10
14508,10
14509,9
14509,10
14509,10
14509,11
14509,11
14509,8
14509,10
14517,10
14517,10
14517,9
14517,10
14517,9
14517,11
14517,10
14517,8
14517,9
14518,10
14518,11
14518,10
14518,9
14518,10
14518,10
14518,10
14518,10
14518,8
14518,10
14519,10
14519,10
14519,10
14519,9
14519,9
14519,11
14519,9
14529,10
14529,10
14529,10
14529,9
14529,9
14529,10
14536,10
14537,9
14537,8
14537,11
14537,9
14537,10
14537,9
14537,9
14537,11
14537,10
14537,10
14538,9
14538,9
14538,10
14538,10
14538,10
14538,9
14538,9
14538,11
14538,10
14539,10
14539,9
14539,9
14539,11
14539,10
14539,10
14539,9
14546,8
14547,10
14547,10
14547,8
14547,9
14547,9
14547,11
14547,9
14547,9
14547,10
14548,9
14548,10
14548,9
14548,9
14548,9
14548,9
14548,10
14548,10
14548,9
14548,9
14549,9
14549,11
14549,10
14549,9
14549,10
14549,10
14549,10
14557,10
14557,10
14557,10
14557,9
14557,9
14557,10
14557,10
14557,10
14557,9
14558,9
14558,10
14558,10
14558,11
14558,10
14558,8
14558,10
14558,10
14558,10
14558,9
14559,9
14559,10
14559,10
14559,10
14559,9
14559,8
14559,10
14567,9
14567,9
14567,10
14567,10
14567,10
14567,9
14567,9
14567,10
14568,10
14568,10
14568,9
14568,9
14568,10
14568,10
14568,10
14568,9
14568,9
14568,10
14569,10
14569,10
14569,9
14569,10
14569,10
14569,10
14569,10
14583,8
14588,8
14588,10
14588,10
14589,9
14589,10
14589,8
14589,10
14589,10
14589,9
14589,10
14596,10
14596,9
14597,10
14597,10
14597,9
14597,9
14597,9
14597,11
14597,10
14597,9
14597,10
14598,10
14598,9
14598,10
14598,8
14598,10
14598,9
14598,10
14598,10
14598,10
14598,10
14599,9
14599,10
14599,10
14599,9
14599,10
14599,9
14599,10
14607,8
14607,10
14607,10
14607,10
14607,10
14607,8
14607,10
14607,10
14607,8
14608,10
14608,9
14608,10
14608,11
14608,10
14608,10
14608,8
14608,10
14608,10
14608,10
14609,10
14609,8
14609,10
14609,10
14609,10
14609,10
14609,8
14617,10
14617,9
14617,10
14617,10
14617,8
14617,10
14617,10
14617,10
14618,10
14618,9
14618,10
14618,10
14618,10
14618,10
14618,8
14618,10
14618,10
14618,10
14619,11
14619,9
14619,11
14619,9
14619,10
14619,10
14619,8
14629,10
14629,10
14629,9
14629,9
14629,9
14629,11
14629,10
14637,9
14637,9
14637,10
14637,9
14637,10
14637,10
14637,9
14637,10
14637,10
14638,10
14638,11
14638,9
14638,10
14638,10
14638,10
14638,9
14638,9
14638,10
14638,10
14639,10
14639,9
14639,9
14639,10
14639,10
14639,10
14639,9
14647,10
14647,10
14647,10
14647,9
14647,8
14647,10
14647,10
14647,10
14647,9
14648,9
14648,10
14648,10
14648,10
14648,9
14648,9
14648,10
14648,10
14648,10
14648,9
14649,9
14649,10
14649,10
14649,10
14649,9
14649,9
14649,10
14657,10
14657,10
14657,10
14657,8
14657,10
14657,10
14657,9
14657,10
14657,8
14658,10
14658,10
14658,10
14658,10
14658,8
14658,10
14658,10
14658,10
14658,10
14659,8
14659,10
14659,10
14659,10
14659,10
14659,9
14659,10
14667,8
14667,11
14667,10
14667,10
14667,10
14667,9
14667,11
14667,9
14668,10
14668,9
14668,9
14668,11
14668,10
14668,10
14668,9
14668,9
14668,10
14668,10
14669,10
14669,9
14669,10
14669,11
14669,10
14669,10
14669,8
14679,8
14679,9
14679,10
14679,10
14679,10
14687,10
14687,10
14687,10
14687,10
14687,9
14687,10
14687,10
14687,9
14687,10
14688,8
14688,10
14688,10
14688,9
14688,9
14688,8
14688,10
14688,10
14688,9
14689,10
14689,8
14689,10
14689,10
14689,9
14689,10
14689,9
14689,10
14697,10
14697,10
14697,9
14697,10
14697,10
14697,10
14697,10
14697,8
14698,9
14698,10
14698,10
14698,10
14698,9
14698,10
14698,10
14698,10
14698,10
14698,8
14699,10
14699,10
14699,10
14699,10
14699,9
14699,10
14699,10
14707,10
14707,10
14707,10
14707,10
14707,8
14707,10
14707,10
14707,10
14708,9
14708,9
14708,11
14708,10
14708,10
14708,10
14708,9
14708,10
14708,9
14709,10
14709,10
14709,9
14709,11
14709,10
14709,10
14709,9
14709,9
14717,9
14717,9
14717,10
14717,10
14717,9
14717,10
14718,10
14718,11
14718,10
14718,9
14718,10
14718,10
14718,10
14718,9
14718,8
14719,10
14719,10
14719,10
14719,10
14719,9
14719,10
14719,10
14719,10
14727,10
14727,8
14727,9
14727,11
14728,9
14728,10
14728,9
14728,9
14728,11
14728,10
14728,10
14728,8
14728,10
14728,11
14729,10
14729,10
14729,8
14729,9
14729,10
14729,10
14729,10
14733,9
14733,10
14734,10
14734,8
14734,9
14734,10
14734,10
14734,10
14734,9
14734,10
14734,9
14734,11
14735,10
14735,8
14735,10
14735,9
14735,10
14735,10
14735,8
14735,10
14735,9
14736,10
14736,10
14736,8
14736,10
14736,10
14736,10
14736,9
14736,9
14736,11
14736,10
14737,10
14737,10
14737,9
14737,11
14737,10
14737,10
14737,10
14737,9
14737,10
14738,10
14738,10
14738,10
14738,9
14738,11
14738,10
14738,10
14738,9
14738,9
14738,11
14739,10
14739,10
14739,9
14739,9
14739,11
14739,10
14739,10
14747,10
14747,8
14747,10
14747,10
14747,9
14747,9
14748,9
14748,11
14748,10
14748,9
14748,9
14748,9
14748,11
14748,10
14748,9
14748,10
14749,10
14749,10
14749,10
14749,9
14749,10
14749,10
14749,10
14757,10
14757,10
14757,10
14757,9
14757,10
14757,10
14757,10
14757,10
14757,8
14758,10
14758,10
14758,9
14758,10
14758,8
14758,10
14758,10
14758,9
14758,10
14758,8
14759,10
14759,10
14759,9
14759,9
14759,9
14759,10
14759,10
14767,10
14767,8
14767,10
14767,10
14767,9
14767,10
14768,8
14768,10
14768,10
14768,9
14768,10
14768,8
14768,10
14768,10
14768,9
14769,9
14769,9
14769,10
14769,9
14769,9
14769,10
14769,9
14778,10
14778,8
14778,10
14779,10
14779,10
14779,10
14779,9
14779,10
14779,10
14779,11
14783,10
14783,8
14784,10
14784,10
14784,10
14784,10
14784,9
14784,10
14784,10
14784,10
14784,10
14784,8
14785,10
14785,10
14785,10
14785,9
14785,9
14785,10
14785,10
14785,10
14785,9
14786,9
14786,10
14786,10
14786,10
14786,9
14786,9
14786,10
14786,10
14786,10
14786,9
14787,9
14787,10
14787,10
14787,10
14787,9
14787,9
14787,10
14787,10
14787,10
14788,8
14788,10
14788,9
14788,10
14788,10
14788,9
14788,10
14788,9
14788,10
14788,10
14789,9
14789,10
14789,9
14789,10
14789,10
14789,9
14789,10
14792,9
14792,10
14792,9
14793,10
14793,10
14793,9
14793,10
14793,9
14793,10
14793,10
14793,9
14793,10
14794,9
14794,10
14794,10
14794,9
14794,9
14794,9
14794,11
14794,10
14794,8
14795,10
14795,9
14795,10
14795,10
14795,8
14795,10
14795,10
14795,11
14795,10
14795,8
14796,10
14796,9
14796,10
14796,10
14796,9
14796,10
14796,10
14796,10
14796,10
14797,9
14797,10
14797,10
14797,10
14797,9
14797,9
14797,10
14797,10
14797,10
14797,10
14798,9
14798,10
14798,10
14798,10
14798,9
14798,9
14798,10
14798,10
14798,10
14799,9
14799,9
14799,10
14799,10
14799,10
14799,9
14799,9
14801,10
14801,9
14801,9
14801,9
14801,10
14802,10
14802,9
14802,9
14802,10
14802,11
14802,10
14802,9
14802,9
14802,10
14803,10
14803,10
14803,9
14803,9
14803,10
14803,10
14803,10
14803,9
14803,9
14803,9
14804,10
14804,10
14804,9
14804,10
14804,10
14804,10
14804,10
14804,8
14804,10
14805,9
14805,10
14805,10
14805,8
14805,10
14805,10
14805,10
14805,10
14805,8
14805,10
14806,9
14806,10
14806,10
14806,9
14806,10
14806,10
14806,10
14806,10
14806,9
14807,10
14807,10
14807,10
14807,10
14807,10
14807,10
14807,10
14807,10
14807,10
14807,9
14808,10
14808,10
14808,10
14808,10
14808,8
14808,11
14808,10
14808,10
14808,9
14809,9
14809,11
14809,9
14809,10
14809,9
14809,9
14809,11
14811,10
14811,10
14811,11
14811,9
14811,10
14812,10
14812,10
14812,10
14812,8
14812,9
14812,11
14812,10
14812,10
14812,8
14813,10
14813,10
14813,10
14813,10
14813,9
14813,10
14813,10
14813,10
14813,10
14813,8
14814,10
14814,10
14814,10
14814,10
14814,8
14814,10
14814,10
14814,10
14814,10
14815,8
14815,10
14815,10
14815,10
14815,10
14815,8
14815,10
14815,10
14815,9
14815,10
14816,8
14816,10
14816,11
14816,9
14816,10
14816,8
14816,10
14816,10
14816,9
14817,10
14817,9
14817,10
14817,10
14817,9
14817,10
14817,9
14817,10
14817,10
14817,9
14818,9
14818,9
14818,10
14818,9
14818,8
14818,9
14818,9
14818,9
14818,9
14819,8
14819,9
14819,9
14819,10
14819,10
14819,9
14819,9
14828,10
14829,10
14829,10
14829,10
14829,8
14829,10
14829,10
14829,10
14831,10
14831,10
14831,9
14831,10
14831,11
14831,10
14831,10
14831,8
14831,10
14832,10
14832,10
14832,10
14832,9
14832,10
14832,10
14832,9
14832,10
14832,8
14833,10
14833,10
14833,10
14833,10
14833,8
14833,10
14833,10
14833,9
14833,10
14833,8
14834,10
14834,10
14834,9
14834,10
14834,8
14834,8
14834,10
14834,9
14834,10
14835,9
14835,11
14835,10
14835,9
14835,9
14835,9
14835,10
14835,10
14835,9
14835,10
14836,9
14836,10
14836,10
14836,8
14836,10
14836,10
14836,10
14836,10
14836,8
14837,10
14837,10
14837,10
14837,10
14837,9
14837,10
14837,10
14837,11
14837,10
14838,9
14838,10
14838,11
14838,10
14838,9
14838,9
14838,10
14838,10
14838,10
14838,9
14839,9
14839,10
14839,10
14839,10
14839,9
14839,9
14839,10
14841,9
14841,10
14841,10
14841,10
14841,10
14842,9
14842,10
14842,10
14842,10
14842,10
14842,9
14842,10
14842,10
14842,10
14843,9
14843,9
14843,10
14843,10
14843,10
14843,9
14843,8
14843,10
14843,10
14843,10
14844,9
14844,9
14844,10
14844,10
14844,10
14844,9
14844,9
14844,10
14844,10
14845,10
14845,8
14845,9
14845,10
14845,11
14845,10
14845,8
14845,10
14845,9
14846,11
14846,10
14846,8
14846,10
14846,9
14846,10
14846,10
14846,9
14846,10
14846,9
14847,11
14847,10
14847,9
14847,10
14847,9
14847,10
14847,10
14847,8
14847,10
14848,9
14848,10
14848,10
14848,9
14848,10
14848,9
14848,10
14848,10
14848,8
14848,10
14849,10
14849,10
14849,10
14849,9
14849,10
14849,10
14849,10
14851,10
14851,9
14851,10
14851,10
14851,9
14852,9
14852,9
14852,10
14852,10
14852,8
14852,10
14852,10
14852,10
14852,10
14853,9
14853,10
14853,10
14853,10
14853,10
14853,8
14853,10
14853,9
14853,11
14854,10
14854,9
14854,10
14854,10
14854,10
14854,10
14854,9
14854,10
14854,9
14854,11
14855,10
14855,9
14855,10
14855,10
14855,10
14855,10
14855,9
14855,10
14855,11
14856,11
14856,10
14856,9
14856,10
14856,10
14856,10
14856,8
14856,8
14856,10
14856,10
14857,10
14857,9
14857,9
14857,10
14857,10
14857,10
14857,9
14857,9
14857,10
14858,10
14858,10
14858,9
14858,9
14858,10
14858,10
14858,10
14858,9
14858,9
14858,10
14859,10
14859,10
14859,9
14859,9
14859,9
14859,10
14859,10
14861,10
14861,10
14861,9
14861,9
14861,8
14862,10
14862,10
14862,9
14862,10
14862,8
14862,10
14862,10
14862,9
14862,10
14863,8
14863,10
14863,10
14863,9
14863,10
14863,9
14863,10
14863,10
14863,8
14863,9
14864,9
14864,10
14864,10
14864,9
14864,10
14864,9
14864,10
14864,10
14864,9
14865,9
14865,8
14865,11
14865,10
14865,9
14865,9
14865,9
14865,10
14865,10
14865,9
14866,10
14866,9
14866,11
14866,10
14866,9
14866,10
14866,10
14866,10
14866,10
14867,9
14867,10
14867,10
14867,10
14867,10
14867,9
14867,9
14867,10
14867,10
14868,10
14868,8
14868,10
14868,10
14868,10
14868,8
14868,9
14868,10
14868,10
14868,10
14869,10
14869,9
14869,10
14869,10
14869,11
14869,10
14869,9
14875,10
14875,10
14875,10
14875,10
14875,9
14875,10
14875,9
14876,10
14876,10
14876,9
14876,10
14876,9
14876,10
14876,10
14876,9
14876,10
14876,10
14877,10
14877,10
14877,9
14877,10
14877,9
14877,10
14877,10
14877,9
14877,10
14878,10
14878,10
14878,10
14878,9
14878,10
14878,9
14878,10
14878,10
14878,9
14878,11
14879,9
14879,10
14879,9
14879,9
14879,11
14879,10
14879,10
14881,8
14881,11
14881,9
14881,10
14881,9
14881,9
14881,11
14881,9
14881,10
14882,9
14882,9
14882,11
14882,10
14882,10
14882,9
14882,9
14882,10
14882,10
14882,10
14883,9
14883,9
14883,11
14883,10
14883,11
14883,9
14883,9
14883,11
14883,10
14884,10
14884,9
14884,10
14884,11
14884,9
14884,10
14884,9
14884,10
14884,10
14885,10
14885,10
14885,8
14885,9
14885,11
14885,10
14885,10
14885,8
14885,10
14885,10
14886,10
14886,10
14886,8
14886,10
14886,10
14886,9
14886,10
14886,8
14886,10
14887,10
14887,10
14887,10
14887,8
14887,10
14887,10
14887,9
14887,10
14887,8
14887,11
14888,10
14888,10
14888,10
14888,8
14888,10
14888,10
14888,10
14888,10
14888,8
14889,10
14889,10
14889,9
14889,10
14889,9
14889,10
14889,10
14891,10
14891,9
14891,10
14891,9
14891,10
14892,10
14892,9
14892,10
14892,9
14892,10
14892,10
14892,8
14892,10
14892,9
14892,10
14893,10
14893,9
14893,10
14893,9
14893,11
14893,10
14893,9
14893,10
14893,9
14894,10
14894,10
14894,9
14894,10
14894,10
14894,10
14894,10
14894,9
14894,10
14894,10
14895,10
14895,8
14895,8
14895,10
14895,10
14895,10
14895,9
14895,9
14895,11
14896,10
14896,10
14896,10
14896,9
14896,11
14896,10
14896,10
14896,9
14896,9
14897,10
14897,10
14897,10
14897,10
14897,9
14897,11
14897,10
14897,10
14897,9
14897,9
14898,10
14898,10
14898,10
14898,9
14898,9
14898,11
14898,10
14898,10
14898,9
14899,9
14899,10
14899,9
14899,10
14899,9
14899,9
14899,10
14901,9
14901,10
14901,10
14901,8
14901,9
14901,9
14902,11
14902,10
14902,9
14902,10
14902,9
14902,10
14902,10
14902,9
14902,10
14902,10
14903,10
14903,10
14903,9
14903,9
14903,10
14903,10
14903,10
14903,9
14903,10
14904,10
14904,10
14904,10
14904,9
14904,9
14904,10
14904,10
14904,10
14904,9
14904,10
14905,10
14905,10
14905,10
14905,9
14905,10
14905,10
14905,10
14905,9
14905,8
14906,10
14906,10
14906,10
14906,9
14906,9
14906,10
14906,10
14906,10
14906,9
14907,9
14907,10
14907,10
14907,10
14907,9
14907,9
14907,10
14907,10
14907,10
14907,8
14908,9
14908,10
14908,10
14908,10
14908,8
14908,10
14908,9
14908,11
14908,9
14909,9
14909,9
14909,9
14909,10
14909,10
14909,9
14909,10
14911,10
14911,9
14911,10
14911,10
14911,9
14911,10
14912,9
14912,10
14912,10
14912,9
14912,9
14912,9
14912,11
14912,10
14912,9
14913,10
14913,9
14913,9
14913,10
14913,8
14913,10
14913,9
14913,10
14913,10
14913,9
14914,10
14914,9
14914,10
14914,10
14914,8
14914,10
14914,9
14914,11
14914,10
14915,9
14915,10
14915,10
14915,10
14915,9
14915,9
14915,10
14915,10
14915,10
14915,9
14916,9
14916,10
14916,10
14916,10
14916,10
14916,9
14916,10
14916,10
14916,10
14917,9
14917,8
14917,10
14917,10
14917,10
14917,9
14917,9
14917,9
14917,10
14917,10
14918,9
14918,9
14918,10
14918,10
14918,10
14918,9
14918,9
14918,10
14918,10
14919,9
14919,8
14919,9
14919,9
14919,10
14919,10
14919,8
14929,9
14929,10
14929,10
14929,10
14929,9
14929,9
14931,9
14931,10
14931,9
14931,9
14931,9
14931,10
14931,10
14931,8
14931,10
14932,9
14932,10
14932,10
14932,9
14932,10
14932,10
14932,10
14932,11
14932,9
14933,10
14933,10
14933,10
14933,10
14933,8
14933,10
14933,10
14933,10
14933,10
14933,9
14934,11
14934,10
14934,10
14934,10
14934,9
14934,11
14934,10
14934,10
14934,10
14935,8
14935,10
14935,10
14935,10
14935,10
14935,9
14935,11
14935,9
14935,10
14936,10
14936,9
14936,11
14936,10
14936,10
14936,10
14936,9
14936,10
14936,10
14936,10
14937,10
14937,9
14937,10
14937,9
14937,10
14937,9
14937,9
14937,11
14937,10
14938,10
14938,9
14938,9
14938,10
14938,10
14938,10
14938,9
14938,9
14938,10
14938,10
14939,10
14939,9
14939,10
14939,10
14939,10
14939,10
14939,9
14947,10
14947,10
14947,10
14947,9
14947,9
14947,10
14948,10
14948,10
14948,9
14948,9
14948,10
14948,10
14948,10
14948,9
14948,9
14948,10
14949,10
14949,10
14949,9
14949,9
14949,9
14949,10
14949,9
14957,10
14957,9
14957,9
14957,11
14957,9
14957,10
14958,9
14958,9
14958,11
14958,10
14958,11
14958,9
14958,10
14958,10
14958,10
14958,10
14959,9
14959,10
14959,10
14959,10
14959,10
14959,8
14959,10
14967,10
14967,9
14967,9
14967,11
14968,10
14968,10
14968,9
14968,10
14968,11
14968,10
14968,10
14968,9
14968,10
14969,11
14969,10
14969,10
14969,9
14969,10
14969,10
14969,11
14969,10
14978,9
14978,9
14978,10
14978,10
14979,10
14979,9
14979,10
14979,10
14979,10
14979,9
14979,9
14987,9
14987,9
14987,10
14987,10
14987,10
14987,9
14988,9
14988,9
14988,10
14988,10
14988,9
14988,10
14988,10
14988,10
14988,10
14989,9
14989,10
14989,10
14989,10
14989,10
14989,9
14989,10
14997,10
14997,10
14997,9
14997,9
14997,10
14997,10
14997,10
14997,9
14997,10
14997,10
14998,11
14998,10
14998,9
14998,10
14998,10
14998,11
14998,9
14998,9
14998,10
14999,10
14999,10
14999,10
14999,9
14999,10
14999,9
14999,10
14999,10
15006,10
15006,9
15006,9
15006,10
15006,10
15006,10
15006,9
15007,10
15007,10
15007,10
15007,10
15007,9
15007,10
15007,9
15007,10
15007,10
15008,9
15008,10
15008,10
15008,10
15008,10
15008,9
15008,10
15008,10
15008,10
15008,11
15009,9
15009,10
15009,9
15009,11
15009,10
15009,9
15009,10
15016,9
15017,11
15017,9
15017,10
15017,10
15017,9
15017,11
15017,10
15017,10
15017,10
15017,9
15018,10
15018,9
15018,10
15018,10
15018,9
15018,11
15018,9
15018,10
15018,9
15019,8
15019,10
15019,9
15019,10
15019,10
15019,8
15019,11
15019,10
15027,10
15028,9
15028,8
15028,10
15028,10
15028,9
15028,9
15028,9
15028,10
15028,10
15029,10
15029,9
15029,9
15029,10
15029,10
15029,10
15029,9
15036,9
15036,10
15037,9
15037,10
15037,9
15037,10
15037,9
15037,10
15037,10
15037,9
15037,10
15038,9
15038,10
15038,10
15038,9
15038,9
15038,10
15038,10
15038,10
15038,8
15039,10
15039,10
15039,10
15039,10
15039,8
15039,10
15039,9
15039,10
15046,10
15046,10
15046,9
15046,9
15046,11
15046,10
15046,10
15047,9
15047,9
15047,10
15047,10
15047,11
15047,9
15047,10
15047,11
15047,10
15048,10
15048,9
15048,10
15048,10
15048,10
15048,10
15048,8
15048,10
15048,11
15048,10
15049,10
15049,9
15049,10
15049,10
15049,10
15049,10
15049,9
15056,10
15056,9
15056,10
15056,10
15056,10
15056,9
15056,9
15056,10
15056,10
15057,10
15057,9
15057,9
15057,10
15057,10
15057,10
15057,9
15057,9
15057,10
15058,10
15058,10
15058,9
15058,9
15058,10
15058,10
15058,10
15058,9
15058,9
15058,10
15059,10
15059,10
15059,9
15059,9
15059,10
15059,10
15059,10
15066,9
15066,10
15066,10
15066,10
15066,9
15066,9
15067,10
15067,10
15067,10
15067,9
15067,9
15067,10
15067,10
15067,10
15067,8
15067,9
15068,9
15068,10
15068,10
15068,9
15068,9
15068,10
15068,10
15068,10
15068,8
15069,10
15069,9
15069,10
15069,10
15069,9
15069,10
15069,9
15069,10
15078,9
15078,9
15078,10
15078,10
15079,10
15079,9
15079,9
15079,10
15079,10
15079,10
15079,9
15086,10
15086,10
15086,8
15086,10
15086,10
15087,11
15087,10
15087,9
15087,10
15087,10
15087,10
15087,9
15087,9
15087,10
15087,10
15088,10
15088,10
15088,8
15088,10
15088,10
15088,10
15088,9
15088,9
15088,10
15089,10
15089,10
15089,9
15089,9
15089,10
15089,10
15089,10
15089,9
15096,10
15096,9
15096,10
15096,10
15096,9
15097,10
15097,9
15097,10
15097,10
15097,9
15097,10
15097,9
15097,10
15097,10
15098,8
15098,10
15098,10
15098,10
15098,10
15098,9
15098,10
15098,10
15098,11
15098,10
15099,8
15099,10
15099,10
15099,10
15099,10
15099,9
15099,9
15106,8
15106,10
15106,10
15106,9
15106,9
15106,10
15107,10
15107,10
15107,9
15107,10
15107,8
15107,10
15107,10
15107,8
15107,10
15107,9
15108,10
15108,10
15108,8
15108,10
15108,9
15108,10
15108,10
15108,9
15108,10
15109,10
15109,10
15109,10
15109,8
15109,10
15109,10
15109,12
15115,10
15115,8
15115,10
15115,10
15115,9
15116,10
15116,8
15116,10
15116,10
15116,9
15116,10
15116,8
15116,10
15116,10
15117,10
15117,10
15117,9
15117,10
15117,10
15117,8
15117,10
15117,9
15117,10
15118,10
15118,9
15118,9
15118,8
15118,10
15118,10
15118,9
15118,9
15118,9
15118,10
15119,10
15119,8
15119,10
15119,9
15119,10
15119,10
15119,9
15132,11
15136,10
15136,8
15136,10
15136,10
15136,10
15137,10
15137,8
15137,10
15137,10
15137,10
15137,10
15137,8
15137,10
15137,10
15137,9
15138,10
15138,8
15138,10
15138,10
15138,9
15138,10
15138,8
15138,10
15138,10
15139,9
15139,9
15139,8
15139,10
15139,10
15139,9
15139,10
15145,10
15145,10
15145,9
15145,10
15145,10
15145,10
15146,10
15146,9
15146,10
15146,10
15146,10
15146,10
15146,9
15146,10
15146,10
15147,10
15147,10
15147,9
15147,10
15147,10
15147,10
15147,9
15147,9
15147,10
15147,10
15148,10
15148,9
15148,9
15148,10
15148,10
15148,10
15148,9
15148,9
15148,10
15149,10
15149,10
15149,8
15149,9
15149,10
15149,10
15149,10
15153,11
15153,10
15153,9
15153,10
15153,10
15153,10
15153,10
15153,9
15153,10
15154,10
15154,10
15154,10
15154,9
15154,11
15154,10
15154,10
15154,10
15154,9
15155,11
15155,10
15155,11
15155,10
15155,9
15155,11
15155,10
15155,10
15155,9
15155,9
15156,11
15156,10
15156,10
15156,10
15156,9
15156,10
15156,10
15156,10
15156,9
15157,10
15157,11
15157,10
15157,10
15157,9
15157,10
15157,10
15157,10
15157,10
15157,8
15158,10
15158,11
15158,10
15158,10
15158,9
15158,10
15158,10
15158,10
15158,10
15159,8
15159,10
15159,10
15159,10
15159,10
15159,8
15159,10
15164,9
15164,10
15164,10
15164,9
15164,10
15165,9
15165,11
15165,10
15165,9
15165,10
15165,10
15165,10
15165,9
15165,9
15166,10
15166,10
15166,11
15166,10
15166,8
15166,10
15166,10
15166,10
15166,9
15166,9
15167,10
15167,10
15167,10
15167,10
15167,9
15167,10
15167,10
15167,10
15167,9
15168,9
15168,9
15168,10
15168,10
15168,9
15168,9
15168,8
15168,10
15168,10
15168,9
15169,9
15169,10
15169,10
15169,10
15169,9
15169,10
15169,9
