Timestamp (ms),<class 'type'>
5169,962
5169,961
5169,959
5169,962
5169,961
5169,962
5169,961
5169,962
5169,961
5169,962
5170,961
5170,962
5170,961
5170,961
5170,961
5170,962
5170,961
5170,962
5170,962
5170,962
5171,961
5171,962
5171,962
5171,962
5171,962
5171,962
5171,962
5171,961
5171,962
5171,962
5172,962
5172,961
5172,962
5172,962
5172,961
5172,961
5172,961
5172,962
5172,961
5172,962
5173,962
5173,964
5173,961
5173,961
5173,962
5173,962
5173,962
5173,961
5173,962
5173,961
5174,961
5174,962
5174,962
5174,964
5174,962
5174,962
5174,962
5174,962
5174,963
5174,961
5175,962
5175,962
5175,962
5175,961
5175,961
5175,961
5175,961
5175,961
5175,962
5175,963
5176,961
5176,962
5176,962
5176,962
5176,962
5176,962
5176,962
5176,961
5176,962
5176,961
5177,961
5177,962
5177,962
5177,962
5177,962
5177,962
5177,962
5177,962
5177,962
5177,961
5178,961
5178,961
5178,963
5178,962
5178,962
5178,961
5178,961
5178,961
5178,962
5178,962
5179,962
5179,962
5179,962
5179,962
5179,961
5179,962
5179,962
5179,962
5179,962
5179,962
5180,961
5180,962
5180,962
5180,962
5180,961
5180,962
5180,962
5180,961
5180,961
5180,961
5181,961
5181,961
5181,962
5181,962
5181,962
5181,961
5181,962
5181,961
5181,962
5181,961
5182,961
5182,962
5182,962
5182,962
5182,961
5182,961
5182,962
5182,962
5182,961
5182,962
5183,962
5183,962
5183,962
5183,962
5183,962
5183,962
5183,962
5183,962
5183,961
5183,961
5184,961
5184,961
5184,961
5184,960
5184,961
5184,961
5184,961
5184,961
5184,961
5184,961
5185,962
5185,962
5185,962
5185,961
5185,961
5185,962
5185,962
5185,962
5185,962
5185,961
5186,962
5186,962
5186,961
5186,962
5186,962
5186,962
5186,961
5186,963
5186,962
5186,962
5187,962
5187,962
5187,962
5187,961
5187,962
5187,962
5187,962
5187,961
5187,961
5187,962
5188,962
5188,962
5188,962
5188,960
5188,962
5188,962
5188,962
5188,962
5188,962
5188,962
5189,961
5189,962
5189,962
5189,962
5189,961
5189,961
5189,964
5189,962
5189,962
5189,962
5190,961
5190,962
5190,962
5190,962
5190,961
5190,962
5190,963
5190,962
5190,962
5190,962
5191,962
5191,962
5191,961
5191,961
5191,961
5191,961
5191,962
5191,961
5191,962
5191,962
5192,962
5192,962
5192,963
5192,961
5192,961
5192,962
5192,962
5192,962
5192,962
5192,961
5193,962
5193,962
5193,962
5193,962
5193,962
5193,962
5193,962
5193,962
5193,962
5193,963
5194,962
5194,962
5194,962
5194,962
5194,962
5194,962
5194,962
5194,963
5194,962
5194,961
5195,962
5195,962
5195,961
5195,962
5195,962
5195,961
5195,961
5195,962
5195,962
5195,962
5196,962
5196,962
5196,962
5196,961
5196,962
5196,962
5196,961
5196,962
5196,962
5196,961
5197,962
5197,962
5197,962
5197,962
5197,962
5197,962
5197,962
5197,962
5197,962
5197,962
5198,962
5198,962
5198,962
5198,962
5198,962
5198,962
5198,961
5198,962
5198,961
5198,962
5199,961
5199,961
5199,962
5199,961
5199,962
5199,962
5199,962
5199,962
5199,963
5199,962
5200,961
5200,961
5200,962
5200,961
5200,962
5200,962
5200,962
5200,962
5200,962
5200,962
5201,962
5201,962
5201,962
5201,962
5201,962
5201,962
5201,962
5201,962
5201,962
5201,962
5202,962
5202,962
5202,962
5202,962
5202,963
5202,962
5202,960
5202,962
5202,961
5202,962
5203,962
5203,962
5203,963
5203,961
5203,961
5203,962
5203,962
5203,962
5203,962
5203,961
5204,962
5204,962
5204,962
5204,963
5204,965
5204,962
5204,962
5204,961
5204,961
5204,962
5205,962
5205,962
5205,963
5205,962
5205,961
5205,961
5205,962
5205,962
5205,962
5205,962
5206,963
5206,962
5206,962
5206,962
5206,962
5206,961
5206,962
5206,962
5206,962
5206,962
5207,962
5207,962
5207,964
5207,962
5207,962
5207,962
5207,961
5207,962
5207,962
5207,962
5208,962
5208,962
5208,962
5208,962
5208,961
5208,963
5208,962
5208,962
5208,962
5208,962
5209,962
5209,962
5209,962
5209,961
5209,961
5209,963
5209,962
5209,962
5209,962
5209,961
5210,962
5210,962
5210,963
5210,962
5210,962
5210,962
5210,962
5210,962
5210,962
5210,962
5211,961
5211,962
5211,962
5211,962
5211,963
5211,962
5211,962
5211,962
5211,961
5211,965
5212,963
5212,962
5212,962
5212,962
5212,962
5212,962
5212,961
5212,961
5212,962
5212,962
5213,962
5213,962
5213,962
5213,962
5213,962
5213,962
5213,962
5213,962
5213,962
5213,962
5214,962
5214,962
5214,962
5214,962
5214,962
5214,962
5214,962
5214,961
5214,962
5214,962
5215,962
5215,962
5215,962
5215,963
5215,962
5215,963
5215,962
5215,962
5215,962
5215,961
5216,962
5216,962
5216,962
5216,961
5216,962
5216,962
5216,962
5216,962
5216,962
5216,962
5217,962
5217,962
5217,962
5217,962
5217,961
5217,962
5217,961
5217,962
5217,962
5217,961
5218,962
5218,963
5218,962
5218,963
5218,960
5218,961
5218,962
5218,962
5218,961
5218,961
5218,963
5218,960
5230,962
5230,961
5230,962
5230,962
5230,962
5230,962
5231,962
5231,962
5231,962
5231,962
5231,963
5231,962
5231,962
5231,961
5231,962
5231,962
5232,962
5232,962
5232,962
5232,962
5232,962
5232,962
5232,962
5232,962
5232,962
5232,961
5233,962
5233,962
5233,961
5233,961
5233,962
5233,961
5233,961
5233,962
5233,962
5233,962
5234,962
5234,961
5234,962
5234,962
5234,962
5234,962
5234,962
5234,962
5234,962
5234,962
5235,962
5235,962
5235,962
5235,962
5235,962
5235,962
5235,962
5235,962
5235,962
5235,961
5236,962
5236,961
5236,961
5236,963
5236,963
5236,961
5236,962
5236,962
5236,962
5236,963
5237,962
5237,962
5237,961
5237,962
5237,962
5237,962
5237,962
5237,962
5237,962
5237,962
5238,962
5238,961
5238,962
5238,962
5238,963
5238,962
5238,961
5238,961
5238,962
5238,962
5239,961
5239,962
5239,962
5239,962
5239,962
5239,962
5239,962
5239,962
5239,962
5239,962
5240,962
5240,962
5240,962
5240,962
5240,962
5240,961
5240,962
5240,961
5240,961
5240,961
5241,963
5241,961
5241,961
5241,960
5241,962
5241,961
5241,962
5241,961
5241,962
5241,962
5242,961
5242,962
5242,962
5242,962
5242,962
5242,961
5242,961
5242,961
5242,962
5242,961
5243,963
5243,962
5243,962
5243,962
5243,962
5243,962
5243,961
5243,961
5243,962
5243,962
5244,962
5244,962
5244,962
5244,962
5244,962
5244,962
5244,962
5244,962
5244,962
5244,962
5245,962
5245,961
5245,962
5245,962
5245,960
5245,962
5245,962
5245,962
5245,962
5245,961
5246,962
5246,961
5246,961
5246,961
5246,962
5246,962
5246,960
5246,961
5246,962
5246,962
5247,962
5247,962
5247,962
5247,962
5247,962
5247,961
5247,961
5247,962
5247,962
5247,961
5248,961
5248,962
5248,962
5248,962
5248,962
5248,961
5248,961
5248,962
5248,961
5248,962
5249,962
5249,962
5249,962
5249,962
5249,962
5249,962
5249,962
5249,962
5249,962
5249,962
5250,962
5250,962
5250,962
5250,962
5250,961
5250,961
5250,962
5250,961
5250,962
5250,962
5251,962
5251,962
5251,961
5251,961
5251,961
5251,962
5251,960
5251,962
5251,962
5251,962
5252,962
5252,961
5252,962
5252,962
5252,962
5252,962
5252,963
5252,962
5252,961
5252,962
5253,962
5253,962
5253,962
5253,962
5253,962
5253,962
5253,963
5253,962
5253,962
5253,962
5254,963
5254,962
5254,961
5254,962
5254,962
5254,962
5254,961
5254,962
5254,962
5254,962
5255,961
5255,962
5255,962
5255,961
5255,961
5255,962
5255,962
5255,962
5255,961
5255,962
5256,962
5256,962
5256,962
5256,962
5256,963
5256,962
5256,962
5256,961
5256,962
5256,962
5257,962
5257,961
5257,962
5257,962
5257,962
5257,962
5257,962
5257,962
5257,962
5257,961
5258,961
5258,962
5258,962
5258,963
5258,962
5258,962
5258,962
5258,962
5258,962
5258,962
5259,962
5259,962
5259,961
5259,961
5259,962
5259,961
5259,962
5259,962
5259,963
5259,962
5260,961
5260,962
5260,962
5260,961
5260,961
5260,962
5260,962
5260,961
5260,961
5260,962
5261,962
5261,961
5261,962
5261,963
5261,962
5261,962
5261,962
5261,962
5261,962
5261,962
5262,962
5262,961
5262,963
5262,962
5262,961
5262,961
5262,962
5262,962
5262,961
5262,962
5263,963
5263,962
5263,964
5263,962
5263,962
5263,962
5263,963
5263,962
5263,963
5263,962
5264,963
5264,962
5264,965
5264,962
5264,962
5264,962
5264,963
5264,963
5264,962
5264,962
5265,962
5265,961
5265,962
5265,963
5265,962
5265,962
5265,962
5265,962
5265,962
5265,961
5266,962
5266,962
5266,962
5266,962
5266,963
5266,962
5266,962
5266,962
5266,962
5266,963
5267,962
5267,962
5267,961
5267,963
5267,962
5267,961
5267,962
5267,962
5267,962
5267,962
5268,962
5268,962
5268,962
5268,962
5268,962
5268,962
5268,962
5268,961
5268,962
5268,962
5268,962
5268,962
5268,962
5268,962
5268,961
5268,962
5273,962
5273,965
5273,963
5273,963
5273,963
5274,962
5274,962
5274,962
5274,962
5274,962
5274,962
5274,962
5274,962
5274,962
5274,962
5275,962
5275,962
5275,962
5275,961
5275,962
5275,962
5275,962
5275,962
5275,961
5275,962
5276,962
5276,962
5276,962
5276,962
5276,962
5276,961
5276,962
5276,962
5276,962
5276,961
5277,961
5277,962
5277,961
5277,962
5277,962
5277,961
5277,962
5277,962
5277,961
5277,962
5278,962
5278,962
5278,962
5278,962
5278,962
5278,962
5278,962
5278,961
5278,962
5278,962
5279,962
5279,963
5279,962
5279,962
5279,962
5279,962
5279,962
5279,961
5279,962
5279,961
5280,962
5280,962
5280,962
5280,962
5280,961
5280,962
5280,962
5280,962
5280,962
5280,962
5281,962
5281,963
5281,962
5281,961
5281,962
5281,962
5281,962
5281,962
5281,962
5281,962
5282,962
5282,961
5282,963
5282,962
5282,962
5282,962
5282,962
5282,962
5282,962
5282,961
5283,962
5283,961
5283,961
5283,962
5283,962
5283,962
5283,962
5283,962
5283,963
5283,962
5284,962
5284,962
5284,962
5284,962
5284,962
5284,961
5284,961
5284,962
5284,962
5284,962
5285,961
5285,961
5285,962
5285,962
5285,962
5285,962
5285,963
5285,962
5285,962
5285,962
5286,962
5286,962
5286,962
5286,962
5286,962
5286,962
5286,962
5286,962
5286,962
5286,963
5287,963
5287,962
5287,962
5287,963
5287,962
5287,963
5287,961
5287,963
5287,962
5287,962
5288,961
5288,962
5288,961
5288,962
5288,962
5288,963
5288,962
5288,962
5288,961
5288,961
5289,962
5289,963
5289,961
5289,962
5289,962
5289,962
5289,962
5289,962
5289,962
5289,962
5290,962
5290,962
5290,961
5290,962
5290,962
5290,962
5290,962
5290,963
5290,962
5290,962
5291,961
5291,962
5291,962
5291,962
5291,961
5291,962
5291,962
5291,963
5291,963
5291,962
5292,962
5292,961
5292,962
5292,962
5292,962
5292,961
5292,961
5292,962
5292,962
5292,962
5293,961
5293,962
5293,962
5293,962
5293,962
5293,963
5293,962
5293,962
5293,962
5293,962
5294,962
5294,962
5294,962
5294,962
5294,962
5294,962
5294,961
5294,963
5294,961
5294,962
5295,962
5295,961
5295,962
5295,962
5295,962
5295,962
5295,962
5295,962
5295,962
5295,961
5296,962
5296,962
5296,963
5296,962
5296,962
5296,962
5296,962
5296,961
5296,961
5296,962
5297,962
5297,962
5297,961
5297,961
5297,961
5297,962
5297,963
5297,962
5297,962
5297,962
5298,962
5298,961
5298,961
5298,962
5298,961
5298,961
5298,962
5298,962
5298,962
5298,963
5299,961
5299,961
5299,962
5299,962
5299,961
5299,962
5299,962
5299,962
5299,962
5299,962
5300,961
5300,962
5300,961
5300,962
5300,962
5300,961
5300,962
5300,961
5300,961
5300,962
5301,962
5301,961
5301,961
5301,962
5301,961
5301,965
5301,962
5301,961
5301,961
5301,961
5302,962
5302,962
5302,962
5302,962
5302,962
5302,962
5302,963
5302,963
5302,961
5302,962
5303,961
5303,962
5303,962
5303,962
5303,963
5303,962
5303,961
5303,961
5303,961
5303,962
5304,962
5304,962
5304,962
5304,962
5304,962
5304,962
5304,961
5304,962
5304,962
5304,962
5305,962
5305,962
5305,962
5305,961
5305,961
5305,962
5305,962
5305,962
5305,962
5305,962
5306,962
5306,962
5306,962
5306,962
5306,962
5306,962
5306,962
5306,960
5306,962
5306,962
5307,962
5307,961
5307,962
5307,962
5307,962
5307,962
5307,962
5307,962
5307,962
5307,962
5308,962
5308,962
5308,962
5308,962
5308,962
5308,963
5308,962
5308,962
5308,961
5308,962
5309,962
5309,961
5309,963
5309,962
5309,962
5309,962
5309,961
5309,961
5309,961
5309,962
5310,962
5310,962
5310,962
5310,962
5310,962
5310,961
5310,962
5310,962
5310,962
5310,963
5311,962
5311,962
5311,962
5311,962
5311,961
5311,961
5311,962
5311,962
5311,962
5311,962
5312,962
5312,961
5312,962
5312,962
5312,963
5312,962
5312,962
5312,962
5312,961
5312,962
5313,960
5313,962
5313,962
5313,962
5313,962
5313,962
5313,962
5313,963
5313,963
5313,961
5314,962
5314,963
5314,962
5314,961
5314,961
5314,962
5314,962
5314,963
5314,962
5314,963
5315,962
5315,962
5315,962
5315,962
5315,962
5315,962
5315,962
5315,965
5315,962
5315,962
5316,963
5316,962
5316,962
5316,962
5316,961
5316,962
5316,962
5316,962
5316,962
5316,962
5317,962
5317,961
5317,962
5317,962
5317,962
5317,962
5317,962
5317,962
5317,962
5317,962
5318,961
5318,962
5318,962
5318,961
5318,961
5318,962
5318,962
5318,962
5318,961
5318,962
5318,961
5318,961
5323,962
5323,961
5323,961
5324,961
5324,962
5324,962
5324,962
5324,962
5324,962
5324,962
5324,962
5324,962
5324,962
5325,961
5325,963
5325,962
5325,962
5325,962
5325,962
5325,962
5325,962
5325,962
5325,962
5326,961
5326,962
5326,961
5326,962
5326,962
5326,962
5326,962
5326,962
5326,961
5326,961
5327,961
5327,961
5327,962
5327,962
5327,962
5327,962
5327,961
5327,962
5327,961
5327,962
5328,962
5328,962
5328,963
5328,961
5328,962
5328,962
5328,962
5328,961
5328,961
5328,961
5329,962
5329,961
5329,962
5329,962
5329,962
5329,962
5329,961
5329,961
5329,961
5329,962
5330,961
5330,962
5330,962
5330,962
5330,961
5330,962
5330,962
5330,961
5330,962
5330,962
5331,962
5331,962
5331,962
5331,961
5331,962
5331,962
5331,962
5331,961
5331,963
5331,962
5332,962
5332,962
5332,962
5332,962
5332,962
5332,962
5332,962
5332,962
5332,961
5332,961
5333,962
5333,962
5333,962
5333,962
5333,962
5333,962
5333,962
5333,961
5333,961
5333,961
5334,962
5334,962
5334,962
5334,962
5334,961
5334,961
5334,962
5334,962
5334,962
5334,962
5335,961
5335,962
5335,962
5335,962
5335,962
5335,960
5335,961
5335,963
5335,961
5335,961
5336,961
5336,961
5336,961
5336,962
5336,962
5336,961
5336,962
5336,961
5336,961
5336,961
5337,962
5337,961
5337,961
5337,962
5337,962
5337,962
5337,962
5337,961
5337,961
5337,961
5338,961
5338,962
5338,961
5338,962
5338,961
5338,963
5338,961
5338,961
5338,961
5338,961
5339,963
5339,961
5339,961
5339,962
5339,960
5339,961
5339,962
5339,961
5339,962
5339,962
5340,962
5340,961
5340,961
5340,961
5340,962
5340,959
5340,962
5340,961
5340,961
5340,962
5341,961
5341,961
5341,961
5341,962
5341,961
5341,962
5341,962
5341,961
5341,962
5341,961
5342,962
5342,961
5342,962
5342,961
5342,960
5342,961
5342,962
5342,962
5342,962
5342,961
5343,961
5343,961
5343,961
5343,962
5343,962
5343,962
5343,961
5343,962
5343,962
5343,962
5344,962
5344,962
5344,962
5344,962
5344,962
5344,962
5344,961
5344,962
5344,961
5344,961
5345,961
5345,961
5345,961
5345,962
5345,962
5345,962
5345,961
5345,962
5345,962
5345,961
5346,962
5346,961
5346,961
5346,961
5346,961
5346,961
5346,962
5346,962
5346,961
5346,961
5347,961
5347,962
5347,962
5347,961
5347,963
5347,962
5347,961
5347,960
5347,962
5347,962
5348,961
5348,961
5348,961
5348,961
5348,961
5348,961
5348,961
5348,961
5348,962
5348,959
5349,961
5349,961
5349,962
5349,961
5349,961
5349,961
5349,962
5349,961
5349,962
5349,962
5350,962
5350,962
5350,962
5350,961
5350,961
5350,962
5350,961
5350,961
5350,961
5350,962
5351,961
5351,961
5351,961
5351,961
5351,961
5351,961
5351,961
5351,962
5351,963
5351,963
5352,961
5352,961
5352,962
5352,962
5352,962
5352,962
5352,962
5352,961
5352,961
5352,961
5353,962
5353,962
5353,962
5353,961
5353,961
5353,962
5353,962
5353,961
5353,961
5353,961
5354,961
5354,961
5354,960
5354,962
5354,961
5354,961
5354,961
5354,961
5354,962
5354,961
5355,962
5355,961
5355,962
5355,961
5355,961
5355,961
5355,962
5355,962
5355,961
5355,961
5356,962
5356,961
5356,962
5356,962
5356,961
5356,962
5356,962
5356,961
5356,961
5356,961
5357,962
5357,961
5357,961
5357,962
5357,962
5357,962
5357,962
5357,961
5357,961
5357,961
5358,961
5358,961
5358,962
5358,962
5358,961
5358,962
5358,961
5358,962
5358,961
5358,962
5359,961
5359,961
5359,962
5359,961
5359,961
5359,961
5359,962
5359,962
5359,960
5359,962
5360,962
5360,961
5360,961
5360,962
5360,962
5360,961
5360,961
5360,961
5360,961
5360,963
5361,962
5361,961
5361,961
5361,961
5361,961
5361,962
5361,962
5361,962
5361,961
5361,961
5362,962
5362,961
5362,961
5362,962
5362,962
5362,961
5362,961
5362,962
5362,962
5362,962
5363,961
5363,961
5363,962
5363,962
5363,962
5363,962
5363,961
5363,961
5363,961
5363,961
5364,961
5364,961
5364,961
5364,961
5364,961
5364,961
5364,962
5364,961
5364,961
5364,962
5365,962
5365,961
5365,961
5365,961
5365,961
5365,961
5365,961
5365,961
5365,962
5365,961
5366,962
5366,961
5366,962
5366,962
5366,962
5366,961
5366,961
5366,961
5366,961
5366,962
5367,961
5367,962
5367,962
5367,961
5367,962
5367,961
5367,961
5367,961
5367,961
5367,961
5368,962
5368,962
5368,961
5368,961
5368,963
5368,961
5368,962
5368,961
5368,962
5368,962
5368,961
5368,963
5368,961
5368,962
5373,962
5374,962
5374,962
5374,962
5374,961
5374,961
5374,961
5374,961
5374,961
5374,962
5374,961
5375,959
5375,961
5375,961
5375,961
5375,962
5375,962
5375,962
5375,961
5375,962
5375,963
5376,962
5376,962
5376,963
5376,962
5376,961
5376,962
5376,962
5376,962
5376,962
5376,963
5377,961
5377,962
5377,961
5377,962
5377,961
5377,961
5377,963
5377,962
5377,962
5377,961
5378,961
5378,961
5378,962
5378,962
5378,963
5378,962
5378,962
5378,962
5378,962
5378,962
5379,962
5379,960
5379,961
5379,962
5379,961
5379,962
5379,963
5379,962
5379,961
5379,962
5380,963
5380,961
5380,962
5380,962
5380,961
5380,961
5380,961
5380,962
5380,962
5380,961
5381,962
5381,962
5381,962
5381,962
5381,962
5381,962
5381,961
5381,961
5381,961
5381,962
5382,961
5382,962
5382,964
5382,961
5382,961
5382,959
5382,962
5382,962
5382,962
5382,961
5383,961
5383,962
5383,961
5383,962
5383,962
5383,962
5383,962
5383,962
5383,964
5383,962
5384,962
5384,961
5384,962
5384,961
5384,962
5384,962
5384,961
5384,964
5384,961
5384,961
5385,962
5385,961
5385,960
5385,961
5385,961
5385,961
5385,961
5385,962
5385,962
5385,962
5386,962
5386,962
5386,962
5386,959
5386,962
5386,962
5386,962
5386,962
5386,962
5386,961
5387,962
5387,962
5387,962
5387,962
5387,962
5387,962
5387,962
5387,962
5387,961
5387,962
5388,961
5388,962
5388,962
5388,962
5388,962
5388,961
5388,962
5388,962
5388,961
5388,961
5389,962
5389,962
5389,962
5389,962
5389,962
5389,962
5389,962
5389,962
5389,962
5389,962
5390,962
5390,962
5390,961
5390,962
5390,963
5390,962
5390,962
5390,962
5390,961
5390,962
5391,962
5391,962
5391,961
5391,961
5391,962
5391,962
5391,962
5391,962
5391,962
5391,962
5392,962
5392,961
5392,961
5392,962
5392,962
5392,962
5392,962
5392,962
5392,962
5392,961
5393,960
5393,962
5393,962
5393,962
5393,962
5393,962
5393,962
5393,962
5393,961
5393,960
5394,962
5394,962
5394,962
5394,962
5394,963
5394,963
5394,962
5394,961
5394,961
5394,961
5395,962
5395,962
5395,962
5395,962
5395,962
5395,962
5395,962
5395,962
5395,963
5395,962
5396,961
5396,962
5396,963
5396,962
5396,962
5396,962
5396,962
5396,962
5396,962
5396,961
5397,962
5397,962
5397,962
5397,959
5397,961
5397,962
5397,962
5397,961
5397,962
5397,962
5398,961
5398,962
5398,962
5398,962
5398,962
5398,962
5398,961
5398,962
5398,962
5398,962
5399,961
5399,962
5399,963
5399,962
5399,962
5399,962
5399,962
5399,962
5399,962
5399,962
5400,962
5400,962
5400,962
5400,962
5400,962
5400,962
5400,963
5400,962
5400,962
5400,962
5401,962
5401,962
5401,963
5401,963
5401,962
5401,962
5401,961
5401,962
5401,961
5401,962
5402,961
5402,962
5402,962
5402,962
5402,962
5402,962
5402,962
5402,962
5402,962
5402,962
5403,962
5403,962
5403,962
5403,962
5403,962
5403,962
5403,962
5403,962
5403,962
5403,962
5404,961
5404,962
5404,962
5404,962
5404,961
5404,962
5404,962
5404,962
5404,962
5404,961
5405,962
5405,962
5405,963
5405,962
5405,962
5405,961
5405,962
5405,961
5405,961
5405,963
5406,962
5406,962
5406,962
5406,961
5406,962
5406,961
5406,962
5406,963
5406,962
5406,961
5407,962
5407,962
5407,961
5407,962
5407,961
5407,962
5407,962
5407,962
5407,962
5407,962
5408,962
5408,962
5408,962
5408,962
5408,962
5408,962
5408,962
5408,962
5408,961
5408,962
5409,961
5409,962
5409,963
5409,963
5409,962
5409,962
5409,961
5409,961
5409,962
5409,962
5410,961
5410,962
5410,962
5410,961
5410,962
5410,961
5410,962
5410,962
5410,961
5410,962
5411,962
5411,962
5411,962
5411,961
5411,961
5411,961
5411,961
5411,961
5411,961
5411,961
5412,961
5412,962
5412,962
5412,961
5412,961
5412,961
5412,962
5412,962
5412,960
5412,962
5413,962
5413,961
5413,962
5413,962
5413,962
5413,961
5413,963
5413,962
5413,962
5413,962
5414,962
5414,962
5414,961
5414,962
5414,964
5414,961
5414,962
5414,962
5414,962
5414,962
5415,962
5415,962
5415,962
5415,961
5415,962
5415,962
5415,961
5415,962
5415,960
5415,961
5416,962
5416,963
5416,962
5416,962
5416,961
5416,961
5416,961
5416,962
5416,962
5416,962
5417,961
5417,962
5417,962
5417,962
5417,962
5417,961
5417,962
5417,962
5417,962
5417,961
5418,962
5418,961
5418,962
5418,962
5418,962
5418,962
5418,962
5418,964
5418,962
5418,962
5418,962
5418,962
5418,962
5418,962
5418,964
5418,962
5418,962
5424,962
5424,964
5424,962
5424,962
5424,962
5424,962
5424,962
5424,962
5424,962
5424,962
5425,962
5425,962
5425,962
5425,962
5425,962
5425,962
5425,962
5425,960
5425,962
5425,962
5426,962
5426,962
5426,962
5426,962
5426,962
5426,962
5426,962
5426,962
5426,962
5426,961
5427,961
5427,962
5427,961
5427,962
5427,962
5427,962
5427,961
5427,961
5427,961
5427,962
5428,962
5428,962
5428,962
5428,961
5428,962
5428,961
5428,961
5428,961
5428,962
5428,961
5429,961
5429,962
5429,961
5429,962
5429,962
5429,962
5429,962
5429,961
5429,961
5429,960
5430,961
5430,962
5430,962
5430,962
5430,961
5430,961
5430,961
5430,961
5430,961
5430,962
5431,962
5431,962
5431,961
5431,961
5431,962
5431,961
5431,962
5431,961
5431,962
5431,962
5432,962
5432,962
5432,961
5432,961
5432,962
5432,962
5432,961
5432,962
5432,961
5432,961
5433,960
5433,961
5433,962
5433,962
5433,961
5433,962
5433,961
5433,961
5433,961
5433,961
5434,961
5434,962
5434,962
5434,961
5434,962
5434,961
5434,962
5434,961
5434,961
5434,962
5435,962
5435,961
5435,962
5435,962
5435,962
5435,962
5435,964
5435,962
5435,961
5435,962
5436,961
5436,961
5436,962
5436,962
5436,962
5436,962
5436,962
5436,963
5436,961
5436,961
5437,962
5437,962
5437,961
5437,962
5437,962
5437,962
5437,962
5437,961
5437,962
5437,962
5438,962
5438,962
5438,962
5438,962
5438,962
5438,961
5438,962
5438,962
5438,962
5438,961
5439,962
5439,962
5439,962
5439,962
5439,961
5439,962
5439,962
5439,962
5439,962
5439,962
5440,962
5440,962
5440,962
5440,962
5440,961
5440,962
5440,961
5440,961
5440,962
5440,962
5441,961
5441,961
5441,962
5441,962
5441,961
5441,961
5441,962
5441,961
5441,962
5441,964
5442,962
5442,962
5442,963
5442,962
5442,962
5442,962
5442,962
5442,962
5442,963
5442,961
5443,962
5443,962
5443,961
5443,962
5443,961
5443,961
5443,962
5443,962
5443,962
5443,961
5444,960
5444,962
5444,962
5444,959
5444,962
5444,962
5444,962
5444,962
5444,962
5444,962
5445,962
5445,962
5445,961
5445,962
5445,962
5445,962
5445,962
5445,962
5445,962
5445,962
5446,961
5446,962
5446,961
5446,962
5446,962
5446,961
5446,962
5446,962
5446,962
5446,962
5447,962
5447,961
5447,962
5447,962
5447,961
5447,961
5447,962
5447,962
5447,961
5447,962
5448,961
5448,962
5448,961
5448,962
5448,963
5448,962
5448,962
5448,961
5448,962
5448,962
5449,962
5449,960
5449,962
5449,962
5449,962
5449,961
5449,962
5449,962
5449,962
5449,961
5450,961
5450,962
5450,962
5450,961
5450,962
5450,963
5450,962
5450,962
5450,961
5450,962
5451,961
5451,961
5451,962
5451,963
5451,961
5451,961
5451,963
5451,962
5451,962
5451,962
5452,961
5452,961
5452,962
5452,962
5452,961
5452,960
5452,961
5452,962
5452,962
5452,961
5453,961
5453,962
5453,962
5453,962
5453,962
5453,962
5453,962
5453,961
5453,963
5453,962
5454,962
5454,961
5454,961
5454,961
5454,961
5454,962
5454,963
5454,962
5454,962
5454,962
5455,962
5455,962
5455,962
5455,961
5455,961
5455,963
5455,962
5455,962
5455,961
5455,961
5456,961
5456,962
5456,962
5456,961
5456,962
5456,962
5456,962
5456,961
5456,962
5456,962
5457,962
5457,961
5457,962
5457,962
5457,962
5457,961
5457,962
5457,961
5457,962
5457,961
5458,961
5458,962
5458,962
5458,962
5458,961
5458,962
5458,962
5458,961
5458,961
5458,962
5459,961
5459,962
5459,962
5459,961
5459,962
5459,962
5459,961
5459,961
5459,961
5459,961
5460,962
5460,961
5460,962
5460,962
5460,962
5460,961
5460,962
5460,961
5460,962
5460,962
5461,962
5461,962
5461,961
5461,963
5461,961
5461,962
5461,961
5461,962
5461,961
5461,962
5462,962
5462,961
5462,960
5462,962
5462,962
5462,962
5462,961
5462,961
5462,961
5462,961
5463,961
5463,962
5463,962
5463,962
5463,961
5463,962
5463,962
5463,962
5463,962
5463,962
5464,962
5464,962
5464,961
5464,962
5464,962
5464,962
5464,961
5464,961
5464,962
5464,962
5465,962
5465,962
5465,962
5465,962
5465,962
5465,962
5465,961
5465,961
5465,961
5465,962
5466,962
5466,963
5466,962
5466,960
5466,961
5466,962
5466,962
5466,961
5466,962
5466,962
5467,962
5467,962
5467,962
5467,962
5467,962
5467,962
5467,962
5467,962
5467,962
5467,962
5468,962
5468,962
5468,962
5468,962
5468,961
5468,962
5468,962
5468,961
5468,961
5468,962
5473,962
5473,961
5473,961
5473,961
5473,961
5473,961
5473,962
5473,962
5474,962
5474,963
5474,961
5474,962
5474,961
5474,962
5474,961
5474,961
5474,962
5474,962
5475,962
5475,961
5475,961
5475,961
5475,962
5475,961
5475,962
5475,962
5475,962
5475,961
5476,962
5476,962
5476,962
5476,962
5476,963
5476,962
5476,962
5476,962
5476,962
5476,962
5477,962
5477,960
5477,961
5477,962
5477,961
5477,962
5477,962
5477,961
5477,962
5477,962
5478,962
5478,961
5478,962
5478,962
5478,963
5478,962
5478,962
5478,962
5478,963
5478,962
5479,962
5479,962
5479,961
5479,962
5479,961
5479,961
5479,962
5479,961
5479,962
5479,962
5480,962
5480,962
5480,961
5480,962
5480,961
5480,962
5480,962
5480,962
5480,963
5480,961
5481,961
5481,961
5481,961
5481,961
5481,961
5481,961
5481,961
5481,961
5481,962
5481,962
5482,962
5482,961
5482,962
5482,962
5482,961
5482,961
5482,962
5482,961
5482,961
5482,962
5483,962
5483,962
5483,962
5483,962
5483,962
5483,961
5483,961
5483,962
5483,961
5483,962
5484,962
5484,962
5484,962
5484,962
5484,962
5484,962
5484,962
5484,962
5484,962
5484,961
5485,962
5485,962
5485,962
5485,962
5485,961
5485,961
5485,962
5485,962
5485,961
5485,961
5486,962
5486,961
5486,961
5486,962
5486,962
5486,961
5486,962
5486,962
5486,961
5486,961
5487,963
5487,962
5487,962
5487,961
5487,961
5487,962
5487,963
5487,963
5487,961
5487,962
5488,962
5488,962
5488,962
5488,960
5488,962
5488,962
5488,961
5488,962
5488,963
5488,961
5489,963
5489,962
5489,962
5489,961
5489,961
5489,961
5489,962
5489,961
5489,962
5489,961
5490,961
5490,962
5490,961
5490,962
5490,961
5490,962
5490,962
5490,961
5490,963
5490,961
5491,961
5491,962
5491,962
5491,961
5491,962
5491,962
5491,961
5491,961
5491,962
5491,962
5492,962
5492,962
5492,962
5492,962
5492,962
5492,963
5492,962
5492,962
5492,961
5492,961
5493,962
5493,962
5493,961
5493,962
5493,962
5493,962
5493,962
5493,962
5493,961
5493,962
5494,962
5494,962
5494,960
5494,962
5494,962
5494,961
5494,962
5494,962
5494,962
5494,961
5495,962
5495,963
5495,962
5495,961
5495,961
5495,961
5495,962
5495,962
5495,962
5495,962
5496,962
5496,962
5496,962
5496,962
5496,962
5496,962
5496,961
5496,962
5496,962
5496,962
5497,961
5497,960
5497,961
5497,962
5497,962
5497,962
5497,962
5497,962
5497,962
5497,962
5498,962
5498,963
5498,962
5498,962
5498,960
5498,962
5498,962
5498,961
5498,961
5498,962
5499,962
5499,962
5499,962
5499,962
5499,962
5499,961
5499,962
5499,962
5499,962
5499,961
5500,962
5500,962
5500,962
5500,962
5500,962
5500,962
5500,961
5500,963
5500,962
5500,962
5501,962
5501,962
5501,963
5501,962
5501,962
5501,961
5501,962
5501,961
5501,962
5501,961
5502,962
5502,962
5502,962
5502,962
5502,962
5502,962
5502,962
5502,962
5502,961
5502,962
5503,962
5503,962
5503,964
5503,962
5503,962
5503,962
5503,962
5503,962
5503,961
5503,962
5504,962
5504,962
5504,962
5504,962
5504,962
5504,961
5504,963
5504,962
5504,962
5504,962
5505,962
5505,962
5505,962
5505,961
5505,961
5505,962
5505,962
5505,962
5505,960
5505,962
5506,962
5506,962
5506,962
5506,959
5506,962
5506,962
5506,962
5506,962
5506,963
5506,962
5507,962
5507,962
5507,962
5507,962
5507,962
5507,962
5507,962
5507,962
5507,962
5507,962
5508,962
5508,962
5508,962
5508,962
5508,962
5508,962
5508,962
5508,962
5508,962
5508,962
5509,962
5509,962
5509,962
5509,962
5509,962
5509,962
5509,962
5509,962
5509,962
5509,962
5510,962
5510,963
5510,962
5510,963
5510,962
5510,962
5510,962
5510,962
5510,962
5510,962
5511,962
5511,962
5511,962
5511,961
5511,962
5511,962
5511,962
5511,962
5511,963
5511,962
5512,962
5512,962
5512,962
5512,962
5512,962
5512,962
5512,962
5512,962
5512,962
5512,962
5513,961
5513,962
5513,962
5513,961
5513,961
5513,961
5513,962
5513,962
5513,961
5513,962
5514,961
5514,962
5514,962
5514,962
5514,963
5514,961
5514,962
5514,962
5514,961
5514,961
5515,961
5515,961
5515,962
5515,962
5515,962
5515,961
5515,962
5515,962
5515,962
5515,963
5516,964
5516,961
5516,962
5516,962
5516,961
5516,962
5516,962
5516,962
5516,961
5516,962
5517,962
5517,961
5517,961
5517,961
5517,962
5517,961
5517,962
5517,962
5517,962
5517,961
5518,962
5518,962
5518,962
5518,961
5518,961
5518,962
5518,962
5518,962
5518,962
5518,961
5518,961
5518,961
5518,962
5518,962
5518,962
5518,962
5518,961
5523,962
5523,962
5523,962
5524,962
5524,961
5524,962
5524,961
5524,962
5524,962
5524,961
5524,961
5524,961
5524,961
5525,962
5525,961
5525,962
5525,961
5525,962
5525,962
5525,961
5525,961
5525,964
5525,961
5526,961
5526,962
5526,962
5526,962
5526,961
5526,962
5526,962
5526,961
5526,962
5526,962
5527,961
5527,961
5527,961
5527,962
5527,962
5527,961
5527,961
5527,962
5527,963
5527,961
5528,962
5528,962
5528,962
5528,962
5528,962
5528,961
5528,962
5528,961
5528,961
5528,962
5529,962
5529,962
5529,961
5529,962
5529,962
5529,962
5529,961
5529,962
5529,962
5529,962
5530,962
5530,962
5530,962
5530,962
5530,963
5530,961
5530,961
5530,962
5530,962
5530,962
5531,962
5531,962
5531,962
5531,961
5531,961
5531,962
5531,962
5531,962
5531,962
5531,962
5532,961
5532,961
5532,961
5532,961
5532,961
5532,962
5532,962
5532,962
5532,960
5532,962
5533,962
5533,962
5533,962
5533,961
5533,962
5533,961
5533,962
5533,961
5533,961
5533,961
5534,961
5534,962
5534,962
5534,962
5534,961
5534,962
5534,961
5534,962
5534,961
5534,962
5535,961
5535,961
5535,961
5535,962
5535,962
5535,962
5535,962
5535,962
5535,961
5535,961
5536,962
5536,961
5536,962
5536,961
5536,962
5536,962
5536,962
5536,961
5536,961
5536,962
5537,961
5537,961
5537,961
5537,962
5537,961
5537,960
5537,962
5537,962
5537,961
5537,962
5538,961
5538,962
5538,962
5538,962
5538,961
5538,962
5538,962
5538,962
5538,961
5538,959
5539,962
5539,961
5539,961
5539,961
5539,962
5539,961
5539,961
5539,962
5539,961
5539,962
5540,963
5540,961
5540,961
5540,962
5540,963
5540,962
5540,962
5540,963
5540,962
5540,962
5541,962
5541,962
5541,961
5541,962
5541,960
5541,962
5541,962
5541,962
5541,962
5541,961
5542,962
5542,962
5542,962
5542,961
5542,962
5542,963
5542,962
5542,962
5542,962
5542,962
5543,962
5543,962
5543,962
5543,962
5543,961
5543,961
5543,961
5543,962
5543,963
5543,962
5544,961
5544,962
5544,962
5544,962
5544,962
5544,962
5544,962
5544,962
5544,962
5544,962
5545,962
5545,962
5545,961
5545,962
5545,962
5545,962
5545,962
5545,962
5545,962
5545,962
5546,961
5546,961
5546,962
5546,961
5546,962
5546,962
5546,962
5546,962
5546,962
5546,962
5547,962
5547,962
5547,962
5547,962
5547,962
5547,963
5547,962
5547,962
5547,961
5547,962
5548,961
5548,962
5548,962
5548,962
5548,962
5548,962
5548,962
5548,962
5548,962
5548,962
5549,961
5549,961
5549,962
5549,962
5549,962
5549,962
5549,962
5549,961
5549,962
5549,961
5550,962
5550,962
5550,962
5550,962
5550,963
5550,962
5550,962
5550,962
5550,961
5550,962
5551,962
5551,962
5551,962
5551,962
5551,962
5551,962
5551,962
5551,962
5551,962
5551,961
5552,962
5552,962
5552,962
5552,962
5552,962
5552,962
5552,962
5552,962
5552,959
5552,961
5553,961
5553,962
5553,962
5553,961
5553,962
5553,962
5553,961
5553,961
5553,962
5553,961
5554,962
5554,961
5554,962
5554,962
5554,962
5554,962
5554,962
5554,961
5554,962
5554,962
5555,962
5555,962
5555,962
5555,962
5555,962
5555,962
5555,962
5555,962
5555,962
5555,962
5556,962
5556,962
5556,962
5556,961
5556,962
5556,962
5556,962
5556,962
5556,962
5556,962
5557,962
5557,962
5557,962
5557,962
5557,962
5557,962
5557,961
5557,962
5557,962
5557,962
5558,961
5558,962
5558,962
5558,961
5558,962
5558,961
5558,961
5558,962
5558,962
5558,961
5559,962
5559,961
5559,962
5559,960
5559,961
5559,961
5559,961
5559,961
5559,962
5559,962
5560,961
5560,961
5560,961
5560,961
5560,961
5560,961
5560,962
5560,962
5560,961
5560,959
5561,961
5561,962
5561,962
5561,961
5561,962
5561,962
5561,962
5561,962
5561,960
5561,961
5562,962
5562,962
5562,962
5562,962
5562,962
5562,962
5562,964
5562,962
5562,962
5562,962
5563,962
5563,961
5563,962
5563,962
5563,962
5563,962
5563,962
5563,962
5563,961
5563,962
5564,962
5564,962
5564,962
5564,962
5564,962
5564,962
5564,962
5564,962
5564,961
5564,961
5565,962
5565,961
5565,961
5565,962
5565,962
5565,961
5565,961
5565,962
5565,962
5565,962
5566,962
5566,962
5566,962
5566,961
5566,961
5566,962
5566,962
5566,962
5566,961
5566,961
5567,960
5567,962
5567,962
5567,962
5567,962
5567,962
5567,962
5567,961
5567,961
5567,961
5568,962
5568,959
5568,962
5568,962
5568,962
5568,962
5568,962
5568,961
5568,962
5568,962
5568,962
5568,962
5568,962
5568,962
5573,962
5573,962
5573,962
5574,962
5574,962
5574,961
5574,961
5574,961
5574,961
5574,962
5574,961
5574,962
5574,959
5575,962
5575,961
5575,961
5575,961
5575,962
5575,962
5575,962
5575,961
5575,961
5575,962
5576,961
5576,961
5576,961
5576,962
5576,962
5576,962
5576,961
5576,962
5576,962
5576,960
5577,962
5577,962
5577,962
5577,961
5577,962
5577,961
5577,962
5577,961
5577,961
5577,961
5578,962
5578,962
5578,962
5578,961
5578,961
5578,961
5578,961
5578,961
5578,962
5578,962
5579,961
5579,962
5579,961
5579,962
5579,961
5579,961
5579,962
5579,962
5579,963
5579,962
5580,962
5580,962
5580,962
5580,961
5580,962
5580,962
5580,961
5580,959
5580,962
5580,962
5581,961
5581,961
5581,962
5581,961
5581,961
5581,963
5581,962
5581,962
5581,962
5581,961
5582,959
5582,962
5582,962
5582,961
5582,962
5582,962
5582,962
5582,961
5582,962
5582,962
5583,962
5583,962
5583,962
5583,963
5583,962
5583,962
5583,961
5583,961
5583,961
5583,962
5584,962
5584,962
5584,962
5584,962
5584,961
5584,961
5584,962
5584,961
5584,961
5584,963
5585,962
5585,962
5585,962
5585,962
5585,962
5585,962
5585,962
5585,961
5585,962
5585,962
5586,962
5586,961
5586,962
5586,963
5586,962
5586,962
5586,961
5586,962
5586,961
5586,963
5587,961
5587,961
5587,961
5587,962
5587,962
5587,962
5587,963
5587,962
5587,962
5587,962
5588,962
5588,962
5588,962
5588,961
5588,962
5588,962
5588,962
5588,962
5588,962
5588,962
5589,962
5589,962
5589,961
5589,962
5589,962
5589,962
5589,963
5589,961
5589,961
5589,961
5590,962
5590,962
5590,962
5590,961
5590,961
5590,963
5590,962
5590,962
5590,962
5590,962
5591,962
5591,962
5591,962
5591,962
5591,962
5591,962
5591,962
5591,962
5591,962
5591,961
5592,962
5592,962
5592,962
5592,962
5592,962
5592,962
5592,962
5592,962
5592,962
5592,961
5593,962
5593,962
5593,962
5593,961
5593,962
5593,962
5593,961
5593,961
5593,962
5593,962
5594,962
5594,962
5594,961
5594,962
5594,962
5594,962
5594,962
5594,963
5594,962
5594,962
5595,962
5595,962
5595,962
5595,962
5595,962
5595,962
5595,962
5595,962
5595,963
5595,962
5596,962
5596,961
5596,962
5596,961
5596,962
5596,961
5596,962
5596,962
5596,962
5596,962
5597,962
5597,961
5597,962
5597,961
5597,963
5597,962
5597,962
5597,962
5597,962
5597,962
5598,962
5598,962
5598,961
5598,962
5598,962
5598,962
5598,961
5598,961
5598,962
5598,962
5599,962
5599,961
5599,962
5599,962
5599,962
5599,962
5599,962
5599,962
5599,962
5599,962
5600,961
5600,961
5600,961
5600,961
5600,962
5600,961
5600,962
5600,963
5600,962
5600,962
5601,962
5601,962
5601,962
5601,964
5601,962
5601,962
5601,962
5601,962
5601,962
5601,962
5602,960
5602,961
5602,961
5602,962
5602,962
5602,961
5602,961
5602,963
5602,962
5602,962
5603,961
5603,962
5603,961
5603,961
5603,962
5603,962
5603,962
5603,961
5603,962
5603,962
5604,962
5604,961
5604,961
5604,961
5604,962
5604,962
5604,962
5604,962
5604,962
5604,962
5605,961
5605,963
5605,962
5605,962
5605,961
5605,962
5605,962
5605,961
5605,962
5605,964
5606,961
5606,961
5606,962
5606,962
5606,962
5606,962
5606,962
5606,961
5606,963
5606,963
5607,962
5607,962
5607,962
5607,962
5607,962
5607,962
5607,961
5607,962
5607,962
5607,962
5608,962
5608,962
5608,961
5608,962
5608,962
5608,962
5608,962
5608,962
5608,962
5608,962
5609,962
5609,962
5609,962
5609,962
5609,962
5609,962
5609,963
5609,961
5609,962
5609,962
5610,962
5610,961
5610,961
5610,962
5610,962
5610,962
5610,962
5610,963
5610,962
5610,962
5611,962
5611,962
5611,962
5611,962
5611,962
5611,962
5611,962
5611,962
5611,961
5611,961
5612,961
5612,962
5612,961
5612,962
5612,962
5612,961
5612,962
5612,962
5612,961
5612,961
5613,961
5613,961
5613,961
5613,962
5613,962
5613,961
5613,962
5613,962
5613,962
5613,962
5614,963
5614,962
5614,962
5614,962
5614,962
5614,963
5614,962
5614,962
5614,962
5614,961
5615,962
5615,961
5615,963
5615,962
5615,962
5615,962
5615,962
5615,962
5615,962
5615,963
5616,963
5616,962
5616,962
5616,962
5616,962
5616,961
5616,962
5616,961
5616,962
5616,960
5617,962
5617,962
5617,962
5617,962
5617,962
5617,962
5617,962
5617,962
5617,962
5617,962
5618,961
5618,962
5618,962
5618,962
5618,962
5618,962
5618,962
5618,962
5618,962
5618,963
5618,962
5618,962
5618,962
5618,962
5627,962
5627,963
5627,963
5627,963
5627,962
5627,962
5627,962
5627,962
5627,962
5628,962
5628,962
5628,962
5628,962
5628,962
5628,962
5628,960
5628,961
5628,962
5628,961
5629,961
5629,962
5629,962
5629,962
5629,962
5629,962
5629,962
5629,962
5629,962
5629,963
5630,962
5630,961
5630,961
5630,962
5630,961
5630,962
5630,962
5630,962
5630,962
5630,961
5631,961
5631,963
5631,961
5631,962
5631,961
5631,962
5631,962
5631,962
5631,961
5631,961
5632,962
5632,962
5632,962
5632,962
5632,961
5632,962
5632,962
5632,962
5632,962
5632,962
5633,961
5633,961
5633,961
5633,962
5633,962
5633,962
5633,962
5633,962
5633,961
5633,962
5634,960
5634,961
5634,962
5634,962
5634,961
5634,961
5634,962
5634,962
5634,962
5634,961
5635,962
5635,962
5635,962
5635,962
5635,962
5635,962
5635,963
5635,962
5635,962
5635,962
5636,962
5636,962
5636,961
5636,961
5636,961
5636,961
5636,961
5636,962
5636,961
5636,962
5637,962
5637,960
5637,961
5637,962
5637,961
5637,962
5637,961
5637,962
5637,962
5637,961
5638,964
5638,961
5638,962
5638,961
5638,963
5638,962
5638,962
5638,962
5638,961
5638,961
5639,961
5639,961
5639,962
5639,963
5639,962
5639,962
5639,961
5639,962
5639,961
5639,962
5640,961
5640,961
5640,962
5640,962
5640,962
5640,961
5640,962
5640,962
5640,962
5640,962
5641,961
5641,961
5641,961
5641,962
5641,962
5641,962
5641,962
5641,961
5641,962
5641,962
5642,962
5642,961
5642,961
5642,962
5642,962
5642,962
5642,962
5642,962
5642,962
5642,962
5643,962
5643,962
5643,962
5643,962
5643,961
5643,961
5643,962
5643,962
5643,961
5643,962
5644,962
5644,962
5644,962
5644,962
5644,961
5644,962
5644,961
5644,961
5644,962
5644,962
5645,961
5645,962
5645,962
5645,962
5645,962
5645,962
5645,962
5645,961
5645,962
5645,962
5646,962
5646,962
5646,962
5646,962
5646,962
5646,962
5646,962
5646,962
5646,962
5646,961
5647,962
5647,962
5647,962
5647,962
5647,962
5647,962
5647,962
5647,962
5647,962
5647,961
5648,962
5648,964
5648,962
5648,962
5648,961
5648,962
5648,962
5648,962
5648,961
5648,961
5649,962
5649,962
5649,962
5649,962
5649,962
5649,962
5649,961
5649,962
5649,962
5649,962
5650,962
5650,962
5650,962
5650,962
5650,959
5650,961
5650,961
5650,962
5650,963
5650,962
5651,961
5651,961
5651,961
5651,961
5651,961
5651,962
5651,962
5651,964
5651,961
5651,962
5652,961
5652,962
5652,961
5652,961
5652,961
5652,962
5652,961
5652,962
5652,961
5652,961
5653,961
5653,962
5653,962
5653,962
5653,961
5653,962
5653,962
5653,961
5653,962
5653,962
5654,962
5654,962
5654,962
5654,960
5654,962
5654,962
5654,961
5654,962
5654,962
5654,962
5655,962
5655,962
5655,962
5655,962
5655,962
5655,962
5655,962
5655,962
5655,962
5655,962
5656,961
5656,962
5656,962
5656,962
5656,962
5656,962
5656,962
5656,961
5656,962
5656,962
5657,962
5657,962
5657,962
5657,962
5657,962
5657,962
5657,962
5657,961
5657,962
5657,962
5658,961
5658,962
5658,962
5658,962
5658,962
5658,962
5658,961
5658,962
5658,962
5658,962
5659,961
5659,962
5659,961
5659,962
5659,962
5659,961
5659,962
5659,962
5659,962
5659,961
5660,961
5660,962
5660,962
5660,962
5660,962
5660,962
5660,962
5660,962
5660,961
5660,962
5661,962
5661,961
5661,961
5661,962
5661,962
5661,962
5661,962
5661,962
5661,962
5661,961
5662,961
5662,961
5662,961
5662,962
5662,962
5662,961
5662,961
5662,961
5662,959
5662,961
5663,962
5663,962
5663,961
5663,961
5663,961
5663,962
5663,961
5663,961
5663,962
5663,961
5664,962
5664,961
5664,962
5664,961
5664,962
5664,961
5664,962
5664,962
5664,961
5664,962
5665,962
5665,961
5665,962
5665,963
5665,961
5665,962
5665,962
5665,962
5665,962
5665,962
5666,962
5666,961
5666,961
5666,961
5666,962
5666,962
5666,962
5666,962
5666,961
5666,961
5667,964
5667,961
5667,962
5667,962
5667,962
5667,962
5667,962
5667,962
5667,961
5667,962
5668,962
5668,962
5668,961
5668,962
5668,961
5668,961
5668,961
5668,961
5668,961
5668,962
5668,962
5668,961
5673,962
5673,962
5673,962
5674,962
5674,961
5674,962
5674,962
5674,962
5674,960
5674,962
5674,962
5674,962
5674,962
5675,961
5675,962
5675,962
5675,961
5675,962
5675,962
5675,962
5675,961
5675,961
5675,962
5676,961
5676,963
5676,962
5676,962
5676,962
5676,962
5676,961
5676,961
5676,962
5676,961
5677,962
5677,961
5677,962
5677,961
5677,962
5677,962
5677,962
5677,961
5677,961
5677,963
5678,962
5678,962
5678,962
5678,962
5678,962
5678,961
5678,961
5678,961
5678,962
5678,962
5679,963
5679,961
5679,962
5679,961
5679,961
5679,961
5679,962
5679,962
5679,962
5679,962
5680,962
5680,962
5680,962
5680,961
5680,962
5680,962
5680,962
5680,962
5680,961
5680,962
5681,961
5681,961
5681,961
5681,962
5681,962
5681,962
5681,963
5681,962
5681,961
5681,961
5682,962
5682,961
5682,962
5682,961
5682,962
5682,963
5682,962
5682,961
5682,961
5682,962
5683,962
5683,962
5683,961
5683,962
5683,962
5683,962
5683,961
5683,961
5683,962
5683,962
5684,961
5684,959
5684,961
5684,962
5684,963
5684,962
5684,961
5684,962
5684,961
5684,961
5685,961
5685,962
5685,962
5685,962
5685,962
5685,962
5685,962
5685,961
5685,962
5685,962
5686,962
5686,961
5686,962
5686,962
5686,962
5686,962
5686,961
5686,962
5686,962
5686,962
5687,961
5687,962
5687,961
5687,961
5687,961
5687,960
5687,962
5687,962
5687,961
5687,961
5688,962
5688,962
5688,962
5688,962
5688,962
5688,961
5688,962
5688,960
5688,961
5688,962
5689,960
5689,960
5689,962
5689,962
5689,961
5689,961
5689,961
5689,961
5689,962
5689,961
5690,962
5690,962
5690,961
5690,962
5690,961
5690,962
5690,962
5690,961
5690,963
5690,962
5691,962
5691,959
5691,961
5691,961
5691,962
5691,962
5691,962
5691,961
5691,962
5691,961
5692,962
5692,961
5692,962
5692,961
5692,961
5692,961
5692,962
5692,962
5692,962
5692,961
5693,962
5693,962
5693,961
5693,961
5693,962
5693,961
5693,961
5693,962
5693,962
5693,962
5694,961
5694,961
5694,961
5694,962
5694,962
5694,961
5694,962
5694,962
5694,962
5694,961
5695,963
5695,961
5695,961
5695,962
5695,963
5695,962
5695,962
5695,962
5695,962
5695,961
5696,962
5696,962
5696,962
5696,961
5696,962
5696,962
5696,962
5696,962
5696,962
5696,961
5697,962
5697,961
5697,962
5697,962
5697,962
5697,962
5697,962
5697,962
5697,962
5697,962
5698,962
5698,962
5698,962
5698,961
5698,961
5698,962
5698,962
5698,961
5698,962
5698,962
5699,962
5699,961
5699,962
5699,962
5699,962
5699,962
5699,962
5699,962
5699,962
5699,962
5700,962
5700,962
5700,961
5700,961
5700,962
5700,962
5700,962
5700,962
5700,962
5700,962
5701,962
5701,962
5701,960
5701,962
5701,962
5701,961
5701,962
5701,963
5701,962
5701,962
5702,962
5702,962
5702,962
5702,961
5702,961
5702,961
5702,961
5702,962
5702,962
5702,961
5703,961
5703,962
5703,962
5703,962
5703,961
5703,962
5703,962
5703,961
5703,961
5703,961
5704,962
5704,962
5704,962
5704,962
5704,962
5704,961
5704,962
5704,961
5704,961
5704,963
5705,962
5705,961
5705,961
5705,962
5705,961
5705,962
5705,962
5705,962
5705,961
5705,961
5706,961
5706,962
5706,961
5706,961
5706,961
5706,961
5706,961
5706,962
5706,962
5706,962
5707,962
5707,961
5707,961
5707,961
5707,961
5707,965
5707,962
5707,961
5707,961
5707,962
5708,961
5708,962
5708,962
5708,961
5708,962
5708,961
5708,962
5708,962
5708,961
5708,962
5709,962
5709,961
5709,962
5709,961
5709,961
5709,962
5709,961
5709,961
5709,961
5709,961
5710,961
5710,961
5710,962
5710,962
5710,962
5710,961
5710,962
5710,961
5710,961
5710,959
5711,961
5711,961
5711,962
5711,962
5711,962
5711,962
5711,961
5711,961
5711,962
5711,961
5712,962
5712,960
5712,962
5712,962
5712,962
5712,961
5712,961
5712,961
5712,961
5712,962
5713,962
5713,962
5713,961
5713,961
5713,961
5713,961
5713,962
5713,961
5713,961
5713,962
5714,962
5714,962
5714,963
5714,962
5714,962
5714,961
5714,962
5714,961
5714,960
5714,962
5715,962
5715,961
5715,962
5715,961
5715,962
5715,961
5715,961
5715,962
5715,961
5715,962
5716,962
5716,962
5716,961
5716,962
5716,962
5716,962
5716,962
5716,964
5716,962
5716,962
5717,962
5717,962
5717,962
5717,962
5717,962
5717,962
5717,962
5717,962
5717,962
5717,961
5718,962
5718,963
5718,962
5718,962
5718,962
5718,962
5718,961
5718,962
5718,961
5718,962
5718,962
5718,962
5718,962
5718,961
5723,962
5723,961
5723,961
5724,961
5724,961
5724,961
5724,961
5724,961
5724,962
5724,961
5724,960
5724,962
5724,962
5725,960
5725,961
5725,961
5725,962
5725,961
5725,961
5725,961
5725,961
5725,961
5725,962
5726,961
5726,961
5726,961
5726,961
5726,961
5726,961
5726,961
5726,961
5726,961
5726,961
5727,961
5727,961
5727,961
5727,961
5727,961
5727,961
5727,962
5727,962
5727,962
5727,962
5728,961
5728,962
5728,962
5728,961
5728,961
5728,961
5728,962
5728,962
5728,962
5728,961
5729,961
5729,961
5729,961
5729,961
5729,961
5729,962
5729,961
5729,962
5729,961
5729,962
5730,961
5730,961
5730,961
5730,961
5730,962
5730,961
5730,961
5730,962
5730,962
5730,962
5731,960
5731,962
5731,962
5731,962
5731,962
5731,963
5731,961
5731,961
5731,961
5731,961
5732,961
5732,961
5732,962
5732,961
5732,962
5732,961
5732,962
5732,961
5732,961
5732,961
5733,961
5733,960
5733,962
5733,961
5733,962
5733,961
5733,963
5733,961
5733,962
5733,962
5734,962
5734,961
5734,961
5734,962
5734,961
5734,962
5734,962
5734,962
5734,961
5734,961
5735,962
5735,961
5735,962
5735,962
5735,962
5735,962
5735,962
5735,962
5735,962
5735,962
5736,962
5736,963
5736,962
5736,962
5736,962
5736,961
5736,962
5736,962
5736,962
5736,962
5737,961
5737,962
5737,962
5737,962
5737,962
5737,961
5737,962
5737,962
5737,962
5737,961
5738,961
5738,961
5738,961
5738,962
5738,962
5738,962
5738,962
5738,962
5738,962
5738,962
5739,962
5739,964
5739,962
5739,962
5739,962
5739,961
5739,962
5739,962
5739,962
5739,962
5740,962
5740,962
5740,962
5740,962
5740,961
5740,961
5740,962
5740,962
5740,962
5740,961
5741,961
5741,962
5741,960
5741,962
5741,962
5741,962
5741,961
5741,962
5741,962
5741,962
5742,961
5742,962
5742,962
5742,962
5742,963
5742,961
5742,961
5742,961
5742,961
5742,961
5743,962
5743,961
5743,962
5743,962
5743,961
5743,962
5743,962
5743,961
5743,961
5743,962
5744,961
5744,961
5744,962
5744,962
5744,961
5744,962
5744,961
5744,961
5744,961
5744,962
5745,961
5745,962
5745,961
5745,961
5745,962
5745,962
5745,962
5745,961
5745,962
5745,961
5746,962
5746,962
5746,961
5746,961
5746,962
5746,962
5746,962
5746,962
5746,962
5746,962
5747,962
5747,961
5747,962
5747,962
5747,963
5747,962
5747,961
5747,961
5747,962
5747,962
5748,961
5748,961
5748,962
5748,962
5748,963
5748,962
5748,962
5748,961
5748,962
5748,962
5749,962
5749,961
5749,962
5749,962
5749,962
5749,962
5749,962
5749,962
5749,962
5749,962
5750,961
5750,961
5750,962
5750,962
5750,961
5750,962
5750,961
5750,962
5750,962
5750,963
5751,962
5751,962
5751,962
5751,961
5751,962
5751,962
5751,962
5751,961
5751,961
5751,962
5752,961
5752,962
5752,961
5752,961
5752,962
5752,962
5752,961
5752,962
5752,962
5752,961
5753,961
5753,962
5753,962
5753,961
5753,962
5753,962
5753,962
5753,961
5753,963
5753,962
5754,962
5754,962
5754,962
5754,962
5754,962
5754,962
5754,962
5754,960
5754,961
5754,962
5755,960
5755,961
5755,963
5755,962
5755,961
5755,962
5755,961
5755,961
5755,961
5755,961
5756,961
5756,962
5756,961
5756,961
5756,961
5756,961
5756,962
5756,961
5756,962
5756,962
5757,962
5757,961
5757,962
5757,962
5757,961
5757,962
5757,961
5757,961
5757,961
5757,962
5758,962
5758,962
5758,962
5758,962
5758,962
5758,961
5758,962
5758,961
5758,962
5758,963
5759,962
5759,961
5759,962
5759,961
5759,962
5759,961
5759,962
5759,960
5759,961
5759,962
5760,962
5760,962
5760,961
5760,961
5760,962
5760,962
5760,962
5760,961
5760,961
5760,962
5761,961
5761,961
5761,962
5761,962
5761,963
5761,961
5761,961
5761,961
5761,961
5761,961
5762,961
5762,962
5762,962
5762,962
5762,961
5762,961
5762,961
5762,962
5762,961
5762,962
5763,961
5763,962
5763,961
5763,961
5763,961
5763,961
5763,961
5763,961
5763,963
5763,962
5764,962
5764,962
5764,962
5764,962
5764,961
5764,961
5764,961
5764,962
5764,961
5764,962
5765,961
5765,961
5765,962
5765,961
5765,962
5765,963
5765,962
5765,962
5765,961
5765,962
5766,962
5766,960
5766,961
5766,962
5766,961
5766,962
5766,962
5766,962
5766,960
5766,962
5767,961
5767,961
5767,962
5767,962
5767,962
5767,962
5767,961
5767,962
5767,962
5767,961
5768,962
5768,961
5768,962
5768,962
5768,962
5768,961
5768,962
5768,962
5768,961
5768,961
5768,962
5768,962
5768,961
5768,962
5773,962
5774,962
5774,962
5774,962
5774,961
5774,962
5774,962
5774,962
5774,962
5774,961
5774,961
5775,963
5775,962
5775,961
5775,961
5775,961
5775,961
5775,961
5775,962
5775,962
5775,963
5776,960
5776,962
5776,962
5776,962
5776,961
5776,961
5776,961
5776,962
5776,962
5776,961
5777,961
5777,962
5777,962
5777,962
5777,962
5777,962
5777,962
5777,962
5777,962
5777,963
5778,962
5778,962
5778,962
5778,962
5778,961
5778,961
5778,961
5778,961
5778,962
5778,963
5779,963
5779,962
5779,964
5779,962
5779,961
5779,965
5779,962
5779,962
5779,962
5779,962
5780,961
5780,962
5780,962
5780,961
5780,961
5780,962
5780,962
5780,962
5780,962
5780,962
5781,961
5781,962
5781,961
5781,962
5781,962
5781,962
5781,961
5781,961
5781,961
5781,962
5782,960
5782,962
5782,962
5782,962
5782,962
5782,960
5782,961
5782,961
5782,962
5782,962
5783,961
5783,962
5783,962
5783,962
5783,962
5783,962
5783,963
5783,962
5783,962
5783,962
5784,962
5784,961
5784,961
5784,961
5784,961
5784,962
5784,961
5784,962
5784,961
5784,961
5785,961
5785,961
5785,961
5785,961
5785,962
5785,961
5785,961
5785,962
5785,962
5785,960
5786,961
5786,961
5786,961
5786,962
5786,962
5786,962
5786,961
5786,962
5786,962
5786,962
5787,962
5787,961
5787,961
5787,962
5787,962
5787,961
5787,961
5787,962
5787,962
5787,961
5788,961
5788,962
5788,962
5788,961
5788,961
5788,962
5788,962
5788,961
5788,962
5788,962
5789,962
5789,961
5789,962
5789,962
5789,962
5789,961
5789,962
5789,961
5789,962
5789,961
5790,962
5790,961
5790,962
5790,962
5790,961
5790,961
5790,962
5790,962
5790,961
5790,961
5791,962
5791,962
5791,962
5791,962
5791,962
5791,962
5791,962
5791,961
5791,960
5791,962
5792,962
5792,962
5792,962
5792,963
5792,961
5792,962
5792,962
5792,961
5792,961
5792,961
5793,962
5793,961
5793,962
5793,961
5793,962
5793,962
5793,962
5793,962
5793,962
5793,962
5794,962
5794,961
5794,962
5794,962
5794,962
5794,962
5794,961
5794,962
5794,961
5794,962
5795,962
5795,962
5795,961
5795,962
5795,962
5795,962
5795,962
5795,962
5795,961
5795,962
5796,962
5796,961
5796,962
5796,962
5796,962
5796,962
5796,962
5796,962
5796,962
5796,961
5797,962
5797,962
5797,962
5797,963
5797,961
5797,962
5797,962
5797,961
5797,961
5797,962
5798,961
5798,962
5798,959
5798,961
5798,962
5798,961
5798,961
5798,962
5798,962
5798,961
5799,961
5799,961
5799,962
5799,962
5799,962
5799,960
5799,962
5799,962
5799,961
5799,961
5800,961
5800,962
5800,962
5800,961
5800,962
5800,962
5800,962
5800,961
5800,962
5800,962
5801,961
5801,961
5801,964
5801,962
5801,962
5801,962
5801,961
5801,962
5801,962
5801,962
5802,961
5802,962
5802,961
5802,961
5802,961
5802,962
5802,961
5802,962
5802,961
5802,962
5803,962
5803,961
5803,959
5803,961
5803,962
5803,962
5803,962
5803,962
5803,962
5803,961
5804,962
5804,962
5804,962
5804,962
5804,961
5804,962
5804,961
5804,962
5804,961
5804,962
5805,962
5805,963
5805,961
5805,962
5805,962
5805,962
5805,961
5805,961
5805,962
5805,962
5806,964
5806,962
5806,962
5806,961
5806,963
5806,961
5806,962
5806,962
5806,962
5806,962
5807,962
5807,961
5807,962
5807,962
5807,962
5807,962
5807,961
5807,961
5807,961
5807,961
5808,961
5808,962
5808,962
5808,962
5808,962
5808,962
5808,962
5808,962
5808,961
5808,962
5809,963
5809,961
5809,962
5809,963
5809,962
5809,962
5809,962
5809,961
5809,962
5809,961
5810,962
5810,962
5810,961
5810,962
5810,961
5810,962
5810,962
5810,962
5810,962
5810,963
5811,962
5811,962
5811,962
5811,962
5811,961
5811,962
5811,961
5811,961
5811,961
5811,961
5812,961
5812,961
5812,961
5812,962
5812,962
5812,962
5812,962
5812,962
5812,962
5812,962
5813,961
5813,961
5813,961
5813,962
5813,962
5813,962
5813,962
5813,962
5813,961
5813,962
5814,962
5814,962
5814,959
5814,962
5814,962
5814,961
5814,961
5814,961
5814,962
5814,962
5815,961
5815,961
5815,961
5815,961
5815,961
5815,962
5815,962
5815,962
5815,962
5815,962
5816,962
5816,962
5816,961
5816,962
5816,962
5816,962
5816,961
5816,961
5816,962
5816,962
5817,961
5817,962
5817,962
5817,962
5817,962
5817,962
5817,962
5817,962
5817,962
5817,961
5818,962
5818,962
5818,962
5818,961
5818,963
5818,962
5818,962
5818,962
5818,962
5818,962
5818,961
5818,963
5818,962
5818,962
5818,962
5818,962
5818,962
5824,963
5824,962
5824,960
5824,961
5824,961
5824,962
5824,962
5824,962
5824,962
5824,962
5825,961
5825,962
5825,962
5825,961
5825,962
5825,962
5825,962
5825,962
5825,960
5825,961
5826,961
5826,961
5826,961
5826,962
5826,962
5826,962
5826,962
5826,962
5826,962
5826,961
5827,961
5827,960
5827,961
5827,961
5827,961
5827,962
5827,962
5827,962
5827,962
5827,961
5828,962
5828,962
5828,962
5828,961
5828,963
5828,961
5828,962
5828,961
5828,962
5828,962
5829,961
5829,961
5829,961
5829,961
5829,961
5829,962
5829,961
5829,961
5829,961
5829,962
5830,962
5830,961
5830,961
5830,962
5830,962
5830,962
5830,961
5830,961
5830,962
5830,962
5831,961
5831,962
5831,962
5831,962
5831,961
5831,962
5831,962
5831,961
5831,961
5831,961
5832,962
5832,961
5832,962
5832,961
5832,962
5832,961
5832,963
5832,962
5832,962
5832,961
5833,962
5833,962
5833,962
5833,962
5833,961
5833,962
5833,962
5833,962
5833,961
5833,961
5834,961
5834,962
5834,962
5834,962
5834,961
5834,962
5834,962
5834,961
5834,961
5834,962
5835,962
5835,961
5835,962
5835,962
5835,961
5835,961
5835,961
5835,961
5835,961
5835,961
5836,961
5836,961
5836,962
5836,962
5836,964
5836,962
5836,962
5836,962
5836,961
5836,961
5837,962
5837,962
5837,962
5837,961
5837,962
5837,962
5837,961
5837,961
5837,961
5837,962
5838,962
5838,962
5838,962
5838,962
5838,962
5838,962
5838,962
5838,962
5838,962
5838,962
5839,961
5839,962
5839,962
5839,961
5839,962
5839,961
5839,962
5839,962
5839,961
5839,962
5840,962
5840,962
5840,962
5840,962
5840,962
5840,962
5840,962
5840,962
5840,962
5840,962
5841,961
5841,962
5841,961
5841,962
5841,960
5841,962
5841,962
5841,963
5841,961
5841,962
5842,962
5842,962
5842,961
5842,962
5842,962
5842,962
5842,962
5842,962
5842,962
5842,962
5843,962
5843,962
5843,961
5843,962
5843,961
5843,961
5843,962
5843,961
5843,962
5843,962
5844,961
5844,962
5844,962
5844,962
5844,962
5844,962
5844,961
5844,962
5844,962
5844,962
5845,962
5845,962
5845,962
5845,962
5845,962
5845,962
5845,964
5845,961
5845,962
5845,961
5846,962
5846,962
5846,962
5846,962
5846,963
5846,962
5846,962
5846,962
5846,961
5846,961
5847,962
5847,963
5847,962
5847,963
5847,962
5847,961
5847,961
5847,962
5847,962
5847,962
5848,962
5848,963
5848,962
5848,962
5848,962
5848,962
5848,962
5848,962
5848,962
5848,963
5849,962
5849,962
5849,962
5849,961
5849,961
5849,962
5849,962
5849,961
5849,962
5849,962
5850,961
5850,962
5850,962
5850,961
5850,961
5850,962
5850,962
5850,962
5850,962
5850,962
5851,962
5851,962
5851,961
5851,961
5851,962
5851,962
5851,962
5851,961
5851,962
5851,962
5852,960
5852,962
5852,961
5852,962
5852,961
5852,962
5852,962
5852,962
5852,961
5852,962
5853,962
5853,961
5853,962
5853,963
5853,962
5853,962
5853,962
5853,961
5853,962
5853,962
5854,962
5854,963
5854,961
5854,962
5854,962
5854,959
5854,962
5854,962
5854,962
5854,962
5855,961
5855,962
5855,962
5855,962
5855,961
5855,962
5855,962
5855,962
5855,962
5855,961
5856,962
5856,962
5856,961
5856,962
5856,962
5856,962
5856,962
5856,961
5856,962
5856,962
5857,962
5857,962
5857,962
5857,962
5857,962
5857,962
5857,962
5857,961
5857,962
5857,962
5858,961
5858,962
5858,962
5858,962
5858,962
5858,962
5858,962
5858,961
5858,962
5858,962
5859,962
5859,961
5859,961
5859,962
5859,961
5859,962
5859,964
5859,962
5859,962
5859,962
5860,962
5860,962
5860,962
5860,961
5860,962
5860,962
5860,962
5860,961
5860,962
5860,961
5861,961
5861,962
5861,962
5861,962
5861,962
5861,962
5861,962
5861,961
5861,961
5861,962
5862,962
5862,962
5862,962
5862,962
5862,962
5862,962
5862,962
5862,962
5862,961
5862,962
5863,961
5863,962
5863,962
5863,963
5863,962
5863,962
5863,962
5863,963
5863,962
5863,962
5864,962
5864,961
5864,962
5864,962
5864,965
5864,961
5864,962
5864,962
5864,961
5864,962
5865,962
5865,962
5865,962
5865,961
5865,962
5865,962
5865,962
5865,962
5865,961
5865,962
5866,962
5866,963
5866,962
5866,962
5866,962
5866,962
5866,961
5866,962
5866,961
5866,961
5867,962
5867,962
5867,961
5867,962
5867,962
5867,962
5867,962
5867,962
5867,962
5867,962
5868,962
5868,962
5868,962
5868,962
5868,962
5868,961
5868,961
5868,962
5868,962
5868,961
5874,963
5874,962
5874,962
5874,961
5874,961
5874,962
5874,961
5874,962
5874,962
5875,962
5875,963
5875,962
5875,962
5875,962
5875,962
5875,961
5875,962
5875,961
5875,962
5876,962
5876,960
5876,962
5876,962
5876,962
5876,961
5876,961
5876,962
5876,962
5876,961
5877,961
5877,962
5877,961
5877,961
5877,961
5877,961
5877,962
5877,962
5877,962
5877,961
5878,962
5878,961
5878,961
5878,962
5878,962
5878,962
5878,962
5878,962
5878,962
5878,962
5879,961
5879,962
5879,962
5879,961
5879,962
5879,962
5879,962
5879,962
5879,962
5879,962
5880,962
5880,961
5880,961
5880,963
5880,962
5880,962
5880,962
5880,963
5880,961
5880,961
5881,961
5881,961
5881,962
5881,962
5881,962
5881,962
5881,961
5881,962
5881,961
5881,962
5882,962
5882,962
5882,962
5882,961
5882,962
5882,962
5882,962
5882,961
5882,962
5882,961
5883,961
5883,962
5883,962
5883,962
5883,961
5883,962
5883,962
5883,962
5883,961
5883,961
5884,962
5884,962
5884,961
5884,962
5884,961
5884,962
5884,961
5884,961
5884,962
5884,961
5885,962
5885,962
5885,961
5885,962
5885,962
5885,962
5885,962
5885,962
5885,962
5885,962
5886,962
5886,962
5886,961
5886,961
5886,960
5886,961
5886,961
5886,961
5886,961
5886,962
5887,961
5887,961
5887,961
5887,962
5887,961
5887,961
5887,961
5887,962
5887,961
5887,962
5888,962
5888,961
5888,961
5888,961
5888,960
5888,962
5888,961
5888,962
5888,961
5888,962
5889,962
5889,962
5889,961
5889,962
5889,962
5889,961
5889,962
5889,961
5889,962
5889,961
5890,962
5890,962
5890,962
5890,961
5890,962
5890,962
5890,962
5890,962
5890,961
5890,961
5891,962
5891,962
5891,962
5891,960
5891,962
5891,962
5891,962
5891,960
5891,962
5891,962
5892,962
5892,962
5892,962
5892,961
5892,961
5892,962
5892,962
5892,962
5892,962
5892,961
5893,962
5893,961
5893,962
5893,962
5893,962
5893,962
5893,962
5893,962
5893,962
5893,962
5894,962
5894,961
5894,962
5894,962
5894,960
5894,962
5894,962
5894,962
5894,961
5894,961
5895,962
5895,961
5895,961
5895,961
5895,962
5895,962
5895,961
5895,962
5895,962
5895,962
5896,962
5896,962
5896,962
5896,962
5896,961
5896,961
5896,962
5896,962
5896,962
5896,961
5897,961
5897,962
5897,963
5897,962
5897,962
5897,962
5897,962
5897,962
5897,962
5897,962
5898,962
5898,962
5898,962
5898,962
5898,961
5898,961
5898,963
5898,962
5898,959
5898,962
5899,962
5899,962
5899,964
5899,962
5899,962
5899,962
5899,961
5899,962
5899,962
5899,962
5900,963
5900,962
5900,962
5900,962
5900,960
5900,962
5900,962
5900,962
5900,962
5900,962
5901,962
5901,962
5901,962
5901,962
5901,962
5901,962
5901,961
5901,962
5901,962
5901,962
5902,963
5902,961
5902,962
5902,962
5902,963
5902,962
5902,962
5902,963
5902,962
5902,962
5903,962
5903,962
5903,962
5903,962
5903,962
5903,962
5903,961
5903,961
5903,962
5903,962
5904,961
5904,962
5904,963
5904,962
5904,962
5904,961
5904,962
5904,962
5904,961
5904,962
5905,962
5905,961
5905,962
5905,960
5905,962
5905,962
5905,963
5905,962
5905,962
5905,962
5906,961
5906,962
5906,961
5906,962
5906,961
5906,962
5906,962
5906,962
5906,962
5906,962
5907,962
5907,963
5907,962
5907,962
5907,962
5907,961
5907,961
5907,961
5907,962
5907,962
5908,962
5908,961
5908,962
5908,962
5908,962
5908,962
5908,962
5908,961
5908,961
5908,962
5909,962
5909,962
5909,961
5909,962
5909,961
5909,962
5909,961
5909,961
5909,961
5909,962
5910,961
5910,961
5910,961
5910,961
5910,962
5910,961
5910,962
5910,962
5910,962
5910,961
5911,962
5911,961
5911,962
5911,962
5911,961
5911,961
5911,961
5911,961
5911,961
5911,962
5912,961
5912,963
5912,962
5912,962
5912,962
5912,961
5912,961
5912,962
5912,961
5912,962
5913,962
5913,962
5913,962
5913,962
5913,962
5913,962
5913,962
5913,961
5913,963
5913,961
5914,962
5914,959
5914,962
5914,962
5914,962
5914,961
5914,962
5914,962
5914,962
5914,961
5915,962
5915,961
5915,961
5915,962
5915,961
5915,962
5915,962
5915,962
5915,961
5915,962
5916,962
5916,962
5916,961
5916,962
5916,962
5916,962
5916,962
5916,962
5916,961
5916,961
5917,960
5917,962
5917,963
5917,962
5917,962
5917,961
5917,961
5917,961
5917,962
5917,963
5918,961
5918,961
5918,961
5918,962
5918,961
5918,962
5918,962
5918,962
5918,962
5918,962
5918,962
5923,961
5923,962
5923,962
5924,961
5924,962
5924,962
5924,961
5924,962
5924,962
5924,961
5924,961
5924,962
5924,962
5925,962
5925,962
5925,960
5925,962
5925,962
5925,962
5925,961
5925,961
5925,962
5925,962
5926,961
5926,962
5926,962
5926,962
5926,962
5926,962
5926,962
5926,962
5926,962
5926,961
5927,961
5927,962
5927,961
5927,962
5927,962
5927,962
5927,961
5927,962
5927,962
5927,962
5928,962
5928,962
5928,962
5928,963
5928,960
5928,962
5928,962
5928,962
5928,962
5928,962
5929,961
5929,962
5929,962
5929,962
5929,962
5929,962
5929,962
5929,963
5929,961
5929,961
5930,961
5930,962
5930,961
5930,962
5930,963
5930,962
5930,961
5930,962
5930,962
5930,962
5931,961
5931,963
5931,962
5931,961
5931,962
5931,963
5931,962
5931,962
5931,962
5931,962
5932,962
5932,962
5932,962
5932,962
5932,962
5932,961
5932,961
5932,961
5932,962
5932,962
5933,962
5933,962
5933,962
5933,962
5933,961
5933,961
5933,962
5933,962
5933,962
5933,963
5934,962
5934,961
5934,961
5934,962
5934,962
5934,962
5934,962
5934,962
5934,962
5934,962
5935,962
5935,960
5935,962
5935,962
5935,962
5935,961
5935,962
5935,961
5935,961
5935,961
5936,961
5936,962
5936,962
5936,962
5936,962
5936,962
5936,961
5936,961
5936,962
5936,961
5937,962
5937,962
5937,962
5937,962
5937,961
5937,962
5937,962
5937,962
5937,961
5937,962
5938,962
5938,963
5938,962
5938,962
5938,962
5938,962
5938,962
5938,962
5938,962
5938,962
5939,962
5939,961
5939,962
5939,962
5939,962
5939,962
5939,962
5939,961
5939,962
5939,962
5940,962
5940,962
5940,962
5940,962
5940,960
5940,962
5940,963
5940,962
5940,963
5940,963
5941,962
5941,963
5941,962
5941,963
5941,963
5941,962
5941,962
5941,962
5941,962
5941,962
5942,962
5942,962
5942,962
5942,962
5942,962
5942,962
5942,962
5942,961
5942,963
5942,962
5943,962
5943,962
5943,964
5943,962
5943,962
5943,962
5943,961
5943,961
5943,962
5943,962
5944,962
5944,962
5944,961
5944,962
5944,961
5944,962
5944,962
5944,962
5944,961
5944,962
5945,962
5945,962
5945,961
5945,962
5945,962
5945,961
5945,962
5945,964
5945,962
5945,962
5946,961
5946,961
5946,961
5946,962
5946,962
5946,962
5946,962
5946,962
5946,961
5946,961
5947,962
5947,962
5947,961
5947,961
5947,962
5947,962
5947,961
5947,962
5947,962
5947,962
5948,962
5948,962
5948,962
5948,962
5948,961
5948,961
5948,962
5948,962
5948,962
5948,962
5949,962
5949,962
5949,962
5949,962
5949,962
5949,962
5949,963
5949,962
5949,962
5949,962
5950,962
5950,961
5950,962
5950,961
5950,962
5950,963
5950,961
5950,962
5950,962
5950,964
5951,962
5951,962
5951,962
5951,963
5951,962
5951,962
5951,962
5951,962
5951,962
5951,962
5952,961
5952,962
5952,962
5952,962
5952,962
5952,962
5952,962
5952,962
5952,963
5952,962
5953,962
5953,962
5953,962
5953,962
5953,964
5953,962
5953,962
5953,962
5953,961
5953,962
5954,962
5954,961
5954,962
5954,962
5954,962
5954,963
5954,962
5954,962
5954,962
5954,962
5955,962
5955,962
5955,962
5955,962
5955,962
5955,962
5955,964
5955,962
5955,963
5955,962
5956,962
5956,962
5956,962
5956,962
5956,962
5956,962
5956,962
5956,962
5956,962
5956,962
5957,962
5957,961
5957,962
5957,962
5957,962
5957,962
5957,962
5957,962
5957,962
5957,962
5958,962
5958,962
5958,962
5958,962
5958,962
5958,962
5958,962
5958,962
5958,961
5958,962
5959,962
5959,962
5959,963
5959,962
5959,962
5959,962
5959,959
5959,961
5959,961
5959,964
5960,961
5960,962
5960,962
5960,962
5960,962
5960,962
5960,962
5960,961
5960,961
5960,963
5961,962
5961,961
5961,964
5961,961
5961,962
5961,962
5961,961
5961,962
5961,963
5961,962
5962,962
5962,962
5962,961
5962,962
5962,962
5962,961
5962,962
5962,962
5962,962
5962,963
5963,962
5963,962
5963,962
5963,963
5963,962
5963,962
5963,962
5963,963
5963,962
5963,962
5964,962
5964,962
5964,962
5964,961
5964,961
5964,962
5964,959
5964,962
5964,962
5964,962
5965,962
5965,962
5965,962
5965,962
5965,962
5965,962
5965,962
5965,962
5965,961
5965,962
5966,962
5966,962
5966,962
5966,962
5966,962
5966,962
5966,962
5966,961
5966,962
5966,964
5967,961
5967,963
5967,962
5967,962
5967,962
5967,962
5967,962
5967,962
5967,962
5967,962
5968,963
5968,962
5968,962
5968,962
5968,962
5968,962
5968,962
5968,963
5968,963
5968,962
5968,962
5968,962
5968,962
5968,962
5973,962
5973,962
5973,963
5974,962
5974,962
5974,961
5974,962
5974,962
5974,960
5974,962
5974,962
5974,962
5974,962
5975,962
5975,962
5975,962
5975,961
5975,962
5975,962
5975,962
5975,962
5975,962
5975,962
5976,962
5976,962
5976,960
5976,963
5976,962
5976,962
5976,961
5976,962
5976,962
5976,961
5977,962
5977,964
5977,962
5977,962
5977,962
5977,962
5977,962
5977,962
5977,961
5977,962
5978,962
5978,962
5978,962
5978,961
5978,961
5978,962
5978,962
5978,962
5978,963
5978,962
5979,960
5979,962
5979,962
5979,962
5979,962
5979,961
5979,963
5979,962
5979,962
5979,962
5980,962
5980,962
5980,962
5980,962
5980,961
5980,962
5980,962
5980,962
5980,963
5980,961
5981,962
5981,962
5981,962
5981,962
5981,962
5981,962
5981,962
5981,961
5981,963
5981,962
5982,962
5982,962
5982,962
5982,962
5982,962
5982,961
5982,962
5982,961
5982,962
5982,962
5983,963
5983,962
5983,962
5983,962
5983,962
5983,962
5983,962
5983,961
5983,963
5983,962
5984,962
5984,962
5984,962
5984,961
5984,961
5984,962
5984,961
5984,962
5984,962
5984,961
5985,962
5985,961
5985,962
5985,961
5985,962
5985,962
5985,962
5985,962
5985,962
5985,962
5986,962
5986,961
5986,962
5986,962
5986,962
5986,962
5986,962
5986,961
5986,964
5986,962
5987,962
5987,961
5987,962
5987,963
5987,962
5987,962
5987,962
5987,961
5987,962
5987,962
5988,962
5988,962
5988,962
5988,962
5988,962
5988,962
5988,962
5988,962
5988,962
5988,962
5989,961
5989,962
5989,962
5989,964
5989,962
5989,961
5989,962
5989,962
5989,963
5989,962
5990,962
5990,962
5990,962
5990,962
5990,962
5990,962
5990,962
5990,962
5990,962
5990,962
5991,962
5991,961
5991,961
5991,962
5991,963
5991,962
5991,962
5991,962
5991,961
5991,961
5992,962
5992,962
5992,962
5992,962
5992,963
5992,962
5992,962
5992,961
5992,962
5992,962
5993,962
5993,962
5993,963
5993,962
5993,962
5993,962
5993,962
5993,960
5993,962
5993,962
5994,962
5994,962
5994,963
5994,962
5994,961
5994,962
5994,962
5994,962
5994,961
5994,962
5995,962
5995,962
5995,962
5995,962
5995,962
5995,962
5995,962
5995,962
5995,962
5995,962
5996,962
5996,962
5996,962
5996,962
5996,962
5996,961
5996,961
5996,961
5996,961
5996,961
5997,962
5997,962
5997,961
5997,962
5997,962
5997,962
5997,962
5997,961
5997,962
5997,962
5998,962
5998,962
5998,962
5998,962
5998,963
5998,962
5998,962
5998,962
5998,962
5998,961
5999,962
5999,962
5999,962
5999,962
5999,963
5999,962
5999,962
5999,962
5999,962
5999,962
6000,962
6000,962
6000,962
6000,962
6000,962
6000,962
6000,962
6000,961
6000,963
6000,962
6001,962
6001,962
6001,963
6001,963
6001,962
6001,962
6001,961
6001,962
6001,962
6001,963
6002,962
6002,962
6002,962
6002,962
6002,962
6002,962
6002,962
6002,962
6002,962
6002,962
6003,962
6003,962
6003,962
6003,962
6003,962
6003,961
6003,961
6003,962
6003,963
6003,962
6004,962
6004,962
6004,962
6004,961
6004,962
6004,962
6004,962
6004,961
6004,962
6004,962
6005,961
6005,962
6005,962
6005,962
6005,962
6005,962
6005,961
6005,963
6005,962
6005,962
6006,961
6006,961
6006,962
6006,962
6006,963
6006,963
6006,962
6006,962
6006,961
6006,962
6007,962
6007,962
6007,962
6007,962
6007,962
6007,962
6007,961
6007,962
6007,962
6007,962
6008,961
6008,962
6008,962
6008,962
6008,961
6008,961
6008,961
6008,962
6008,962
6008,962
6009,963
6009,962
6009,962
6009,962
6009,962
6009,962
6009,963
6009,962
6009,962
6009,962
6010,962
6010,961
6010,962
6010,963
6010,962
6010,961
6010,962
6010,962
6010,962
6010,961
6011,962
6011,961
6011,962
6011,962
6011,961
6011,962
6011,962
6011,962
6011,962
6011,962
6012,962
6012,962
6012,962
6012,963
6012,962
6012,962
6012,962
6012,962
6012,962
6012,962
6013,962
6013,961
6013,962
6013,963
6013,962
6013,962
6013,962
6013,962
6013,960
6013,962
6014,962
6014,962
6014,961
6014,961
6014,962
6014,962
6014,962
6014,962
6014,962
6014,962
6015,961
6015,961
6015,961
6015,962
6015,962
6015,962
6015,962
6015,962
6015,962
6015,962
6016,962
6016,963
6016,962
6016,961
6016,962
6016,962
6016,961
6016,962
6016,962
6016,962
6017,962
6017,961
6017,962
6017,962
6017,962
6017,962
6017,961
6017,962
6017,962
6017,962
6018,962
6018,962
6018,962
6018,962
6018,962
6018,961
6018,963
6018,963
6018,962
6018,961
6018,962
6018,962
6018,961
6018,963
6027,962
6027,961
6027,962
6027,962
6027,963
6027,962
6027,962
6027,961
6027,962
6028,962
6028,963
6028,962
6028,962
6028,962
6028,961
6028,962
6028,961
6028,962
6028,962
6029,962
6029,961
6029,962
6029,961
6029,962
6029,962
6029,962
6029,962
6029,961
6029,962
6030,962
6030,962
6030,962
6030,962
6030,963
6030,962
6030,961
6030,965
6030,962
6030,962
6031,962
6031,962
6031,962
6031,962
6031,962
6031,962
6031,962
6031,961
6031,962
6031,962
6032,962
6032,961
6032,962
6032,961
6032,962
6032,962
6032,962
6032,962
6032,962
6032,963
6033,962
6033,962
6033,962
6033,962
6033,962
6033,962
6033,962
6033,961
6033,962
6033,962
6034,962
6034,961
6034,961
6034,962
6034,961
6034,963
6034,962
6034,962
6034,962
6034,962
6035,962
6035,961
6035,962
6035,962
6035,960
6035,962
6035,963
6035,961
6035,962
6035,961
6036,962
6036,961
6036,962
6036,962
6036,961
6036,962
6036,962
6036,962
6036,961
6036,961
6037,963
6037,962
6037,962
6037,962
6037,963
6037,961
6037,962
6037,963
6037,961
6037,962
6038,962
6038,962
6038,962
6038,962
6038,962
6038,961
6038,962
6038,962
6038,962
6038,962
6039,962
6039,962
6039,961
6039,961
6039,962
6039,961
6039,962
6039,962
6039,962
6039,962
6040,962
6040,962
6040,962
6040,962
6040,962
6040,961
6040,962
6040,961
6040,962
6040,962
6041,961
6041,961
6041,961
6041,961
6041,962
6041,961
6041,961
6041,961
6041,961
6041,962
6042,962
6042,962
6042,962
6042,962
6042,962
6042,961
6042,961
6042,961
6042,961
6042,961
6043,962
6043,962
6043,961
6043,962
6043,960
6043,961
6043,962
6043,961
6043,962
6043,962
6044,962
6044,959
6044,961
6044,962
6044,962
6044,962
6044,962
6044,961
6044,962
6044,961
6045,962
6045,962
6045,962
6045,961
6045,962
6045,962
6045,962
6045,962
6045,962
6045,962
6046,962
6046,962
6046,962
6046,962
6046,962
6046,962
6046,962
6046,962
6046,962
6046,959
6047,962
6047,962
6047,962
6047,962
6047,962
6047,962
6047,962
6047,962
6047,962
6047,963
6048,962
6048,962
6048,965
6048,962
6048,962
6048,961
6048,962
6048,962
6048,962
6048,962
6049,962
6049,961
6049,961
6049,962
6049,962
6049,961
6049,962
6049,961
6049,962
6049,962
6050,961
6050,962
6050,962
6050,962
6050,962
6050,962
6050,962
6050,962
6050,961
6050,961
6051,962
6051,962
6051,960
6051,962
6051,962
6051,962
6051,962
6051,963
6051,962
6051,962
6052,961
6052,962
6052,962
6052,962
6052,962
6052,962
6052,962
6052,962
6052,960
6052,962
6053,962
6053,962
6053,962
6053,963
6053,961
6053,962
6053,962
6053,962
6053,962
6053,962
6054,962
6054,962
6054,962
6054,962
6054,961
6054,961
6054,962
6054,962
6054,962
6054,962
6055,962
6055,962
6055,962
6055,962
6055,961
6055,962
6055,962
6055,961
6055,962
6055,962
6056,962
6056,962
6056,962
6056,961
6056,962
6056,962
6056,962
6056,962
6056,962
6056,962
6057,961
6057,961
6057,962
6057,962
6057,963
6057,961
6057,962
6057,961
6057,959
6057,962
6058,962
6058,962
6058,959
6058,962
6058,962
6058,962
6058,961
6058,961
6058,961
6058,962
6059,962
6059,962
6059,962
6059,962
6059,961
6059,961
6059,962
6059,961
6059,962
6059,962
6060,962
6060,961
6060,962
6060,961
6060,962
6060,961
6060,962
6060,961
6060,962
6060,962
6061,962
6061,962
6061,962
6061,961
6061,962
6061,962
6061,963
6061,962
6061,962
6061,961
6062,962
6062,962
6062,961
6062,962
6062,962
6062,962
6062,962
6062,962
6062,962
6062,962
6063,961
6063,962
6063,962
6063,962
6063,962
6063,961
6063,962
6063,962
6063,962
6063,961
6064,961
6064,960
6064,962
6064,962
6064,962
6064,961
6064,962
6064,962
6064,961
6064,962
6065,962
6065,962
6065,962
6065,961
6065,962
6065,962
6065,961
6065,962
6065,962
6065,962
6066,962
6066,963
6066,961
6066,962
6066,962
6066,961
6066,961
6066,961
6066,962
6066,962
6067,959
6067,962
6067,962
6067,962
6067,962
6067,961
6067,961
6067,961
6067,961
6067,962
6068,962
6068,962
6068,962
6068,961
6068,961
6068,962
6068,961
6068,962
6068,961
6068,962
6068,961
6068,961
6073,961
6073,962
6073,962
6074,962
6074,962
6074,962
6074,961
6074,961
6074,961
6074,961
6074,962
6074,961
6074,962
6075,961
6075,961
6075,961
6075,961
6075,961
6075,962
6075,962
6075,961
6075,961
6075,962
6076,962
6076,961
6076,961
6076,962
6076,962
6076,962
6076,962
6076,961
6076,962
6076,962
6077,961
6077,962
6077,962
6077,962
6077,962
6077,962
6077,962
6077,962
6077,962
6077,962
6078,961
6078,962
6078,962
6078,961
6078,961
6078,962
6078,961
6078,962
6078,963
6078,962
6079,961
6079,962
6079,962
6079,961
6079,962
6079,962
6079,962
6079,962
6079,962
6079,964
6080,962
6080,962
6080,962
6080,962
6080,962
6080,962
6080,962
6080,962
6080,962
6080,963
6081,961
6081,962
6081,961
6081,962
6081,961
6081,962
6081,962
6081,962
6081,962
6081,962
6082,962
6082,962
6082,962
6082,962
6082,962
6082,961
6082,962
6082,962
6082,964
6082,961
6083,961
6083,962
6083,962
6083,962
6083,962
6083,962
6083,962
6083,962
6083,961
6083,962
6084,961
6084,961
6084,962
6084,962
6084,962
6084,961
6084,962
6084,961
6084,961
6084,961
6085,962
6085,962
6085,962
6085,962
6085,962
6085,962
6085,962
6085,962
6085,962
6085,961
6086,961
6086,962
6086,962
6086,963
6086,961
6086,962
6086,963
6086,962
6086,961
6086,961
6087,961
6087,961
6087,962
6087,962
6087,962
6087,962
6087,962
6087,962
6087,962
6087,962
6088,962
6088,962
6088,962
6088,962
6088,962
6088,962
6088,961
6088,962
6088,962
6088,962
6089,962
6089,963
6089,962
6089,962
6089,963
6089,962
6089,962
6089,962
6089,961
6089,962
6090,962
6090,961
6090,961
6090,962
6090,962
6090,963
6090,962
6090,962
6090,962
6090,962
6091,962
6091,962
6091,962
6091,962
6091,962
6091,962
6091,962
6091,962
6091,962
6091,961
6092,963
6092,963
6092,962
6092,962
6092,962
6092,962
6092,962
6092,962
6092,962
6092,962
6093,963
6093,962
6093,962
6093,963
6093,961
6093,962
6093,962
6093,963
6093,962
6093,962
6094,962
6094,961
6094,962
6094,962
6094,962
6094,962
6094,962
6094,962
6094,963
6094,962
6095,962
6095,962
6095,962
6095,962
6095,962
6095,962
6095,962
6095,961
6095,962
6095,963
6096,962
6096,962
6096,962
6096,962
6096,962
6096,962
6096,961
6096,962
6096,962
6096,960
6097,962
6097,962
6097,963
6097,962
6097,962
6097,962
6097,962
6097,961
6097,962
6097,962
6098,962
6098,962
6098,963
6098,962
6098,962
6098,962
6098,962
6098,962
6098,962
6098,962
6099,960
6099,962
6099,962
6099,962
6099,962
6099,961
6099,962
6099,961
6099,962
6099,961
6100,962
6100,962
6100,962
6100,961
6100,961
6100,962
6100,962
6100,963
6100,962
6100,962
6101,962
6101,962
6101,962
6101,962
6101,962
6101,962
6101,961
6101,962
6101,962
6101,962
6102,961
6102,963
6102,962
6102,963
6102,962
6102,962
6102,962
6102,961
6102,962
6102,962
6103,962
6103,962
6103,962
6103,964
6103,962
6103,962
6103,964
6103,960
6103,962
6103,962
6104,962
6104,962
6104,962
6104,962
6104,962
6104,962
6104,963
6104,962
6104,962
6104,961
6105,962
6105,962
6105,962
6105,961
6105,962
6105,962
6105,962
6105,962
6105,962
6105,962
6106,962
6106,962
6106,962
6106,962
6106,962
6106,962
6106,961
6106,962
6106,963
6106,964
6107,962
6107,962
6107,962
6107,962
6107,962
6107,962
6107,962
6107,962
6107,965
6107,962
6108,962
6108,962
6108,962
6108,963
6108,962
6108,962
6108,960
6108,962
6108,962
6108,962
6109,962
6109,963
6109,962
6109,962
6109,961
6109,962
6109,961
6109,962
6109,962
6109,962
6110,962
6110,962
6110,962
6110,962
6110,962
6110,962
6110,962
6110,962
6110,962
6110,962
6111,962
6111,959
6111,962
6111,962
6111,962
6111,961
6111,961
6111,962
6111,962
6111,962
6112,963
6112,962
6112,962
6112,962
6112,962
6112,962
6112,962
6112,962
6112,962
6112,964
6113,962
6113,962
6113,962
6113,962
6113,962
6113,962
6113,962
6113,962
6113,962
6113,962
6114,962
6114,961
6114,962
6114,962
6114,962
6114,962
6114,962
6114,962
6114,962
6114,962
6115,962
6115,962
6115,962
6115,963
6115,962
6115,962
6115,963
6115,962
6115,963
6115,962
6116,962
6116,962
6116,962
6116,962
6116,962
6116,962
6116,962
6116,962
6116,961
6116,962
6117,962
6117,962
6117,961
6117,962
6117,963
6117,962
6117,962
6117,962
6117,962
6117,962
6118,962
6118,961
6118,962
6118,962
6118,963
6118,961
6118,962
6118,963
6118,962
6118,962
6118,962
6118,963
6118,961
6118,962
6123,962
6123,961
6123,962
6124,962
6124,962
6124,962
6124,962
6124,962
6124,961
6124,962
6124,962
6124,963
6124,962
6125,961
6125,961
6125,962
6125,961
6125,962
6125,962
6125,962
6125,962
6125,962
6125,962
6126,961
6126,962
6126,963
6126,961
6126,962
6126,962
6126,962
6126,961
6126,962
6126,962
6127,961
6127,962
6127,962
6127,962
6127,962
6127,961
6127,962
6127,962
6127,962
6127,962
6128,962
6128,962
6128,962
6128,962
6128,961
6128,962
6128,962
6128,961
6128,962
6128,962
6129,962
6129,962
6129,962
6129,961
6129,962
6129,962
6129,962
6129,962
6129,962
6129,962
6130,963
6130,963
6130,962
6130,962
6130,962
6130,962
6130,962
6130,962
6130,962
6130,962
6131,962
6131,963
6131,963
6131,962
6131,962
6131,962
6131,962
6131,962
6131,962
6131,962
6132,962
6132,962
6132,962
6132,962
6132,962
6132,961
6132,962
6132,962
6132,962
6132,962
6133,961
6133,962
6133,962
6133,962
6133,963
6133,962
6133,962
6133,962
6133,962
6133,962
6134,962
6134,962
6134,962
6134,962
6134,962
6134,962
6134,962
6134,962
6134,962
6134,962
6135,963
6135,962
6135,962
6135,962
6135,962
6135,962
6135,961
6135,962
6135,962
6135,962
6136,962
6136,962
6136,962
6136,961
6136,960
6136,962
6136,962
6136,962
6136,962
6136,962
6137,962
6137,963
6137,962
6137,961
6137,961
6137,961
6137,962
6137,962
6137,962
6137,963
6138,962
6138,961
6138,962
6138,962
6138,961
6138,962
6138,962
6138,962
6138,962
6138,962
6139,962
6139,962
6139,962
6139,962
6139,962
6139,961
6139,963
6139,962
6139,964
6139,962
6140,962
6140,962
6140,962
6140,962
6140,962
6140,962
6140,962
6140,962
6140,963
6140,963
6141,962
6141,962
6141,961
6141,963
6141,962
6141,962
6141,961
6141,962
6141,962
6141,962
6142,963
6142,962
6142,962
6142,961
6142,962
6142,962
6142,962
6142,961
6142,962
6142,963
6143,962
6143,962
6143,961
6143,963
6143,962
6143,962
6143,962
6143,962
6143,961
6143,961
6144,962
6144,962
6144,962
6144,962
6144,962
6144,962
6144,962
6144,962
6144,962
6144,961
6145,962
6145,962
6145,961
6145,962
6145,962
6145,962
6145,962
6145,964
6145,963
6145,963
6146,962
6146,962
6146,962
6146,962
6146,962
6146,962
6146,962
6146,962
6146,963
6146,962
6147,963
6147,962
6147,962
6147,962
6147,962
6147,962
6147,962
6147,962
6147,962
6147,962
6148,962
6148,963
6148,963
6148,962
6148,962
6148,962
6148,962
6148,962
6148,962
6148,962
6149,962
6149,963
6149,962
6149,962
6149,963
6149,961
6149,962
6149,962
6149,961
6149,962
6150,962
6150,962
6150,962
6150,962
6150,961
6150,962
6150,962
6150,962
6150,962
6150,962
6151,962
6151,962
6151,962
6151,963
6151,962
6151,962
6151,961
6151,962
6151,962
6151,962
6152,962
6152,962
6152,962
6152,962
6152,962
6152,962
6152,963
6152,962
6152,962
6152,962
6153,962
6153,962
6153,962
6153,962
6153,962
6153,963
6153,963
6153,961
6153,961
6153,962
6154,961
6154,962
6154,962
6154,962
6154,963
6154,962
6154,962
6154,962
6154,962
6154,962
6155,962
6155,962
6155,962
6155,962
6155,962
6155,962
6155,965
6155,962
6155,962
6155,961
6156,961
6156,962
6156,962
6156,962
6156,962
6156,962
6156,960
6156,962
6156,962
6156,963
6157,962
6157,962
6157,962
6157,962
6157,962
6157,962
6157,961
6157,961
6157,962
6157,962
6158,963
6158,962
6158,962
6158,962
6158,962
6158,965
6158,962
6158,962
6158,963
6158,963
6159,962
6159,962
6159,962
6159,962
6159,962
6159,962
6159,962
6159,962
6159,962
6159,963
6160,962
6160,962
6160,962
6160,962
6160,962
6160,963
6160,963
6160,962
6160,962
6160,962
6161,961
6161,962
6161,962
6161,962
6161,962
6161,962
6161,963
6161,962
6161,962
6161,965
6162,961
6162,962
6162,963
6162,962
6162,962
6162,962
6162,963
6162,962
6162,962
6162,963
6163,962
6163,962
6163,964
6163,963
6163,962
6163,962
6163,962
6163,962
6163,962
6163,961
6164,961
6164,962
6164,963
6164,962
6164,962
6164,962
6164,961
6164,962
6164,962
6164,961
6165,962
6165,962
6165,963
6165,961
6165,962
6165,961
6165,962
6165,962
6165,962
6165,962
6166,962
6166,962
6166,962
6166,962
6166,962
6166,961
6166,961
6166,962
6166,962
6166,962
6167,962
6167,962
6167,962
6167,962
6167,962
6167,963
6167,962
6167,961
6167,961
6167,961
6168,962
6168,962
6168,962
6168,962
6168,962
6168,962
6168,962
6168,960
6168,962
6168,962
6168,962
6168,962
6168,962
6168,962
6173,961
6174,975
6174,974
6174,971
6174,969
6174,978
6174,977
6175,974
6175,972
6175,968
6175,968
6175,967
6175,966
6175,965
6175,965
6175,965
6175,963
6176,965
6176,961
6176,964
6176,961
6176,964
6176,961
6176,962
6176,962
6176,965
6176,961
6177,962
6177,961
6177,962
6177,960
6177,963
6177,962
6177,962
6177,962
6177,959
6177,961
6178,961
6178,964
6178,963
6178,963
6178,961
6178,963
6178,959
6178,965
6178,962
6178,963
6179,962
6179,964
6179,961
6179,962
6179,960
6179,962
6179,959
6179,964
6179,962
6179,962
6180,959
6180,962
6180,960
6180,960
6180,965
6180,963
6180,960
6180,963
6180,963
6180,959
6181,962
6181,962
6181,961
6181,962
6181,965
6181,960
6181,962
6181,962
6181,961
6181,959
6182,964
6182,963
6182,963
6182,962
6182,964
6182,960
6182,962
6182,965
6182,963
6182,961
6183,963
6183,962
6183,961
6183,962
6183,963
6183,958
6183,962
6183,964
6183,958
6183,963
6184,962
6184,962
6184,961
6184,964
6184,961
6184,964
6184,961
6184,962
6184,960
6184,962
6185,962
6185,963
6185,960
6185,962
6185,960
6185,961
6185,962
6185,961
6185,960
6185,964
6186,963
6186,961
6186,965
6186,962
6186,962
6186,962
6186,963
6186,960
6186,964
6186,961
6187,960
6187,960
6187,963
6187,961
6187,963
6187,960
6187,960
6187,961
6187,963
6187,962
6188,962
6188,962
6188,963
6188,963
6188,962
6188,964
6188,961
6188,962
6188,961
6188,962
6189,963
6189,965
6189,959
6189,962
6189,961
6189,964
6189,960
6189,963
6189,961
6189,963
6190,961
6190,962
6190,959
6190,962
6190,963
6190,962
6190,962
6190,962
6190,962
6190,961
6191,961
6191,959
6191,963
6191,963
6191,964
6191,961
6191,962
6191,959
6191,964
6191,961
6192,965
6192,962
6192,964
6192,961
6192,962
6192,960
6192,962
6192,961
6192,963
6192,962
6193,962
6193,961
6193,960
6193,961
6193,960
6193,964
6193,961
6193,963
6193,962
6193,963
6194,958
6194,964
6194,961
6194,963
6194,962
6194,962
6194,960
6194,962
6194,962
6194,961
6195,961
6195,961
6195,962
6195,963
6195,962
6195,963
6195,963
6195,959
6195,964
6195,962
6196,961
6196,964
6196,963
6196,960
6196,964
6196,961
6196,960
6196,961
6196,962
6196,959
6197,963
6197,962
6197,962
6197,962
6197,963
6197,962
6197,965
6197,963
6197,964
6197,963
6198,960
6198,962
6198,962
6198,960
6198,962
6198,962
6198,960
6198,962
6198,962
6198,960
6199,963
6199,962
6199,960
6199,963
6199,963
6199,961
6199,964
6199,960
6199,963
6199,963
6200,962
6200,962
6200,962
6200,959
6200,963
6200,962
6200,960
6200,963
6200,961
6200,959
6201,962
6201,964
6201,960
6201,965
6201,962
6201,961
6201,962
6201,964
6201,960
6201,963
6202,960
6202,961
6202,961
6202,962
6202,960
6202,962
6202,959
6202,962
6202,961
6202,962
6203,962
6203,962
6203,960
6203,964
6203,963
6203,963
6203,965
6203,962
6203,962
6203,964
6204,962
6204,960
6204,964
6204,959
6204,962
6204,962
6204,963
6204,960
6204,963
6204,959
6205,962
6205,960
6205,965
6205,963
6205,963
6205,961
6205,964
6205,960
6205,962
6205,963
6206,961
6206,962
6206,964
6206,961
6206,960
6206,964
6206,959
6206,961
6206,962
6206,964
6207,962
6207,963
6207,961
6207,962
6207,961
6207,963
6207,961
6207,963
6207,962
6207,964
6208,960
6208,962
6208,961
6208,962
6208,963
6208,963
6208,962
6208,964
6208,962
6208,958
6209,961
6209,962
6209,961
6209,964
6209,964
6209,959
6209,962
6209,961
6209,959
6209,962
6210,964
6210,963
6210,964
6210,963
6210,962
6210,961
6210,963
6210,963
6210,962
6210,964
6211,964
6211,960
6211,959
6211,959
6211,961
6211,961
6211,963
6211,962
6211,962
6211,962
6212,964
6212,959
6212,963
6212,963
6212,964
6212,962
6212,964
6212,961
6212,961
6212,961
6213,962
6213,961
6213,961
6213,962
6213,960
6213,960
6213,959
6213,963
6213,961
6213,963
6214,960
6214,962
6214,963
6214,965
6214,963
6214,963
6214,962
6214,964
6214,962
6214,962
6215,964
6215,963
6215,960
6215,961
6215,964
6215,961
6215,961
6215,962
6215,961
6215,959
6216,965
6216,962
6216,960
6216,961
6216,964
6216,961
6216,964
6216,964
6216,961
6216,960
6217,964
6217,962
6217,960
6217,963
6217,962
6217,960
6217,962
6217,964
6217,962
6217,962
6218,963
6218,961
6218,960
6218,965
6218,964
6218,962
6218,962
6218,964
6218,961
6218,961
6218,965
6218,964
6218,962
6218,962
6218,964
6218,961
6218,961
6224,963
6224,963
6224,962
6224,962
6224,961
6224,962
6224,963
6224,962
6224,962
6224,960
6225,962
6225,960
6225,963
6225,961
6225,962
6225,959
6225,962
6225,961
6225,963
6225,962
6226,962
6226,960
6226,963
6226,962
6226,962
6226,962
6226,961
6226,960
6226,963
6226,964
6227,961
6227,964
6227,959
6227,960
6227,959
6227,964
6227,962
6227,962
6227,963
6227,962
6228,961
6228,962
6228,962
6228,962
6228,961
6228,965
6228,964
6228,961
6228,962
6228,960
6229,960
6229,962
6229,965
6229,962
6229,961
6229,962
6229,960
6229,960
6229,962
6229,962
6230,962
6230,963
6230,962
6230,964
6230,961
6230,962
6230,960
6230,960
6230,962
6230,964
6231,961
6231,961
6231,961
6231,960
6231,961
6231,963
6231,962
6231,962
6231,963
6231,962
6232,963
6232,962
6232,962
6232,961
6232,961
6232,962
6232,964
6232,961
6232,962
6232,959
6233,959
6233,960
6233,965
6233,961
6233,962
6233,962
6233,962
6233,961
6233,962
6233,962
6234,961
6234,963
6234,964
6234,963
6234,961
6234,961
6234,960
6234,958
6234,960
6234,966
6235,962
6235,959
6235,962
6235,961
6235,959
6235,964
6235,964
6235,962
6235,964
6235,965
6236,962
6236,962
6236,962
6236,960
6236,960
6236,962
6236,964
6236,962
6236,962
6236,961
6237,960
6237,961
6237,965
6237,961
6237,962
6237,963
6237,963
6237,962
6237,965
6237,962
6238,961
6238,961
6238,963
6238,960
6238,963
6238,962
6238,960
6238,960
6238,961
6238,962
6239,962
6239,962
6239,962
6239,962
6239,963
6239,963
6239,962
6239,962
6239,962
6239,963
6240,963
6240,964
6240,961
6240,959
6240,962
6240,962
6240,961
6240,964
6240,961
6240,961
6241,961
6241,962
6241,961
6241,965
6241,962
6241,961
6241,961
6241,964
6241,963
6241,964
6242,960
6242,962
6242,962
6242,963
6242,963
6242,963
6242,960
6242,964
6242,962
6242,959
6243,963
6243,962
6243,962
6243,960
6243,963
6243,959
6243,963
6243,961
6243,962
6243,959
6244,964
6244,962
6244,963
6244,960
6244,964
6244,963
6244,962
6244,963
6244,963
6244,960
6245,963
6245,962
6245,960
6245,963
6245,963
6245,960
6245,958
6245,963
6245,960
6245,962
6246,960
6246,963
6246,961
6246,964
6246,962
6246,961
6246,960
6246,964
6246,963
6246,963
6247,962
6247,962
6247,960
6247,960
6247,962
6247,959
6247,962
6247,962
6247,962
6247,958
6248,964
6248,957
6248,963
6248,962
6248,965
6248,962
6248,964
6248,963
6248,964
6248,961
6249,963
6249,963
6249,962
6249,964
6249,961
6249,963
6249,958
6249,962
6249,958
6249,962
6250,961
6250,965
6250,961
6250,964
6250,958
6250,962
6250,959
6250,963
6250,963
6250,964
6251,963
6251,962
6251,961
6251,960
6251,963
6251,962
6251,966
6251,963
6251,964
6251,958
6252,963
6252,959
6252,962
6252,961
6252,965
6252,963
6252,963
6252,959
6252,961
6252,959
6253,962
6253,963
6253,963
6253,963
6253,960
6253,962
6253,959
6253,962
6253,961
6253,964
6254,961
6254,964
6254,959
6254,963
6254,959
6254,965
6254,960
6254,964
6254,962
6254,964
6255,959
6255,962
6255,963
6255,960
6255,963
6255,963
6255,962
6255,960
6255,965
6255,961
6256,963
6256,962
6256,965
6256,958
6256,962
6256,962
6256,964
6256,960
6256,965
6256,960
6257,959
6257,963
6257,964
6257,959
6257,963
6257,964
6257,959
6257,963
6257,962
6257,962
6258,960
6258,965
6258,960
6258,963
6258,961
6258,964
6258,958
6258,961
6258,962
6258,964
6259,960
6259,964
6259,962
6259,961
6259,964
6259,964
6259,959
6259,963
6259,965
6259,960
6260,961
6260,962
6260,962
6260,959
6260,964
6260,959
6260,964
6260,962
6260,964
6260,960
6261,962
6261,961
6261,965
6261,959
6261,964
6261,961
6261,964
6261,962
6261,965
6261,959
6262,961
6262,962
6262,962
6262,963
6262,962
6262,961
6262,960
6262,961
6262,962
6262,965
6263,962
6263,964
6263,961
6263,963
6263,960
6263,965
6263,961
6263,963
6263,963
6263,963
6264,959
6264,964
6264,959
6264,962
6264,961
6264,962
6264,962
6264,962
6264,961
6264,961
6265,960
6265,963
6265,964
6265,961
6265,963
6265,963
6265,962
6265,961
6265,965
6265,961
6266,963
6266,964
6266,963
6266,961
6266,965
6266,958
6266,962
6266,959
6266,962
6266,963
6267,964
6267,960
6267,963
6267,961
6267,963
6267,963
6267,963
6267,961
6267,964
6267,961
6268,961
6268,962
6268,962
6268,964
6268,962
6268,960
6268,962
6268,962
6268,960
6268,963
6274,963
6274,975
6274,973
6274,972
6274,971
6274,969
6274,967
6275,965
6275,965
6275,965
6275,964
6275,964
6275,963
6275,963
6275,963
6275,963
6275,964
6276,962
6276,962
6276,962
6276,962
6276,959
6276,962
6276,962
6276,962
6276,962
6276,962
6277,962
6277,960
6277,962
6277,962
6277,962
6277,962
6277,963
6277,962
6277,963
6277,962
6278,961
6278,962
6278,962
6278,962
6278,962
6278,962
6278,962
6278,963
6278,962
6278,962
6279,963
6279,962
6279,962
6279,962
6279,961
6279,962
6279,962
6279,962
6279,962
6279,962
6280,962
6280,961
6280,962
6280,962
6280,962
6280,962
6280,962
6280,963
6280,962
6280,962
6281,962
6281,962
6281,962
6281,963
6281,962
6281,962
6281,963
6281,962
6281,962
6281,962
6282,962
6282,961
6282,962
6282,962
6282,962
6282,962
6282,962
6282,962
6282,961
6282,962
6283,962
6283,962
6283,962
6283,962
6283,962
6283,962
6283,962
6283,962
6283,962
6283,961
6284,962
6284,962
6284,962
6284,962
6284,962
6284,963
6284,962
6284,962
6284,962
6284,962
6285,962
6285,962
6285,961
6285,961
6285,961
6285,961
6285,962
6285,962
6285,962
6285,962
6286,961
6286,962
6286,962
6286,962
6286,963
6286,962
6286,962
6286,962
6286,962
6286,963
6287,962
6287,963
6287,962
6287,962
6287,961
6287,962
6287,962
6287,962
6287,962
6287,962
6288,963
6288,962
6288,962
6288,962
6288,962
6288,962
6288,962
6288,962
6288,962
6288,962
6289,962
6289,962
6289,962
6289,962
6289,962
6289,962
6289,960
6289,962
6289,962
6289,961
6290,962
6290,962
6290,962
6290,962
6290,962
6290,961
6290,962
6290,962
6290,961
6290,962
6291,962
6291,962
6291,962
6291,962
6291,961
6291,962
6291,962
6291,962
6291,962
6291,962
6292,962
6292,962
6292,962
6292,963
6292,962
6292,962
6292,962
6292,962
6292,962
6292,962
6293,961
6293,962
6293,962
6293,963
6293,962
6293,962
6293,962
6293,962
6293,962
6293,962
6294,962
6294,960
6294,962
6294,962
6294,962
6294,962
6294,963
6294,963
6294,962
6294,962
6295,962
6295,962
6295,962
6295,962
6295,961
6295,962
6295,962
6295,963
6295,962
6295,962
6296,963
6296,962
6296,962
6296,962
6296,962
6296,962
6296,962
6296,962
6296,962
6296,962
6297,962
6297,962
6297,962
6297,963
6297,962
6297,962
6297,962
6297,962
6297,962
6297,962
6298,962
6298,963
6298,961
6298,962
6298,962
6298,962
6298,962
6298,962
6298,963
6298,962
6299,962
6299,962
6299,962
6299,961
6299,962
6299,962
6299,961
6299,962
6299,962
6299,962
6300,961
6300,962
6300,962
6300,961
6300,963
6300,962
6300,962
6300,962
6300,962
6300,962
6301,962
6301,962
6301,962
6301,962
6301,962
6301,962
6301,962
6301,962
6301,962
6301,962
6302,962
6302,962
6302,962
6302,962
6302,962
6302,961
6302,963
6302,962
6302,963
6302,962
6303,962
6303,963
6303,962
6303,963
6303,963
6303,962
6303,962
6303,964
6303,962
6303,963
6304,962
6304,962
6304,962
6304,962
6304,963
6304,962
6304,962
6304,962
6304,962
6304,962
6305,963
6305,962
6305,962
6305,962
6305,961
6305,962
6305,962
6305,962
6305,961
6305,960
6306,962
6306,962
6306,962
6306,963
6306,962
6306,962
6306,962
6306,962
6306,962
6306,962
6307,963
6307,962
6307,962
6307,962
6307,963
6307,962
6307,962
6307,962
6307,962
6307,962
6308,963
6308,962
6308,961
6308,962
6308,963
6308,962
6308,962
6308,962
6308,962
6308,962
6309,962
6309,964
6309,962
6309,962
6309,962
6309,962
6309,962
6309,962
6309,962
6309,962
6310,962
6310,962
6310,962
6310,962
6310,962
6310,962
6310,962
6310,962
6310,962
6310,962
6311,962
6311,961
6311,962
6311,962
6311,961
6311,963
6311,962
6311,962
6311,962
6311,962
6312,962
6312,963
6312,962
6312,962
6312,962
6312,962
6312,962
6312,962
6312,962
6312,962
6313,962
6313,962
6313,962
6313,962
6313,962
6313,962
6313,962
6313,962
6313,962
6313,962
6314,962
6314,962
6314,962
6314,962
6314,962
6314,962
6314,962
6314,963
6314,962
6314,962
6315,961
6315,962
6315,962
6315,962
6315,962
6315,964
6315,962
6315,962
6315,962
6315,962
6316,962
6316,962
6316,962
6316,962
6316,961
6316,962
6316,963
6316,962
6316,962
6316,963
6317,962
6317,963
6317,962
6317,963
6317,962
6317,962
6317,962
6317,963
6317,962
6317,962
6318,962
6318,962
6318,963
6318,962
6318,959
6318,962
6318,962
6318,962
6318,962
6318,962
6318,962
6318,959
6318,962
6323,962
6323,962
6323,962
6324,962
6324,962
6324,962
6324,962
6324,962
6324,962
6324,962
6324,962
6324,962
6324,962
6325,962
6325,962
6325,962
6325,962
6325,962
6325,961
6325,962
6325,962
6325,961
6325,962
6326,962
6326,962
6326,963
6326,962
6326,964
6326,962
6326,962
6326,961
6326,962
6326,962
6327,962
6327,962
6327,962
6327,962
6327,962
6327,961
6327,962
6327,962
6327,961
6327,962
6328,962
6328,962
6328,962
6328,962
6328,961
6328,962
6328,962
6328,962
6328,959
6328,962
6329,962
6329,962
6329,962
6329,962
6329,961
6329,962
6329,962
6329,962
6329,961
6329,962
6330,962
6330,962
6330,962
6330,962
6330,962
6330,962
6330,962
6330,961
6330,964
6330,962
6331,962
6331,962
6331,962
6331,962
6331,963
6331,962
6331,962
6331,962
6331,962
6331,963
6332,962
6332,962
6332,962
6332,962
6332,962
6332,962
6332,962
6332,962
6332,962
6332,962
6333,962
6333,962
6333,962
6333,962
6333,962
6333,962
6333,962
6333,962
6333,962
6333,963
6334,962
6334,962
6334,962
6334,962
6334,962
6334,962
6334,961
6334,962
6334,963
6334,961
6335,962
6335,962
6335,962
6335,962
6335,961
6335,962
6335,962
6335,962
6335,962
6335,962
6336,962
6336,962
6336,962
6336,962
6336,962
6336,962
6336,962
6336,960
6336,962
6336,962
6337,961
6337,961
6337,962
6337,961
6337,962
6337,962
6337,961
6337,962
6337,962
6337,959
6338,961
6338,961
6338,962
6338,962
6338,962
6338,962
6338,962
6338,962
6338,961
6338,962
6339,962
6339,961
6339,961
6339,962
6339,962
6339,963
6339,961
6339,962
6339,962
6339,962
6340,962
6340,961
6340,962
6340,962
6340,962
6340,962
6340,962
6340,962
6340,961
6340,961
6341,962
6341,961
6341,961
6341,961
6341,962
6341,963
6341,962
6341,962
6341,962
6341,962
6342,962
6342,959
6342,962
6342,962
6342,962
6342,961
6342,962
6342,962
6342,962
6342,962
6343,962
6343,962
6343,962
6343,962
6343,961
6343,962
6343,962
6343,962
6343,959
6343,962
6344,962
6344,962
6344,961
6344,962
6344,962
6344,963
6344,962
6344,962
6344,962
6344,962
6345,962
6345,962
6345,962
6345,962
6345,962
6345,962
6345,962
6345,962
6345,962
6345,965
6346,962
6346,962
6346,962
6346,962
6346,962
6346,962
6346,962
6346,962
6346,962
6346,962
6347,962
6347,962
6347,962
6347,961
6347,962
6347,962
6347,960
6347,962
6347,963
6347,963
6348,962
6348,962
6348,962
6348,962
6348,962
6348,962
6348,962
6348,962
6348,962
6348,962
6349,962
6349,962
6349,963
6349,961
6349,962
6349,962
6349,962
6349,961
6349,961
6349,962
6350,962
6350,959
6350,962
6350,962
6350,962
6350,962
6350,961
6350,962
6350,962
6350,962
6351,961
6351,962
6351,962
6351,962
6351,962
6351,962
6351,962
6351,962
6351,962
6351,962
6352,962
6352,961
6352,962
6352,962
6352,962
6352,961
6352,962
6352,963
6352,962
6352,962
6353,962
6353,962
6353,962
6353,962
6353,963
6353,962
6353,962
6353,962
6353,962
6353,962
6354,963
6354,962
6354,962
6354,962
6354,962
6354,962
6354,962
6354,961
6354,962
6354,962
6355,962
6355,962
6355,962
6355,961
6355,962
6355,962
6355,962
6355,963
6355,963
6355,962
6356,962
6356,962
6356,963
6356,962
6356,961
6356,962
6356,962
6356,962
6356,962
6356,962
6357,961
6357,964
6357,962
6357,962
6357,962
6357,962
6357,962
6357,962
6357,962
6357,962
6358,962
6358,960
6358,962
6358,962
6358,962
6358,962
6358,962
6358,962
6358,962
6358,962
6359,962
6359,962
6359,962
6359,961
6359,962
6359,962
6359,962
6359,962
6359,962
6359,962
6360,962
6360,962
6360,962
6360,962
6360,962
6360,962
6360,962
6360,961
6360,962
6360,962
6361,962
6361,962
6361,962
6361,962
6361,963
6361,962
6361,962
6361,962
6361,962
6361,962
6362,962
6362,962
6362,964
6362,962
6362,962
6362,962
6362,963
6362,961
6362,963
6362,962
6363,961
6363,962
6363,963
6363,962
6363,962
6363,962
6363,963
6363,961
6363,961
6363,962
6364,964
6364,962
6364,962
6364,962
6364,962
6364,961
6364,962
6364,963
6364,962
6364,962
6365,962
6365,962
6365,961
6365,962
6365,962
6365,962
6365,962
6365,961
6365,962
6365,962
6366,962
6366,962
6366,962
6366,962
6366,962
6366,962
6366,962
6366,963
6366,962
6366,961
6367,962
6367,962
6367,962
6367,962
6367,962
6367,962
6367,961
6367,962
6367,962
6367,962
6368,962
6368,962
6368,962
6368,963
6368,962
6368,962
6368,962
6368,962
6368,963
6368,962
6368,963
6368,962
6368,962
6368,962
6372,962
6372,962
6373,962
6373,962
6373,962
6373,962
6373,962
6373,962
6373,963
6373,962
6373,963
6373,962
6374,962
6374,974
6374,973
6374,971
6374,969
6374,969
6374,967
6374,966
6375,965
6375,976
6375,974
6375,972
6375,969
6375,969
6375,967
6375,966
6376,966
6376,965
6376,964
6376,964
6376,963
6376,963
6376,963
6376,962
6376,963
6376,962
6377,962
6377,962
6377,962
6377,963
6377,962
6377,962
6377,962
6377,959
6377,962
6377,962
6378,962
6378,963
6378,962
6378,962
6378,962
6378,962
6378,962
6378,963
6378,962
6378,962
6379,962
6379,962
6379,963
6379,962
6379,961
6379,962
6379,962
6379,962
6379,962
6379,962
6380,962
6380,962
6380,962
6380,962
6380,962
6380,962
6380,961
6380,961
6380,962
6380,962
6381,962
6381,962
6381,962
6381,962
6381,962
6381,962
6381,962
6381,962
6381,962
6381,962
6382,962
6382,962
6382,962
6382,963
6382,962
6382,962
6382,962
6382,962
6382,962
6382,960
6383,962
6383,962
6383,962
6383,962
6383,962
6383,962
6383,962
6383,962
6383,963
6383,962
6384,962
6384,962
6384,962
6384,962
6384,962
6384,962
6384,961
6384,962
6384,963
6384,962
6385,962
6385,962
6385,962
6385,961
6385,964
6385,962
6385,962
6385,962
6385,962
6385,962
6386,962
6386,962
6386,962
6386,962
6386,963
6386,962
6386,962
6386,964
6386,962
6386,962
6387,962
6387,962
6387,962
6387,962
6387,962
6387,962
6387,962
6387,962
6387,962
6387,962
6388,962
6388,962
6388,962
6388,962
6388,962
6388,962
6388,962
6388,962
6388,962
6388,961
6389,962
6389,962
6389,962
6389,963
6389,962
6389,962
6389,962
6389,962
6389,962
6389,962
6390,961
6390,962
6390,962
6390,962
6390,962
6390,962
6390,962
6390,962
6390,963
6390,962
6391,962
6391,961
6391,961
6391,962
6391,962
6391,962
6391,963
6391,962
6391,962
6391,962
6392,961
6392,962
6392,962
6392,962
6392,962
6392,962
6392,962
6392,962
6392,962
6392,962
6393,962
6393,962
6393,963
6393,962
6393,962
6393,962
6393,960
6393,963
6393,962
6393,962
6394,963
6394,962
6394,962
6394,960
6394,962
6394,962
6394,962
6394,962
6394,962
6394,962
6395,962
6395,962
6395,962
6395,963
6395,962
6395,962
6395,962
6395,963
6395,962
6395,962
6396,964
6396,962
6396,962
6396,962
6396,962
6396,961
6396,962
6396,962
6396,961
6396,962
6397,962
6397,962
6397,962
6397,961
6397,962
6397,962
6397,962
6397,963
6397,962
6397,962
6398,961
6398,962
6398,961
6398,962
6398,963
6398,962
6398,962
6398,962
6398,962
6398,962
6399,962
6399,962
6399,962
6399,962
6399,964
6399,962
6399,962
6399,963
6399,962
6399,962
6400,962
6400,962
6400,962
6400,962
6400,962
6400,962
6400,962
6400,962
6400,962
6400,963
6401,962
6401,962
6401,962
6401,962
6401,963
6401,962
6401,963
6401,962
6401,961
6401,962
6402,962
6402,962
6402,962
6402,962
6402,962
6402,962
6402,962
6402,962
6402,963
6402,962
6403,962
6403,962
6403,962
6403,962
6403,962
6403,962
6403,962
6403,962
6403,962
6403,961
6404,961
6404,962
6404,962
6404,962
6404,962
6404,962
6404,962
6404,962
6404,962
6404,962
6405,962
6405,962
6405,961
6405,961
6405,962
6405,962
6405,962
6405,962
6405,961
6405,962
6406,960
6406,962
6406,962
6406,962
6406,961
6406,962
6406,962
6406,962
6406,961
6406,962
6407,962
6407,962
6407,962
6407,962
6407,962
6407,962
6407,962
6407,962
6407,962
6407,961
6408,961
6408,963
6408,962
6408,962
6408,962
6408,962
6408,962
6408,962
6408,961
6408,961
6409,962
6409,962
6409,962
6409,962
6409,962
6409,962
6409,962
6409,962
6409,963
6409,962
6410,962
6410,960
6410,962
6410,962
6410,961
6410,961
6410,962
6410,962
6410,962
6410,962
6411,962
6411,962
6411,963
6411,962
6411,962
6411,962
6411,962
6411,962
6411,962
6411,962
6412,962
6412,961
6412,961
6412,962
6412,962
6412,961
6412,962
6412,962
6412,962
6412,961
6413,961
6413,962
6413,962
6413,962
6413,962
6413,962
6413,962
6413,961
6413,962
6413,963
6414,961
6414,962
6414,962
6414,963
6414,962
6414,962
6414,963
6414,963
6414,962
6414,962
6415,962
6415,962
6415,962
6415,962
6415,963
6415,962
6415,962
6415,962
6415,963
6415,962
6416,962
6416,962
6416,962
6416,962
6416,962
6416,962
6416,962
6416,961
6416,962
6416,962
6417,963
6417,964
6417,962
6417,962
6417,963
6417,960
6417,962
6417,962
6417,962
6417,962
6418,962
6418,962
6418,962
6418,962
6418,962
6418,962
6418,962
6418,962
6418,962
6418,962
6418,962
6418,962
6418,962
6418,962
6418,962
6418,962
6427,962
6427,962
6427,962
6427,962
6427,963
6427,962
6427,961
6427,962
6427,961
6428,962
6428,962
6428,962
6428,962
6428,962
6428,962
6428,964
6428,962
6428,962
6428,961
6429,962
6429,962
6429,962
6429,962
6429,962
6429,962
6429,963
6429,962
6429,961
6429,962
6430,962
6430,962
6430,961
6430,962
6430,962
6430,962
6430,964
6430,962
6430,962
6430,962
6431,962
6431,962
6431,962
6431,962
6431,962
6431,962
6431,963
6431,962
6431,962
6431,962
6432,962
6432,962
6432,962
6432,963
6432,963
6432,962
6432,962
6432,962
6432,962
6432,962
6433,962
6433,963
6433,962
6433,962
6433,962
6433,962
6433,962
6433,962
6433,963
6433,962
6434,962
6434,962
6434,962
6434,962
6434,962
6434,962
6434,962
6434,962
6434,962
6434,963
6435,961
6435,962
6435,962
6435,961
6435,962
6435,963
6435,962
6435,962
6435,962
6435,962
6436,962
6436,962
6436,962
6436,962
6436,963
6436,962
6436,961
6436,962
6436,962
6436,962
6437,962
6437,962
6437,962
6437,962
6437,962
6437,962
6437,962
6437,962
6437,962
6437,961
6438,962
6438,962
6438,962
6438,962
6438,962
6438,962
6438,962
6438,962
6438,961
6438,962
6439,962
6439,962
6439,962
6439,962
6439,962
6439,960
6439,962
6439,962
6439,962
6439,961
6440,962
6440,962
6440,962
6440,962
6440,962
6440,962
6440,962
6440,962
6440,962
6440,962
6441,961
6441,962
6441,962
6441,962
6441,962
6441,961
6441,960
6441,962
6441,962
6441,962
6442,963
6442,962
6442,962
6442,961
6442,962
6442,962
6442,963
6442,962
6442,962
6442,964
6443,962
6443,962
6443,962
6443,962
6443,962
6443,962
6443,963
6443,962
6443,962
6443,962
6444,963
6444,962
6444,962
6444,962
6444,961
6444,962
6444,962
6444,962
6444,961
6444,962
6445,962
6445,962
6445,962
6445,961
6445,962
6445,962
6445,961
6445,961
6445,962
6445,962
6446,960
6446,962
6446,962
6446,963
6446,962
6446,965
6446,962
6446,962
6446,962
6446,962
6447,962
6447,963
6447,963
6447,962
6447,960
6447,962
6447,962
6447,962
6447,962
6447,962
6448,962
6448,964
6448,962
6448,962
6448,962
6448,962
6448,962
6448,962
6448,962
6448,962
6449,962
6449,962
6449,962
6449,962
6449,962
6449,962
6449,962
6449,962
6449,963
6449,962
6450,962
6450,962
6450,962
6450,962
6450,962
6450,962
6450,962
6450,962
6450,962
6450,963
6451,961
6451,962
6451,962
6451,962
6451,962
6451,962
6451,962
6451,962
6451,962
6451,962
6452,962
6452,962
6452,962
6452,962
6452,962
6452,962
6452,961
6452,962
6452,962
6452,962
6453,962
6453,962
6453,962
6453,962
6453,962
6453,960
6453,962
6453,962
6453,962
6453,962
6454,962
6454,962
6454,962
6454,962
6454,961
6454,962
6454,962
6454,962
6454,961
6454,962
6455,962
6455,961
6455,962
6455,962
6455,962
6455,962
6455,962
6455,961
6455,962
6455,962
6456,962
6456,962
6456,962
6456,962
6456,962
6456,962
6456,963
6456,962
6456,962
6456,962
6457,962
6457,962
6457,963
6457,961
6457,962
6457,962
6457,961
6457,962
6457,962
6457,962
6458,962
6458,962
6458,962
6458,962
6458,962
6458,962
6458,962
6458,962
6458,962
6458,962
6459,962
6459,962
6459,963
6459,962
6459,962
6459,963
6459,962
6459,961
6459,962
6459,962
6460,962
6460,963
6460,963
6460,962
6460,962
6460,962
6460,962
6460,962
6460,962
6460,962
6461,962
6461,962
6461,962
6461,962
6461,961
6461,962
6461,962
6461,962
6461,962
6461,962
6462,962
6462,962
6462,962
6462,962
6462,963
6462,962
6462,962
6462,962
6462,962
6462,962
6463,962
6463,962
6463,962
6463,962
6463,961
6463,962
6463,962
6463,962
6463,961
6463,963
6464,962
6464,962
6464,963
6464,962
6464,962
6464,962
6464,962
6464,963
6464,963
6464,962
6465,961
6465,962
6465,962
6465,962
6465,963
6465,963
6465,963
6465,962
6465,962
6465,962
6466,961
6466,962
6466,962
6466,962
6466,962
6466,962
6466,962
6466,962
6466,962
6466,962
6467,962
6467,962
6467,961
6467,961
6467,965
6467,962
6467,962
6467,963
6467,962
6467,962
6468,962
6468,962
6468,962
6468,962
6468,962
6468,962
6468,962
6468,962
6468,962
6468,962
6468,962
6468,962
6473,962
6473,962
6473,962
6474,962
6474,963
6474,962
6474,962
6474,961
6474,962
6474,962
6474,962
6474,962
6474,962
6475,962
6475,962
6475,962
6475,962
6475,962
6475,962
6475,962
6475,962
6475,963
6475,963
6476,962
6476,976
6476,973
6476,971
6476,969
6476,968
6476,967
6476,967
6477,965
6477,964
6477,964
6477,964
6477,963
6477,963
6477,963
6477,963
6477,963
6477,963
6478,962
6478,962
6478,962
6478,962
6478,962
6478,962
6478,962
6478,962
6478,963
6478,962
6479,962
6479,962
6479,962
6479,962
6479,962
6479,961
6479,962
6479,962
6479,962
6479,962
6480,962
6480,962
6480,962
6480,962
6480,962
6480,962
6480,962
6480,962
6480,960
6480,962
6481,962
6481,961
6481,962
6481,962
6481,962
6481,962
6481,962
6481,962
6481,961
6481,962
6482,961
6482,963
6482,962
6482,962
6482,962
6482,962
6482,962
6482,962
6482,961
6482,962
6483,962
6483,962
6483,962
6483,962
6483,962
6483,962
6483,962
6483,962
6483,962
6483,962
6484,962
6484,962
6484,962
6484,962
6484,962
6484,962
6484,962
6484,963
6484,963
6484,962
6485,962
6485,962
6485,962
6485,962
6485,962
6485,963
6485,963
6485,962
6485,963
6485,962
6486,962
6486,961
6486,962
6486,963
6486,963
6486,963
6486,963
6486,963
6486,962
6486,962
6487,962
6487,963
6487,962
6487,962
6487,962
6487,962
6487,961
6487,962
6487,962
6487,962
6488,964
6488,962
6488,962
6488,962
6488,962
6488,962
6488,962
6488,961
6488,962
6488,962
6489,962
6489,962
6489,962
6489,962
6489,962
6489,962
6489,964
6489,962
6489,962
6489,962
6490,962
6490,963
6490,963
6490,962
6490,962
6490,962
6490,962
6490,963
6490,963
6490,963
6491,962
6491,962
6491,962
6491,962
6491,962
6491,962
6491,962
6491,962
6491,962
6491,963
6492,962
6492,963
6492,962
6492,962
6492,962
6492,962
6492,962
6492,963
6492,962
6492,962
6493,962
6493,962
6493,963
6493,962
6493,962
6493,962
6493,963
6493,963
6493,962
6493,962
6494,962
6494,962
6494,962
6494,963
6494,962
6494,963
6494,962
6494,962
6494,962
6494,962
6495,961
6495,962
6495,962
6495,962
6495,962
6495,962
6495,963
6495,962
6495,962
6495,962
6496,963
6496,962
6496,962
6496,962
6496,962
6496,962
6496,961
6496,962
6496,962
6496,962
6497,962
6497,963
6497,962
6497,963
6497,962
6497,960
6497,962
6497,962
6497,962
6497,962
6498,962
6498,962
6498,962
6498,962
6498,962
6498,962
6498,962
6498,962
6498,962
6498,962
6499,962
6499,963
6499,962
6499,962
6499,962
6499,962
6499,962
6499,965
6499,962
6499,962
6500,964
6500,962
6500,963
6500,962
6500,962
6500,963
6500,962
6500,962
6500,962
6500,962
6501,962
6501,962
6501,962
6501,962
6501,962
6501,962
6501,962
6501,962
6501,962
6501,962
6502,962
6502,962
6502,962
6502,962
6502,962
6502,962
6502,962
6502,962
6502,962
6502,962
6503,962
6503,962
6503,962
6503,962
6503,962
6503,962
6503,963
6503,962
6503,962
6503,962
6504,962
6504,962
6504,961
6504,962
6504,963
6504,963
6504,962
6504,962
6504,962
6504,962
6505,962
6505,962
6505,962
6505,962
6505,962
6505,962
6505,962
6505,962
6505,962
6505,962
6506,962
6506,962
6506,962
6506,962
6506,962
6506,962
6506,962
6506,962
6506,962
6506,961
6507,962
6507,962
6507,962
6507,962
6507,962
6507,962
6507,963
6507,962
6507,962
6507,962
6508,962
6508,962
6508,963
6508,962
6508,962
6508,962
6508,962
6508,964
6508,962
6508,962
6509,962
6509,962
6509,961
6509,963
6509,962
6509,962
6509,962
6509,962
6509,962
6509,962
6510,960
6510,962
6510,962
6510,961
6510,962
6510,962
6510,962
6510,962
6510,962
6510,962
6511,962
6511,962
6511,962
6511,962
6511,962
6511,962
6511,962
6511,962
6511,962
6511,963
6512,962
6512,962
6512,962
6512,962
6512,962
6512,962
6512,962
6512,962
6512,962
6512,962
6513,962
6513,962
6513,961
6513,962
6513,962
6513,962
6513,961
6513,959
6513,962
6513,962
6514,962
6514,962
6514,962
6514,963
6514,962
6514,962
6514,963
6514,962
6514,962
6514,962
6515,963
6515,962
6515,962
6515,961
6515,962
6515,965
6515,962
6515,962
6515,962
6515,962
6516,962
6516,962
6516,962
6516,962
6516,962
6516,962
6516,962
6516,961
6516,962
6516,962
6517,962
6517,962
6517,962
6517,962
6517,962
6517,964
6517,962
6517,962
6517,961
6517,962
6518,962
6518,962
6518,962
6518,962
6518,962
6518,962
6518,962
6518,961
6518,962
6518,963
6518,962
6518,962
6518,962
6518,962
6518,961
6518,962
6523,962
6523,962
6523,962
6524,962
6524,963
6524,962
6524,962
6524,962
6524,962
6524,962
6524,962
6524,962
6524,962
6525,962
6525,962
6525,962
6525,962
6525,964
6525,962
6525,962
6525,961
6525,961
6525,961
6526,962
6526,962
6526,962
6526,961
6526,963
6526,962
6526,962
6526,962
6526,962
6526,962
6527,961
6527,963
6527,962
6527,963
6527,962
6527,963
6527,962
6527,962
6527,962
6527,962
6528,962
6528,962
6528,962
6528,962
6528,964
6528,962
6528,962
6528,959
6528,962
6528,962
6529,962
6529,962
6529,961
6529,964
6529,961
6529,961
6529,960
6529,961
6529,962
6529,962
6530,962
6530,962
6530,961
6530,962
6530,961
6530,962
6530,962
6530,962
6530,962
6530,963
6531,962
6531,962
6531,961
6531,961
6531,961
6531,962
6531,962
6531,963
6531,962
6531,961
6532,962
6532,962
6532,962
6532,962
6532,962
6532,962
6532,962
6532,962
6532,962
6532,962
6533,961
6533,962
6533,962
6533,964
6533,962
6533,962
6533,962
6533,961
6533,962
6533,962
6534,962
6534,962
6534,963
6534,962
6534,961
6534,962
6534,961
6534,961
6534,962
6534,962
6535,962
6535,961
6535,962
6535,961
6535,962
6535,962
6535,962
6535,962
6535,961
6535,961
6536,961
6536,962
6536,962
6536,962
6536,963
6536,962
6536,962
6536,961
6536,963
6536,961
6537,962
6537,961
6537,962
6537,962
6537,962
6537,962
6537,961
6537,962
6537,962
6537,962
6538,962
6538,962
6538,962
6538,962
6538,962
6538,961
6538,962
6538,962
6538,962
6538,962
6539,962
6539,962
6539,961
6539,962
6539,962
6539,962
6539,962
6539,961
6539,962
6539,962
6540,962
6540,962
6540,962
6540,962
6540,961
6540,962
6540,962
6540,961
6540,961
6540,962
6541,962
6541,962
6541,961
6541,963
6541,962
6541,962
6541,962
6541,962
6541,962
6541,962
6542,960
6542,962
6542,962
6542,962
6542,961
6542,962
6542,962
6542,962
6542,962
6542,961
6543,962
6543,962
6543,962
6543,962
6543,962
6543,962
6543,962
6543,963
6543,962
6543,962
6544,960
6544,962
6544,962
6544,961
6544,962
6544,961
6544,962
6544,963
6544,961
6544,962
6545,961
6545,962
6545,962
6545,961
6545,962
6545,961
6545,962
6545,962
6545,962
6545,962
6546,962
6546,962
6546,964
6546,962
6546,962
6546,962
6546,962
6546,962
6546,962
6546,962
6547,962
6547,961
6547,962
6547,962
6547,961
6547,962
6547,962
6547,963
6547,961
6547,962
6548,962
6548,962
6548,962
6548,962
6548,961
6548,962
6548,962
6548,962
6548,962
6548,962
6549,962
6549,962
6549,961
6549,963
6549,962
6549,961
6549,961
6549,962
6549,962
6549,962
6550,962
6550,963
6550,963
6550,962
6550,962
6550,962
6550,962
6550,962
6550,962
6550,962
6551,962
6551,962
6551,962
6551,962
6551,962
6551,962
6551,962
6551,962
6551,962
6551,962
6552,961
6552,962
6552,962
6552,962
6552,962
6552,962
6552,960
6552,962
6552,962
6552,962
6553,962
6553,962
6553,962
6553,962
6553,962
6553,961
6553,962
6553,962
6553,962
6553,962
6554,962
6554,962
6554,963
6554,962
6554,962
6554,962
6554,961
6554,962
6554,962
6554,962
6555,962
6555,962
6555,962
6555,963
6555,961
6555,962
6555,962
6555,962
6555,961
6555,960
6556,962
6556,962
6556,962
6556,962
6556,962
6556,962
6556,962
6556,962
6556,962
6556,962
6557,962
6557,962
6557,962
6557,962
6557,961
6557,961
6557,962
6557,962
6557,963
6557,962
6558,961
6558,962
6558,962
6558,962
6558,962
6558,962
6558,962
6558,962
6558,962
6558,962
6559,961
6559,961
6559,963
6559,962
6559,962
6559,961
6559,962
6559,963
6559,962
6559,962
6560,961
6560,962
6560,962
6560,964
6560,961
6560,962
6560,962
6560,962
6560,964
6560,961
6561,962
6561,962
6561,961
6561,962
6561,962
6561,962
6561,962
6561,962
6561,962
6561,962
6562,962
6562,962
6562,962
6562,962
6562,962
6562,962
6562,962
6562,961
6562,962
6562,960
6563,962
6563,962
6563,962
6563,962
6563,962
6563,962
6563,962
6563,962
6563,962
6563,962
6564,962
6564,962
6564,962
6564,962
6564,962
6564,962
6564,962
6564,962
6564,962
6564,962
6565,962
6565,962
6565,962
6565,962
6565,962
6565,962
6565,962
6565,961
6565,962
6565,961
6566,962
6566,962
6566,962
6566,962
6566,961
6566,962
6566,962
6566,962
6566,962
6566,962
6567,962
6567,962
6567,962
6567,962
6567,962
6567,962
6567,962
6567,962
6567,962
6567,962
6568,961
6568,962
6568,962
6568,962
6568,962
6568,961
6568,962
6568,962
6568,962
6568,962
6568,962
6568,962
6568,961
6568,962
6572,962
6573,962
6573,962
6573,962
6573,962
6573,962
6573,962
6573,964
6573,962
6573,962
6573,961
6574,962
6574,976
6574,973
6574,971
6574,969
6574,968
6574,968
6574,966
6575,965
6575,965
6575,965
6575,964
6575,963
6575,963
6575,963
6575,963
6575,963
6575,963
6576,962
6576,962
6576,962
6576,962
6576,962
6576,963
6576,962
6576,962
6576,962
6576,962
6577,961
6577,975
6577,974
6577,971
6577,969
6577,968
6577,966
6577,965
6578,965
6578,964
6578,964
6578,964
6578,963
6578,963
6578,963
6578,962
6578,962
6578,962
6579,963
6579,962
6579,962
6579,964
6579,962
6579,962
6579,962
6579,962
6579,962
6579,959
6580,962
6580,962
6580,962
6580,961
6580,962
6580,961
6580,962
6580,961
6580,962
6580,962
6581,962
6581,962
6581,962
6581,961
6581,962
6581,961
6581,962
6581,962
6581,962
6581,962
6582,962
6582,962
6582,962
6582,961
6582,962
6582,962
6582,962
6582,962
6582,963
6582,962
6583,962
6583,962
6583,962
6583,962
6583,962
6583,962
6583,962
6583,961
6583,962
6583,962
6584,962
6584,962
6584,962
6584,962
6584,961
6584,961
6584,962
6584,962
6584,961
6584,962
6585,962
6585,962
6585,961
6585,962
6585,962
6585,962
6585,962
6585,962
6585,962
6585,962
6586,961
6586,962
6586,960
6586,962
6586,962
6586,962
6586,963
6586,961
6586,962
6586,962
6587,962
6587,962
6587,962
6587,962
6587,963
6587,962
6587,962
6587,963
6587,962
6587,962
6588,962
6588,962
6588,962
6588,962
6588,962
6588,962
6588,961
6588,962
6588,962
6588,962
6589,962
6589,962
6589,962
6589,961
6589,961
6589,962
6589,962
6589,962
6589,962
6589,962
6590,962
6590,962
6590,962
6590,962
6590,962
6590,962
6590,961
6590,961
6590,959
6590,962
6591,962
6591,960
6591,962
6591,961
6591,961
6591,961
6591,962
6591,962
6591,962
6591,962
6592,962
6592,962
6592,962
6592,962
6592,962
6592,962
6592,962
6592,962
6592,962
6592,961
6593,962
6593,963
6593,962
6593,963
6593,962
6593,962
6593,962
6593,962
6593,962
6593,962
6594,962
6594,960
6594,962
6594,962
6594,962
6594,961
6594,962
6594,962
6594,962
6594,962
6595,963
6595,962
6595,961
6595,962
6595,962
6595,962
6595,962
6595,962
6595,961
6595,963
6596,962
6596,962
6596,962
6596,962
6596,962
6596,963
6596,961
6596,962
6596,963
6596,962
6597,962
6597,961
6597,962
6597,962
6597,962
6597,961
6597,962
6597,962
6597,962
6597,962
6598,962
6598,962
6598,962
6598,962
6598,962
6598,962
6598,962
6598,964
6598,962
6598,962
6599,962
6599,962
6599,962
6599,959
6599,962
6599,962
6599,962
6599,962
6599,962
6599,962
6600,962
6600,962
6600,962
6600,962
6600,961
6600,962
6600,962
6600,961
6600,962
6600,963
6601,962
6601,962
6601,961
6601,961
6601,962
6601,962
6601,962
6601,962
6601,962
6601,962
6602,962
6602,962
6602,962
6602,962
6602,962
6602,962
6602,962
6602,962
6602,962
6602,962
6603,962
6603,962
6603,962
6603,962
6603,962
6603,962
6603,963
6603,962
6603,962
6603,962
6604,962
6604,962
6604,962
6604,962
6604,963
6604,962
6604,962
6604,962
6604,962
6604,962
6605,962
6605,962
6605,962
6605,962
6605,960
6605,962
6605,963
6605,962
6605,962
6605,962
6606,962
6606,961
6606,962
6606,962
6606,963
6606,962
6606,962
6606,961
6606,962
6606,962
6607,962
6607,962
6607,962
6607,961
6607,962
6607,962
6607,960
6607,962
6607,962
6607,961
6608,962
6608,962
6608,962
6608,961
6608,962
6608,962
6608,962
6608,962
6608,961
6608,962
6609,962
6609,962
6609,961
6609,962
6609,962
6609,962
6609,962
6609,962
6609,962
6609,962
6610,961
6610,962
6610,962
6610,962
6610,962
6610,961
6610,962
6610,962
6610,962
6610,962
6611,962
6611,962
6611,962
6611,962
6611,961
6611,961
6611,962
6611,962
6611,962
6611,962
6612,962
6612,962
6612,962
6612,962
6612,962
6612,962
6612,962
6612,962
6612,962
6612,962
6613,962
6613,962
6613,962
6613,962
6613,962
6613,960
6613,962
6613,962
6613,962
6613,961
6614,962
6614,962
6614,962
6614,962
6614,963
6614,962
6614,962
6614,961
6614,962
6614,962
6615,962
6615,961
6615,961
6615,962
6615,962
6615,961
6615,962
6615,961
6615,961
6615,962
6616,961
6616,962
6616,962
6616,962
6616,962
6616,962
6616,962
6616,962
6616,961
6616,962
6617,962
6617,962
6617,962
6617,962
6617,962
6617,962
6617,962
6617,961
6617,961
6617,961
6618,962
6618,962
6618,961
6618,961
6618,962
6618,962
6618,962
